Brand,Description,ObservedLeadTimeOrderCount,AverageLeadTimeDays,MedianLeadTimeDays,LeadTimeStdDevDays,LeadTimeVarianceDays,PurchasingVendorCount
58,Gekkeikan Black & Gold Sake,54,10.592592592592593,11.0,1.9668816284467794,3.8686233403214545,1
60,Canadian Club 1858 VAP,12,11.333333333333334,12.0,2.424621182533032,5.878787878787879,1
61,Margaritaville Silver,24,11.125,11.0,1.701980943029264,2.8967391304347827,1
62,Herradura Silver Tequila,55,10.854545454545455,11.0,1.9946055195078491,3.978451178451177,1
63,Herradura Reposado Tequila,54,10.88888888888889,11.0,1.9968528698048331,3.987421383647798,1
70,Luxardo Amaretto di Saschira,3,10.333333333333334,10.0,2.5166114784235836,6.333333333333334,1
72,No. 3 London Dry Gin,40,12.1,13.0,1.7216569240422332,2.9641025641025642,1
75,Three Olives Tomato Vodka,1,9.0,9.0,,,1
77,Three Olives Espresso Vodka,55,10.690909090909091,11.0,1.73068951440927,2.995286195286195,1
79,Three Olives Loopy Vodka,53,10.69811320754717,11.0,1.7385328215345766,3.022496371552976,1
82,Hundred Acre Ark Vy Cab Svgn,3,10.666666666666666,10.0,2.0816659994661326,4.333333333333333,1
86,Don Julio Real Tequila,3,10.666666666666666,11.0,2.5166114784235836,6.333333333333334,1
100,Chivas Royal Salute,25,10.8,11.0,1.8027756377319946,3.25,1
104,Mr Boston Wild Cherry Brandy,12,11.0,11.0,2.215646837627989,4.909090909090909,1
106,Mr Boston Peach Schnapps,46,10.91304347826087,11.0,2.009157777738078,4.0367149758454115,1
107,Mr Boston Melon Liqueur,5,9.0,8.0,2.0,4.0,1
108,Mr Boston Peppermint Schnaps,5,10.6,10.0,0.8944271909999159,0.7999999999999999,1
109,Mr Boston Blue Curacao,32,10.53125,10.0,2.214095242290964,4.902217741935484,1
110,Mr Boston Creme de Menthe-Wh,6,11.333333333333334,12.0,2.804757862395017,7.866666666666665,1
111,Mr Boston Creme de Menthe Gr,18,11.0,11.0,2.1693045781865616,4.705882352941177,1
112,Mr Boston Cr de Cacao White,18,11.11111111111111,11.0,1.9670488163112865,3.8692810457516336,1
113,Mr Boston Cr de Cacao Brown,13,11.076923076923077,12.0,2.100061049173669,4.410256410256411,1
114,Mr Boston Creme de Banana,28,10.928571428571429,11.0,2.1590219223934857,4.661375661375662,1
115,Belvedere Vodka,55,10.6,11.0,1.8915014612148142,3.5777777777777775,1
120,Tarantula Azul Tequila Gift,3,11.333333333333334,12.0,2.081665999466133,4.333333333333334,1
122,DeKuyper Mixed Berry Medley,1,13.0,13.0,,,1
123,Van Winkle Special Rsv 10 Yr,3,10.666666666666666,11.0,1.5275252316519468,2.3333333333333335,1
126,Grey Goose Vodka,55,11.327272727272728,11.0,1.9725387425622571,3.8909090909090907,1
128,Grey Goose Le Citron Vodka,2,10.5,10.5,0.7071067811865476,0.5,1
129,Grey Goose L'Orange Vodka,2,9.0,9.0,1.4142135623730951,2.0,1
131,J Lohr Carols Vyd Svgn Bl,4,11.75,12.0,1.5,2.25,1
140,DeKuyper Strawberry Pucker,1,14.0,14.0,,,1
143,Chivas Regal,3,9.0,9.0,0.0,0.0,1
151,Pirassununga Cachaca 51 Rum,29,11.10344827586207,11.0,1.933627744980309,3.738916256157635,1
156,The Bitter Truth Cucumber Bi,3,11.333333333333334,12.0,2.081665999466133,4.333333333333334,1
158,Pappy Van Winkle 15 Yr Old,3,10.666666666666666,11.0,1.5275252316519468,2.3333333333333335,1
159,Glenmorangie Original VAP,16,10.9375,11.5,2.174664725116648,4.729166666666667,1
161,DeKuyper Pineapple,6,13.166666666666666,13.0,0.752772652709081,0.5666666666666667,1
162,Stolichnaya Vanil,42,11.142857142857142,11.0,1.6903085094570331,2.8571428571428568,1
165,Gentleman Jack Gift Pack,3,12.0,11.0,1.7320508075688772,3.0,1
168,Three Olives Strawberry,51,10.666666666666666,11.0,1.7397317800933185,3.026666666666667,1
169,Twisted Shotz Multi Pack,7,11.571428571428571,13.0,2.29906813420444,5.285714285714286,1
171,Gentleman Jack,53,10.88679245283019,11.0,2.0159019489137493,4.063860667634252,1
173,Hornitos Reposado VAP,10,11.7,12.5,2.213594362117866,4.900000000000001,1
175,1800 Anejo Tequila,47,10.72340425531915,11.0,1.8142207293392132,3.2913968547641064,1
176,Seagrams Twisted Lime Gin,2,9.0,9.0,1.4142135623730951,2.0,1
178,Wild Turkey Russell's RSV,52,10.653846153846153,11.0,1.7136661237564357,2.9366515837104075,1
181,J & B Scotch,2,11.5,11.5,0.7071067811865476,0.5,1
184,Hornitos Plata VAP,8,11.125,12.0,3.1367635732209265,9.839285714285714,1
187,Capt Morgan ParrotBay Pineap,1,10.0,10.0,,,1
188,Capt Morgan Parrot Bay Mango,7,11.0,11.0,2.309401076758503,5.333333333333333,1
189,Leroux Apple Schnapps,2,11.5,11.5,3.5355339059327378,12.5,1
190,Christian Bros Ruby Port,8,11.125,11.5,1.9594095320493148,3.8392857142857144,1
192,Milagro Anejo Tequila,50,11.1,11.0,1.9820624179302297,3.9285714285714284,1
194,Yazi Ginger Vodka,6,9.333333333333334,9.0,2.422120283277993,5.866666666666665,1
197,44* North Huckleberry Vodka,6,8.333333333333334,8.0,1.3662601021279464,1.8666666666666667,1
199,Wisdom & Warter Cream Sherry,1,12.0,12.0,,,1
200,Luxardo Maraschino Liqueur,47,12.148936170212766,13.0,1.5877071710660562,2.5208140610545793,1
201,Nassua Royale Liqueur,7,11.285714285714286,11.0,1.6035674514745464,2.5714285714285716,1
202,Ketel One Citroen Vodka,18,11.333333333333334,11.5,1.6087993330796875,2.588235294117647,1
203,Jose Cuervo Especial Silver,1,9.0,9.0,,,1
204,Smirnoff Pineapple,2,12.0,12.0,2.8284271247461903,8.0,1
206,Three Olives Vodka,4,11.75,12.0,2.217355782608345,4.916666666666667,1
207,Smirnoff Pomegrante,5,10.0,10.0,1.224744871391589,1.5,1
211,Cold River Gin,54,11.481481481481481,11.5,1.8504537000090027,3.4241788958770076,1
213,Stolichnaya Blueberi,39,10.666666666666666,11.0,1.6437014284732225,2.7017543859649122,1
216,Absolut Raspberri,7,10.714285714285714,11.0,1.4960264830861913,2.2380952380952386,1
217,Absolut Vanilia,24,11.0,11.0,1.7937088125857625,3.217391304347826,1
222,Wray & Nephew Wh Overproof,16,10.875,11.0,2.0615528128088303,4.25,1
226,DeKuyper Red Apple Schnapps,22,11.227272727272727,11.5,1.8754508837386326,3.5173160173160176,1
233,Tullamore Dew 12 Yr Old,47,11.063829787234043,11.0,2.0366666641432913,4.148011100832562,1
234,Allen's Ginger Brandy,4,13.25,13.0,0.5,0.25,1
236,Loukatos Mastic Liqueur,2,10.0,10.0,1.4142135623730951,2.0,1
239,Vincent Van Gogh Espresso V,1,9.0,9.0,,,1
240,Capt Morgan Tattoo,7,12.142857142857142,12.0,1.5735915849388864,2.4761904761904763,1
241,Capt Morgan ParrotBayPassion,1,10.0,10.0,,,1
247,Gran Patron Platinum Tequil,33,12.090909090909092,13.0,1.7741835510248853,3.147727272727272,1
248,Wild Shot Reposado Mezcal,3,11.333333333333334,11.0,1.5275252316519468,2.3333333333333335,1
249,Massenez Creme de Cassis,14,11.571428571428571,12.0,1.696797241605749,2.879120879120879,1
253,Poland Spring Vodka,53,11.452830188679245,11.0,1.7272258519621868,2.983309143686502,1
254,DeKuyper Root Beer Schnapps,32,11.3125,12.0,2.038935522402837,4.157258064516129,1
258,Ciroc Coconut Vodka,5,11.8,12.0,1.7888543819998317,3.1999999999999997,1
261,Svedka Citron Vodka,31,11.67741935483871,12.0,1.640875716890091,2.69247311827957,1
262,Don Q Cristal Rum,2,10.0,10.0,1.4142135623730951,2.0,1
263,Loukatos Tentoura,1,8.0,8.0,,,1
264,Don Q Limon Rum,2,10.0,10.0,0.0,0.0,1
267,Don Q Coco Coconut Rum,1,12.0,12.0,,,1
269,Juarez Triple Sec,52,10.826923076923077,11.0,1.9171174628894907,3.675339366515838,1
271,Wild Shot Silver Mezcal,14,11.071428571428571,11.0,1.7743595036946849,3.1483516483516487,1
272,Juarez Silver Tequila,44,10.863636363636363,11.0,1.8750616621291338,3.5158562367864703,1
273,Sauza Extra Gold Tequila,54,11.148148148148149,11.5,2.113812681651265,4.468204053109713,1
274,Old Bushmills,6,10.166666666666666,10.0,1.1690451944500122,1.3666666666666667,1
275,The Bitter Truth Aromatic,3,11.666666666666666,12.0,2.5166114784235836,6.333333333333334,1
276,Bushmills Black Bush,4,9.25,9.5,2.0615528128088303,4.25,1
277,Smirnoff Lime Vodka,4,9.75,10.0,1.5,2.25,1
278,Cazadores Reposado Tequila,10,11.3,11.0,1.766981104093143,3.1222222222222222,1
281,Kamora Coffee Gift Pack,12,12.583333333333334,13.0,1.2401124093721456,1.537878787878788,1
283,Milagro Tequila Reposado SBR,32,11.09375,11.0,1.9896405089459526,3.9586693548387095,1
284,Milagro Tequila Anejo SBR,44,11.0,11.0,1.9883380930045633,3.953488372093023,1
286,The Bitter Truth Elderflower,3,11.666666666666666,12.0,1.5275252316519468,2.3333333333333335,1
287,The Bitter Truth Falernum,2,12.5,12.5,0.7071067811865476,0.5,1
288,The Bitter Truth Pink Gin,25,11.68,12.0,1.908751773629388,3.643333333333334,1
290,Aberlour A'Bunadh Sngle Malt,45,11.155555555555555,11.0,1.7958988070747544,3.2252525252525257,1
294,Old Mexico Gold Tequila,55,11.4,11.0,1.7277688459933478,2.985185185185185,1
295,Marie Brizard Anisette,2,9.5,9.5,0.7071067811865476,0.5,1
298,Old Mexico Blanco Tequila,12,12.166666666666666,12.5,1.5859229221975182,2.515151515151515,1
300,Don Q Gold Rum,3,9.0,9.0,1.0,1.0,1
304,Ciroc Red Berry Vodka,2,12.0,12.0,2.8284271247461903,8.0,1
305,Crown Royal Canadian Whisky,54,11.148148148148149,11.0,1.7634379736956947,3.109713487071977,1
308,Barsol Primero Quebranta Pso,12,12.083333333333334,12.5,1.5050420310248864,2.265151515151515,1
309,Woodford Rsv PS The District,1,12.0,12.0,,,1
311,The Glenlivet 12 Yr Gift Pk,10,11.2,11.0,2.14993539954628,4.622222222222223,1
313,Rothman & Winter Violette,22,10.818181818181818,11.5,2.174229226018436,4.7272727272727275,1
315,Travis Hasse's Apple Pie Liq,2,8.5,8.5,2.1213203435596424,4.5,1
317,Triple Eight Vodka,1,13.0,13.0,,,1
319,Peter Paul Bacigalupi Chard,10,10.7,10.0,1.9465068427541912,3.788888888888889,1
323,Tequila Rose Strawberry Gift,3,10.666666666666666,12.0,3.214550253664318,10.333333333333332,1
324,Rothman & Winter Apricot,1,8.0,8.0,,,1
327,Capt Morgan Spiced Rum 100,2,9.5,9.5,0.7071067811865476,0.5,1
332,Sailor Jerry Spiced Navy Rum,4,10.75,10.5,2.0615528128088303,4.25,1
335,Canadian Club Sherry Cask,1,14.0,14.0,,,1
336,Bols Genever Amsterdam,5,11.2,12.0,1.0954451150103324,1.2000000000000002,1
338,The Irishman Irish Whiskey,4,11.5,12.0,1.9148542155126762,3.6666666666666665,1
344,Punt e Mes Sweet Vermouth,51,11.862745098039216,12.0,1.800217851740586,3.24078431372549,1
350,Courvoisier VS Gift Pak,9,11.222222222222221,11.0,2.386303510546059,5.694444444444445,1
351,Rittenhouse Rye Bonded Whsky,1,13.0,13.0,,,1
354,Capt Morgan Lime Bite Rum,3,13.0,13.0,0.0,0.0,1
356,Carolans Irish Cr Gift Set,8,11.125,11.5,1.3562026818605375,1.8392857142857142,1
359,Brotherhood Holiday Spiced,8,10.75,11.0,2.052872551885702,4.214285714285714,1
361,Effen Cucumber Vodka,55,11.10909090909091,11.0,2.114086154668317,4.469360269360271,1
363,4 Orange Vodka,1,14.0,14.0,,,1
364,Ciroc Peach Vodka,3,11.666666666666666,12.0,1.5275252316519468,2.3333333333333335,1
365,Ciroc Vodka,5,12.0,12.0,1.224744871391589,1.5,1
366,Crown Royal w/2 Glasses,2,11.5,11.5,2.1213203435596424,4.5,1
368,The Macallan 25 Yr Old,3,9.333333333333334,8.0,3.214550253664318,10.333333333333332,1
369,Svedka Grape Vodka,2,9.0,9.0,0.0,0.0,1
370,Finlandia Vodka,24,11.0,11.0,2.06418738616856,4.260869565217392,1
371,Myers Platinum White Rum,2,11.5,11.5,3.5355339059327378,12.5,1
372,44* North Magic Valley Vodka,2,9.5,9.5,3.5355339059327378,12.5,1
373,Fernet Branca Borgetti Cafe,3,11.666666666666666,11.0,2.0816659994661326,4.333333333333333,1
376,Aperol Liqueur,54,10.62962962962963,11.0,1.7298303580943322,2.992313067784765,1
377,Hendrick's Gin,37,11.108108108108109,11.0,2.0653730330779876,4.265765765765766,1
381,Baileys Irish Cream w/4 Glss,15,10.733333333333333,11.0,1.2798809468443688,1.638095238095238,1
382,McCormick Irish Cream Liquer,6,9.5,9.0,2.588435821108957,6.7,1
384,Ardbeg Corryvreckan Scotch,41,10.512195121951219,10.0,2.0139755611664234,4.05609756097561,1
385,Leopold GourmelAge Des Epic,1,9.0,9.0,,,1
388,Smirnoff 80 Proof,54,11.148148148148149,11.0,1.7634379736956947,3.109713487071977,1
395,Woodford Rsv Mt Washington,1,9.0,9.0,,,1
397,S S Pierce Ninety Nine Rum,3,12.0,12.0,1.0,1.0,1
398,S S Pierce Ninety Nine Gin,2,12.0,12.0,1.4142135623730951,2.0,1
399,S S Pierce 99 Vodka 80 Proof,2,13.0,13.0,0.0,0.0,1
401,S S Pierce Ninety Nine Bl W,1,13.0,13.0,,,1
405,Jack Daniels & Coke,11,11.181818181818182,11.0,1.990888335300693,3.9636363636363647,1
407,Hancock Rsv Bourbon,3,9.333333333333334,8.0,3.214550253664318,10.333333333333332,1
408,Wild Turkey American Honey,54,10.62962962962963,11.0,1.7298303580943322,2.992313067784765,1
415,Jose Cuervo Especial,55,10.690909090909091,11.0,1.73068951440927,2.995286195286195,1
418,Darioush Chard,2,10.5,10.5,2.1213203435596424,4.5,1
419,Absolut Citron,54,11.185185185185185,11.0,1.7491137817944185,3.059399021663172,1
423,Hennessy Richard Cognac,3,10.333333333333334,11.0,3.055050463303893,9.333333333333332,1
425,Hennessy Paradis,5,11.2,11.0,2.0493901531919194,4.199999999999999,1
426,Crystal Head Vodka,50,11.9,12.0,1.8098370656171325,3.2755102040816326,1
427,Van Gogh Chocolate Liqueur,3,12.666666666666666,14.0,2.3094010767585034,5.333333333333334,1
428,Sauza Giro Gold Tequila,51,11.156862745098039,11.0,2.14823228743642,4.614901960784314,1
430,Montezuma Triple Sec,2,11.5,11.5,0.7071067811865476,0.5,1
435,Il Tramonto Limoncello,53,10.641509433962264,10.0,1.819703479888133,3.311320754716981,1
437,Rock Hills Farm Bourbon,3,10.0,9.0,2.6457513110645907,7.0,1
438,Licor 43 Vanilla Liqueur,53,11.50943396226415,12.0,1.8566164583563747,3.447024673439768,1
441,Caribou Crossing Canadian,6,10.333333333333334,10.0,1.505545305418162,2.2666666666666666,1
443,St Germain Liqueur,54,11.37037037037037,11.5,1.9647487361203855,3.8602375960866517,1
446,St Urbans-Hof Rsl,40,10.6,10.0,1.9454087962727487,3.7846153846153845,1
450,Vincent Van Gogh Double Esp,52,11.557692307692308,12.0,1.8194317313484742,3.3103318250377067,1
451,Hiram Walker Triple Sec,26,10.923076923076923,11.0,1.4120361729949251,1.993846153846154,1
452,Hiram Walker Peppermint Schn,1,10.0,10.0,,,1
453,Hornitos Reposado Tequila,38,10.868421052631579,10.0,2.2077388779152125,4.874110953058322,1
457,El Caballo Gold Tequila,15,11.666666666666666,11.0,1.9518001458970664,3.8095238095238098,1
463,Kirk & Sweeney 12Yr Old Rum,53,10.584905660377359,11.0,2.1611425242587896,4.670537010159652,1
473,Ciroc Peach Vodka,10,11.0,11.0,1.4907119849998598,2.2222222222222223,1
482,Absolut 80 Proof,55,11.145454545454545,11.0,1.7577150763312832,3.0895622895622887,1
485,Seagrams 7 Crown,47,11.340425531914894,11.0,1.7603926901920994,3.0989824236817767,1
495,Sweet Carolina Sweet Tea Vdk,13,11.461538461538462,12.0,2.3669736167866557,5.602564102564103,1
497,Capt Morgan Spiced Rum,55,11.10909090909091,11.0,1.77088309496334,3.136026936026938,1
500,Remy Martin Louis XIII,16,10.5,11.0,1.7511900715418263,3.066666666666667,1
503,Jose Cuervo Tropina,1,9.0,9.0,,,1
505,Robert Sinskey Pnt Gris,3,10.666666666666666,11.0,1.5275252316519468,2.3333333333333335,1
506,Robert Sinskey Pnt Gris,1,12.0,12.0,,,1
507,Kamchatka Vodka,4,11.75,12.0,2.217355782608345,4.916666666666667,1
508,Bacardi Superior Rum,55,11.327272727272728,11.0,1.9725387425622571,3.8909090909090907,1
510,Barton Vodka,3,10.0,9.0,1.7320508075688772,3.0,1
513,Ocean Vodka,52,11.865384615384615,12.0,1.8260516298979037,3.3344645550527905,1
515,Hirsch Selection Bourbon,53,11.90566037735849,12.0,1.7349811675257705,3.0101596516690856,1
516,Kamora Coffee Liqueur,14,11.142857142857142,11.5,2.4449993820085067,5.978021978021979,1
523,Castello Del Poggio Moscato,54,11.444444444444445,11.5,1.880050849038013,3.5345911949685536,1
524,Smirnoff Whipped Cream,1,13.0,13.0,,,1
525,El Tesoro Anejo Gold Tequil,41,11.365853658536585,12.0,2.0585929364614026,4.237804878048781,1
529,Desert Island Iced Tea,25,11.36,12.0,1.997498435543818,3.99,1
530,Smirnoff Fluffed Marshmallow,3,10.666666666666666,10.0,1.1547005383792517,1.3333333333333335,1
533,Berkshire Mtn Ragged Mtn Rum,6,12.0,12.0,0.6324555320336759,0.4,1
536,Svedka Cherry Vodka,19,10.947368421052632,11.0,1.5082618476808298,2.2748538011695905,1
538,Amaretto DiSaronno,54,10.462962962962964,10.0,1.9591388458887493,3.8382250174703003,1
539,Bowman's Vodka,53,10.773584905660377,11.0,2.044142752748431,4.178519593613934,1
540,Bacardi Pineapple Fusion,6,11.166666666666666,11.5,2.48327740429189,6.166666666666667,1
541,Juarez Gold Tequila,54,10.851851851851851,11.0,1.946524793084035,3.788958770090846,1
543,Berkshire Mtn Ethereal Gin,2,12.0,12.0,1.4142135623730951,2.0,1
546,Bowman's Rum,3,12.0,11.0,1.7320508075688772,3.0,1
547,DeKuyper Buttershots,25,11.2,12.0,2.3979157616563596,5.75,1
548,DeKuyper Amaretto,21,10.80952380952381,10.0,2.2275333357561147,4.961904761904763,1
549,DeKuyper Melon,15,11.666666666666666,13.0,2.4397501823713337,5.952380952380955,1
551,Cruzan Aged Light Rum,18,11.333333333333334,11.0,2.1693045781865616,4.705882352941177,1
552,Tijuana White Tequilla,1,13.0,13.0,,,1
555,Art In The Age Sage,46,11.108695652173912,11.5,1.9914066593972684,3.965700483091788,1
557,Bowman's Gin,2,9.0,9.0,1.4142135623730951,2.0,1
561,Berkshire Mtn Ice Glen Vodka,6,11.333333333333334,11.5,1.7511900715418263,3.0666666666666664,1
563,Berkshire Mtn Greylock Gin,11,11.363636363636363,12.0,1.689540012709215,2.8545454545454545,1
564,DeKuyper Blue Curacao,37,11.324324324324325,12.0,2.095684110712273,4.391891891891891,1
565,Bombay Dry Gin,22,10.636363636363637,10.5,2.059714602177749,4.242424242424242,1
567,Ketel One Vodka,55,11.10909090909091,11.0,1.77088309496334,3.136026936026938,1
573,Bols Sour Apple Schnapps,2,12.0,12.0,0.0,0.0,1
576,Pastene Marsala,12,11.0,10.5,2.0,4.0,1
580,Hennessy VSOP Cognac,1,8.0,8.0,,,1
585,1800 Reposado Gold Tequila,44,10.840909090909092,11.0,1.7379911126994896,3.02061310782241,1
586,Malibu Passion Fruit Rum,7,11.857142857142858,12.0,2.1157009420498154,4.476190476190476,1
587,Malibu Mango Rum,14,11.142857142857142,11.0,1.2924123453177279,1.67032967032967,1
589,Bols Blackberry Brandy,6,9.833333333333334,9.5,1.7224014243685084,2.9666666666666663,1
590,Allen's Amaretto Liqueur,1,9.0,9.0,,,1
592,The Glenlivet Archive 21 Yr,29,11.586206896551724,12.0,1.6800774084910992,2.8226600985221677,1
596,Pendleton Canadian Whisky,3,7.666666666666667,8.0,1.5275252316519465,2.333333333333333,1
597,Baileys Irish Cream,55,11.10909090909091,11.0,1.77088309496334,3.136026936026938,1
598,Stolichnaya Ohranj Orange,47,11.042553191489361,11.0,1.6145728578833185,2.6068455134135067,1
599,Stolichnaya Razberi,53,11.018867924528301,11.0,1.6465647927840534,2.711175616835993,1
600,McCormick Gin,28,9.607142857142858,10.0,1.7917358790618276,3.21031746031746,1
601,McCormick Vodka,46,10.23913043478261,10.0,1.9111925608977547,3.6526570048309175,1
602,McCormick Blended Whiskey,45,10.133333333333333,10.0,1.878103492162433,3.5272727272727264,1
603,McCormick Gold Rum,7,9.714285714285714,10.0,1.2535663410560176,1.5714285714285718,1
604,McCormick Silver Rum,36,10.0,10.0,1.7237832147426693,2.9714285714285715,1
605,Alate Kosher Wine,21,10.19047619047619,10.0,2.159144451375304,4.661904761904763,1
607,Schmitt Sohne Funf Rsl,32,11.625,11.5,1.75517667523538,3.0806451612903225,1
608,Cruzan Est Single Barrel Rum,1,13.0,13.0,,,1
610,Moillard Pnt Nr Bourgogne,4,11.5,12.0,1.9148542155126762,3.6666666666666665,1
613,Beefeater 24,1,11.0,11.0,,,1
614,J W Dant Bourbon,3,10.333333333333334,10.0,2.5166114784235836,6.333333333333334,1
626,Hiram Walker Cherry Brandy,5,11.0,10.0,2.345207879911715,5.5,1
630,Pinnacle Vodka,3,12.0,13.0,1.7320508075688772,3.0,1
634,Cruzan Aged Light Rum,20,10.9,11.0,2.381949665825522,5.673684210526315,1
635,Sobieski Raspberry Vodka,16,12.0,13.0,1.7511900715418263,3.066666666666667,1
636,Bols Pomegranate Liqueur,8,11.5,11.5,1.8516401995451028,3.4285714285714284,1
640,Sobieski Orange Vodka,7,12.142857142857142,13.0,1.864454471471609,3.4761904761904763,1
644,Amaretto DiSaronno,47,10.553191489361701,10.0,2.0409770746033455,4.165587419056431,1
648,Tanqueray Rangpur Gin,1,8.0,8.0,,,1
649,Sauza Tres Generaciones Pla,49,11.26530612244898,12.0,2.0894128980417923,4.365646258503401,1
650,McCormick Cherry Vodka,2,9.0,9.0,0.0,0.0,1
652,Frangelico Gift Pack-Candle,5,10.4,10.0,1.6733200530681511,2.8,1
653,Dom de Canton Ginger Liqueur,53,10.660377358490566,10.0,2.093427408915958,4.382438316400582,1
655,DeKuyper Cactus Juice,2,11.0,11.0,4.242640687119285,18.0,1
656,Grappa di Sassicaia,1,10.0,10.0,,,1
657,DeKuyper Apricot Brandy,4,9.5,9.0,1.7320508075688772,3.0,1
658,Allens Triple Sec,54,11.444444444444445,11.0,1.7119630866531244,2.9308176100628933,1
659,Rhum Barbancourt Estate RSV,42,10.547619047619047,11.0,2.026680344106913,4.107433217189315,1
661,Red Stag by Jim Beam,53,11.18867924528302,12.0,2.112750702225245,4.463715529753266,1
664,Ardbeg Uigeadail Scotch,46,10.73913043478261,11.0,1.8551403973068474,3.441545893719808,1
669,Robert Sinskey Merlot,8,10.625,9.5,1.9955307206712847,3.982142857142857,1
675,Mount Gay 1703 Old Cask Slct,19,10.210526315789474,10.0,1.9882696935448687,3.9532163742690063,1
676,Pinnacle Whipped Vodka,54,11.148148148148149,11.5,2.113812681651265,4.468204053109713,1
680,Midnight Moon Strawberry,53,11.88679245283019,12.0,1.7722256471898068,3.1407837445573294,1
685,Caravan Cab Svgn,8,9.0,8.5,2.138089935299395,4.571428571428571,1
686,Midnight Moon Cherry,52,11.903846153846153,12.0,1.7960699513061615,3.225867269984917,1
688,Thatchers Organic Cucumber,1,13.0,13.0,,,1
689,McManis Pnt Nr Cal,42,10.523809523809524,11.0,2.1890870715292143,4.792102206736352,1
692,Thatchers Organic Pomegranat,1,9.0,9.0,,,1
693,Svedka Vanilla Vodka,33,11.181818181818182,11.0,1.70393928615696,2.9034090909090904,1
694,Hiram Walker Creme de Cassis,39,11.23076923076923,11.0,1.7541160386140584,3.0769230769230766,1
700,Hiram Walker Cr de Cacao Br,43,11.279069767441861,11.0,1.7501779691185808,3.0631229235880397,1
702,Skyy Vodka,28,10.321428571428571,10.0,1.588233853211413,2.522486772486772,1
704,Van Winkle Special Rsv 12 Yr,3,10.666666666666666,11.0,1.5275252316519468,2.3333333333333335,1
709,Bitter Truth Orange Bitters,2,10.5,10.5,2.1213203435596424,4.5,1
711,Bitter Truth Celery Bitters,2,10.5,10.5,2.1213203435596424,4.5,1
712,Cruzan Citrus Flavored Rum,2,13.5,13.5,0.7071067811865476,0.5,1
713,Capt Morgan Black Spiced Rum,1,10.0,10.0,,,1
714,Allen's Peach Schnapps,2,11.0,11.0,2.8284271247461903,8.0,1
715,Hiram Walker Cr de Cacao Wh,37,11.216216216216216,12.0,1.7659611033708016,3.1186186186186187,1
717,Balvenie 30 Yr Single Barrel,1,14.0,14.0,,,1
718,Hiram Walker Mango,19,10.68421052631579,11.0,1.4926721593968975,2.2280701754385968,1
722,Ciroc Coconut Vodka,3,11.666666666666666,12.0,1.5275252316519468,2.3333333333333335,1
726,Allen's Blue Curacao Liqueur,1,12.0,12.0,,,1
728,George Dickel Barrel Select,1,12.0,12.0,,,1
731,Black & White Scotch,13,10.615384615384615,10.0,1.7577666482623882,3.08974358974359,1
734,Old Grand Dad,1,13.0,13.0,,,1
735,Orange Quattro di Amore,9,10.0,10.0,1.5811388300841898,2.5,1
738,Thatchers Organic Coffee Hou,1,9.0,9.0,,,1
742,DeKuyper Spearmint Schnapps,7,12.0,12.0,1.8257418583505538,3.3333333333333335,1
743,Angels Envy Whiskey,33,11.06060606060606,11.0,1.8698160661445073,3.4962121212121207,1
744,Ciroc Red Berry Vodka,3,11.666666666666666,12.0,1.5275252316519468,2.3333333333333335,1
746,Allen's Melon Liqueur,1,9.0,9.0,,,1
749,Stolichnaya Hot Vodka,15,11.4,11.0,1.5491933384829666,2.3999999999999995,1
751,Sobieski Espresso Vodka,26,11.76923076923077,11.5,1.6076739049370006,2.5846153846153843,1
752,Meletti Cioccolato,2,12.0,12.0,1.4142135623730951,2.0,1
753,LaBelle Winery Blueberry,46,9.847826086956522,10.0,1.8008317992200509,3.2429951690821257,1
754,Stolichnaya Sticki Vodka,3,11.333333333333334,12.0,2.081665999466133,4.333333333333334,1
755,Vincent Van Gogh Raspberry,3,11.666666666666666,12.0,2.5166114784235836,6.333333333333334,1
756,Barton Long Island Iced Tea,53,10.716981132075471,11.0,1.9843363402345926,3.937590711175617,1
757,Jim Beam Rye,51,11.117647058823529,11.0,2.0750620118302914,4.305882352941176,1
758,Cointreau Liqueur,53,10.660377358490566,10.0,1.9994556588694825,3.9978229317851963,1
759,Bunnahabhain 12 Yr Single,54,11.833333333333334,12.0,1.7988465906251634,3.235849056603774,1
764,Smirnoff Blueberry Vodka,18,11.222222222222221,11.0,1.5924659219017216,2.5359477124183,1
765,Vincent Van Gogh Dutch Choc,10,11.5,11.0,1.90029237516523,3.611111111111111,1
771,Bak's Krupnik Honey Liqueur,4,8.25,7.0,2.5,6.25,1
775,Barton Light Rum,52,10.76923076923077,11.0,1.9665375625492238,3.867269984917043,1
776,Jim Beam Black,2,7.5,7.5,2.1213203435596424,4.5,1
778,Svedka Vodka,39,11.205128205128204,11.0,1.6729974231503604,2.798920377867746,1
779,Svedka Raspberry Vodka,30,11.266666666666667,12.0,1.7005746155310286,2.891954022988506,1
780,Svedka Clementine Vodka,27,11.333333333333334,11.0,1.7974340685458343,3.230769230769231,1
781,DeKuyper Cranberry,6,11.833333333333334,12.5,1.9407902170679516,3.7666666666666666,1
782,Remy Martin 1738 Accord Ryl,53,10.660377358490566,10.0,1.9994556588694825,3.9978229317851963,1
784,Allen's Sour Apple Liqueur,2,12.0,12.0,1.4142135623730951,2.0,1
787,Cherry Heering Liqueur,16,12.0,12.0,1.1547005383792515,1.3333333333333333,1
788,Skinnygirl Cucumber Vodka,1,13.0,13.0,,,1
797,Creme Yvette Liqueur,1,14.0,14.0,,,1
799,Svedka Colada Vodka,4,11.5,11.0,1.0,1.0,1
800,Jameson Irish Whiskey,54,11.185185185185185,11.0,1.7491137817944185,3.059399021663172,1
802,Bacardi Torched Cherry Rum,54,11.37037037037037,11.5,1.9647487361203855,3.8602375960866517,1
803,Bacardi Gold Rum,12,11.333333333333334,11.0,1.874873733122184,3.515151515151515,1
804,Bacardi Limon Rum,26,11.153846153846153,11.0,1.8908687462075773,3.5753846153846154,1
805,B & B Liqueur Dom,4,11.0,11.0,0.816496580927726,0.6666666666666666,1
806,DeKuyper Peachtree Schnapps,46,11.369565217391305,12.0,2.143296481302408,4.593719806763284,1
807,Jim Beam,55,11.10909090909091,11.0,2.114086154668317,4.469360269360271,1
809,Southern Comfort,52,11.057692307692308,11.0,1.9843847422891217,3.937782805429864,2
810,Bacardi Black Razz,30,11.7,12.0,1.8597367258983655,3.458620689655172,1
811,Jack Daniels No 7 Black,55,10.854545454545455,11.0,1.9946055195078491,3.978451178451177,1
812,Jagermeister Liqueur,54,10.703703703703704,11.0,2.0615951840758875,4.250174703004892,1
814,Sammy's Beach Bar Rum,7,12.285714285714286,13.0,1.6035674514745464,2.5714285714285716,1
817,Gordons Vodka,1,13.0,13.0,,,1
818,Gordons London Dry Gin,18,11.666666666666666,11.5,1.8470962903655979,3.411764705882353,1
819,Scoresby Scotch,1,12.0,12.0,,,1
821,Grand Marnier,52,10.692307692307692,11.0,1.8946618668626838,3.58974358974359,1
822,Tanqueray,54,11.148148148148149,11.0,1.7634379736956947,3.109713487071977,1
823,Johnnie Walker Red Label,25,11.4,11.0,1.6832508230603465,2.8333333333333335,1
824,Dewars White Label Scotch,54,11.37037037037037,11.5,1.9647487361203855,3.8602375960866517,1
825,Johnnie Walker Black Label,50,11.18,11.0,1.746015872943722,3.048571428571428,1
826,Clan MacGregor Scotch,1,11.0,11.0,,,1
827,Bols Anisette,18,10.38888888888889,10.5,1.6138696240399015,2.604575163398693,1
828,Bols Sloe Gin,14,10.642857142857142,11.0,2.2738358934473855,5.17032967032967,1
829,Tanqueray Sterling Vodka,21,11.523809523809524,11.0,1.7210185245675778,2.961904761904762,1
830,Bols White Creme De Menthe,3,12.666666666666666,13.0,1.5275252316519468,2.3333333333333335,1
831,Bols Green Creme De Menthe,32,10.90625,11.0,1.7294297960179934,2.9909274193548385,1
832,Bols Strawberry Liqueur,14,10.785714285714286,11.0,1.7177163475234933,2.9505494505494507,1
833,Bols White Creme De Cacao,29,10.724137931034482,11.0,1.7091466484798346,2.9211822660098514,1
834,Bols Brown Creme de Cacao,22,11.045454545454545,11.0,1.963409879515318,3.8549783549783556,1
835,Bols Creme De Noyaux,13,10.846153846153847,11.0,2.0754980866510833,4.3076923076923075,1
836,Bols Creme de Cassis,16,10.875,11.0,1.927865832122834,3.716666666666667,1
837,Bols Creme de Banana,21,10.714285714285714,11.0,1.927248223318863,3.7142857142857144,1
838,Bols Cherry Flavored Brandy,16,10.6875,11.0,2.1823152842795195,4.7625,1
839,Bols Ginger Brandy,1,9.0,9.0,,,1
840,Bols Peach Flavored Brandy,19,10.31578947368421,11.0,2.2620696417943202,5.116959064327485,1
842,Bols Apricot Flavored Brand,5,10.4,10.0,1.1401754250991378,1.2999999999999998,1
843,Mount Gay Eclipse Silver Rum,3,9.666666666666666,9.0,2.081665999466133,4.333333333333334,1
844,Bols Melon Liqueur,11,10.090909090909092,10.0,1.7580981459830651,3.090909090909091,1
845,Bols Amaretto Liqueur,21,10.904761904761905,11.0,1.9724290077151547,3.89047619047619,1
846,Chinaco Anejo Tequila,1,14.0,14.0,,,1
847,Glenfiddich 12 Year Old Sco,6,11.333333333333334,12.0,1.505545305418162,2.2666666666666666,1
849,Bols Peach Schnapps,7,10.714285714285714,11.0,1.1126972805283735,1.238095238095238,1
853,Bols Butterscotch,4,9.5,10.0,1.7320508075688772,3.0,1
854,Seagrams VO Canadian Whiskey,51,11.235294117647058,11.0,1.7502940929354434,3.0635294117647067,1
855,Black Velvet,38,11.473684210526315,12.0,1.502013821242473,2.2560455192034152,1
856,Chinaco Blanco Tequila,4,11.25,11.0,2.6299556396765835,6.916666666666667,1
857,Kahlua,54,11.185185185185185,11.0,1.7491137817944185,3.059399021663172,1
858,Canadian Club,54,11.148148148148149,11.5,2.113812681651265,4.468204053109713,1
859,Beefeater Gin,54,11.185185185185185,11.0,1.7491137817944185,3.059399021663172,1
860,Bols Orange Curacao,53,10.716981132075471,11.0,1.864417402202939,3.4760522496371555,1
861,Barton Gin,45,10.71111111111111,11.0,2.0070582523391858,4.028282828282827,1
862,Jacques Bonet Brandy,4,9.25,8.5,2.6299556396765835,6.916666666666667,1
863,Ten High Bourbon,7,10.571428571428571,11.0,2.14919697074224,4.6190476190476195,1
864,Montezuma Tequila Gold,6,12.0,12.5,1.7888543819998317,3.2,1
865,Montezuma Tequila White,28,10.678571428571429,10.5,1.8669359216239145,3.485449735449735,1
866,Absolut Hibiskus,2,11.0,11.0,0.0,0.0,1
867,Rosita Tequila Liqueur,5,10.6,11.0,2.6076809620810595,6.8,1
868,Tanqueray Ten Gin,20,11.75,12.0,1.5852942612451615,2.513157894736842,1
869,DeKuyper Anisette,12,11.333333333333334,12.0,2.424621182533032,5.878787878787879,1
870,Carpano Antica Formula,53,11.830188679245284,12.0,1.8159109713923813,3.297532656023222,1
871,DeKuyper Blackberry Brandy,13,12.153846153846153,13.0,2.2673829938997168,5.141025641025642,1
872,DeKuyper Cherry Brandy,6,12.166666666666666,13.5,2.48327740429189,6.166666666666667,1
874,DeKuyper Creme de Banana,17,11.352941176470589,11.0,2.234423204951007,4.992647058823529,1
875,DeKuyper Creme de Cacao Dark,34,11.176470588235293,11.5,2.1528077260102307,4.63458110516934,1
876,DeKuyper Creme de Cacao Whit,38,11.447368421052632,12.0,2.2019324242896237,4.84850640113798,1
877,DeKuyper Creme de Cassis,46,11.326086956521738,12.0,2.0769031200439536,4.313526570048309,1
878,DeKuyper Green Creme de Ment,48,11.25,12.0,2.0884688476631807,4.361702127659575,1
879,DeKuyper White Creme de Ment,12,11.583333333333334,13.0,1.97522534195852,3.901515151515152,1
880,Sobieski Vanilla Vodka,11,11.818181818181818,12.0,1.721521525754576,2.9636363636363634,1
881,DeKuyper Hazelnut,17,11.941176470588236,13.0,2.164214298402948,4.6838235294117645,1
882,DeKuyper Hot Damn Cinnamon,8,10.75,10.5,1.7525491637693282,3.0714285714285716,1
883,Patron Burdeos Anejo Tequila,8,12.375,12.5,1.407885953173359,1.9821428571428572,1
884,DeKuyper Orange Curacao,23,11.956521739130435,13.0,2.1842048869422235,4.770750988142291,1
885,Arrow Apricot Brandy,6,11.5,11.5,1.8708286933869707,3.5,1
887,DeKuyper Razzmatazz,29,11.379310344827585,12.0,2.077323021573821,4.31527093596059,1
888,DeKuyper Sloe Gin,6,10.833333333333334,10.5,1.9407902170679516,3.7666666666666666,1
889,DeKuyper Sour Apple Pucker,43,11.209302325581396,12.0,2.1219727965457467,4.5027685492801774,1
890,Sobieski Cytron Vodka,18,11.277777777777779,11.0,1.4061024795535124,1.9771241830065358,1
892,Uncle Val's Botanical Gin,54,10.537037037037036,11.0,2.169366162217017,4.706149545772187,1
895,Sambuca Romana,39,11.179487179487179,11.0,1.819077193347667,3.3090418353576254,1
896,Rumpleminze,46,11.282608695652174,11.0,1.772168081798374,3.1405797101449284,1
897,Montezuma Blue,49,10.693877551020408,11.0,1.92790993946654,3.7168367346938775,1
899,Absolut Mandrin,13,11.307692307692308,11.0,1.6525039276108335,2.7307692307692313,1
900,Capt Morgan Parrot Bay Coco,1,10.0,10.0,,,1
901,Creta Olympia White,1,12.0,12.0,,,1
902,Creta Olympia Red,1,11.0,11.0,,,1
903,Bombay Sapphire Gin,55,11.327272727272728,11.0,1.9725387425622571,3.8909090909090907,1
904,Malibu Rum,54,11.185185185185185,11.0,1.7491137817944185,3.059399021663172,1
905,DeKuyper Grape Pucker,18,11.11111111111111,11.5,2.138963159732493,4.57516339869281,1
906,DeKuyper Watermelon Pucker,20,11.3,11.5,1.949358868961793,3.8000000000000003,1
910,Goldschlager Cinnamon Schnps,18,11.277777777777779,11.0,1.903728711380891,3.6241830065359473,1
911,Yukon Jack,3,10.666666666666666,10.0,2.081665999466133,4.333333333333334,1
912,Smirnoff Vanilla Vodka,8,11.375,10.5,1.9955307206712847,3.982142857142857,1
913,Smirnoff Raspberry Vodka,24,11.125,11.0,1.848912723973083,3.4184782608695654,1
914,Smirnoff Orange Vodka,3,12.666666666666666,13.0,1.5275252316519468,2.3333333333333335,1
915,Smirnoff Citrus Vodka,25,11.24,11.0,1.8321208111548393,3.356666666666666,1
917,Douce Provence Pear Liqueur,1,9.0,9.0,,,1
918,Smirnoff Cherry Vodka,4,10.75,11.0,2.0615528128088303,4.25,1
920,Sobieski Vodka,18,11.666666666666666,12.0,1.5718104959867516,2.470588235294118,1
921,El Tesoro Platinum Tequila,19,11.421052631578947,12.0,1.8653504131242178,3.47953216374269,1
923,DeKuyper Peach Pucker,2,13.5,13.5,0.7071067811865476,0.5,1
924,Lombardo Marsala Ambra Dry,2,12.0,12.0,2.8284271247461903,8.0,1
925,Hangar One Vodka,9,10.555555555555555,11.0,1.5898986690282426,2.5277777777777777,1
926,Hangar One Kaffir Lime Vodk,1,9.0,9.0,,,1
927,Hangar One Mandarin Blossom,4,10.75,10.5,0.9574271077563381,0.9166666666666666,1
928,Hangar One Citron,1,12.0,12.0,,,1
929,DeKuyper Island Punch Pucker,22,10.727272727272727,10.0,1.9069251784911843,3.6363636363636354,1
930,Pallini Limoncello Liqueur,2,12.5,12.5,0.7071067811865476,0.5,1
932,Robert Sinskey Marcien Red,3,10.0,9.0,3.605551275463989,13.0,1
934,Tanteo Jalapeno Tequila,54,11.833333333333334,12.0,1.7988465906251634,3.235849056603774,1
935,Tanteo Tropical Tequila,1,12.0,12.0,,,1
936,Tanteo Cocoa Tequila,1,12.0,12.0,,,1
938,Jack Daniels Master Dist VAP,18,11.333333333333334,11.5,1.9402850002906638,3.764705882352941,1
942,Glenmorangie Nectar D'Or,52,10.557692307692308,10.5,1.8933678007611927,3.5848416289592757,1
945,Vincent Van Gogh Pineapple,9,11.555555555555555,12.0,1.9436506316151,3.7777777777777777,1
950,Mastersons 10 Yr Old Rye,3,11.333333333333334,12.0,3.055050463303893,9.333333333333332,1
954,Pinnacle Blueberry Vodka,1,9.0,9.0,,,1
955,Allen's Pomegranate Liqueur,3,13.0,14.0,1.7320508075688772,3.0,1
956,Jose Cuervo Tradicional,9,10.11111111111111,9.0,1.6914819275153699,2.861111111111111,1
957,Hangar One Blueberry Vodka,1,9.0,9.0,,,1
966,Patron Citronge Orange Liqu,54,11.833333333333334,12.0,1.7988465906251634,3.235849056603774,1
967,Chopin Vodka,1,9.0,9.0,,,1
970,Prairie Organic Kosher Vodka,18,10.0,10.0,1.6803361008336117,2.823529411764706,1
971,Sauza Extra Gold Tequila,22,11.590909090909092,13.0,2.1965143579488213,4.824675324675323,1
972,Ciroc Snap Frost Vodka,5,11.2,10.0,1.7888543819998317,3.1999999999999997,1
973,Bacardi 1873 Solera Rum,2,11.0,11.0,1.4142135623730951,2.0,1
974,Bacardi O Orange Rum,8,10.0,10.0,1.6035674514745464,2.5714285714285716,1
975,Drambuie,22,11.181818181818182,11.5,2.174229226018436,4.727272727272727,1
976,McCormick Gold Label Bourbon,32,10.125,10.0,1.930234817739257,3.725806451612903,1
977,McCormick Scotch,4,9.75,10.0,2.0615528128088303,4.25,1
978,Ron Rio Silver Rum,38,10.026315789473685,10.0,2.059740761768311,4.242532005689901,1
979,Pancho Villa Rojo,10,8.9,8.5,2.0789954839350235,4.322222222222222,1
981,McCormick Triple Sec,42,10.261904761904763,10.0,1.9388143700313822,3.7590011614401857,1
982,McCormick Long Island Iced,50,10.02,10.0,1.9111915291839514,3.6526530612244903,1
984,Patron XO Cafe Liqueur,54,11.833333333333334,12.0,1.7988465906251634,3.235849056603774,1
989,Absolut Pears,2,11.5,11.5,0.7071067811865476,0.5,1
990,Ethyl Alcohol 200 Proof,1,10.0,10.0,,,1
994,Absolut Apeach,12,11.416666666666666,11.5,1.4433756729740645,2.0833333333333335,1
995,Absolut Ruby Red,15,11.266666666666667,11.0,1.7915143899851345,3.209523809523809,1
996,Herradura Seleccion Suprema,9,11.0,12.0,1.8027756377319946,3.25,1
998,Corralejo Blanco Tequila,44,12.022727272727273,12.5,1.704830842916631,2.9064482029598304,1
999,Jameson 18 Year Old,44,11.363636363636363,12.0,1.7130268205574775,2.93446088794926,1
1000,Goslings Dark'n Stormy VAP,3,11.0,11.0,3.0,9.0,1
1001,Bailey's 50mL 4 Pack,23,11.26086956521739,11.0,1.5729934203280242,2.4743083003952564,1
1003,Crown Royal +2 Reusable Cups,14,10.714285714285714,11.0,1.3827826698682304,1.9120879120879113,1
1004,Jim Beam w/2 Rocks Glasses,11,11.090909090909092,11.0,2.2115399817568506,4.890909090909091,1
1005,Maker's Mark Combo Pack,14,10.857142857142858,10.5,2.10702644491246,4.43956043956044,1
1006,Jim Beam Candy Cane 4/50mLs,3,13.0,14.0,1.7320508075688772,3.0,1
1007,12 Days of Pearls Gift Set,1,14.0,14.0,,,1
1009,Rebel Yell Variety Pack,5,12.4,12.0,1.1401754250991378,1.2999999999999998,1
1012,Courvoisier VSOP VAP,4,11.25,11.5,2.5,6.25,1
1013,Kahlua Pumpkin Spice Liqueur,20,10.95,10.5,1.6050905860647502,2.5763157894736834,1
1019,Drambuie Glass Pack,10,11.8,12.5,2.043961295567452,4.177777777777778,1
1020,B & B Dom VAP,1,12.0,12.0,,,1
1021,St Brendans Peppermint Bark,13,10.923076923076923,12.0,2.2898885875932358,5.243589743589744,1
1022,St Brendans Salted Caramel,10,11.4,12.0,2.3664319132398464,5.6,1
1023,Hennessy VSOP Cognac + 50mL,24,10.875,11.0,1.918162617216527,3.6793478260869565,1
1024,Hennessey VS +VSOP 50mL,19,10.947368421052632,11.0,1.8400991582740052,3.385964912280702,1
1025,Fulton's Harvest Pumpkin Liq,15,10.066666666666666,10.0,2.433887738538802,5.923809523809523,1
1026,Ole Smoky Apple Pie Pour Pak,5,10.4,11.0,1.3416407864998738,1.7999999999999998,1
1028,Amaretto di Amore VAP,8,10.625,10.5,1.685018016012207,2.8392857142857144,1
1029,Fulton's Harvest Apple Pie L,5,10.6,10.0,1.9493588689617927,3.8,1
1030,Ole Smoky Pumpkin Pie,8,11.5,12.0,1.0690449676496976,1.1428571428571428,1
1031,Avion Tasting Flight 3/375mL,9,12.0,13.0,1.6583123951777,2.75,1
1032,Woodford Rsv MC Classic Malt,1,10.0,10.0,,,1
1033,Chivas Regal w/ 2 Glasses,1,9.0,9.0,,,1
1034,Mr Boston Holiday Nog,8,10.75,10.5,1.9086270308410553,3.642857142857143,1
1035,Pinnacle Vodka Gift Pak,2,13.5,13.5,0.7071067811865476,0.5,1
1036,Jameson Trilogy Pack,15,10.6,9.0,2.0283702113484403,4.114285714285716,1
1037,JP Wiser's Rye w/ 2 Glasses,3,12.333333333333334,13.0,2.081665999466133,4.333333333333334,1
1038,1800 Silver w/ Shot Glasses,12,10.833333333333334,10.5,1.4034589305344742,1.9696969696969702,1
1039,Three Olives Vodka w/Flask,5,9.8,10.0,1.4832396974191324,2.1999999999999997,1
1042,Benchmark Egg Nog,4,10.75,11.0,1.2583057392117916,1.5833333333333333,1
1045,Glenfiddich Trio 200ml Pack,6,11.5,12.0,1.6431676725154984,2.7,1
1047,Angels Envy Hanover Chop,1,11.0,11.0,,,1
1048,Mother's Holiday Nog,2,9.5,9.5,2.1213203435596424,4.5,1
1049,Old New England Pumpkin Nog,9,11.88888888888889,12.0,1.615893285805443,2.6111111111111107,1
1050,Hudson Maple Cask Rye,9,10.222222222222221,10.0,1.4813657362192647,2.194444444444444,1
1051,Woodford Reserve MC 1838,5,10.4,10.0,2.3021728866442674,5.3,1
1059,Old St Nick's Egg Nog,2,10.5,10.5,0.7071067811865476,0.5,1
1060,Jack Daniels Bruins Glass Pk,24,10.5,11.0,1.933683126777138,3.739130434782609,1
1061,Christian Bros Holiday Nog,6,9.5,9.0,1.8708286933869707,3.5,1
1062,St Christopher Gluhwein,8,8.5,8.5,1.6035674514745464,2.5714285714285716,1
1063,Ciroc Pineapple Vodka,1,10.0,10.0,,,1
1064,Jack Daniels Honey + Glass,10,11.3,11.0,1.8287822299126937,3.3444444444444446,1
1065,DiSaronno Cavalli Collection,10,10.0,10.0,0.9428090415820634,0.8888888888888888,1
1066,DiSaronno Cavalli Glass Pack,3,12.666666666666666,12.0,1.1547005383792517,1.3333333333333335,1
1067,Absente  Glass & Spoon Pack,1,9.0,9.0,,,1
1068,Capt Morgan Jack O Blast,12,11.166666666666666,11.0,1.6966991126265962,2.8787878787878793,1
1069,Spade&Bushel 10yr Irish Wsky,1,11.0,11.0,,,1
1070,Three Olives Vodka w3 50mls,9,11.0,10.0,1.7320508075688772,3.0,1
1071,Straw Boys Vodka,1,11.0,11.0,,,1
1072,Bruichladdich Wee Laddie Box,1,10.0,10.0,,,1
1073,Straw Boys Poitin,1,11.0,11.0,,,1
1074,Brothership Whiskey,1,11.0,11.0,,,1
1076,Capt Morgan Jack O Blast,9,11.11111111111111,11.0,1.6914819275153699,2.861111111111111,1
1078,Ezra Brooks Bourbon Cream,3,9.0,9.0,1.0,1.0,1
1079,Weller Antique -Hanover Chop,1,12.0,12.0,,,1
1081,Chivas Regal with2 50mLs,8,10.375,10.0,1.5979898086569353,2.5535714285714284,1
1082,Bushmills Blackbush VAP,2,9.5,9.5,0.7071067811865476,0.5,1
1084,Cointreau Liqueur with Carafe,3,9.333333333333334,8.0,2.3094010767585034,5.333333333333334,1
1085,Baileys Pumpkin Spice,13,11.153846153846153,11.0,1.6251232694862385,2.6410256410256414,1
1086,Hennessy VSOP Privilege VAP,9,10.666666666666666,11.0,1.8708286933869707,3.5,1
1088,El Jimador Anejo Tequila,2,11.5,11.5,0.7071067811865476,0.5,1
1090,Licor 43 Liqueur Gift Pack,1,9.0,9.0,,,1
1091,Casa Noble 3 Btl Club Pack,2,8.5,8.5,0.7071067811865476,0.5,1
1093,Old St Andrew 3 Mini Barrels,6,9.833333333333334,9.5,2.48327740429189,6.166666666666667,1
1094,Four Roses Single Barrel Brb,54,11.444444444444445,11.0,1.7119630866531244,2.9308176100628933,1
1095,Southern Comfort wShaker,2,10.5,10.5,0.7071067811865476,0.5,1
1096,Evan Williams Egg Nog,6,10.5,10.0,2.073644135332772,4.3,1
1106,Aberfeldy Single Cask,11,11.0,11.0,2.23606797749979,5.0,1
1107,Common Man Slctn Woodford Rs,8,10.625,11.5,1.9955307206712847,3.982142857142857,1
1111,Penn Dutch Egg Nog,5,9.2,9.0,1.3038404810405297,1.7000000000000002,1
1112,Ardbeg Exploration Pk +50mls,15,10.666666666666666,11.0,1.9518001458970664,3.8095238095238098,1
1114,DiSaronno Etro Icon VAP,11,11.0,10.0,1.6733200530681511,2.8,1
1120,Jesse James Spiced Bourbon,2,8.5,8.5,0.7071067811865476,0.5,1
1121,Old St Andrews Tumbler Pack,6,10.0,9.5,2.5298221281347035,6.4,1
1124,Manchester Conn Wild Turkey,1,9.0,9.0,,,1
1125,Jack Daniels Equity VAP,12,11.0,11.0,1.7580981459830651,3.090909090909091,1
1127,Granny's Gingerbread Cream,6,11.166666666666666,11.5,1.4719601443879746,2.166666666666667,1
1128,Smugglers Notch Gin,5,11.2,12.0,2.16794833886788,4.699999999999999,1
1129,Smugglers Notch Rum,3,10.0,10.0,2.0,4.0,1
1130,Smugglers Notch Bourbon,23,11.652173913043478,12.0,1.9910868583440442,3.964426877470356,1
1132,Jack Daniels Honey & Fire Pk,7,10.285714285714286,11.0,1.9760470401187071,3.9047619047619038,1
1133,Glenmorangie Collection 4 Pk,40,10.575,10.5,1.8381637995146551,3.3788461538461534,1
1135,Rebel Reserve Bourbon,54,10.833333333333334,11.0,1.9691009345805608,3.8773584905660377,1
1136,Malibu 50ml Sampler Pack,13,10.76923076923077,10.0,1.9644272343292228,3.8589743589743595,1
1148,Old New England Egg Nog,8,11.125,11.0,2.100170061141308,4.410714285714286,1
1156,Old New England Egg Nog,7,11.428571428571429,12.0,1.511857892036909,2.285714285714286,1
1158,Old New England Choc Egg Nog,4,11.75,12.0,1.2583057392117916,1.5833333333333333,1
1164,Dingle Original PotStill Gin,1,9.0,9.0,,,1
1168,Old Grand Dad Bonded,26,11.038461538461538,11.5,2.2177604781539277,4.918461538461539,1
1173,Woodford Rsv Cotton Restrant,1,8.0,8.0,,,1
1174,Rebel Yell,54,10.833333333333334,11.0,1.9691009345805608,3.8773584905660377,1
1176,Brora 37 Yr Old Single Malt,2,12.0,12.0,1.4142135623730951,2.0,1
1178,Evan Williams Black Label B,54,10.61111111111111,10.0,2.1049507381558583,4.430817610062893,1
1180,Evan Williams Black Label B,54,10.5,10.0,2.080910540903977,4.330188679245283,1
1181,Kahlua Peppermint Mocha,14,11.0,10.5,1.8397324220155997,3.3846153846153846,1
1185,Caol Ila 17 Yr Single Malt,3,13.0,13.0,1.0,1.0,1
1186,Evan Williams Single Barrel,52,10.711538461538462,10.0,2.080125735844609,4.326923076923076,1
1188,Stolichnaya 802 Glass Pack,7,12.428571428571429,13.0,1.1338934190276817,1.2857142857142856,1
1189,Mad River 3 Pack Revolution,6,11.166666666666666,11.0,1.8348478592697182,3.366666666666667,1
1193,Clynelish Cask Strgth Scotch,2,12.0,12.0,1.4142135623730951,2.0,1
1195,Baileys Pumpkin Spice,5,12.2,12.0,1.4832396974191324,2.1999999999999997,1
1210,Elmer T Lee Bourbon,5,11.2,11.0,2.3874672772626644,5.7,1
1212,DiSaronna Amaretto Sour VAP,14,10.5,10.5,1.9513309067639726,3.8076923076923075,1
1214,Apple Orchard Liqueur,5,12.0,13.0,2.345207879911715,5.5,1
1215,Tullibardine Sherry Finish,1,9.0,9.0,,,1
1217,Dalwhinnie 25 Yr Single Malt,3,11.333333333333334,11.0,1.5275252316519468,2.3333333333333335,1
1220,Woodford Reserve Bourbon,55,10.854545454545455,11.0,1.9946055195078491,3.978451178451177,1
1226,Lexington Bourbon,53,10.358490566037736,10.0,2.038988622055265,4.157474600870827,1
1228,Glenfiddich Ancient RSV 18,52,11.076923076923077,11.0,2.0082784925828236,4.033182503770739,1
1231,Jack Daniels No 7 Black,55,10.854545454545455,11.0,1.9946055195078491,3.978451178451177,1
1232,Jack Daniels No 7 Black,55,10.854545454545455,11.0,1.9946055195078491,3.978451178451177,1
1233,Jack Daniels No 7 Black,55,10.854545454545455,11.0,1.9946055195078491,3.978451178451177,1
1236,Southern Comfort & Egg Nog,2,10.5,10.5,3.5355339059327378,12.5,1
1237,Jack Daniels Single Barrel,53,10.943396226415095,11.0,1.9749887471891956,3.9005805515239484,1
1238,The Glenlivet 12 Yr Single,53,11.226415094339623,11.0,1.739158831092715,3.024673439767779,1
1239,Booker's Bourbon,54,11.148148148148149,11.5,2.113812681651265,4.468204053109713,1
1240,Remy Martin VSOP Gift Pack,5,9.0,8.0,1.7320508075688772,3.0,1
1243,Pinnacle Pumpkin Pie,3,11.333333333333334,12.0,2.0816659994661326,4.333333333333333,1
1244,Jack Daniels Winter Jack,19,11.210526315789474,12.0,2.0433889978394295,4.175438596491228,1
1245,Pittyvaich 25 Yr Single Malt,2,12.0,12.0,1.4142135623730951,2.0,1
1248,Tullibardine Sauterne Finish,1,12.0,12.0,,,1
1249,Jim Beam Apple,39,11.076923076923077,11.0,2.1568082581324144,4.651821862348179,1
1251,Port Ellen 32 Yr Single Malt,2,12.0,12.0,1.4142135623730951,2.0,1
1252,Jim Beam Bonded Bourbon,4,12.25,13.0,2.217355782608345,4.916666666666667,1
1253,Tullibardine Burgundy Finish,3,11.666666666666666,12.0,1.5275252316519468,2.3333333333333335,1
1258,Jim Beam Black,52,11.134615384615385,11.5,2.09601719565097,4.393288084464555,1
1259,St George Gin 3/200mls Combo,8,10.375,9.5,1.9955307206712847,3.982142857142857,1
1260,Old Forester Birthday 2016,1,13.0,13.0,,,1
1261,Jim Beam Kentucky Fire,18,10.944444444444445,10.5,2.235337116889484,4.996732026143792,1
1262,Fitch's Goat Moonshine,4,9.75,9.5,0.9574271077563381,0.9166666666666666,1
1263,The Cally 40 Yr Single Malt,2,12.0,12.0,1.4142135623730951,2.0,1
1267,Fitch's Goat 100% Corn Whsky,3,10.666666666666666,11.0,0.5773502691896257,0.3333333333333333,1
1269,Jeffersons Bourbon,52,10.673076923076923,11.0,1.9171174628894907,3.6753393665158374,1
1271,Jeffersons Reserve Bourbon,54,10.61111111111111,11.0,1.9074498105780433,3.638364779874213,1
1273,Jim Beam Choice,46,11.108695652173912,11.5,2.1728451483360116,4.7212560386473434,1
1274,No. 14 Bourbon,1,11.0,11.0,,,1
1276,Jack Daniels Single Barrel,52,10.846153846153847,11.0,2.0135289028305348,4.0542986425339365,1
1277,Kavalan Ex-Bourbon Oak Whsky,1,14.0,14.0,,,1
1278,Jim Beam Black,54,11.148148148148149,11.5,2.113812681651265,4.468204053109713,1
1279,Woodford Rsv MC Brandy Fnish,3,11.666666666666666,12.0,0.5773502691896257,0.3333333333333333,1
1281,Benchmark Old #8 Bourbon,34,10.941176470588236,11.0,2.0142097701623505,4.057040998217469,1
1282,Small Batch 1792,54,10.685185185185185,11.0,1.979365955982094,3.9178895877009086,1
1294,Jeremiah Weed Bourbon,3,12.0,13.0,2.6457513110645907,7.0,1
1295,Jack Daniels No 7 Black,54,10.88888888888889,11.0,1.9968528698048331,3.987421383647798,1
1296,Tap 357 Maple Rye Whisky,41,11.902439024390244,13.0,1.6853023178169027,2.840243902439024,1
1297,Jim Beam Black,20,11.45,12.0,2.0384462607326044,4.155263157894736,1
1300,Ladyburn 41 Yr Old Scotch,2,11.5,11.5,3.5355339059327378,12.5,1
1304,Jeremiah Weed Sarsaparilla,1,11.0,11.0,,,1
1309,Makers Mark Cask Strength,17,11.588235294117647,12.0,2.152290161938318,4.632352941176471,1
1310,Remy Martin XO Excelence VAP,1,9.0,9.0,,,1
1323,Early Times,54,10.796296296296296,11.0,1.965548841971296,3.863382250174703,1
1328,Ole Smoky Peach Moonshine,5,10.4,11.0,1.816590212458495,3.3,1
1330,Grey Goose Glass Pack,17,11.588235294117647,11.0,1.8391174353957038,3.3823529411764706,1
1336,Gr Marnier Cordon Rouge VAP,16,10.125,10.0,2.0289570391377603,4.116666666666666,1
1339,The Glenlivet 12 Yr Single,45,11.28888888888889,11.0,1.7401962039617338,3.028282828282828,1
1340,Jim Beam Jacob's Ghost,18,11.166666666666666,12.0,2.455486054675506,6.029411764705882,1
1342,Kavalan Classic Single Malt,3,13.333333333333334,13.0,0.5773502691896257,0.3333333333333333,1
1343,Jack Daniels Sinatra Select,31,10.870967741935484,11.0,1.8026265186087211,3.249462365591398,1
1345,Basil Hayden Bourbon,54,11.148148148148149,11.5,2.113812681651265,4.468204053109713,1
1346,Knob Creek Bourbon,55,11.10909090909091,11.0,2.114086154668317,4.469360269360271,1
1347,Bakers Bourbon,43,11.186046511627907,12.0,2.152029097359141,4.631229235880399,1
1348,Knob Creek Bourbon,55,11.10909090909091,11.0,2.114086154668317,4.469360269360271,1
1355,Knob Creek Bourbon,55,11.10909090909091,11.0,2.114086154668317,4.469360269360271,1
1358,Knob Creek Bourbon,54,11.148148148148149,11.5,2.113812681651265,4.468204053109713,1
1359,Knob Creek Rye,54,11.148148148148149,11.5,2.113812681651265,4.468204053109713,1
1361,BenRiach 1994,9,11.444444444444445,11.0,1.9436506316151,3.7777777777777777,1
1364,Bols Pumpkin Spice,11,10.181818181818182,10.0,1.8877596148970779,3.563636363636364,1
1365,Stoli Mini Bar 5/50mLs Pack,27,11.25925925925926,11.0,1.6074966824368826,2.5840455840455836,1
1366,Red Stag by Jim Beam,53,11.132075471698114,11.0,2.1307071401934636,4.5399129172714074,1
1373,Jim Beam Honey,53,11.20754716981132,12.0,2.088047400048094,4.359941944847606,1
1375,Jim Beam,54,11.148148148148149,11.5,2.113812681651265,4.468204053109713,1
1376,Jim Beam,55,11.10909090909091,11.0,2.114086154668317,4.469360269360271,1
1377,Jim Beam Honey,39,11.076923076923077,11.0,2.1568082581324144,4.651821862348179,1
1378,Jim Beam,54,11.148148148148149,11.5,2.113812681651265,4.468204053109713,1
1379,Jim Beam Traveler,54,11.148148148148149,11.5,2.113812681651265,4.468204053109713,1
1380,Bulleit 95 Rye,55,11.10909090909091,11.0,1.77088309496334,3.136026936026938,1
1382,Makers 46,53,11.11320754716981,11.0,2.118239266634243,4.486937590711176,1
1383,Smirnoff Red White & Berry,17,11.176470588235293,11.0,1.7760663739584404,3.1544117647058822,1
1384,Bulleit 95 Rye,54,11.148148148148149,11.0,1.7634379736956947,3.109713487071977,1
1385,Makers Mark,55,11.10909090909091,11.0,2.114086154668317,4.469360269360271,1
1386,George Dickel No 8 Bourbon,51,11.196078431372548,11.0,1.7322772046429207,3.0007843137254913,1
1388,Red Stag by Jim Beam,54,11.148148148148149,11.5,2.113812681651265,4.468204053109713,1
1389,Makers Mark,51,11.176470588235293,11.0,2.123260533735238,4.508235294117647,1
1390,Makers Mark,38,11.394736842105264,12.0,2.1250052296814568,4.515647226173542,1
1392,Red Stag Hardcore Cider,10,11.9,13.0,2.1317702607092643,4.544444444444444,1
1393,Jim Beam,1,14.0,14.0,,,1
1394,Makers Mark,53,11.132075471698114,11.0,2.1307071401934636,4.5399129172714074,1
1395,Old Crow,54,11.148148148148149,11.5,2.113812681651265,4.468204053109713,1
1396,Old Crow,55,11.10909090909091,11.0,2.114086154668317,4.469360269360271,1
1397,Jim Beam Kentucky Fire,54,11.148148148148149,11.5,2.113812681651265,4.468204053109713,1
1398,Blantons Sgl Barrel Bourbon,31,10.838709677419354,11.0,2.177104716415028,4.7397849462365595,1
1399,Jim Beam Signature Craft,23,11.217391304347826,12.0,2.1310800023191496,4.541501976284586,1
1404,Woodford Rsv Master Coll Pnt,2,12.5,12.5,2.1213203435596424,4.5,1
1414,Bacardi 8 Gift Set,1,11.0,11.0,,,1
1415,Old Grand Dad,55,11.10909090909091,11.0,2.114086154668317,4.469360269360271,1
1416,Old Grand Dad,2,9.5,9.5,0.7071067811865476,0.5,1
1424,Bulleit Bourbon,49,11.16326530612245,11.0,1.7835701413119676,3.181122448979592,1
1425,Granite Lightning Whiskey,20,9.85,10.5,2.3680993933621335,5.6078947368421055,1
1460,Old Forester Bourbon,2,13.0,13.0,1.4142135623730951,2.0,1
1464,Tin Cup Whiskey,49,10.775510204081632,11.0,1.7942652410114956,3.2193877551020407,1
1465,Woodford Rsv Bourbon,54,10.88888888888889,11.0,1.9968528698048331,3.987421383647798,1
1468,Knob Creek Single Barrel Rsv,53,11.20754716981132,12.0,2.088047400048094,4.359941944847606,1
1474,George Dickel #12 Sour Mash,5,11.4,12.0,1.51657508881031,2.3,1
1476,Jim Beam Traveler,20,10.85,11.0,2.3004576203785834,5.292105263157895,1
1479,Ten High,54,10.685185185185185,11.0,1.979365955982094,3.9178895877009086,1
1483,DeKuyper Cane Trial Pack,13,12.461538461538462,13.0,1.6132464481796023,2.602564102564102,1
1484,Knob Creek Rye,31,11.419354838709678,12.0,2.1721601160808732,4.7182795698924735,1
1489,Crown Royal Cornerstone Blnd,11,11.181818181818182,11.0,1.6011359603844901,2.5636363636363635,1
1492,The Glenlivet Oloroso Nadu,2,13.5,13.5,0.7071067811865476,0.5,1
1494,Hibiki 12Yr Japanese Whisky,1,13.0,13.0,,,1
1498,Jefferson's Wood Experiment,3,10.333333333333334,11.0,1.1547005383792517,1.3333333333333335,1
1505,Cleveland Christmas Bourbon,9,12.666666666666666,13.0,1.6583123951776997,2.7499999999999996,1
1515,Old Overholt,55,11.10909090909091,11.0,2.114086154668317,4.469360269360271,1
1520,Pinnacle Vodka Cane 4/50mls,20,11.95,13.0,1.9324105480761042,3.7342105263157896,1
1523,Hennessy XO Cognac/Glass Pak,9,9.777777777777779,10.0,2.223610677354389,4.944444444444445,1
1532,Crown Royal Honey Limited,13,11.153846153846153,11.0,1.6251232694862385,2.6410256410256414,1
1535,Gentleman Jack,45,10.777777777777779,11.0,2.1093825991258557,4.44949494949495,1
1542,Bowen's American Whiskey,20,9.05,9.0,1.8771478925557026,3.5236842105263153,1
1545,Gentleman Jack,55,10.854545454545455,11.0,1.9946055195078491,3.978451178451177,1
1550,Jack Daniels Tennessee Fire,3,12.0,13.0,2.6457513110645907,7.0,1
1556,Kahlua w/50mL Absolut+Glass,17,10.764705882352942,10.0,1.9852396506689651,3.941176470588235,1
1565,Galliano Tiki Gift Pack,3,9.333333333333334,10.0,3.055050463303893,9.333333333333332,1
1575,Tarantula & Margarita Mix,8,10.25,11.0,2.3145502494313788,5.357142857142857,1
1591,Carstairs White Seal,33,11.030303030303031,11.0,1.9919344944809378,3.96780303030303,1
1595,Gentleman Jack,54,10.88888888888889,11.0,1.9968528698048331,3.987421383647798,1
1598,Johnnie Walker Odyssey,6,11.5,11.5,1.8708286933869707,3.5,1
1603,Flag Hill Straight Rye Whsky,2,11.0,11.0,1.4142135623730951,2.0,1
1604,Pappy Van Winkle Rsv 23 Yr,1,11.0,11.0,,,1
1605,Jack Daniels Tennessee Fire,3,10.666666666666666,11.0,1.5275252316519468,2.3333333333333335,1
1620,Hennessy Privilege VSOP VAP,9,9.333333333333334,9.0,2.23606797749979,5.0,1
1623,Bulleit 95 Rye,54,11.148148148148149,11.0,1.7634379736956947,3.109713487071977,1
1626,Balcones Baby Blue Corn Whis,1,10.0,10.0,,,1
1634,The Famous Grouse,54,10.0,10.0,2.064982068541087,4.264150943396227,1
1637,Fleischmanns Preferred,55,10.654545454545454,11.0,1.974074389928023,3.896969696969697,1
1639,The Famous Grouse,53,10.056603773584905,10.0,2.042011586831651,4.169811320754717,1
1648,Port Dundas 12 Yr Scotch,1,13.0,13.0,,,1
1650,Balcones TX Whisky Single Ba,1,10.0,10.0,,,1
1655,WhistlePig 15 Yr Old Rye,12,10.333333333333334,9.5,2.3484359721209165,5.515151515151515,1
1656,Forbidden Secret Pumpkin Crm,1,11.0,11.0,,,1
1657,Dalwhinnie Distillers Edtion,37,11.027027027027026,11.0,1.863188522794049,3.4714714714714705,1
1663,Jim Beam Maple,19,10.736842105263158,10.0,2.305599590927317,5.31578947368421,1
1667,Redbreast 21 Yr Old Irish,7,11.857142857142858,13.0,1.8644544714716087,3.476190476190476,1
1672,Hpnotiq Sparkle,5,11.2,10.0,2.16794833886788,4.7,1
1686,Lord Calvert Ducks Decanter,2,9.5,9.5,0.7071067811865476,0.5,1
1692,Everclear 151,54,10.833333333333334,11.0,1.9691009345805608,3.8773584905660377,1
1695,Phillips Union Vanilla Whsky,3,11.333333333333334,11.0,1.5275252316519468,2.3333333333333335,1
1696,Imperial Blended Whiskey,2,10.5,10.5,0.7071067811865476,0.5,1
1697,Phillips Union Cherry Whisky,1,8.0,8.0,,,1
1698,Knob Creek 2001 Bourbon,18,11.38888888888889,12.0,2.0619490747659373,4.2516339869281055,1
1704,Amaretto DiSaronno Summer Pk,20,10.25,10.0,2.1244194253340942,4.5131578947368425,1
1714,Smoky Quartz V5 Bourbon,32,9.34375,9.0,2.119180836869482,4.490927419354839,1
1715,Ole Smoky Apple Pie Moonshne,52,10.461538461538462,11.0,1.8306919131423083,3.351432880844645,1
1719,Casa Noble Alta Belleza,1,8.0,8.0,,,1
1720,The Peat Monster Scotch,1,8.0,8.0,,,1
1722,Jack Daniels Sinatra Century,7,11.428571428571429,12.0,1.902379462422684,3.61904761904762,1
1725,Ole Smoky White Lightnin',54,10.425925925925926,11.0,1.828514727208138,3.3434661076170507,1
1727,West Cork Irish Whiskey,53,11.50943396226415,11.0,1.6597340091508865,2.7547169811320753,1
1728,Aberlour 16 Year Old Single,53,11.245283018867925,11.0,1.7086393639537425,2.9194484760522497,1
1730,La Collection NH Summer,16,11.6875,11.5,1.8154430129677255,3.2958333333333334,1
1731,The Spiced Tree Scotch,2,9.5,9.5,2.1213203435596424,4.5,1
1733,Ole Smoky Moonshine Peaches,6,10.333333333333334,11.0,2.065591117977289,4.266666666666666,1
1734,Duggans Dew O Kirkintilloch,55,9.709090909090909,10.0,1.8626218804041443,3.4693602693602705,1
1737,Makers Mark,55,11.10909090909091,11.0,2.114086154668317,4.469360269360271,1
1738,Ole Smoky Moonshine Cherries,53,10.415094339622641,11.0,1.84426306174821,3.4013062409288826,1
1740,Glenkinchie 12 YO Scotch,23,11.173913043478262,11.0,1.6963108075265054,2.8774703557312247,1
1742,Hedonism Scotch,1,8.0,8.0,,,1
1744,Old Forester 100 Bourbon,49,10.918367346938776,11.0,2.039574452080196,4.159863945578231,1
1746,Tomatin 12 Yr Old Scotch,53,9.90566037735849,10.0,1.701403842797021,2.8947750362844706,1
1748,William Grant Scotch,53,11.09433962264151,11.0,1.9929119682533762,3.9716981132075464,1
1757,Aberfeldy 21 Yr Single Malt,3,11.333333333333334,12.0,1.1547005383792517,1.3333333333333335,1
1758,Aberlour Glenlivet 12 Yr,53,11.245283018867925,11.0,1.7086393639537425,2.9194484760522497,1
1760,William Grant Scotch,55,11.072727272727272,11.0,2.017098626415394,4.06868686868687,1
1761,Bulleit 95 Rye,1,12.0,12.0,,,1
1762,Ole Smoky Blue Flame,2,11.0,11.0,1.4142135623730951,2.0,1
1766,Duggans Dew O Kirkintilloch,6,9.666666666666666,9.0,1.7511900715418263,3.0666666666666664,1
1767,Buffalo Trace Bourbon,52,10.826923076923077,11.0,2.0265023847840506,4.106711915535445,1
1770,Jack Daniels Tennessee Fire,54,10.88888888888889,11.0,1.9968528698048331,3.987421383647798,1
1771,Jack Daniels Tennessee Fire,46,10.847826086956522,11.0,2.032703632596502,4.131884057971015,1
1774,Old Thompson,1,13.0,13.0,,,1
1779,Forged Oak Bourbon Whiskey,5,11.8,12.0,1.6431676725154984,2.7,1
1781,Wild Turkey Russell's Rsv,37,10.864864864864865,11.0,1.828207412287332,3.342342342342343,1
1788,Knappogue Castle Irish 12 Yr,5,8.6,9.0,0.5477225575051661,0.3,1
1789,Jack Daniels Tennesse Fire,54,10.88888888888889,11.0,1.9968528698048331,3.987421383647798,1
1790,Morrigan Irish Whiskey,4,12.5,13.5,2.3804761428476167,5.666666666666667,1
1798,Talisker Distillers Edition,39,10.974358974358974,11.0,1.6300981482749575,2.6572199730094455,1
1801,Jack Daniels Tennesse Fire,2,10.0,10.0,2.8284271247461903,8.0,1
1808,Ardbeg 21 Yr Single Malt,1,10.0,10.0,,,1
1812,Booker's Rye,2,11.5,11.5,3.5355339059327378,12.5,1
1817,Irishman Founders RSV Whisky,55,10.909090909090908,11.0,2.0482397797343443,4.195286195286195,1
1820,Yellowstone Select Bourbon,1,9.0,9.0,,,1
1828,Old Forester Mint Julep,4,11.5,11.5,0.5773502691896257,0.3333333333333333,1
1832,Laphroaig Lore,20,11.35,12.0,1.9540780569443943,3.8184210526315794,1
1835,Knappogue Castle Irish Whsky,52,10.653846153846153,11.0,1.9289803807194625,3.720965309200603,1
1836,Tyrconnell Irish Whiskey,45,11.28888888888889,12.0,2.018350161329142,4.073737373737374,1
1845,Cluny Scotch Whiskey,19,11.157894736842104,11.0,1.803181074740996,3.2514619883040936,1
1848,Oban Little Bay Single Malt,43,11.162790697674419,11.0,1.7852601858944754,3.187153931339977,1
1856,Four Roses Elliott's Select,1,10.0,10.0,,,1
1860,Bruichladdich Islay Barley,28,11.0,11.5,2.0727509006864033,4.296296296296297,1
1862,John Power Irish Whiskey,52,11.26923076923077,11.0,1.7163045643084633,2.945701357466064,1
1864,1792 Port Finish Bourbon,2,10.5,10.5,2.1213203435596424,4.5,1
1867,Jack Daniels Tennessee Honey,54,10.88888888888889,11.0,1.9968528698048331,3.987421383647798,1
1868,Lagavulin Single Malt 16-Yr,54,11.148148148148149,11.0,1.7634379736956947,3.109713487071977,1
1869,Oban 14-Yr Single Malt,53,11.169811320754716,11.0,1.773044416301258,3.1436865021770686,1
1870,Oban Distiller's Edition,53,11.11320754716981,11.0,1.7613410249283898,3.102322206095791,1
1874,Bruichladdich Octomore 61,6,10.666666666666666,10.5,2.338090388900024,5.466666666666666,1
1875,Bushmills Black Bush,53,10.773584905660377,11.0,1.7056637489209776,2.9092888243831636,1
1876,Midleton Rare Irish Whiskey,47,11.446808510638299,12.0,1.6786188763682806,2.8177613320999084,1
1878,Jim Beam White BBQ Sauce Pak,2,10.5,10.5,2.1213203435596424,4.5,1
1880,The Glenlivet Nadurra 16 Yr,49,11.244897959183673,11.0,1.726395718504523,2.980442176870748,1
1882,Seagrams 7 Crown,2,11.0,11.0,1.4142135623730951,2.0,1
1883,Seagrams 7 Crown,55,11.10909090909091,11.0,1.77088309496334,3.136026936026938,1
1885,Seagrams 7 PET,1,12.0,12.0,,,1
1886,Seagrams 7 Crown,54,11.148148148148149,11.0,1.7634379736956947,3.109713487071977,1
1887,House of Stuart Scotch,1,9.0,9.0,,,1
1888,El Toro Silver Tequila,6,10.0,10.0,1.0954451150103321,1.2,1
1889,El Toro Gold Tequila,44,10.681818181818182,11.0,1.9973555455841325,3.989429175475688,1
1890,Jameson 12 Year Old,51,11.27450980392157,11.0,1.7329562184030964,3.00313725490196,1
1891,Oban 18 Yr Single Malt,13,10.538461538461538,11.0,1.5607361839521232,2.4358974358974357,1
1892,Yukon Jack,54,11.148148148148149,11.0,1.7634379736956947,3.109713487071977,1
1893,Port Charlotte Scotch Barley,42,10.928571428571429,11.5,1.8530509732351308,3.4337979094076654,1
1895,Senators Club,50,9.88,10.0,1.6492422502470643,2.72,1
1896,The Glenlivet 18 Yr Single,41,11.292682926829269,11.0,1.7499128898180103,3.06219512195122,1
1897,Old Ezra 7Yr Bourbon,22,10.727272727272727,10.5,1.9804236723685973,3.9220779220779214,1
1905,Ole Smoky Margrita Moonshine,2,10.0,10.0,2.8284271247461903,8.0,1
1906,Jack Daniels Tenn Fire VAP,5,12.2,12.0,1.3038404810405297,1.7000000000000002,1
1919,Tullamore Dew Crock,3,11.333333333333334,11.0,2.5166114784235836,6.333333333333334,1
1920,Bowman Brothers Small Batch,22,10.909090909090908,11.5,2.447721796148817,5.991341991341991,1
1921,Glenfiddich Special Rsv 12,54,11.12962962962963,11.5,1.9909824662694329,3.9640111809923138,1
1927,Jack Daniels Barrel Proof,44,10.75,11.0,2.0130388921715716,4.0523255813953485,1
1929,Old New England Cinn Egg Nog,4,10.75,11.0,1.5,2.25,1
1932,Jim Beam Devils Cut Bourbon,17,11.294117647058824,12.0,2.0544070276588613,4.220588235294118,1
1952,Johnnie Walker Blue Yr Roost,1,11.0,11.0,,,1
1955,Jack Daniels Tennessee Honey,54,10.88888888888889,11.0,1.9968528698048331,3.987421383647798,1
1956,Balvenie 12 Yr Doublewood S,54,11.12962962962963,11.5,1.9909824662694329,3.9640111809923138,1
1961,Everclear 151,55,10.8,11.0,1.96638416050035,3.8666666666666667,1
1962,Jim Beam Apple,55,11.10909090909091,11.0,2.114086154668317,4.469360269360271,1
1963,Nikka Taketsuru Pure Malt 21,1,14.0,14.0,,,1
1964,Jim Beam Single Barrel,49,11.122448979591837,11.0,2.0679363008124034,4.276360544217687,1
1972,Admiral Nelson Egg Nog,3,12.333333333333334,13.0,2.081665999466133,4.333333333333334,1
1980,1792 Full Proof Bourbon,4,11.0,11.0,2.943920288775949,8.666666666666666,1
1982,Herradura Silver Tequila,43,10.86046511627907,11.0,1.9466869945388074,3.789590254706535,1
1984,Nikka Taketsuru 17 Yr Whisky,1,14.0,14.0,,,1
1987,White Mountain Moonshine,16,9.75,9.5,2.1756225162774294,4.733333333333333,1
1988,Hardy V.S. Cognac,2,13.0,13.0,0.0,0.0,1
1989,Johnnie Walker Black Tin,29,11.206896551724139,11.0,1.7192047651837588,2.955665024630543,1
1992,Maison Rouge VSOP Cognac,3,13.0,13.0,0.0,0.0,1
1993,Maker's Mark 46,25,11.4,12.0,2.0,4.0,1
1994,Laphroaig 30 Year,1,13.0,13.0,,,1
1995,Jose Cuervo R Rolling Stones,2,10.0,10.0,0.0,0.0,1
1996,Del Maguey Vida Mezcal,3,10.666666666666666,11.0,2.5166114784235836,6.333333333333334,1
1997,Charles Goodnight Bourbon,5,10.8,10.0,1.6431676725154984,2.7,1
1999,Old Forrester 1870 Craft,19,11.68421052631579,11.0,1.5653409844697797,2.450292397660819,1
2000,John Taylor Velvet Falernum,5,10.8,11.0,2.280350850198276,5.2,1
2002,Kronan Swedish Punsch,2,9.5,9.5,2.1213203435596424,4.5,1
2004,The Scarlet Ibis,6,9.833333333333334,9.0,2.316606713852541,5.366666666666667,1
2008,Rebel Yell Small Batch Rye,53,10.88679245283019,11.0,1.947980979990175,3.794629898403483,1
2009,Silo Gin,4,11.5,12.0,1.9148542155126762,3.6666666666666665,1
2011,1792 Single Barrel Bourbon,2,8.5,8.5,0.7071067811865476,0.5,1
2013,E H Taylor Straight Rye,6,10.5,10.5,1.51657508881031,2.3,1
2014,Weller Rsv Special Barrel,3,11.0,11.0,2.0,4.0,1
2015,Jack Daniels Tennessee Honey,55,10.854545454545455,11.0,1.9946055195078491,3.978451178451177,1
2016,Ardbeg Perpetuum Single Malt,11,11.181818181818182,11.0,2.088931871468374,4.363636363636363,1
2017,Redbreast Irish Whiskey,55,11.145454545454545,11.0,1.7577150763312832,3.0895622895622887,1
2018,Jack Daniels Tennessee Honey,5,11.4,12.0,1.9493588689617927,3.8,1
2024,Black Velvet Toasted Caramel,4,12.5,12.0,1.0,1.0,1
2025,J Seeds Apple Cider Whiskey,13,12.461538461538462,13.0,1.5607361839521232,2.435897435897436,1
2026,Camarena Silver Tequila,53,11.245283018867925,11.0,1.9305804266449396,3.727140783744557,1
2027,Mayfair London Dry Gin,1,8.0,8.0,,,1
2029,Springbank 10 Yr Scotch,30,12.466666666666667,13.0,1.4319827906241327,2.0505747126436784,1
2030,Glen Moray 12 Yr Scotch,52,10.73076923076923,11.0,1.8053882816896043,3.2594268476621417,1
2033,Canadian Mist,2,11.5,11.5,0.7071067811865476,0.5,1
2034,Glendalough Double Barrel,52,9.134615384615385,9.0,2.0197927107177303,4.079562594268477,1
2035,Glen Moray Classic Scotch,52,10.73076923076923,11.0,1.8053882816896043,3.2594268476621417,1
2036,Jim Beam Signature Craft Ltd,4,12.25,13.5,2.8722813232690143,8.25,1
2037,Jim Beam Honey,19,10.736842105263158,10.0,2.1561824614390925,4.649122807017544,1
2038,Bulleit Bourbon,6,11.0,11.0,0.8944271909999159,0.8,1
2039,Herradura Reposado #14 BtB,6,10.666666666666666,10.5,2.1602468994692865,4.666666666666666,1
2040,Malfy Gin Con Limone,27,11.222222222222221,11.0,1.671787006431081,2.7948717948717947,1
2041,Redbreast 15 Yr Old Irish,51,11.156862745098039,11.0,1.7247904106830818,2.9749019607843143,1
2042,Amador Double Barrel Bourbon,19,10.578947368421053,10.0,1.952656010944074,3.8128654970760234,1
2043,I.W. Harper Bourbon,37,11.08108108108108,11.0,1.7220526895148898,2.9654654654654653,1
2044,Silo Aisling Whiskey,2,11.0,11.0,0.0,0.0,1
2045,Monkey 47 Dry Gin,52,10.788461538461538,11.0,2.0516520216887533,4.209276018099548,1
2046,Whoop & Holler Bourbon,2,9.0,9.0,0.0,0.0,1
2047,Sheep Dip Scotch,51,10.941176470588236,11.0,1.7482764621864857,3.0564705882352943,1
2048,The London No 1 Gin,34,10.823529411764707,11.0,2.138685354268664,4.573975044563281,1
2049,Loch Lomond Single Grain Sco,2,13.0,13.0,0.0,0.0,1
2050,Tomatin 18 Yr Single Malt,30,9.8,10.0,1.6060231457944767,2.579310344827587,1
2051,Glenrothes Bourbon Cask Rsv,14,11.571428571428571,11.0,1.8693596482500348,3.4945054945054936,1
2054,Johnnie Walker Select Casks,33,11.151515151515152,11.0,1.8221075043958734,3.320075757575758,1
2055,Silo Solstice Whiskey,2,11.0,11.0,0.0,0.0,1
2056,Loch Lomond Original Scotch,3,12.333333333333334,13.0,1.1547005383792517,1.3333333333333335,1
2057,Rebel Yell Root Beer Bourbon,16,10.125,9.5,1.7841898254763513,3.183333333333333,1
2058,Booth's Cask Mellowed Gin,3,10.666666666666666,10.0,1.1547005383792517,1.3333333333333335,1
2059,Backbone Blended Bourbon,36,10.88888888888889,11.0,2.1617159556740733,4.6730158730158715,1
2062,Woodford Reserve Bourbon,53,10.943396226415095,11.0,1.9749887471891954,3.9005805515239476,1
2071,Bird Dog Maple Whiskey,12,10.916666666666666,11.0,2.429303429280737,5.9015151515151505,1
2074,Ardbeg Auriverdes Scotch,3,11.0,12.0,2.6457513110645907,7.0,1
2075,Jim Beam Distlrs Masterpiece,6,11.666666666666666,12.5,2.250925735484551,5.066666666666666,1
2077,John Barr Rsv Black Scotch,2,11.0,11.0,4.242640687119285,18.0,1
2079,Jack Daniels Sngl Barrel Rye,30,10.666666666666666,11.0,1.9357495800804425,3.7471264367816097,1
2080,Four Roses 16 Private Slctn,4,11.5,11.5,1.2909944487358056,1.6666666666666667,1
2082,Balvenie 15 Yr Sherry Cask,31,11.35483870967742,12.0,1.8894159079245312,3.5698924731182804,1
2083,Flag Hill Straight Bourbon,30,10.333333333333334,10.5,1.7875688235283627,3.1954022988505746,1
2085,Jesse James America's Outlaw,48,10.541666666666666,11.0,2.143355227489292,4.593971631205674,1
2086,Jefferson's Rsv Groth Resrve,10,10.0,10.0,2.260776661041756,5.111111111111111,1
2087,Uncle Val's Peppered Gin,13,11.076923076923077,11.0,2.1779783615981456,4.743589743589744,1
2088,The Glenlivet 25 Yr Old,3,10.0,10.0,1.0,1.0,1
2089,Bloom Gin,6,9.833333333333334,9.0,2.316606713852541,5.366666666666668,1
2092,Great King St Artists Blend,6,12.333333333333334,12.5,1.3662601021279464,1.8666666666666665,1
2093,Hardy Noces d'Argent,1,13.0,13.0,,,1
2094,Kilchoman Machir Bay Whiskey,1,10.0,10.0,,,1
2096,The Macallan Edition No 1,3,9.0,9.0,1.0,1.0,1
2097,Ole Smoky Hunch Punch Lightn,19,10.842105263157896,11.0,1.4245138700910818,2.0292397660818713,1
2098,Snake River Stampede Whisky,14,12.357142857142858,13.0,1.7805419597217218,3.1703296703296697,1
2100,Canadian Regal,54,11.444444444444445,11.0,1.7119630866531244,2.9308176100628933,1
2101,New Amsterdam Gin,9,11.222222222222221,11.0,2.1666666666666665,4.694444444444445,1
2102,West Cork 10Yr S Malt Irish,3,12.666666666666666,13.0,1.5275252316519468,2.3333333333333335,1
2103,Coldcock American Herbal Whi,19,11.421052631578947,12.0,1.8948992782873186,3.5906432748538006,1
2104,Westland American Sngle Malt,19,11.842105263157896,13.0,2.0347852164769096,4.140350877192983,1
2105,Black Velvet Toasted Caramel,54,11.333333333333334,12.0,1.682316462276133,2.8301886792452837,1
2106,Elijah Craig 18 Yr,1,9.0,9.0,,,1
2107,Rebel Yell Ginger Bourbon,18,10.277777777777779,9.5,1.934381054849193,3.7418300653594767,1
2108,Ole Smoky Strawberry Lightin,1,11.0,11.0,,,1
2109,Lagavulin Distillers Edition,35,11.257142857142858,11.0,1.668794160338486,2.7848739495798323,1
2110,Barr an Uisce Irish Whiskey,15,9.866666666666667,9.0,2.3258383025317584,5.409523809523811,1
2112,Cutty Sark Prohibition,11,10.181818181818182,10.0,2.1362669223756576,4.5636363636363635,1
2114,Black Velvet Canadian Whisky,55,11.290909090909091,12.0,1.6961036751235687,2.8767676767676766,1
2115,Black Velvet,3,10.666666666666666,11.0,1.5275252316519468,2.3333333333333335,1
2116,Sapling Maple Bourbon,53,11.81132075471698,12.0,1.8087033580566971,3.2714078374455724,1
2117,Black Velvet Traveler,55,11.290909090909091,12.0,1.6961036751235687,2.8767676767676766,1
2118,The Glenturret 27 Yr Old,1,10.0,10.0,,,1
2119,Glendalough 13 Yr Sngle Malt,6,10.666666666666666,11.5,2.250925735484551,5.066666666666666,1
2120,Canadian Club,55,11.10909090909091,11.0,2.114086154668317,4.469360269360271,1
2121,Canadian Club Traveler,55,11.10909090909091,11.0,2.114086154668317,4.469360269360271,1
2122,Canadian Club 1858,55,11.10909090909091,11.0,2.114086154668317,4.469360269360271,1
2123,Angel's Envy Rye,12,10.333333333333334,10.0,1.7232808737106582,2.9696969696969693,1
2124,Collingwood Canadian Whisky,8,10.875,11.0,1.8850918886280925,3.5535714285714284,1
2125,Glenfiddich 14 Yr Barrel Rsv,51,11.27450980392157,12.0,1.9087004099391716,3.643137254901961,1
2126,Kilchoman Sanaig Whiskey,1,10.0,10.0,,,1
2127,Canadian Ltd,55,10.654545454545454,11.0,1.974074389928023,3.896969696969697,1
2129,Ole Smoky Charred Tennesse,5,9.2,9.0,1.3038404810405297,1.7,1
2130,Bully Boy American Whiskey,52,8.942307692307692,9.0,2.0996121167310835,4.408371040723981,1
2131,Jack Daniels No 7 Black Trav,7,11.571428571428571,11.0,1.98805959477601,3.952380952380953,1
2132,Lord Calvert Canadian,55,10.8,11.0,1.96638416050035,3.8666666666666667,1
2133,Parkers Heritage 24Yr Bourbn,1,7.0,7.0,,,1
2136,Elijah Craig 12 Yr Bourbon,53,10.660377358490566,10.0,2.093427408915958,4.382438316400582,1
2137,Glen Moray 10 Yr Chard Cask,1,10.0,10.0,,,1
2140,West Cork Barrel Proof Ltd R,2,13.0,13.0,1.4142135623730951,2.0,1
2141,Loch Lomond 12 Yr,1,13.0,13.0,,,1
2142,Bird Dog Apple Whiskey,52,10.403846153846153,10.0,2.031705700710278,4.127828054298642,1
2143,Canadian Mist,55,10.854545454545455,11.0,1.9946055195078491,3.978451178451177,1
2144,West Cork Black Rsv Irish Wh,2,13.0,13.0,1.4142135623730951,2.0,1
2145,WolfHound Irish Whiskey,49,10.612244897959183,10.0,1.8576006761704313,3.4506802721088436,1
2147,Meletti Amaro,1,13.0,13.0,,,1
2148,Canadian Mist Traveler,27,10.962962962962964,11.0,1.9311511409894175,3.7293447293447293,1
2149,Canadian Ltd Traveler,54,10.703703703703704,11.0,1.9583361211452568,3.83508036338225,1
2150,Beat 3 Single Malt Whiskey,1,12.0,12.0,,,1
2151,Bain's Cape Mountain Whisky,9,12.11111111111111,13.0,1.7638342073763935,3.1111111111111107,1
2152,New Amsterdam Gin,54,11.24074074074074,11.0,1.9125719637237402,3.6579315164220834,1
2153,Black Velvet Cinnamon Rush,16,11.25,11.0,1.6532795690182993,2.7333333333333334,1
2155,McClelland Islay Single Malt,50,11.14,11.5,2.13818538361244,4.5718367346938775,1
2156,(RI) 1,48,11.3125,12.0,2.0747340255068227,4.304521276595745,1
2157,Canadian Hunter Rye Whiskey,34,11.0,11.0,2.0150945537631877,4.0606060606060606,1
2158,Sortilege Liqueur,53,10.433962264150944,11.0,2.1349602226727256,4.558055152394774,2
2159,Connemara Irish Whiskey,51,11.215686274509803,12.0,2.1476845717208666,4.612549019607843,1
2160,Nikka Coffey Malt Whisky,15,11.666666666666666,12.0,1.6761634196950517,2.8095238095238098,1
2161,Canadian Club Classic,52,11.25,12.0,2.0851952464184915,4.348039215686274,1
2162,Djinn Spirits Gin,36,8.88888888888889,9.0,1.8012341448141727,3.244444444444444,1
2163,Sloane's Gin,10,10.1,11.0,2.0248456731316584,4.1,1
2164,New Amsterdam Gin,53,11.30188679245283,11.0,1.8768314712709224,3.5224963715529753,1
2166,The Macallan Double Cask 12,19,10.68421052631579,11.0,1.857496271237393,3.450292397660819,1
2167,Old Beezer 10 Yr SB Bourbon,32,11.1875,12.0,1.9250052366916621,3.7056451612903225,1
2169,Olmeca Altos Plata Tequila,4,11.75,12.0,2.0615528128088303,4.25,1
2170,Woodford Reserve Bourbon,52,10.942307692307692,11.0,1.994241332362855,3.9769984917043746,1
2171,Pike Creek Canadian Whisky,53,11.245283018867925,11.0,1.7086393639537425,2.9194484760522497,1
2173,Canadian Club Rye,23,11.478260869565217,12.0,2.019666156422692,4.07905138339921,1
2174,Virginia Black Whiskey,5,10.8,10.0,1.30384048104053,1.7000000000000004,1
2175,Cedar Ridge Iowa Bourbon,1,14.0,14.0,,,1
2177,Canadian Hunter Rye,21,11.0,11.0,2.345207879911715,5.5,1
2178,Great King St Glasgow Blend,6,11.333333333333334,11.5,2.1602468994692865,4.666666666666666,1
2180,Stirk's Small Batch Gin,1,10.0,10.0,,,1
2182,McClelland Islay Single Mal,38,11.210526315789474,12.0,2.2075777937606134,4.873399715504977,1
2183,McClelland Highland Single,53,11.20754716981132,12.0,2.088047400048094,4.359941944847606,1
2184,Bonnie Rose Orange Peel,15,11.0,11.0,1.927248223318863,3.7142857142857144,1
2186,Label 5 Scotch 12 Yr,9,10.777777777777779,11.0,2.048034287907418,4.194444444444445,1
2189,Cleveland Black Rsv Whiskey,45,12.022222222222222,13.0,1.6853498273070904,2.8404040404040396,1
2191,Clark & Chesterfield Whiskey,5,10.4,10.0,2.3021728866442674,5.3,1
2192,Caledonia Barr Hill Gin VAP,16,10.8125,11.5,2.19753649950727,4.829166666666667,1
2193,Donegal Irish Whiskey,12,8.333333333333334,9.0,2.534608929251695,6.424242424242425,1
2194,Beat 3 Single Malt Whiskey,5,9.6,10.0,1.6733200530681511,2.8,1
2195,Tangle Ridge Canadian Whisky,2,11.0,11.0,1.4142135623730951,2.0,1
2196,Canadian Hunter Whiskey,32,11.0625,11.0,2.046830752415123,4.189516129032258,1
2198,Chivas Regal Extra,34,11.0,11.0,1.651445647689541,2.727272727272727,1
2199,St George Terrior Gin,54,11.833333333333334,12.0,1.7988465906251634,3.235849056603774,1
2200,Bonnie Rose Spiced Apple,19,11.052631578947368,11.0,2.1466688460270076,4.6081871345029235,1
2201,Nikka Yoichi Single Malt,7,12.428571428571429,13.0,1.1338934190276817,1.2857142857142856,1
2202,Karner Blue Gin,46,10.043478260869565,10.0,1.8732802096753578,3.509178743961353,1
2204,Bowmore 25 Yr Single Malt,3,9.666666666666666,9.0,2.081665999466133,4.333333333333334,1
2207,Glenrothes Sherry Cask Rsv,42,12.047619047619047,12.5,1.738409434952186,3.022067363530778,1
2208,WhistlePig 10 Yr Old Rye,14,10.785714285714286,11.5,2.22498302253061,4.95054945054945,1
2209,Pendleton 1910,25,7.92,8.0,2.481934729198171,6.159999999999999,1
2211,Mickey Finn Apple Whiskey,1,9.0,9.0,,,1
2212,Canadian Rich & Rare,55,10.709090909090909,11.0,2.0337224333784927,4.136026936026937,1
2213,King Robert II Scotch Whisky,1,8.0,8.0,,,1
2214,James E Pepper Bourbon,48,11.4375,11.5,1.6619169910396796,2.761968085106383,1
2215,Ole Smoky Harley-Davidson,4,9.75,10.0,2.0615528128088303,4.25,1
2216,Seagrams Extra Dry Gin,1,9.0,9.0,,,1
2219,Crown Royal Vanilla,20,11.1,11.0,1.3337718577107,1.7789473684210522,1
2220,Barr Hill Gin,3,11.0,11.0,1.0,1.0,1
2221,Tamdhu 10Yr Speyside Whiskey,1,10.0,10.0,,,1
2226,Jim Beam Devils Cut,53,11.09433962264151,11.0,2.096371874521424,4.39477503628447,1
2230,Egan's Single Malt Irish Wh,32,11.46875,11.0,1.866242991473995,3.4828629032258065,1
2231,Nikka Miyagikyo Single Malt,6,12.5,13.0,1.224744871391589,1.5,1
2232,Sipsmith Gin,44,10.681818181818182,11.0,2.218031048839313,4.919661733615222,2
2235,Deanston SM Virgin Oak,49,11.918367346938776,12.0,1.6935752947275668,2.868197278911565,1
2236,Cedar Ridge Rye Whiskey,1,14.0,14.0,,,1
2237,Edradour 10 Yr Single Malt,50,11.46,11.0,1.5934816200601085,2.539183673469388,1
2238,Aviation American Gin,38,9.105263157894736,10.0,2.2152966207859013,4.907539118065434,1
2239,Rebel Yell American Whisky,5,11.8,12.0,2.2803508501982757,5.199999999999999,1
2240,Bully Boy White Whiskey,3,10.333333333333334,11.0,2.0816659994661326,4.333333333333333,1
2241,Death's Door Gin,54,9.444444444444445,9.0,1.839469434033123,3.383647798742138,1
2242,Cles des Ducs Armagnac VSOP,6,10.833333333333334,10.5,2.48327740429189,6.166666666666666,1
2244,Crown Royal Vanilla,22,10.954545454545455,11.0,1.361975901027017,1.8549783549783545,1
2245,DUKE Kentucky Bourbon,37,11.72972972972973,12.0,1.789609650930253,3.202702702702702,1
2246,Speyburn Brandan Orach,53,10.79245283018868,11.0,2.0225506608282613,4.090711175616837,1
2247,Balvenie Portwood 21 Yr Sin,41,11.21951219512195,12.0,1.8642987303802903,3.475609756097562,1
2248,Rhetoric 22 Year Bourbon,2,10.0,10.0,1.4142135623730951,2.0,1
2250,Jack Daniels Family 4 Pk/50m,13,10.76923076923077,11.0,1.8776690404970273,3.525641025641027,1
2251,Canadian Hunter Whisky,32,11.15625,11.0,1.969269964618459,3.878024193548387,1
2252,Buck Bourbon 8 Yr,19,12.368421052631579,12.0,1.4609938138050442,2.134502923976608,1
2253,Kavalan Sherry Oak Whisky,1,14.0,14.0,,,1
2254,Canadian Club Triple Aged,55,11.10909090909091,11.0,2.114086154668317,4.469360269360271,1
2255,Crown Royal Party Pak,11,11.636363636363637,12.0,1.689540012709215,2.8545454545454545,1
2256,Tamdhu Batch Speyside Whisky,1,10.0,10.0,,,1
2258,Dewars Special Reserve 12 Yr,51,11.411764705882353,12.0,1.930559199695625,3.727058823529412,1
2259,Redemption Rye Whiskey,29,11.551724137931034,12.0,1.9008683522566303,3.6133004926108367,1
2262,Black Button Citrus Gin,15,11.0,11.0,1.647508942095828,2.7142857142857144,1
2264,WhistlePig 10Yr Common Man B,1,7.0,7.0,,,1
2265,Monadnock Moonshine,10,8.9,9.5,2.0248456731316584,4.1,1
2270,Laphroaig Triple Wood,44,11.090909090909092,11.0,2.1000352357861383,4.410147991543341,1
2271,Jailers Tennessee Whiskey,12,11.666666666666666,12.0,2.103388319888276,4.424242424242425,1
2277,Kilbeggan Irish Whiskey,7,12.285714285714286,13.0,2.2886885410853175,5.238095238095238,1
2280,The Botanist Islay Dry Gin,53,10.584905660377359,10.0,2.0232681318195507,4.093613933236575,1
2287,Johnnie Walker Double Black,54,11.148148148148149,11.0,1.7634379736956947,3.109713487071977,1
2289,Whistle Pig Boss Hog Rye,3,9.333333333333334,9.0,0.5773502691896257,0.3333333333333333,1
2290,Jim Beam Devils Cut Bourbon,52,11.153846153846153,11.5,2.14553449060533,4.603318250377074,1
2291,The Quiet Man Single Malt 8Y,1,9.0,9.0,,,1
2292,Glenrothes Single Malt Scot,7,12.428571428571429,13.0,1.8126539343499315,3.285714285714286,1
2294,Yellow Stone Ltd Edition 15,5,10.2,11.0,2.16794833886788,4.699999999999999,1
2295,Balvenie 15 Yr Single Malt,1,13.0,13.0,,,1
2296,Tomatin Cu Bocan Scotch Whis,1,10.0,10.0,,,1
2299,J Seeds Apple Cider Whiskey,30,12.066666666666666,12.5,1.7406565018610833,3.0298850574712635,1
2301,Glen Moray 25 Yr Portwood,2,9.5,9.5,0.7071067811865476,0.5,1
2302,St George Botanivore Gin,50,11.86,12.0,1.8071287407692584,3.265714285714286,1
2308,Wild Turkey Honey VAP,1,10.0,10.0,,,1
2310,Ungava Gin,45,11.933333333333334,13.0,1.763261440935776,3.1090909090909093,1
2312,The Macallan No.2 Edition,4,10.75,11.0,2.217355782608345,4.916666666666667,1
2313,Black Button Bespoke Bourbon,6,11.0,10.5,2.1908902300206643,4.8,1
2320,The Tweeddale 12 Yr Old,2,11.0,11.0,2.8284271247461903,8.0,1
2322,Redemption Rye 7Yr Barrel Pr,1,9.0,9.0,,,1
2326,Michter's 10 YO Bourbon,5,11.0,10.0,2.449489742783178,6.0,1
2327,Crown Royal Shot Glass VAP,20,11.15,11.0,1.814415956487898,3.2921052631578944,1
2328,Michter's 20 YO Bourbon,2,11.5,11.5,2.1213203435596424,4.5,1
2329,Craigellachie 13 Yr Scotch,30,10.933333333333334,11.0,1.9464084224865132,3.788505747126437,1
2331,Black Bottle Scotch,13,11.692307692307692,12.0,1.6012815380508714,2.5641025641025643,1
2332,High West Bourye Whiskey,6,12.333333333333334,12.5,1.2110601416389968,1.4666666666666668,1
2333,Bruichladdich Scotish Barley,51,10.686274509803921,10.0,2.024748834581034,4.099607843137255,1
2339,Alberta Rye Dark Batch,6,12.333333333333334,13.5,2.2509257354845507,5.0666666666666655,1
2344,Bunnahabain 18Yr Single Malt,1,9.0,9.0,,,1
2345,Prichard's Single Malt,1,14.0,14.0,,,1
2346,Black Velvet Toasted Caramel,12,11.25,12.0,1.864744681524183,3.477272727272727,1
2347,GlenDronach Peated Scotch,22,12.181818181818182,13.0,1.6223546566748692,2.6320346320346326,1
2349,Blood Oath Bourbon,5,11.2,10.0,2.588435821108957,6.7,1
2353,Ron Barcelo Imperial Rum,1,11.0,11.0,,,1
2354,Rhetoric 21Yr Bourbon,8,11.125,11.0,0.8345229603962802,0.6964285714285714,1
2366,Templeton Rye Whiskey,54,11.833333333333334,12.0,1.7988465906251634,3.235849056603774,1
2367,Glenmorangie Pride,2,12.0,12.0,1.4142135623730951,2.0,1
2368,Balvenie 17 Yr Doublewood,44,11.136363636363637,12.0,2.0639869871920458,4.260042283298097,1
2369,Amrut Fusion Single Malt,4,10.0,9.0,2.70801280154532,7.333333333333333,1
2373,Jim Beam Maple,54,11.148148148148149,11.5,2.113812681651265,4.468204053109713,1
2374,Tullamore Dew,53,11.09433962264151,11.0,1.9929119682533762,3.9716981132075464,1
2382,Ophir London Dry Gin,16,11.0625,11.0,1.94828984838841,3.7958333333333334,1
2384,Old Tahoe Straight Rye,4,11.5,12.0,1.9148542155126762,3.6666666666666665,1
2386,2 Gingers Irish Whiskey,3,12.0,13.0,1.7320508075688772,3.0,1
2392,Crown Royal 75th Anniversary,7,10.285714285714286,10.0,1.7043362064926932,2.9047619047619047,1
2396,Auchentoshan Classic Scotch,1,13.0,13.0,,,1
2398,Tullamore Dew,54,11.12962962962963,11.5,1.9909824662694329,3.9640111809923138,1
2401,Sea Hagg Poitin White Whisky,1,7.0,7.0,,,1
2405,Old Tahoe Honey Rye,4,11.5,12.0,1.9148542155126762,3.6666666666666665,1
2407,The Dalmore Cigar Malt Rsv,1,14.0,14.0,,,1
2410,Tullamore Dew Phoenix,8,11.125,11.0,1.5526475085202969,2.4107142857142856,1
2412,JP Wiser's Rye,42,11.166666666666666,11.0,1.621752539943443,2.6300813008130084,1
2414,Brooklyn Gin,36,12.027777777777779,12.0,1.6472680606058212,2.713492063492063,1
2418,Crown Royal Regal Apple,54,11.148148148148149,11.0,1.7634379736956947,3.109713487071977,1
2421,Highland Park Odin,1,11.0,11.0,,,1
2423,Early Times Mint Julep RTD,1,13.0,13.0,,,1
2426,The Glenlivet 15Yr FrenchOak,54,11.185185185185185,11.0,1.7491137817944185,3.059399021663172,1
2427,13th Colony Sthrn Corn Whsky,3,13.333333333333334,13.0,0.5773502691896257,0.3333333333333333,1
2429,Jim Beam Double Oak,5,11.6,13.0,1.9493588689617927,3.8,1
2432,Crown Royal,55,11.10909090909091,11.0,1.77088309496334,3.136026936026938,1
2433,Crown Royal X R Extra Rare,48,11.0625,11.0,1.7431476787086153,3.038563829787234,1
2435,Crown Royal RSV,53,11.18867924528302,11.0,1.754736488803342,3.079100145137881,1
2436,Crown Royal,52,11.23076923076923,11.0,1.7333565377261042,3.0045248868778276,1
2438,Crown Royal Special Reserve,54,11.148148148148149,11.0,1.7634379736956947,3.109713487071977,1
2439,Highland Park Ice Edition,1,12.0,12.0,,,1
2440,Platte Valley Fireshine,17,10.411764705882353,10.0,1.8727928185403933,3.5073529411764706,1
2443,Seagrams VO,55,11.10909090909091,11.0,1.77088309496334,3.136026936026938,1
2444,Clyde May's Alabama Style Wh,29,11.724137931034482,12.0,1.830233235022597,3.3497536945812803,1
2445,Seagrams VO,51,11.137254901960784,11.0,1.7552163153655707,3.08078431372549,1
2446,Nomad Outland Whiskey,3,11.0,11.0,2.0,4.0,1
2448,Seagrams VO Gold,52,11.23076923076923,11.0,1.7333565377261042,3.0045248868778276,1
2454,Clynelish Single Malt Scotch,5,11.0,11.0,1.224744871391589,1.5,1
2458,Catskill Wicked White Whisky,3,10.666666666666666,11.0,0.5773502691896257,0.3333333333333333,1
2460,Old St Andrews Jumbo Golfbll,4,9.75,9.5,2.5,6.25,1
2461,The Dubliner Irish Whiskey,13,10.76923076923077,11.0,2.006400016357911,4.025641025641026,1
2464,Pinnacle Gin,36,11.11111111111111,11.5,2.1748928088893784,4.73015873015873,1
2465,Crown Royal Mini,54,11.148148148148149,11.0,1.7634379736956947,3.109713487071977,1
2466,Crown Royal Maple Whisky,42,11.214285714285714,11.0,1.6459220010223685,2.7090592334494774,1
2467,Catskill Most Righteous Brbn,5,9.8,10.0,1.3038404810405297,1.7,1
2468,Crown Royal Nrth Harvest Rye,54,11.148148148148149,11.0,1.7634379736956947,3.109713487071977,1
2471,Wild Turkey 81 Rye,3,9.666666666666666,9.0,2.081665999466133,4.333333333333334,1
2474,The Glenrothes Triple Pack,23,12.0,12.0,1.5666989036012806,2.4545454545454546,1
2476,Crown Royal Maple Whisky,45,11.066666666666666,11.0,1.8015145143613318,3.245454545454545,1
2478,Ransom Old Tom Gin,26,11.807692307692308,12.0,1.8765762605176646,3.5215384615384617,1
2480,Kavalan Concertmaster,1,14.0,14.0,,,1
2482,Clase Azul Reposado Tequila,47,10.787234042553191,11.0,1.8989261291670358,3.605920444033302,1
2484,Tatoosh Bourbon,6,8.833333333333334,9.0,1.1690451944500122,1.3666666666666667,1
2487,Catskill Otay,5,10.0,10.0,1.224744871391589,1.5,1
2490,The Dalmore 15 Yr,4,12.0,13.0,2.8284271247461903,8.0,1
2491,Catskill Defiant Rye,7,9.857142857142858,10.0,1.3451854182690985,1.8095238095238095,1
2492,Crown Royal Hand Slct Barrel,12,11.25,11.0,1.3568010505999362,1.8409090909090908,1
2494,Crown Royal Regal Apple,52,11.115384615384615,11.0,1.7784532402067281,3.1628959276018103,1
2495,Virginia Highland Malt Whsky,11,11.909090909090908,12.0,1.5782614139961386,2.490909090909091,1
2496,Crown Royal Black,52,11.23076923076923,11.0,1.7333565377261042,3.0045248868778276,1
2498,Catskill Fearless Whiskey,4,9.25,9.0,1.5,2.25,1
2499,Crown Royal Black,53,11.169811320754716,11.0,1.773044416301258,3.1436865021770686,1
2502,Dewars Wh Label & Honey 2 Pk,1,11.0,11.0,,,1
2504,The Dalmore 18 Yr,2,13.0,13.0,1.4142135623730951,2.0,1
2505,Bowmore Legend Single Malt,3,10.333333333333334,10.0,1.5275252316519468,2.3333333333333335,1
2508,Crown Royal No Harvest Rye,20,11.4,12.0,2.0104987598001385,4.042105263157895,1
2512,The Macallan 12 Yr Old,44,10.25,10.0,2.0699960678538094,4.284883720930233,1
2514,Bird Dog Peach Whiskey,54,10.333333333333334,10.0,2.046626308167424,4.188679245283018,1
2517,Balvenie 14 Yr Caribean Cask,54,11.12962962962963,11.5,1.9909824662694329,3.9640111809923138,1
2518,Woodford Reserve Double Oak,54,10.88888888888889,11.0,1.9968528698048331,3.987421383647798,1
2519,Bird Dog Hot Cinnamon Whisky,3,12.333333333333334,13.0,1.1547005383792517,1.3333333333333335,1
2520,The Macallan 12 Yr Old,54,10.0,10.0,2.064982068541087,4.264150943396227,1
2521,Jameson Gold Rsv,49,11.142857142857142,11.0,1.7795130420052185,3.1666666666666665,1
2522,The Macallan 10 Yr Fine Oak,48,10.0625,10.0,2.0772962173142484,4.315159574468085,1
2525,Bird Dog Kentucky Whiskey,30,10.133333333333333,10.0,2.17720689991959,4.740229885057471,1
2529,Right Gin,2,8.5,8.5,2.1213203435596424,4.5,1
2530,The Macallan 17Yr Old Scotch,4,9.0,9.0,1.8257418583505538,3.3333333333333335,1
2531,WhistlePig 10 Yr Old Rye,51,10.607843137254902,10.0,2.0007841599987644,4.003137254901961,1
2532,The Macallan 12 Yr Old,41,10.073170731707316,10.0,2.0783436181541184,4.319512195121952,1
2534,The Dalmore 12Yr Single Malt,54,11.24074074074074,11.0,1.9125719637237402,3.6579315164220834,1
2535,Glenfiddich 21 Year Old,15,12.0,13.0,1.6035674514745464,2.5714285714285716,1
2540,Antiquary 12 Yr Old Scotch,1,6.0,6.0,,,1
2543,Darnley's View Gin,45,10.955555555555556,11.0,1.9300913256249108,3.7252525252525257,1
2547,WhistlePig 10Yr Straight Rye,37,10.756756756756756,10.0,1.8470006527912795,3.4114114114114122,1
2549,WhistlePig 10Yr Rye,41,10.951219512195122,11.0,2.0609611776085828,4.2475609756097565,1
2550,Stillhouse Originl Moonshine,18,10.277777777777779,10.5,1.4874200148759578,2.2124183006535945,1
2552,Defiant American Single Malt,33,12.242424242424242,13.0,1.601372517371876,2.5643939393939394,1
2554,WhistlePig Old World 12 Yr,47,10.914893617021276,11.0,1.9762699520104132,3.9056429232192413,1
2555,The GlenDronach Cask Strngth,1,13.0,13.0,,,1
2563,Greenore Irish Whiskey,23,11.173913043478262,12.0,2.1030751059307824,4.422924901185771,1
2564,Glen Garioch 12 Yr Old,23,11.434782608695652,12.0,1.9960435173913815,3.984189723320158,1
2568,Lagavulin 8Yr 200th Ltd Edtn,7,11.285714285714286,11.0,1.6035674514745464,2.5714285714285716,1
2570,Johnnie Walker Gold Rsv,49,11.122448979591837,11.0,1.7985254731448816,3.234693877551021,1
2571,Johnnie Walker Gold Edition,3,10.666666666666666,10.0,2.081665999466133,4.333333333333334,1
2572,Tatoosh Whiskey,2,8.0,8.0,1.4142135623730951,2.0,1
2573,Firefly Caramel Moonshine,1,14.0,14.0,,,1
2577,Jack Daniels 2 Yr Rested Rye,1,11.0,11.0,,,1
2579,Stillhouse Apple Crisp Moons,19,10.473684210526315,11.0,1.6789024540730166,2.818713450292398,1
2580,Barr Hill Gin,54,9.75925925925926,10.0,2.0825889655524805,4.33717679944095,1
2582,Firefly Blackberry Moonshine,15,10.8,11.0,1.8593393604027364,3.457142857142857,1
2584,JP Wiser's Spiced Vanilla,4,12.25,12.5,1.707825127659933,2.9166666666666665,1
2585,Jameson Irish Whiskey,55,11.145454545454545,11.0,1.7577150763312832,3.0895622895622887,1
2586,Jameson Irish Whiskey,53,11.150943396226415,11.0,1.7474841961989718,3.0537010159651667,1
2587,Jameson Irish Whiskey,54,11.185185185185185,11.0,1.7491137817944185,3.059399021663172,1
2589,Jameson Irish Whiskey,55,11.145454545454545,11.0,1.7577150763312832,3.0895622895622887,1
2590,The Black Grouse Scotch,50,9.88,10.0,2.016665261145291,4.066938775510204,1
2591,Cardhu Scotch,54,11.148148148148149,11.0,1.7634379736956947,3.109713487071977,1
2593,James Oliver American Whisky,42,9.833333333333334,10.0,2.059086544653717,4.239837398373983,1
2595,Clontarf Irish Whiskey,52,10.615384615384615,11.0,1.9418390934515433,3.7707390648567114,1
2597,Beefeater 24,12,11.583333333333334,11.5,1.6764862244009227,2.8106060606060606,1
2598,Firefly Apple Pie Moonshine,54,10.74074074074074,11.0,2.039100663631416,4.157931516422082,1
2602,Caol Ila 12 Yr Islay Single,55,11.10909090909091,11.0,1.77088309496334,3.136026936026938,1
2604,Johnnie Walker Collection 4,47,11.085106382978724,11.0,1.729913132200103,2.992599444958371,1
2606,Glenmorangie Original 18Yr,49,10.653061224489797,11.0,1.8320186999610029,3.356292517006803,1
2607,Grand MacNish 12 Yr Old,51,11.549019607843137,12.0,1.6770655978845441,2.812549019607843,1
2609,Pigs Nose Scotch,53,10.830188679245284,11.0,1.7621648514584352,3.105224963715529,1
2610,Glenmorangie Signet Sng Malt,23,10.565217391304348,11.0,1.8297065576087663,3.347826086956522,1
2611,Dewar's 15 Yr Old Rsv,23,11.043478260869565,11.0,1.9182914005002476,3.679841897233201,1
2612,Four Roses Small Batch 15,1,14.0,14.0,,,1
2614,Dewars Special RSV 12-Year,14,11.214285714285714,11.0,1.9681530361296535,3.873626373626373,1
2615,Chivas Regal,43,11.372093023255815,12.0,1.603912713067841,2.5725359911406427,1
2616,Hayman's Old Tom Gin,2,11.5,11.5,2.1213203435596424,4.5,1
2617,Yellow Spot Irish Whisky,26,11.076923076923077,11.0,1.5728465131239455,2.473846153846154,1
2618,Glenmorangie Milsean Scotch,9,11.444444444444445,11.0,1.4240006242195884,2.0277777777777777,1
2619,Glenmorangie Original 10 Yr,54,10.62962962962963,11.0,1.8963350581293452,3.5960866526904267,1
2621,Silo Bourbon,4,12.25,12.0,1.5,2.25,1
2622,Dewars Scratch Cask Scotch,48,11.270833333333334,11.0,1.9101028526761112,3.648492907801418,1
2623,Ballantines,54,11.185185185185185,11.0,1.7491137817944185,3.059399021663172,1
2624,Dewars 18 Yr Old Founders Rv,50,11.4,11.5,1.9691498217271746,3.877551020408163,1
2625,Nikka Coffey Grain Whisky,50,11.9,12.0,1.8098370656171325,3.2755102040816326,1
2626,Crown Royal Apple,1,11.0,11.0,,,1
2628,Dewars Special RSV 12-Yr,52,11.307692307692308,11.0,1.975719889037833,3.903469079939667,1
2630,Old Pulteney Single Malt Sc,53,10.735849056603774,11.0,2.0582941349595076,4.236574746008708,1
2631,Scapa 16 Yr Old Single Malt,52,11.192307692307692,11.0,1.6807848486319266,2.8250377073906483,1
2632,Partida Tequila Blanco,1,11.0,11.0,,,1
2636,Nikka Whisky Taketsuru 12 Yr,12,12.166666666666666,12.5,1.6422453217986943,2.6969696969696972,1
2637,The Feathery Blended Scotch,15,10.333333333333334,10.0,1.5886502207249786,2.5238095238095233,1
2638,Bowmore Islay 18-Yr Sgl Malt,15,11.666666666666666,12.0,1.9518001458970666,3.80952380952381,1
2639,Bowmore Darkest Islay 15 Yr,46,11.326086956521738,12.0,1.9894650071043605,3.957971014492753,1
2640,Michter's Small Batch Bourbn,54,11.481481481481481,11.5,1.8504537000090027,3.4241788958770076,1
2641,Jack Daniels SB-BTB Joe Bell,2,12.0,12.0,2.8284271247461903,8.0,1
2644,Chivas Regal 18-Yr Scotch,52,11.211538461538462,11.0,1.7073834868127091,2.9151583710407243,1
2645,Chivas Regal,54,11.185185185185185,11.0,1.7491137817944185,3.059399021663172,1
2646,Chivas Regal,54,11.185185185185185,11.0,1.7491137817944185,3.059399021663172,1
2647,Wiggly Bridge Bourbon Sm Brl,34,11.647058823529411,12.0,1.920895513085632,3.689839572192513,1
2648,Chivas Regal,54,11.185185185185185,11.0,1.7491137817944185,3.059399021663172,1
2650,Tanqueray Old Tom Gin,2,13.0,13.0,0.0,0.0,1
2652,Michter's American Whiskey,33,11.575757575757576,12.0,1.837632699805361,3.3768939393939394,1
2653,Litigation Wheat Whiskey,2,12.0,12.0,2.8284271247461903,8.0,1
2654,Tanqueray Bloomsbury,23,11.08695652173913,11.0,1.4744195615489712,2.1739130434782603,1
2655,James Oliver Rye Whisky,46,9.782608695652174,10.0,1.942656182518734,3.7739130434782613,1
2656,Cutty Sark,54,10.0,10.0,2.064982068541087,4.264150943396227,1
2658,Cutty Sark,52,10.057692307692308,10.0,2.0619185957806248,4.251508295625943,1
2660,Jameson Rarest Vintage Rsv,2,10.5,10.5,0.7071067811865476,0.5,1
2661,Laphroaig Cask Strength 10Yr,40,11.275,11.5,2.17193639232545,4.717307692307692,1
2663,Dewars White Label,55,11.327272727272728,11.0,1.9725387425622571,3.8909090909090907,1
2664,Firefly Moonshine,14,10.714285714285714,11.0,1.8575654633281298,3.45054945054945,1
2665,Dewars White Label,55,11.327272727272728,11.0,1.9725387425622571,3.8909090909090907,1
2667,Damrak Amsterdam Gin,18,10.5,10.0,2.007339474206065,4.029411764705882,1
2668,Dewars White Label,53,11.320754716981131,11.0,1.9490982619747756,3.798984034833091,1
2670,Metze's Slct Indiana Bourbon,6,12.166666666666666,12.0,1.7224014243685086,2.9666666666666672,1
2671,Christian Drouin Calvados,2,11.0,11.0,2.8284271247461903,8.0,1
2672,Dewars White Label,54,11.37037037037037,11.5,1.9647487361203855,3.8602375960866517,1
2675,Crown Royal XO,54,11.148148148148149,11.0,1.7634379736956947,3.109713487071977,1
2676,Grand MacNish,55,11.4,11.0,1.7277688459933478,2.985185185185185,1
2678,Michter's Straight Rye,52,11.51923076923077,12.0,1.873346430231777,3.5094268476621426,1
2679,Dewars Highlander Honey,18,10.666666666666666,11.0,2.086370335408023,4.352941176470588,1
2680,Tomatin Scotch 14Yr Portwood,38,9.842105263157896,10.0,1.405131825872455,1.9743954480796595,1
2682,The Glendronach 12 Yr Scotch,47,11.851063829787234,12.0,1.7191848852727363,2.955596669750231,1
2684,Wemyss The Hive,23,10.956521739130435,11.0,2.1842048869422235,4.770750988142292,1
2686,AnCnoc 12 Yr Old Scotch,52,10.75,11.0,2.0182986428585603,4.073529411764706,1
2689,Black Velvet Reserve,8,11.375,11.0,1.8468119248354136,3.4107142857142856,1
2690,Black Velvet Reserve,54,11.333333333333334,12.0,1.682316462276133,2.8301886792452837,1
2692,Glenmorangie 10 Yr Scotch,55,10.6,11.0,1.8915014612148142,3.5777777777777775,1
2694,Glenmorangie LaSanta,54,10.62962962962963,11.0,1.8963350581293452,3.5960866526904267,1
2695,Rebel Yell Ginger Whiskey,28,10.714285714285714,10.0,1.9599157740244455,3.841269841269841,1
2696,McClelland Highland Sgl Malt,54,11.148148148148149,11.5,2.113812681651265,4.468204053109713,1
2704,Serpent's Bite Cider Whiskey,24,10.916666666666666,10.5,1.6659418713870482,2.77536231884058,1
2707,Silo Whiskey,1,13.0,13.0,,,1
2708,Rebel Yell Root Beer Whiskey,27,10.777777777777779,10.0,1.9676876967127865,3.8717948717948714,1
2710,Bitch Vodka,1,11.0,11.0,,,1
2711,Grant's Ale Cask Finish,20,10.95,12.0,2.235479461111784,4.997368421052632,1
2713,Inver House Green Plaid 3-Y,55,10.654545454545454,11.0,1.974074389928023,3.896969696969697,1
2714,Glenfiddich The Original,5,10.2,10.0,1.9235384061671346,3.7,1
2715,Teeling Single Grain Whiskey,39,11.948717948717949,12.0,1.669363540059472,2.7867746288798925,1
2716,Stranahans Diamond Peak,3,11.666666666666666,12.0,1.5275252316519468,2.3333333333333335,1
2717,Big Peat Scotch,29,11.241379310344827,11.0,2.046864717663039,4.189655172413793,2
2719,Full Throttle Apple Whiskey,2,10.0,10.0,1.4142135623730951,2.0,1
2720,Canadian Regal Apple,31,11.32258064516129,11.0,1.7202150403209004,2.959139784946237,1
2721,Johnnie Walker Green Label,43,11.209302325581396,11.0,1.6698750956267545,2.7884828349944626,1
2722,J & B Rare,52,11.211538461538462,11.0,1.7638698371516173,3.111236802413273,1
2723,J & B Rare,54,11.148148148148149,11.0,1.7634379736956947,3.109713487071977,1
2727,Grand Macnish Black Edition,1,11.0,11.0,,,1
2729,Hell-Cat Maggie Irish Whisky,43,9.837209302325581,10.0,1.602531220379921,2.568106312292359,1
2730,Smugglers Notch Hopped Gin,4,11.0,11.5,2.160246899469287,4.666666666666667,1
2733,GlenDronach Tawny Port 15 Yr,15,11.333333333333334,11.0,2.193062655175134,4.809523809523809,1
2734,Nikka Pure Malt whiskey,43,12.046511627906977,12.0,1.7314113204481074,2.9977851605758588,1
2737,Teeling Irish Whiskey,44,12.068181818181818,13.0,1.7171870897071997,2.948731501057082,1
2738,Balvenie 25 Yr Old Scotch,1,11.0,11.0,,,1
2739,Bruichladdich Rocks Sngl Mlt,2,8.5,8.5,0.7071067811865476,0.5,1
2740,GlenDronach 15 Yr Scotch,27,11.925925925925926,12.0,1.6853651949817403,2.8404558404558395,1
2742,Aberfeldy 12 Yr Single Malt,45,11.355555555555556,11.0,1.9558252798377787,3.825252525252525,1
2743,Linkwood 15 Yr Old Sngl Malt,2,9.5,9.5,0.7071067811865476,0.5,1
2746,Laphroaig Cairdeas Islay,12,11.583333333333334,12.5,2.2343733444579588,4.992424242424243,1
2747,Speymalt Macallan 1993 20 Yr,1,10.0,10.0,,,1
2748,Johnnie Walker Blue Label,50,11.24,11.0,1.697056274847714,2.88,1
2749,John Begg Blue Cap,55,11.10909090909091,11.0,1.77088309496334,3.136026936026938,1
2750,Henry DuYore's Strgt Bourbon,1,13.0,13.0,,,1
2751,Johnnie Walker Black Label,54,11.148148148148149,11.0,1.7634379736956947,3.109713487071977,1
2752,Johnnie Walker Black Label,54,11.148148148148149,11.0,1.7634379736956947,3.109713487071977,1
2753,Johnnie Walker Black Label,53,11.09433962264151,11.0,1.7349811675257705,3.0101596516690856,1
2755,Johnnie Walker Red Label,53,11.169811320754716,11.0,1.773044416301258,3.1436865021770686,1
2756,Jameson Caskmates,54,11.185185185185185,11.0,1.7491137817944185,3.059399021663172,1
2757,Johnnie Walker Red Label,55,11.10909090909091,11.0,1.77088309496334,3.136026936026938,1
2759,Johnnie Walker Red Label,52,11.23076923076923,11.0,1.7333565377261042,3.0045248868778276,1
2760,Jack Daniels Tennessee Honey,55,10.854545454545455,11.0,1.9946055195078491,3.978451178451177,1
2762,The Steward's Solera Bourbon,6,12.166666666666666,13.0,1.834847859269718,3.3666666666666663,1
2764,Hatfield & McCoy Whiskey,1,13.0,13.0,,,1
2765,Laphroaig 18 Yr Single Malt,5,12.0,13.0,2.0,4.0,1
2767,Johnnie Walker Blue Label,52,11.23076923076923,11.0,1.7446319305665414,3.0437405731523373,1
2769,Laphroaig Quarter Cask,54,11.148148148148149,11.5,2.113812681651265,4.468204053109713,1
2770,Hudson Single Malt Whiskey,29,11.379310344827585,12.0,1.934901125259898,3.743842364532019,1
2772,Talisker Storm Scotch,53,11.11320754716981,11.0,1.7613410249283898,3.102322206095791,1
2776,Brenne French Sng Mlt Whisky,3,12.333333333333334,13.0,1.1547005383792517,1.3333333333333335,1
2777,Woodford Rsv Federal Cigar,5,10.6,11.0,1.1401754250991378,1.2999999999999998,1
2779,Wicked 87 Whiskey,13,10.23076923076923,10.0,1.1657505560686465,1.3589743589743588,1
2780,Bulleit 10 Yr Old Bourbon,53,11.11320754716981,11.0,1.7613410249283898,3.102322206095791,1
2781,High West Campfire Whiskey,20,11.7,12.0,2.129986409642831,4.536842105263158,1
2782,The Gifted Horse,13,11.538461538461538,12.0,1.6641005886756874,2.7692307692307696,1
2783,Lauders Scotch,55,10.654545454545454,11.0,1.974074389928023,3.896969696969697,1
2784,Lauders,15,10.4,11.0,1.9198214202665531,3.6857142857142855,1
2787,Glenrothes Vintage Rsv,48,12.0,12.0,1.637330468729446,2.6808510638297873,1
2788,Laphroaig 10 Yr Single Malt,54,11.148148148148149,11.5,2.113812681651265,4.468204053109713,1
2790,High West American Prairie,46,11.869565217391305,12.0,1.8087281676750273,3.271497584541062,1
2792,Jim Beam Apple,15,11.2,11.0,2.177810171446801,4.742857142857143,1
2793,Camus Elegance VS Cognac,30,11.3,11.5,1.7049623314678062,2.9068965517241376,1
2794,Bird Dog Bourbon,12,11.166666666666666,11.0,2.0375267241229382,4.151515151515151,1
2795,George Dickel Rye,50,11.3,11.0,1.729102633844315,2.989795918367347,1
2796,Teeling Single Malt Whiskey,2,11.5,11.5,2.1213203435596424,4.5,1
2797,Wicked 87 Whiskey,9,10.666666666666666,11.0,1.8708286933869707,3.5,1
2800,Laphroaig 15 Yr Single Malt,34,10.911764705882353,10.5,2.1653979557105356,4.688948306595366,1
2801,Tullamore Dew 10 Yr Old,5,10.4,10.0,1.816590212458495,3.3,1
2802,SW4 London Dry Gin,14,10.785714285714286,10.5,1.847183778644646,3.412087912087912,1
2803,Bluecoat Gin,49,11.591836734693878,12.0,1.6698099610801371,2.788265306122449,1
2804,Camp Robber Whiskey,4,9.75,9.5,1.707825127659933,2.9166666666666665,1
2806,Atholl Brose Scotch Liqueur,1,10.0,10.0,,,1
2807,Couvreur Pale Single Malt,1,10.0,10.0,,,1
2808,Uisce Beatha Irish Whisky,49,9.63265306122449,10.0,2.0175674043988017,4.070578231292517,1
2809,Full Throttle Blackberry,3,10.333333333333334,9.0,2.3094010767585034,5.333333333333334,1
2810,Bib & Tucker Bourbon,30,10.833333333333334,11.0,2.2296332361660047,4.971264367816092,1
2812,Hudson Manhattan Rye,4,9.75,10.0,3.304037933599835,10.916666666666666,1
2813,Full Throttle Peach Whiskey,4,9.25,9.0,1.2583057392117916,1.5833333333333333,1
2814,Hudson Bay Bourbon,5,11.0,11.0,2.1213203435596424,4.5,1
2815,Benromach 10Yr Single Malt,24,11.375,11.0,1.8371173070873836,3.375,1
2816,Auchentoshan 12 Yr Sngle Mlt,50,11.32,12.0,1.973704690190919,3.895510204081632,1
2817,Couvreur Overaged 12 Yr Malt,1,10.0,10.0,,,1
2818,Rough Rider Straight Bourbon,39,11.41025641025641,12.0,1.6176322644686378,2.6167341430499333,1
2821,Auchentoshan American Oak,53,11.20754716981132,12.0,2.088047400048094,4.359941944847606,1
2822,James E Pepper 1776 Rye,47,11.446808510638299,11.0,1.625991478643614,2.6438482886216463,1
2823,The Macallan MOP,1,13.0,13.0,,,1
2824,Wolfburn Single Malt Scotch,13,11.23076923076923,11.0,1.7394369852458083,3.025641025641026,1
2826,Bowmore Small Batch Sngl Mlt,53,11.132075471698114,11.0,2.1307071401934636,4.5399129172714074,1
2827,Glenfiddich 26 Yr Old Scotch,7,11.142857142857142,11.0,1.9518001458970662,3.809523809523809,1
2828,Tom Cat Barrel Aged Gin,50,9.94,10.0,2.054462539578323,4.2208163265306125,1
2830,Serpent's Bite Cider Whiskey,54,11.333333333333334,12.0,1.682316462276133,2.8301886792452837,1
2832,Bushmills 21 Year Old Irish,7,11.142857142857142,11.0,1.9518001458970662,3.809523809523809,1
2833,Old Smuggler,6,10.833333333333334,10.0,1.834847859269718,3.3666666666666663,1
2834,Old Smuggler P E T,55,10.563636363636364,11.0,1.960382014582271,3.843097643097644,1
2837,Girvan Patent Still #4 Apps,3,10.333333333333334,10.0,2.5166114784235836,6.333333333333334,1
2838,Calumet Bourbon,53,10.339622641509434,10.0,2.065684801952119,4.267053701015966,1
2839,Ardmore Legacy Single Malt,50,11.3,12.0,1.950928611963952,3.806122448979592,1
2840,Revel Stoke Roasted Pecan,9,9.88888888888889,10.0,1.3642254619787415,1.861111111111111,1
2841,High West Double Rye Whiskey,51,11.784313725490197,12.0,1.8145382386733664,3.292549019607843,1
2842,Laphroaig 25 Yr Cask Strenth,5,10.2,9.0,2.16794833886788,4.7,1
2843,Calumet Farm Bourbon VAP,5,9.8,10.0,1.6431676725154984,2.7,1
2844,Diplome Dry Gin,26,10.76923076923077,10.5,2.006144407717297,4.024615384615385,1
2845,Old Camp Spicy Pecan Peach W,11,10.909090909090908,10.0,1.5782614139961386,2.490909090909091,1
2846,Balvenie Tun 1509 Batch 3 SB,2,13.5,13.5,0.7071067811865476,0.5,1
2847,The Quiet Man Irish Whiskey,47,10.680851063829786,10.0,1.990263069554237,3.961147086031453,1
2849,Tullibardine 20 YO Highland,1,9.0,9.0,,,1
2850,Kavalan Soloist Tawain Whsky,1,9.0,9.0,,,1
2851,Mother's Apple Pie Liqueur,10,10.9,10.5,2.282785822435191,5.211111111111111,1
2852,Bushmills 10 Yr Irish Whisky,50,10.76,11.0,1.7444957168541426,3.043265306122449,1
2854,Talisker 10-Yr Single Malt,51,11.137254901960784,11.0,1.7552163153655707,3.08078431372549,1
2855,Master's London Dry Gin,2,10.5,10.5,0.7071067811865476,0.5,1
2856,Cragganmore 12-Yr Sngle Malt,42,10.952380952380953,11.0,1.6957965385376113,2.875725900116144,1
2858,Royal Thistle Scotch,1,12.0,12.0,,,1
2859,Bushmills Irish Honey,17,10.705882352941176,11.0,1.8629514849544841,3.4705882352941178,1
2862,Pinch 15-Yr by Haig & Haig,53,11.11320754716981,11.0,1.7613410249283898,3.102322206095791,1
2863,The Deveron 12 Yr Scotch,24,11.416666666666666,11.0,2.124733572385768,4.5144927536231885,1
2864,Silo Reserve Gin,2,11.0,11.0,2.8284271247461903,8.0,1
2867,Jefferson's Rsv Old Rum Cask,2,11.5,11.5,0.7071067811865476,0.5,1
2868,Mortlach Single Malt Scotch,26,11.153846153846153,11.0,1.3767296813044365,1.8953846153846154,1
2870,Ardbeg Dark Cove Giftbox,22,11.136363636363637,11.0,2.0769816594887915,4.313852813852814,1
2871,Woodford Reserve Rye,23,10.608695652173912,11.0,1.9711355849030645,3.8853754940711465,1
2872,Ashuelot Gin,19,8.578947368421053,9.0,2.2439001134850556,5.035087719298246,1
2874,Hirsch 20 Yr American Whisky,3,13.0,13.0,1.0,1.0,1
2876,The Irishman Single Malt,43,10.976744186046512,11.0,2.12118982888,4.499446290143964,1
2877,Bushmills 16 Yr Old Irish W,7,10.571428571428571,10.0,1.8126539343499315,3.285714285714286,1
2878,Hudson Four Grain Bourbon,28,11.214285714285714,11.5,1.9120890816289537,3.656084656084656,1
2879,Corner Creek Rsv Bourbon,50,11.76,12.0,1.6605875527680445,2.7575510204081626,2
2880,Bird Dog Chocolate Whiskey,12,10.333333333333334,10.5,1.8257418583505536,3.333333333333333,1
2882,Highland Park 18 Yr Single,36,10.194444444444445,10.0,2.2780874741068526,5.189682539682541,1
2884,Comandon XO Cognac,1,9.0,9.0,,,1
2885,Patron Anejo Tequila BTB,3,12.666666666666666,13.0,1.5275252316519468,2.3333333333333335,1
2886,Buchanans Deluxe 12Yr Scotch,44,11.090909090909092,11.0,1.668005100351661,2.7822410147991543,1
2887,Patron Anejo Tequila #2 BTB,2,12.5,12.5,2.1213203435596424,4.5,1
2888,Brenne 10 Yr French Whiskey,8,12.25,13.0,1.9820624179302297,3.9285714285714284,1
2889,Buchanans Deluxe 12Yr Scotch,54,11.148148148148149,11.0,1.7634379736956947,3.109713487071977,1
2890,Four Roses Bourbon,54,11.444444444444445,11.0,1.7119630866531244,2.9308176100628933,1
2893,Glenmorangie Quinta Ruban,54,10.62962962962963,11.0,1.8963350581293452,3.5960866526904267,1
2894,Scoresby Rare,55,11.10909090909091,11.0,1.77088309496334,3.136026936026938,1
2897,Haig Club Scotch,11,11.0,11.0,1.4142135623730951,2.0,1
2898,Scoresby Rare,27,11.25925925925926,11.0,1.8311953345496361,3.3532763532763536,1
2899,Laphroiag Select Single Malt,50,11.3,12.0,2.072659732649558,4.295918367346938,1
2901,Templeton 6 Yr Old Rye,5,12.0,12.0,1.0,1.0,1
2902,Stranahan's Colorado Whiskey,29,11.137931034482758,11.0,1.9034580923570674,3.623152709359606,1
2903,White Horse Scotch,5,11.2,11.0,1.9235384061671346,3.7,1
2906,Usquaebach Old Rare Whisky,40,11.85,12.0,1.7910031568069076,3.2076923076923083,1
2907,Route 66 Tequila,3,12.0,13.0,2.6457513110645907,7.0,1
2908,Buchanans Deluxe 18 Yr Old,45,11.155555555555555,11.0,1.7050134037803655,2.9070707070707074,1
2909,Lot No 40 Canadian Rye,2,9.5,9.5,0.7071067811865476,0.5,1
2910,Full Throttle Vanila Whiskey,5,9.8,9.0,1.6431676725154984,2.7,1
2911,Ardbeg Dark Cove Com Release,2,9.5,9.5,3.5355339059327378,12.5,1
2912,Platte Valley KY Moonshine,53,10.11320754716981,10.0,1.9181358875269676,3.6792452830188678,1
2913,Spring 44 Gin,2,9.5,9.5,0.7071067811865476,0.5,1
2914,Dad's Hat Rye Whiskey,1,11.0,11.0,,,1
2915,Pendleton Limited Edition,3,10.333333333333334,11.0,2.0816659994661326,4.333333333333333,1
2916,Royal Brackla 12 Yr Scotch,15,11.133333333333333,11.0,2.294921930407801,5.2666666666666675,1
2917,Paddy's Irish Whiskey,45,11.2,11.0,1.7786613965666327,3.1636363636363645,1
2918,Alibi Whiskey,3,10.666666666666666,10.0,2.081665999466133,4.333333333333334,1
2920,Old Potrero 18th Century,19,12.105263157894736,13.0,1.7917941611104424,3.2105263157894743,1
2921,Full Throttle Strwbry Whisky,3,9.666666666666666,9.0,1.1547005383792517,1.3333333333333335,1
2922,Usquaebach 15 Yr Whisky,4,11.25,11.0,2.6299556396765835,6.916666666666667,1
2923,Balvenie 12 Yr Single Barrel,8,10.875,11.0,1.9594095320493148,3.8392857142857144,1
2924,Speyburn 10-Yr Single Malt,52,10.788461538461538,11.0,2.061186964924351,4.248491704374057,1
2925,Penasco Plata Tequila,16,11.6875,12.0,1.9224550276491081,3.6958333333333333,1
2926,Teachers Highland Cream,54,11.148148148148149,11.5,2.113812681651265,4.468204053109713,1
2928,Glenmorangie Tusail Giftbox,1,12.0,12.0,,,1
2929,Dark Corner Moonshine,3,12.0,13.0,2.6457513110645907,7.0,1
2931,Hayman's Sloe Gin,2,9.5,9.5,2.1213203435596424,4.5,1
2932,Jameson Black Barrel,54,11.185185185185185,11.0,1.7491137817944185,3.059399021663172,1
2933,Aultmore 12 Yr Scotch,18,11.61111111111111,11.5,2.278773893460327,5.192810457516339,1
2935,Talisker 18 Yr Old Scotch,28,11.285714285714286,11.0,1.6965573607476048,2.878306878306878,1
2936,Abraham Bowman Ltd Edition,1,11.0,11.0,,,1
2937,Tullamore Dew 14 Yr Irish,1,11.0,11.0,,,1
2938,Kennedy's Original Irish,1,13.0,13.0,,,1
2939,Berentzen Bushel & Barrel,5,11.0,11.0,1.224744871391589,1.5,1
2940,Hakushu 12 Yr Japanese Whsky,1,11.0,11.0,,,1
2942,Glen Grant 10 Yr Single Malt,34,10.911764705882353,11.0,1.7471647518856739,3.0525846702317287,1
2943,The Macallan 18 Yr Old,6,10.5,10.0,1.224744871391589,1.5,1
2944,The Glenlivet Founders Res,54,11.185185185185185,11.0,1.7491137817944185,3.059399021663172,1
2945,The Macallan Rare Cask,40,10.175,10.0,2.135025370653317,4.558333333333334,1
2946,Highland Park 15 Yr Old,36,10.027777777777779,10.0,2.0491965130768572,4.19920634920635,1
2949,Lock Stock & Barrel Rye,32,12.25,13.0,1.7413380098407456,3.032258064516129,1
2950,1792 Sweet Wheat Bourbon,2,10.5,10.5,3.5355339059327378,12.5,1
2951,Old Bushmills Irish Whiskey,54,10.722222222222221,11.0,1.7311427861132511,2.99685534591195,1
2952,Old Bushmills,54,10.722222222222221,11.0,1.7311427861132511,2.99685534591195,1
2953,Bowmore Mizurana,2,11.0,11.0,4.242640687119285,18.0,1
2954,Highland Park 12 Yr Single,53,10.056603773584905,10.0,2.042011586831651,4.169811320754717,1
2955,Auchentoshan 18 Yr Scotch,3,11.666666666666666,13.0,3.214550253664318,10.333333333333332,1
2956,Vat 69 Gold,53,11.169811320754716,11.0,1.773044416301258,3.1436865021770686,1
2957,Glenfarclas 12-Yr Scotch,54,10.74074074074074,11.0,2.039100663631416,4.157931516422082,1
2958,Dalwhinnie 15-Yr Single Mal,54,11.148148148148149,11.0,1.7634379736956947,3.109713487071977,1
2960,The Macallan Fine Oak 15 Yr,43,10.162790697674419,10.0,2.046253633189194,4.187153931339977,1
2961,W.Laure Weller KY Bourbon,1,14.0,14.0,,,1
2962,Mount Royal Light Canadian W,1,11.0,11.0,,,1
2965,Ardbeg 10 Yr Single Malt Sc,53,10.69811320754717,11.0,1.8458363297346705,3.4071117561683595,1
2967,Glenfiddich Solera 15-Yr RS,53,11.18867924528302,12.0,1.9617163185253494,3.84833091436865,1
2968,Yukon Jack Wicked Hot,1,10.0,10.0,,,1
2969,Laphroaig 32 Yr Old Scotch,2,10.5,10.5,3.5355339059327378,12.5,1
2972,Eagle Rare Bourbon 17 yr,1,10.0,10.0,,,1
2973,Eagle Rare Single Barrel Bo,54,10.74074074074074,11.0,2.039100663631416,4.157931516422082,1
2974,Sazerac 6 Yr Straight Rye,8,11.125,12.0,2.1671244937540095,4.696428571428571,1
2975,Bird Dog Blackberry Whiskey,54,10.333333333333334,10.0,2.046626308167424,4.188679245283018,1
2976,Islay Mist 8 Yr Old Scotch,1,11.0,11.0,,,1
2977,Concannon Irish Whiskey,1,10.0,10.0,,,1
2979,Bowmore 12-Yr Scotch,54,11.148148148148149,11.5,2.113812681651265,4.468204053109713,1
2982,Highland Park Dark Origins,43,10.0,10.0,2.047065262876636,4.190476190476191,1
2983,T.T. Handy Sazerac Rye Whisk,1,14.0,14.0,,,1
2984,Diva Platinum Citrus Infused,30,11.8,12.0,1.845778034251177,3.4068965517241385,1
2985,Gibsons 12YO Gold Canadian W,18,11.38888888888889,12.0,2.004080804079777,4.016339869281047,1
2986,Hibiki Harmony Japan Whiskey,42,11.166666666666666,12.0,2.163067680082592,4.678861788617886,1
2988,Sauza 901 Silver Tequila,47,11.25531914893617,12.0,2.05857786607947,4.237742830712304,1
2989,The Macallan 18 Yr Old,39,9.871794871794872,10.0,1.9625371224043422,3.8515519568151158,1
2990,Bulldog Gin,51,10.647058823529411,11.0,1.7643529058752923,3.1129411764705877,1
2991,Tullibardine Single Malt,41,10.829268292682928,11.0,1.8014222023777524,3.2451219512195117,1
2992,Hudson Baby Bourbon Whiskey,51,11.196078431372548,12.0,1.9901719306948058,3.960784313725491,1
2994,Hudson Manhattan Rye,53,11.075471698113208,11.0,1.9694694385483382,3.8788098693759068,1
2995,Jim Beam Maple,1,9.0,9.0,,,1
2997,Yamazaki 12 Yr Japanese,6,11.333333333333334,12.0,1.96638416050035,3.8666666666666663,1
3004,Clix Vodka,1,10.0,10.0,,,1
3008,Pinnacle Red Liquorice,1,9.0,9.0,,,1
3009,Barr Hill Vodka,12,10.25,9.5,2.41679727964699,5.840909090909091,1
3012,Pinnacle Vodka,52,11.192307692307692,11.5,2.1054407720583237,4.432880844645551,1
3014,Smirnoff Coconut,1,12.0,12.0,,,1
3016,Bombay Sapphire East Gin,52,11.346153846153847,11.0,1.9988684581838227,3.9954751131221724,1
3020,Pinnacle Blueberry Vodka,54,11.148148148148149,11.5,2.113812681651265,4.468204053109713,1
3023,Silo Lavender Vodka,3,13.333333333333334,13.0,0.5773502691896257,0.3333333333333333,1
3025,Ciroc Snap Frost Vodka,53,11.20754716981132,11.0,1.7249134935503931,2.975326560232222,1
3038,Zhenka Raspberry Vodka,55,11.4,11.0,1.7277688459933478,2.985185185185185,1
3039,Stoli Salted Karamel,52,11.057692307692308,11.0,1.6259351642581081,2.643665158371041,1
3040,Tito's Handmade Vodka,54,11.481481481481481,11.5,1.8504537000090027,3.4241788958770076,1
3041,Zhenka Pink Lemonade Vodka,55,11.4,11.0,1.7277688459933478,2.985185185185185,1
3042,Ciroc Red Berry Vodka,53,11.169811320754716,11.0,1.773044416301258,3.1436865021770686,1
3045,Pinnacle Salted Caramel,48,10.979166666666666,10.5,2.1683367813056904,4.701684397163121,1
3046,Ciroc Peach Vodka,49,11.142857142857142,11.0,1.7199806200458578,2.9583333333333335,1
3047,Bully Boy Vodka,12,9.5,9.0,2.195035721390843,4.818181818181818,1
3050,Bowman Vodka,55,10.709090909090909,11.0,2.0337224333784927,4.136026936026937,1
3054,Smirnoff Kissed Caramel,55,11.10909090909091,11.0,1.77088309496334,3.136026936026938,1
3058,Three Olives Vodka,3,9.333333333333334,9.0,0.5773502691896257,0.3333333333333333,1
3061,Absolut Grapevine Vodka,12,11.583333333333334,12.0,1.7298624923456323,2.9924242424242427,1
3062,Russian Standard Platinum,47,9.936170212765957,10.0,1.8928269095530672,3.582793709528215,1
3063,Chambord Vodka,1,11.0,11.0,,,1
3065,Three Olives Grape Vodka,1,9.0,9.0,,,1
3068,Pinnacle Coconut Vodka,1,14.0,14.0,,,1
3070,Peligroso Reposado Tequila,5,11.4,12.0,1.816590212458495,3.3,1
3072,Ciroc Peach Vodka,54,11.148148148148149,11.0,1.7634379736956947,3.109713487071977,1
3075,Pinnacle Whipped Vodka,1,10.0,10.0,,,1
3078,UV Chocolate Cake Vodka,1,11.0,11.0,,,1
3079,Devils Spring Vodka,14,9.071428571428571,9.5,1.7743595036946846,3.148351648351648,1
3084,Patron Silver Tequila,14,11.785714285714286,12.0,1.8050600428356278,3.258241758241758,1
3085,Absolut Mini Bar 5/50mls,48,11.104166666666666,11.0,1.7653832485283183,3.1165780141843977,1
3086,Ciroc Coconut Vodka,54,11.148148148148149,11.0,1.7634379736956947,3.109713487071977,1
3089,Evan Williams Honey Reserve,55,10.563636363636364,10.0,2.1148823307047775,4.472727272727273,1
3092,Stolichnaya 100* Vodka,3,11.333333333333334,11.0,1.5275252316519468,2.3333333333333335,1
3096,Three Olives Loopy Vodka,1,11.0,11.0,,,1
3098,Three Olives Elvis Presley,1,12.0,12.0,,,1
3100,Ciroc Red Berry Vodka,52,11.134615384615385,11.0,1.7715490745898748,3.1383861236802417,1
3102,Smirnoff Traveler,51,11.117647058823529,11.0,1.762351370454024,3.105882352941176,1
3104,Smirnoff Whipped Cream,53,11.11320754716981,11.0,1.7613410249283898,3.102322206095791,1
3105,Vincent Van Gogh PB&J Vodka,2,10.5,10.5,2.1213203435596424,4.5,1
3107,Don Julio 70th Anniversary,47,11.297872340425531,11.0,1.7559203410799467,3.0832562442183162,1
3120,Absolut Cilantro,7,11.0,10.0,1.632993161855452,2.6666666666666665,1
3121,Pinnacle Rainbow Sherbet,6,12.0,13.0,2.3664319132398464,5.6,1
3123,Booths London Dry Gin,54,11.148148148148149,11.0,1.7634379736956947,3.109713487071977,1
3125,Pinnacle Strawbery Shortcake,7,11.714285714285714,12.0,2.1380899352993947,4.57142857142857,1
3128,Ocean Organic Vodka,6,12.0,12.5,1.7888543819998317,3.2,1
3129,UV Chocolate Cake Vodka,3,8.666666666666666,8.0,1.1547005383792517,1.3333333333333335,1
3131,Pinnacle Key Lime Whipped,1,13.0,13.0,,,1
3133,Svedka Strwbry Lemonad Vodka,54,11.333333333333334,12.0,1.682316462276133,2.8301886792452837,1
3134,Jefferson's Ocean Aged Cask,8,10.25,9.0,2.3754698783308417,5.642857142857143,1
3135,Smirnoff Cinn Sugar Twist,2,10.0,10.0,1.4142135623730951,2.0,1
3137,Three Olives Blueberry Vodka,29,10.96551724137931,11.0,1.8989237293923262,3.6059113300492607,1
3138,Svedka 100 Vodka,6,11.5,11.0,1.760681686165901,3.1,1
3139,Grey Goose Le Melon,50,11.48,12.0,1.9508240017270357,3.8057142857142856,1
3140,TGI Fridays Orange Dream,40,9.65,10.0,2.045006425919313,4.182051282051282,1
3142,Smirnoff Sourced Cran/Apple,26,11.346153846153847,11.5,1.8317708959868904,3.3553846153846147,1
3145,Smoked Salmon Alaska Vodka,2,10.5,10.5,3.5355339059327378,12.5,1
3147,Stolichnaya Chocolat Kokonut,5,11.0,11.0,2.5495097567963922,6.5,1
3148,Ciroc Mango Vodka,15,10.8,11.0,1.3732131246511903,1.8857142857142857,1
3150,Svedka Mango Pineapple Vodka,54,11.333333333333334,12.0,1.682316462276133,2.8301886792452837,1
3152,Three Olives Jacked Apple,1,13.0,13.0,,,1
3153,Rye Harbor Vodka,53,10.584905660377359,11.0,2.1611425242587896,4.670537010159652,1
3154,New Amsterdam Peach Vodka,52,11.192307692307692,11.0,1.9101222785872516,3.6485671191553544,1
3158,Pinnacle Tropical Punch,54,11.148148148148149,11.5,2.113812681651265,4.468204053109713,1
3159,Sobieski Vodka,2,13.0,13.0,0.0,0.0,1
3161,New Amsterdam Red Berry,54,11.24074074074074,11.0,1.9125719637237402,3.6579315164220834,1
3162,Burnett's Peach Vodka,40,10.7,10.0,2.0280090021547026,4.112820512820512,1
3163,Three Olives Dude Vodka,4,10.5,10.5,2.3804761428476167,5.666666666666667,1
3168,Belvedere UF Intense Vodka,49,10.73469387755102,11.0,1.8458908215737104,3.407312925170068,1
3170,Pinnacle Orange Whipped,1,9.0,9.0,,,1
3172,Skyy Infusions Blood Orange,54,10.62962962962963,11.0,1.7298303580943322,2.992313067784765,1
3174,Cold River Vodka,51,11.509803921568627,12.0,1.9012895520631028,3.614901960784314,1
3176,Smugglers Notch Vodka,51,11.431372549019608,11.0,1.8466716217106314,3.410196078431373,1
3180,New Amsterdam Vodka,54,11.24074074074074,11.0,1.9125719637237402,3.6579315164220834,1
3183,Jose Cuervo Tradicional Slvr,53,10.716981132075471,11.0,1.713940113065686,2.9375907111756163,1
3185,Grey Goose L'Orange Vodka,4,11.5,11.5,1.2909944487358056,1.6666666666666667,1
3186,Smirnoff Mango Vodka,3,12.333333333333334,13.0,2.0816659994661326,4.333333333333333,1
3187,Three Olives Cake Vodka,5,9.8,9.0,1.9235384061671343,3.6999999999999993,1
3189,Skyy Infusions Dragon Fruit,40,10.725,11.0,1.7095133510551759,2.9224358974358973,1
3193,Absolut Wild Tea,4,11.25,11.5,0.9574271077563381,0.9166666666666666,1
3194,Grey Goose Cherry Noir Vodka,51,11.450980392156863,12.0,1.9216006399894445,3.692549019607843,1
3196,Absolut Orient Apple Vodka,1,13.0,13.0,,,1
3197,Pinnacle Vodka 100 Proof,26,11.0,11.0,2.227105745132009,4.96,1
3198,Smirnoff Peach Vodka,6,11.5,11.5,1.6431676725154984,2.7,1
3199,Grey Goose La Poire Vodka,9,10.555555555555555,10.0,1.2360330811826103,1.5277777777777777,1
3201,Plymouth Gin,54,11.185185185185185,11.0,1.7491137817944185,3.059399021663172,1
3203,Magellan Gin,7,11.285714285714286,11.0,1.7043362064926935,2.904761904761905,1
3204,Twenty 2 Vodka,42,10.738095238095237,10.5,1.6536659026350355,2.7346109175377467,1
3209,Hammer & Sickle Vodka,54,10.12962962962963,10.0,1.9136677842665073,3.662124388539483,1
3210,Smirnoff Sourced Pineapple,27,11.444444444444445,12.0,1.739436985245808,3.025641025641025,1
3212,Crystal Head Vodka,4,10.5,10.0,2.6457513110645907,7.0,1
3213,Smirnoff Pomegrante Vodka,1,10.0,10.0,,,1
3214,Ciroc Mango Vodka,15,11.133333333333333,11.0,1.5055453054181618,2.266666666666666,1
3216,Fleischmanns X Dry Gin,54,10.685185185185185,11.0,1.979365955982094,3.9178895877009086,1
3218,Firefly Sweet Tea Vodka,52,10.76923076923077,11.0,2.063837892776984,4.259426847662142,1
3219,Svedka Grapefruit Jalapeno,2,10.5,10.5,2.1213203435596424,4.5,1
3220,Svedka Clementine Vodka,53,11.377358490566039,12.0,1.6667150452581827,2.777939042089986,1
3221,Pinnacle Raspberry Vodka,55,11.10909090909091,11.0,2.114086154668317,4.469360269360271,1
3223,Ice Pik Vodka,12,9.666666666666666,10.5,1.775250729197189,3.1515151515151514,1
3224,New Amsterdam Apple Vodka,9,11.0,11.0,2.345207879911715,5.5,1
3226,Ciroc Mango Vodka,14,10.785714285714286,11.0,1.42389343964797,2.0274725274725274,1
3227,Taaka Gin,55,10.709090909090909,11.0,2.0337224333784927,4.136026936026937,1
3228,Ciroc Mango Vodka,15,10.8,11.0,1.3732131246511903,1.8857142857142857,1
3230,Svedka Grapefruit Jalapeno,12,11.833333333333334,12.0,1.4668044012461756,2.151515151515152,1
3231,Pinnacle Tropical Punch Vdka,54,11.148148148148149,11.5,2.113812681651265,4.468204053109713,1
3233,Belvedere Wild Berry,51,10.647058823529411,11.0,1.8849247137407341,3.5529411764705885,1
3234,Hendrick's Gin,54,11.092592592592593,11.5,2.030600975438929,4.123340321453529,1
3235,Absolut Berri Acai,51,11.313725490196079,11.0,1.7028234914803282,2.899607843137255,1
3236,Pinnacle Pecan Pie,16,11.375,13.0,2.5787593916455256,6.65,1
3237,Firefly Sweet Tea Vodka,53,10.69811320754717,11.0,2.034178209237723,4.13788098693759,1
3238,Hendrick's Gin,54,11.092592592592593,11.5,2.030600975438929,4.123340321453529,1
3239,Seagram's Red Berry Vodka,13,12.538461538461538,13.0,1.3301243435223522,1.7692307692307685,1
3243,Burnetts Vodka,54,10.61111111111111,10.0,2.1049507381558583,4.430817610062893,1
3244,Burnetts Vodka,55,10.563636363636364,10.0,2.1148823307047775,4.472727272727273,1
3246,Bentley's Vodka,55,10.709090909090909,11.0,2.0337224333784927,4.136026936026937,1
3248,Stark Vodka,12,9.166666666666666,9.5,2.516611478423583,6.333333333333332,1
3250,Pinnacle Cake Vodka,1,14.0,14.0,,,1
3252,Smirnoff Sourced Cran Apple,34,11.294117647058824,11.0,1.6427879437602386,2.698752228163993,1
3253,Gilbeys London Dry,55,11.10909090909091,11.0,2.114086154668317,4.469360269360271,1
3255,Stolichnaya Elit Pristine,1,13.0,13.0,,,1
3257,Gilbeys London Dry Trav,55,11.10909090909091,11.0,2.114086154668317,4.469360269360271,1
3265,Firefly Sweet Tea Vodka,11,11.363636363636363,13.0,2.618118686107537,6.8545454545454545,1
3268,Pinnacle CranApple Vodka,26,11.076923076923077,11.5,2.2076789064187197,4.873846153846154,1
3272,Sobieski Vodka,55,11.4,11.0,1.7277688459933478,2.985185185185185,1
3276,Gordons London Dry,55,11.10909090909091,11.0,1.77088309496334,3.136026936026938,1
3278,Gordons London Dry,54,11.148148148148149,11.0,1.7634379736956947,3.109713487071977,1
3279,Double Cross Vodka,52,10.634615384615385,11.0,1.9100235719092236,3.648190045248869,1
3280,Stolichnaya Elite Vodka,1,13.0,13.0,,,1
3282,Skyy Watermelon Fresca Vodka,18,10.722222222222221,11.0,1.4473324572571655,2.094771241830065,1
3283,New Amsterdam Apple Vodka,14,11.142857142857142,11.0,2.032699715124724,4.131868131868133,1
3286,Ciroc Snap Frost Vodka,53,11.169811320754716,11.0,1.773044416301258,3.1436865021770686,1
3288,Svedka Strwbry Lemonad Vodka,39,11.384615384615385,12.0,1.6798399769555843,2.8218623481781377,1
3289,Crystal Head Aurora Vodka,4,12.5,12.5,1.2909944487358056,1.6666666666666667,1
3292,GlenDronach 1995,13,12.0,12.0,1.5811388300841898,2.5,1
3294,Leaf Vodka Alaskian Glacial,13,11.846153846153847,13.0,1.9513309067639728,3.807692307692308,1
3295,Tito's Handmade Vodka,55,11.436363636363636,11.0,1.8635254955935732,3.4727272727272727,1
3296,Belvedere Pink Grapefruit,52,10.653846153846153,11.0,1.8878830906871762,3.5641025641025643,1
3297,Bully Boy White Rum,1,10.0,10.0,,,1
3298,Bully Boy Boston Rum,39,9.153846153846153,9.0,2.0842575547796076,4.344129554655869,1
3300,Smirnoff Sorbet Mango/Pasion,21,11.142857142857142,11.0,1.9309509130403675,3.7285714285714286,1
3301,Triple Crown Blended Whiskey,1,9.0,9.0,,,1
3305,Canada House Canadian Whisky,30,11.066666666666666,11.5,2.1644993581113323,4.685057471264369,1
3306,Hammer & Sickle Vodka,29,10.551724137931034,10.0,1.91956481110678,3.684729064039408,1
3310,Pinnacle Vodka,55,11.10909090909091,11.0,2.114086154668317,4.469360269360271,1
3314,El Jimador Blanco Tequila,54,10.88888888888889,11.0,1.9968528698048331,3.987421383647798,1
3315,Smirnoff Sorbet Rasp/Pomegra,54,11.148148148148149,11.0,1.7634379736956947,3.109713487071977,1
3316,Ciroc Peach Vodka,53,11.075471698113208,11.0,1.7524604308467562,3.0711175616835984,1
3319,Imperia Russian Vodka,5,10.4,11.0,2.3021728866442674,5.3,1
3320,Rosita Tequila Wh,52,10.557692307692308,10.0,2.118207358421975,4.4868024132730016,1
3321,Rosita Tequila Gold,52,10.653846153846153,10.0,2.1133062599671373,4.46606334841629,1
3324,Milagro Silver Select Barrel,51,11.215686274509803,12.0,1.972954388628344,3.892549019607843,1
3325,Pinnacle Caramel Apple Vodka,53,11.20754716981132,12.0,2.088047400048094,4.359941944847606,1
3326,Jenkins Gin,55,11.4,11.0,1.7277688459933478,2.985185185185185,1
3329,Seagrams Extra Smooth Vodka,54,11.833333333333334,12.0,1.7988465906251634,3.235849056603774,1
3333,Pinnacle Atomic Hots,1,13.0,13.0,,,1
3335,Tanqueray Sterling Vodka,51,11.196078431372548,11.0,1.7552163153655709,3.0807843137254913,1
3342,Bully Boy Old Fashioned RTD,39,9.153846153846153,9.0,2.0842575547796076,4.344129554655869,1
3343,Bombay Sapphire Gin,54,11.37037037037037,11.5,1.9647487361203855,3.8602375960866517,1
3344,Bombay Sapphire Gin,54,11.37037037037037,11.5,1.9647487361203855,3.8602375960866517,1
3345,Bombay Sapphire Gin,53,11.433962264150944,12.0,1.9266295197159544,3.711901306240929,1
3346,Nautical Gin,32,12.03125,12.5,1.7317597799590656,2.998991935483871,1
3347,Milagro Silver Tequila,54,11.12962962962963,11.5,1.9909824662694329,3.9640111809923138,1
3348,Bombay Sapphire Gin,55,11.327272727272728,11.0,1.9725387425622571,3.8909090909090907,1
3349,Russian Standard Vodka,13,9.0,8.0,2.516611478423583,6.333333333333333,1
3350,Ice Fox Vodka,3,11.333333333333334,11.0,2.516611478423583,6.333333333333333,1
3351,Pinnacle Whipped Vodka,54,11.148148148148149,11.5,2.113812681651265,4.468204053109713,1
3352,Ciroc Coconut Vodka,52,11.192307692307692,11.0,1.7716554963047206,3.138763197586726,1
3354,Ketel One Vodka,53,11.169811320754716,11.0,1.773044416301258,3.1436865021770686,1
3355,Truuli Peak Vodka,2,13.0,13.0,0.0,0.0,1
3356,Svedka Vodka,55,11.290909090909091,12.0,1.6961036751235687,2.8767676767676766,1
3361,Pinnacle Double Espresso,12,11.583333333333334,11.0,1.7816403745544227,3.174242424242424,1
3362,Poland Spring Gin,54,11.444444444444445,11.0,1.7119630866531244,2.9308176100628933,1
3363,Lunazul Reposado Tequila,52,10.576923076923077,10.0,2.1360230027966978,4.562594268476622,1
3364,Absolut Ruby Red,54,11.185185185185185,11.0,1.7491137817944185,3.059399021663172,1
3365,Russian Standard Vodka,11,10.545454545454545,11.0,2.0670576365276494,4.2727272727272725,1
3366,Tanqueray Rangpur Gin,53,11.18867924528302,11.0,1.754736488803342,3.079100145137881,1
3367,Pinnacle Pomegranate Vodka,54,11.148148148148149,11.5,2.113812681651265,4.468204053109713,1
3368,Pinnacle Grape Vodka,55,11.10909090909091,11.0,2.114086154668317,4.469360269360271,1
3369,Stolichnaya Gluten Free 80*,5,11.2,11.0,2.0493901531919194,4.199999999999999,1
3371,Skyy Infusions Georgia Peach,1,10.0,10.0,,,1
3372,Smirnoff Sourced Pineapple,33,11.272727272727273,11.0,1.7188791273808215,2.9545454545454546,1
3373,Svedka Citron Vodka,33,11.121212121212121,11.0,1.672527573718438,2.797348484848485,1
3375,Skyy Infusions Cranberry,35,10.857142857142858,11.0,1.7344749526425967,3.008403361344538,1
3376,Tommy Guns Vodka,54,9.74074074074074,10.0,1.9922982385022237,3.9692522711390636,1
3377,Tanqueray Rangpur Gin,51,11.196078431372548,11.0,1.7322772046429205,3.000784313725491,1
3378,High West Rendezvous Rye,24,12.083333333333334,12.5,1.6396358733271998,2.6884057971014492,1
3379,High West Vodka 7000',6,13.166666666666666,13.5,0.9831920802501751,0.9666666666666668,1
3384,Absolut Peppar Vodka,2,11.0,11.0,1.4142135623730951,2.0,1
3385,Pinnacle Strawbry Kiwi Vodka,54,11.148148148148149,11.5,2.113812681651265,4.468204053109713,1
3386,Skyy Infusions Cranberry,39,10.820512820512821,11.0,1.847783805874584,3.4143049932523617,1
3387,Kinahan's Irish Whiskey,24,10.458333333333334,10.0,2.0847096902815085,4.346014492753623,1
3388,Seagrams Extra Dry Gin,53,11.20754716981132,11.0,1.7580418583232986,3.090711175616837,1
3389,Seagrams Extra Dry Gin,54,11.185185185185185,11.0,1.7491137817944185,3.059399021663172,1
3390,Cold River Blueberry Vodka,54,11.481481481481481,11.5,1.8504537000090027,3.4241788958770076,1
3394,Blue Nectar Silver Tequila,38,11.947368421052632,12.0,1.6431243874063008,2.6998577524893315,1
3395,Jeremiah Weed Sweet Tea Vdka,16,10.5,10.0,1.5491933384829668,2.4,1
3396,Smirnoff Vanilla Vodka,54,11.148148148148149,11.0,1.7634379736956947,3.109713487071977,1
3397,Ciroc Red Berry Vodka,55,11.10909090909091,11.0,1.77088309496334,3.136026936026938,1
3398,Archvist Gerston Scotch,26,12.038461538461538,12.0,1.5094573655660297,2.2784615384615385,1
3401,Vesica Vodka,1,12.0,12.0,,,1
3402,Pinnacle Vanilla,19,10.789473684210526,10.0,2.3232866415303666,5.39766081871345,1
3404,Skinnygirl Vodka,16,11.125,11.5,2.247220505424423,5.05,1
3405,Tito's Handmade Vodka,54,11.481481481481481,11.5,1.8504537000090027,3.4241788958770076,1
3406,Skinnygirl Tangerine Vodka,1,11.0,11.0,,,1
3408,Ketel One Oranje,7,11.285714285714286,12.0,2.1380899352993947,4.57142857142857,1
3409,Crystal Head Vodka,49,11.959183673469388,13.0,1.7907073052459537,3.206632653061225,1
3410,American Harvest Organic,21,10.714285714285714,11.0,2.052872551885702,4.214285714285714,1
3412,Skyy Infusions Pineapple,51,10.607843137254902,11.0,1.7672400105537336,3.1231372549019603,1
3413,Gerston Vintage Scotch,2,12.0,12.0,1.4142135623730951,2.0,1
3415,42 Below Pure Vodka,2,8.5,8.5,0.7071067811865476,0.5,1
3416,Danziger Gold Vodka,12,11.416666666666666,12.0,2.151461800448216,4.628787878787879,1
3417,Six Saints Caribbean Rum,22,12.045454545454545,12.0,1.6176783106919363,2.616883116883117,1
3419,Combier Liqueur D'Orange,28,11.607142857142858,12.0,1.7709442075467496,3.1362433862433847,1
3420,New Amsterdam Coconut Vodka,53,11.18867924528302,11.0,1.8918509838615412,3.579100145137881,1
3421,Stolichnaya Blueberi,8,11.75,12.0,1.0350983390135313,1.0714285714285714,1
3422,Beefeater,55,11.145454545454545,11.0,1.7577150763312832,3.0895622895622887,1
3423,Beefeater,55,11.145454545454545,11.0,1.7577150763312832,3.0895622895622887,1
3424,Peligroso Cinnamon Tequila,3,10.333333333333334,10.0,1.5275252316519468,2.3333333333333335,1
3425,Olmeca Altos Plata Tequila,54,11.185185185185185,11.0,1.7491137817944185,3.059399021663172,1
3427,Stolichnaya Blueberi,55,10.945454545454545,11.0,1.6601894338384873,2.756228956228957,1
3432,Capri Natura Limoncello,2,10.5,10.5,0.7071067811865476,0.5,1
3436,Bombay Dry Gin,53,11.320754716981131,11.0,1.9490982619747754,3.7989840348330906,1
3437,Bombay Dry Gin,46,11.41304347826087,12.0,1.9728838109227227,3.8922705314009653,1
3439,Broker's London Dry Gin,50,10.04,10.0,2.0299793906664694,4.120816326530611,1
3440,VanGogh Acai Blueberry Vodka,6,11.666666666666666,12.0,2.3380903889000244,5.466666666666667,1
3441,One Roq RSV Vodka,3,10.333333333333334,10.0,1.5275252316519468,2.3333333333333335,1
3443,Stolichnaya,21,11.142857142857142,11.0,1.492840054584358,2.228571428571429,1
3444,Hornitos Plata Tequila,54,11.148148148148149,11.5,2.113812681651265,4.468204053109713,1
3449,Van Gogh Pomegranate Vodka,5,11.4,11.0,2.073644135332772,4.3,1
3450,260 Vodka,9,9.88888888888889,10.0,2.088327347690278,4.361111111111111,1
3451,Smirnoff Root Beer Float,4,11.5,12.0,1.7320508075688772,3.0,1
3452,Vanya Light Vodka,55,11.4,11.0,1.7277688459933478,2.985185185185185,1
3454,Pinnacle Pineapple,21,11.571428571428571,12.0,1.9383350734955134,3.757142857142857,1
3455,Stolichnaya Gluten Free 80*,30,11.3,11.5,1.5120207989811927,2.2862068965517244,1
3456,Tanqueray Sterling Vodka,55,11.10909090909091,11.0,1.77088309496334,3.136026936026938,1
3457,Olmeca Altos Plata Tequila,54,11.185185185185185,11.0,1.7491137817944185,3.059399021663172,1
3458,Ciroc Amaretto Vodka,48,11.104166666666666,11.0,1.7653832485283183,3.1165780141843977,1
3460,Corzo Anejo Tequila,46,11.217391304347826,11.0,2.0101193273397797,4.040579710144928,1
3461,Corzo Silver Tequila,3,13.0,14.0,1.7320508075688772,3.0,1
3462,Absolut Ruby Red,55,11.145454545454545,11.0,1.7577150763312832,3.0895622895622887,1
3464,UV Blue Raspberry Vodka,54,9.907407407407407,10.0,1.6853253257246807,2.8403214535290013,1
3467,El Jimador Reposado Tequila,5,11.4,12.0,2.792848008753788,7.8,1
3472,Cazadores Blanco Tequila,48,11.354166666666666,11.5,1.951427010135538,3.8080673758865253,1
3475,Cazadores Anejo Tequila,2,13.5,13.5,0.7071067811865476,0.5,1
3476,Reyka Vodka,53,11.18867924528302,12.0,1.9617163185253494,3.84833091436865,1
3481,Citadelle Gin,25,11.8,12.0,1.5275252316519468,2.3333333333333335,1
3483,Kru 82 Vodka,30,10.266666666666667,10.0,1.98152385340404,3.926436781609196,1
3485,Luksusowa Potato Vodka,55,11.436363636363636,11.0,1.8635254955935732,3.4727272727272727,1
3486,Tanqueray,54,11.148148148148149,11.0,1.7634379736956947,3.109713487071977,1
3487,Stolichnaya Blueberi,54,10.981481481481481,11.0,1.6539345968308392,2.7354996505939906,1
3488,Tanqueray,53,11.056603773584905,11.0,1.7586609234959538,3.092888243831641,1
3489,Tanqueray,55,11.10909090909091,11.0,1.77088309496334,3.136026936026938,1
3495,Ketel One Citroen Vodka,54,11.055555555555555,11.0,1.742007805656609,3.034591194968554,1
3497,Johnnie Walker Platinum,52,11.096153846153847,11.0,1.8177729898240698,3.3042986425339373,1
3498,Baileys Vanilla Cinnamon,52,11.25,11.0,1.7135561005709505,2.9362745098039214,1
3500,Tito's Handmade Vodka,54,11.481481481481481,11.5,1.8504537000090027,3.4241788958770076,1
3502,Pinnacle Vodka,53,11.132075471698114,11.0,2.1307071401934636,4.5399129172714074,1
3503,Smirnoff Sorbet Rasp/Pomegra,54,11.148148148148149,11.0,1.7634379736956947,3.109713487071977,1
3505,Tito's Handmade Vodka,54,11.481481481481481,11.5,1.8504537000090027,3.4241788958770076,1
3508,Llord's Orange Curacao,27,8.296296296296296,9.0,1.8772896750945296,3.5242165242165244,1
3509,Llord's Peach,2,9.0,9.0,1.4142135623730951,2.0,1
3510,Smirnoff Light Lemon Sorbet,23,11.304347826086957,11.0,1.844766124834248,3.4031620553359683,1
3511,New Amsterdam Vodka,55,11.2,11.0,1.9187187082742176,3.681481481481482,1
3512,Pinnacle Vodka,55,11.10909090909091,11.0,2.114086154668317,4.469360269360271,1
3513,Ciroc Snap Frost Vodka,54,11.148148148148149,11.0,1.7634379736956947,3.109713487071977,1
3514,Llord's Blue Curacao,2,7.0,7.0,1.4142135623730951,2.0,1
3515,Skyy Infusions Citrus Vodka,54,10.62962962962963,11.0,1.7298303580943322,2.992313067784765,1
3517,Smirnoff Sorbet Mango/Pasion,19,11.157894736842104,11.0,1.803181074740996,3.2514619883040936,1
3518,Cabot Trail Maple Whisky,21,11.904761904761905,13.0,1.9469145308606102,3.79047619047619,1
3521,Effen Vodka,39,11.153846153846153,12.0,2.218800784900916,4.9230769230769225,1
3522,Platinum 7X Distilled Vodka,55,10.709090909090909,11.0,2.0337224333784927,4.136026936026937,1
3524,Pravda Polish Vodka,51,10.235294117647058,10.0,1.965586276856019,3.8635294117647065,1
3525,Gold Crown Vodka,53,11.452830188679245,11.0,1.7272258519621868,2.983309143686502,1
3527,Reyka Vodka,53,11.075471698113208,11.0,2.0460943714961477,4.186502177068215,1
3528,Don Felix Anejo Tequila,46,9.652173913043478,10.0,1.9912853615954564,3.965217391304348,1
3529,U V Vodka,54,9.907407407407407,10.0,1.6853253257246807,2.8403214535290013,1
3530,Pinnacle Peach Vodka,10,11.6,12.5,2.2211108331943574,4.933333333333334,1
3532,Milagro Reposado Tequila,55,11.072727272727272,11.0,2.017098626415394,4.06868686868687,1
3533,Lidestri Pink Limoncello,50,10.62,10.0,1.7830265487281416,3.179183673469388,1
3534,Milagro Silver Tequila,53,11.11320754716981,11.0,2.006339734235634,4.0253991291727145,1
3539,MacGavin's Highland Scotch,2,10.0,10.0,1.4142135623730951,2.0,1
3542,Vera Limon Vodka,36,10.194444444444445,10.0,1.9686027596741875,3.8753968253968267,1
3543,Ketel One Citroen Vodka,4,11.75,12.0,2.0615528128088303,4.25,1
3545,Ketel One Vodka,55,11.10909090909091,11.0,1.77088309496334,3.136026936026938,1
3546,Vera Blood Orange Vodka,38,10.131578947368421,10.0,1.9054835894898379,3.6308677098150772,1
3547,Ketel One Vodka,54,11.148148148148149,11.0,1.7634379736956947,3.109713487071977,1
3549,Ketel One Vodka,54,11.148148148148149,11.0,1.7634379736956947,3.109713487071977,1
3556,Hard Rock Vodka,10,11.0,10.5,2.211083193570267,4.888888888888889,1
3560,Ciroc Amaretto Vodka,7,11.714285714285714,12.0,1.7043362064926932,2.9047619047619047,1
3561,Pinnacle Cinnabon Vodka,1,9.0,9.0,,,1
3562,Pearl Vodka,34,11.0,11.0,2.0150945537631877,4.0606060606060606,1
3564,Ciroc Amaretto Vodka,10,10.7,11.0,1.7029386365926402,2.9000000000000004,1
3565,Ultimat Vodka,12,12.083333333333334,13.0,1.97522534195852,3.901515151515152,1
3566,Pinnacle Raspberry,21,11.380952380952381,12.0,1.9868616075658234,3.9476190476190482,1
3568,Pearl Cucumber Vodka,28,10.857142857142858,11.0,2.0131840583786804,4.052910052910054,1
3571,Absolut Vanilia,52,11.25,11.0,1.7475473008269191,3.053921568627451,1
3572,Pinnacle Habanero Vodka,9,11.444444444444445,11.0,2.127857555800617,4.527777777777777,1
3573,Stoli Elite Vodka,7,11.428571428571429,11.0,0.9759000729485331,0.9523809523809522,1
3574,Stoli Gluten Free Vodka,34,11.176470588235293,11.0,1.6231392747294793,2.6345811051693397,1
3577,Effen Black Cherry & Vanilla,39,11.102564102564102,11.0,2.1980238947371253,4.831309041835361,1
3578,Stolichnaya Elit Vodka,48,11.166666666666666,11.0,1.6286443041694358,2.652482269503546,1
3579,Ciroc Pineapple Vodka,54,11.148148148148149,11.0,1.7634379736956947,3.109713487071977,1
3580,Smirnoff Orange Vodka,54,11.148148148148149,11.0,1.7634379736956947,3.109713487071977,1
3581,Pinnacle Citrus,22,11.454545454545455,12.0,1.9694638556693238,3.8787878787878793,1
3583,Smirnoff Orange Vodka,54,11.148148148148149,11.0,1.7634379736956947,3.109713487071977,1
3584,Absolut Raspberri,53,11.20754716981132,11.0,1.7580418583232986,3.090711175616837,1
3591,Absolut Vanilia,54,11.185185185185185,11.0,1.7491137817944185,3.059399021663172,1
3592,Burnetts Pineapple Vodka,28,10.642857142857142,10.0,1.8300837000548227,3.34920634920635,1
3593,Smirnoff Blue 100 Proof Trav,53,11.20754716981132,11.0,1.7249134935503931,2.975326560232222,1
3594,Pinnacle Tropical Punch,21,11.380952380952381,12.0,1.9868616075658236,3.9476190476190487,1
3595,Smirnoff Blue 100 Proof,55,11.10909090909091,11.0,1.77088309496334,3.136026936026938,1
3597,UV Sangria Vodka,17,9.941176470588236,10.0,2.0757705868933987,4.3088235294117645,1
3598,Ice Pik Vodka,51,9.431372549019608,10.0,1.640181721161217,2.6901960784313728,1
3599,Bakon Vodka,18,8.222222222222221,8.5,1.9267636857314896,3.712418300653594,1
3601,Remy Martin V,44,10.681818181818182,10.5,2.020507963678847,4.082452431289641,1
3606,Smirnoff Raspberry Vodka,55,11.10909090909091,11.0,1.77088309496334,3.136026936026938,1
3607,Smirnoff Citrus Vodka,54,11.148148148148149,11.0,1.7634379736956947,3.109713487071977,1
3608,Smirnoff Orange Vodka,54,11.148148148148149,11.0,1.7634379736956947,3.109713487071977,1
3609,Smirnoff Vanilla Vodka,54,11.148148148148149,11.0,1.7634379736956947,3.109713487071977,1
3610,Smirnoff Cranberry Vodka,53,11.20754716981132,11.0,1.7249134935503931,2.975326560232222,1
3611,Grey Goose La Poire Vodka,2,10.5,10.5,0.7071067811865476,0.5,1
3612,Taaka Vodka,55,10.709090909090909,11.0,2.0337224333784927,4.136026936026937,1
3613,Bacardi Reserva Limitada,1,12.0,12.0,,,1
3614,Finlandia Vodka,55,10.854545454545455,11.0,1.9946055195078491,3.978451178451177,1
3615,Bacardi Anejo Mexican Rum,6,12.5,12.5,1.51657508881031,2.3,1
3617,Olmeca Altos Reposado,53,11.20754716981132,11.0,1.7580418583232986,3.090711175616837,1
3618,Pinnacle Mimosa Vodka,4,10.75,10.5,2.753785273643051,7.583333333333333,1
3620,Powers Signature Release,50,11.28,11.0,1.702818791514439,2.899591836734695,1
3622,Spud Potato Vodka,2,10.0,10.0,0.0,0.0,1
3625,Absolut 80 Proof,55,11.145454545454545,11.0,1.7577150763312832,3.0895622895622887,1
3626,Sauza Extra Gold Tequila,52,11.076923076923077,11.0,2.112949372983259,4.464555052790347,1
3627,Absolut 80 Proof,54,11.185185185185185,11.0,1.7491137817944185,3.059399021663172,1
3628,Montanya Platino Rum,2,12.5,12.5,2.1213203435596424,4.5,1
3629,Flag Hill White Rum,38,10.289473684210526,10.0,1.9715256095264124,3.8869132290184925,1
3630,Stolichnaya Razberi,55,10.945454545454545,11.0,1.6601894338384873,2.756228956228957,1
3632,Ashuelot Vodka,21,8.666666666666666,8.0,2.37346441585572,5.633333333333333,1
3634,Silo Lemon Vodka,2,11.0,11.0,2.8284271247461903,8.0,1
3635,New Amsterdam 100* Vodka,22,11.318181818181818,11.5,2.0560332505270256,4.227272727272727,1
3636,Dr McGillicuddy's Mentholmnt,54,10.74074074074074,11.0,2.039100663631416,4.157931516422082,1
3637,Zhenka Vodka Plastic,55,11.4,11.0,1.7277688459933478,2.985185185185185,1
3638,Pinnacle Whipped,21,11.571428571428571,12.0,1.9383350734955134,3.757142857142857,1
3639,Burnetts Peach Vodka,28,10.678571428571429,10.0,1.7858201026848812,3.1891534391534395,1
3640,Belvedere Cytrus Vodka,53,10.584905660377359,11.0,1.885511175987837,3.555152394775036,1
3643,Caldwells Vodka,55,11.4,11.0,1.7277688459933478,2.985185185185185,1
3644,Pinnacle Coconut,1,13.0,13.0,,,1
3646,Tarantula Azul Tequila,2,11.0,11.0,1.4142135623730951,2.0,1
3648,UV Ruby Red Grapefruit Vodka,17,9.941176470588236,10.0,1.919328926841818,3.683823529411765,1
3650,Patron Silver Tequila,55,11.781818181818181,12.0,1.822604049673302,3.3218855218855206,1
3651,Belvedere Vodka,51,10.666666666666666,11.0,1.914854215512676,3.666666666666666,1
3652,Ciroc Pineapple Vodka,45,11.11111111111111,11.0,1.7738276822917853,3.1464646464646466,1
3654,Patron Reposado Tequila,45,12.066666666666666,13.0,1.6975918772832832,2.8818181818181814,1
3656,Stolichnaya Vanil,54,10.981481481481481,11.0,1.6539345968308392,2.7354996505939906,1
3658,Patron Anejo Tequila,53,11.81132075471698,12.0,1.8087033580566971,3.2714078374455724,1
3660,Deep Eddy Ruby Red Vodka,33,10.424242424242424,10.0,2.3588967631912037,5.564393939393939,1
3662,Three Olives Blueberry Vodka,26,11.0,11.0,1.9390719429665315,3.76,1
3663,Tarantula Azul Tequila,52,10.057692307692308,10.0,1.8933678007611927,3.5848416289592757,1
3666,Art in the Age Chicory Root,14,8.357142857142858,9.0,2.6488645711858347,7.016483516483517,1
3667,Boru Original Irish Vodka,55,10.581818181818182,11.0,1.9021518914592015,3.618181818181818,1
3668,Belvedere Polish Vodka,55,10.6,11.0,1.8915014612148142,3.5777777777777775,1
3670,Kinky Vodka,25,10.28,10.0,1.4583095236151573,2.126666666666667,1
3671,Stolichnaya Razberi,13,11.76923076923077,12.0,1.1657505560686465,1.3589743589743588,1
3672,Shady Fruit Real Ruby Red Gr,17,11.176470588235293,11.0,1.8451048113063608,3.404411764705882,1
3676,Permafrost Alaskan Vodka,22,10.909090909090908,11.0,2.0215291456172695,4.086580086580087,1
3677,Shady Fruit Valencia Orange,16,11.0625,11.0,1.8427786989579984,3.3958333333333335,1
3679,Chopin Vodka,54,10.648148148148149,11.0,1.914762977670313,3.666317260656884,1
3680,Stolichnaya Ohranj,55,10.945454545454545,11.0,1.6601894338384873,2.756228956228957,1
3681,OuterSpace Vodka,10,11.3,12.0,1.888562063228706,3.566666666666667,1
3682,Belvedere Vodka,54,10.62962962962963,11.0,1.8963350581293452,3.5960866526904267,1
3683,Stolichnaya Ohranj,54,10.981481481481481,11.0,1.6539345968308392,2.7354996505939906,1
3684,Fleischmanns Royal Vodka,55,10.654545454545454,11.0,1.974074389928023,3.896969696969697,1
3687,Fleischmanns Royal Traveler,54,10.685185185185185,11.0,1.979365955982094,3.9178895877009086,1
3688,Bowman's Light Vodka,5,11.6,12.0,1.6733200530681511,2.8,1
3689,Stolichnaya Vanil,54,10.981481481481481,11.0,1.6539345968308392,2.7354996505939906,1
3690,Tanqueray Ten Gin,53,11.20754716981132,11.0,1.724913493550393,2.9753265602322214,1
3693,Smirnoff Ruby Red Grapefruit,54,11.12962962962963,11.0,1.780886956211324,3.1715583508036342,1
3694,Stolichnaya Razberi,55,10.945454545454545,11.0,1.6601894338384873,2.756228956228957,1
3695,Rain Organics Vodka,53,10.754716981132075,11.0,2.056001163361674,4.227140783744558,1
3696,Gilbeys Vodka,55,11.10909090909091,11.0,2.114086154668317,4.469360269360271,1
3697,Ciroc Pineapple Vodka,1,12.0,12.0,,,1
3699,Chopin Vodka,54,10.648148148148149,11.0,1.914762977670313,3.666317260656884,1
3701,UV Sangria Vodka,11,10.363636363636363,10.0,2.013590190318143,4.054545454545455,1
3702,Kinky Vodka,25,10.64,10.0,1.57797338380595,2.49,1
3703,OuterSpace Vodka,20,10.25,10.0,2.173403830521681,4.723684210526316,1
3704,Ciroc Pineapple Vodka,54,11.148148148148149,11.0,1.7634379736956947,3.109713487071977,1
3705,Smirnoff Sours Watermelon,2,12.5,12.5,0.7071067811865476,0.5,1
3706,Pinnacle Citrus Vodka,54,11.148148148148149,11.5,2.113812681651265,4.468204053109713,1
3707,Smirnoff Ruby Red Grapefruit,5,10.8,10.0,1.6431676725154984,2.7,1
3709,Aslanoff Vodka,23,10.652173913043478,11.0,1.6681153124565982,2.7826086956521743,1
3711,Three Olives Mango Vodka,16,11.0,11.0,1.7126976771553504,2.933333333333333,1
3716,Don Eduardo Anejo Tequila,26,11.038461538461538,11.0,1.969381003884606,3.878461538461538,1
3719,Smirnoff Lime Vodka,1,13.0,13.0,,,1
3722,Finlandia Grapefruit Fusion,17,11.352941176470589,12.0,1.8007351439963428,3.2426470588235294,1
3724,Absolut Citron,54,11.185185185185185,11.0,1.7491137817944185,3.059399021663172,1
3725,Three Olives Pomegranate,54,10.722222222222221,11.0,1.7311427861132511,2.99685534591195,1
3726,Gilbeys Vodka Traveler,55,11.10909090909091,11.0,2.114086154668317,4.469360269360271,1
3727,Absolut Citron,55,11.145454545454545,11.0,1.7577150763312832,3.0895622895622887,1
3728,Absolut Citron,54,11.185185185185185,11.0,1.7491137817944185,3.059399021663172,1
3729,Three Olives Whipped Cream,1,9.0,9.0,,,1
3730,UV Ruby Red Grapefruit Vodka,23,10.26086956521739,10.0,1.7637097087556366,3.1106719367588926,1
3731,Absolut Apeach,54,11.185185185185185,11.0,1.7491137817944185,3.059399021663172,1
3732,Pinnacle Raspberry Vodka,8,11.75,12.5,1.9086270308410553,3.642857142857143,1
3733,Patron Silver Tequila,54,11.833333333333334,12.0,1.7988465906251634,3.235849056603774,1
3736,Smirnoff Cherry Vodka,54,11.148148148148149,11.0,1.7634379736956947,3.109713487071977,1
3737,Pinnacle Blueberry Vodka,13,10.692307692307692,10.0,2.39390251070699,5.73076923076923,1
3738,Three Olives Chocolate Vodka,13,10.923076923076923,11.0,1.8912755158683456,3.576923076923077,1
3739,Three Olives Orange Vodka,12,10.916666666666666,11.0,1.5642792899510294,2.446969696969697,1
3740,Kru Peach Mango Vodka,12,10.75,11.0,2.378884383296277,5.659090909090909,1
3742,Spring 44 Vodka,2,13.5,13.5,0.7071067811865476,0.5,1
3743,Smirnoff Sorbet Pine/Coconut,46,11.23913043478261,11.0,1.7408144021143366,3.0304347826086953,1
3745,Taaka Vodka Traveler,55,10.709090909090909,11.0,2.0337224333784927,4.136026936026937,1
3746,Gordons Vodka 80 Proof,55,11.10909090909091,11.0,1.77088309496334,3.136026936026938,1
3747,Gordons Vodka Traveler,46,11.108695652173912,11.0,1.8163242597138654,3.2990338164251214,1
3748,Smirnoff Light Peach Sorbet,14,10.928571428571429,11.0,1.4917354742965405,2.225274725274725,1
3750,Margaritaville Island Lime,5,10.4,11.0,1.51657508881031,2.3,1
3752,Margaritaville Coconut,7,10.428571428571429,12.0,2.63673679998231,6.9523809523809526,1
3753,Margaritaville Tangerine Teq,1,13.0,13.0,,,1
3754,Smirnoff Blueberry Vodka,55,11.10909090909091,11.0,1.77088309496334,3.136026936026938,1
3755,Russian Standard Original,49,9.918367346938776,10.0,1.9454726792166042,3.784863945578232,1
3757,Ketel One 325 Commemorative,9,11.555555555555555,12.0,2.0069324297987157,4.027777777777778,1
3758,Margaritaville Gold Tequila,53,10.773584905660377,11.0,2.044142752748431,4.178519593613934,1
3759,Absolut Elyx,4,10.5,10.5,1.2909944487358056,1.6666666666666667,1
3760,Absolut Pears,53,11.20754716981132,11.0,1.7580418583232986,3.090711175616837,1
3761,Ciroc Apple Vodka,41,11.170731707317072,11.0,1.8014222023777526,3.245121951219513,1
3762,Patron Silver Tequila,54,11.833333333333334,12.0,1.7988465906251634,3.235849056603774,1
3763,Patron Anejo Tequila,53,11.81132075471698,12.0,1.850744172297113,3.425253991291726,1
3764,Patron Reposado Tequila,44,12.25,13.0,1.4487364181597444,2.0988372093023258,1
3765,Three Olives Citrus Vodka,24,10.541666666666666,10.0,1.5316704909195133,2.346014492753623,1
3766,Three Olives Grape Vodka,54,10.722222222222221,11.0,1.7311427861132511,2.99685534591195,1
3768,Jenkins Vodka,55,11.4,11.0,1.7277688459933478,2.985185185185185,1
3769,Jenkins Vodka,55,11.4,11.0,1.7277688459933478,2.985185185185185,1
3770,Miodula Honey Vodka,12,9.916666666666666,10.0,1.8319554050414562,3.356060606060606,1
3773,General John Stark Vodka,45,10.088888888888889,10.0,1.8068332697419716,3.264646464646464,1
3775,Smirnoff Sorbet Pine/Coconut,2,12.5,12.5,0.7071067811865476,0.5,1
3776,Jose Cuervo Especial Silver,55,10.690909090909091,11.0,1.73068951440927,2.995286195286195,1
3777,Spring 44 Honey Vodka,2,11.5,11.5,2.1213203435596424,4.5,1
3778,Grey Goose Le Citron Vodka,5,11.8,12.0,2.280350850198276,5.2,1
3779,Three Olives Cherry Vodka,54,10.722222222222221,11.0,1.7311427861132511,2.99685534591195,1
3780,Three Olives Raspberry Vodk,54,10.722222222222221,11.0,1.7311427861132511,2.99685534591195,1
3781,Three Olives Vanilla Vodka,53,10.773584905660377,11.0,1.7056637489209776,2.9092888243831636,1
3782,Grey Goose Le Citron Vodka,54,11.37037037037037,11.5,1.9647487361203855,3.8602375960866517,1
3783,Ciroc Apple Vodka,12,11.166666666666666,10.5,1.7494587907710375,3.060606060606061,1
3784,Margaritaville Gold Tequila,53,10.773584905660377,11.0,2.044142752748431,4.178519593613934,1
3785,Svedka Orange Cream Pop,11,11.727272727272727,12.0,1.555050423035156,2.418181818181818,1
3787,Jose Cuervo Especial Silver,55,10.690909090909091,11.0,1.73068951440927,2.995286195286195,1
3788,Patron Silver Tequila,52,11.807692307692308,12.0,1.8045526471705544,3.2564102564102555,1
3790,Don Julio Blanco Tequila,54,11.148148148148149,11.0,1.7634379736956947,3.109713487071977,1
3791,Jose Cuervo Especial Silver,54,10.722222222222221,11.0,1.7311427861132511,2.99685534591195,1
3792,Jose Cuervo La Familia Rsv,18,10.5,10.0,1.465284553774253,2.1470588235294117,1
3793,Pearl Vodka PET,18,11.555555555555555,12.0,1.7895849739771976,3.202614379084967,1
3794,Cabo Wabo Reposado Tequila,55,10.6,11.0,1.7277688459933478,2.985185185185185,1
3797,Skinnygirl Sweet'Arita,52,11.192307692307692,11.5,2.1054407720583237,4.432880844645551,1
3798,Ciroc Apple Vodka,54,11.055555555555555,11.0,1.742007805656609,3.034591194968554,1
3799,La Pinta Pomegranate Liqueur,3,10.0,9.0,2.6457513110645907,7.0,1
3800,Don Julio Anejo Tequila,52,11.134615384615385,11.0,1.7715490745898748,3.1383861236802417,1
3802,Three Olives Vodka,55,10.690909090909091,11.0,1.73068951440927,2.995286195286195,1
3804,Svedka Vodka,55,11.290909090909091,12.0,1.6961036751235687,2.8767676767676766,1
3805,Cuervo Silver Rolling Stones,25,10.56,11.0,1.8726095873584188,3.5066666666666673,1
3806,Svedka Citron Vodka,30,11.4,12.0,1.6525841832592434,2.731034482758621,1
3808,Three Olives Vodka,54,10.722222222222221,11.0,1.7311427861132511,2.99685534591195,1
3809,Svedka Colada Vodka,1,12.0,12.0,,,1
3811,Absolut Spark Vodka,6,10.5,10.0,1.8708286933869707,3.5,1
3815,Solid Granite Vodka,27,9.0,9.0,2.3038429433649132,5.3076923076923075,1
3817,Crop Meyer Lemon Vodka,1,9.0,9.0,,,1
3818,Cabo Wabo Blanco Tequila,54,10.62962962962963,11.0,1.7298303580943322,2.992313067784765,1
3820,Smirnoff Citrus Vodka,53,11.11320754716981,11.0,1.7613410249283898,3.102322206095791,1
3821,Smirnoff Vanilla Vodka,53,11.11320754716981,11.0,1.7613410249283898,3.102322206095791,1
3826,Skyy Vodka,55,10.6,11.0,1.7277688459933478,2.985185185185185,1
3827,Popov Vodka,55,11.10909090909091,11.0,1.77088309496334,3.136026936026938,1
3828,Popov Traveler,5,11.2,11.0,0.8366600265340756,0.7,1
3829,Three Olives Peach Vodka,37,10.702702702702704,10.0,1.7137493798501977,2.936936936936937,1
3830,Grey Goose L'Orange Vodka,54,11.37037037037037,11.5,1.9647487361203855,3.8602375960866517,1
3831,Grey Goose L'Orange Vodka,47,11.404255319148936,12.0,1.929852150994825,3.7243293246993527,1
3834,Skyy Vodka,54,10.62962962962963,11.0,1.7298303580943322,2.992313067784765,1
3835,Smirnoff Raspberry Vodka,54,11.148148148148149,11.0,1.7634379736956947,3.109713487071977,1
3836,Smirnoff Citrus Vodka,54,11.148148148148149,11.0,1.7634379736956947,3.109713487071977,1
3837,Skyy Vodka,55,10.6,11.0,1.7277688459933478,2.985185185185185,1
3840,Smirnoff Raspberry Vodka,55,11.10909090909091,11.0,1.77088309496334,3.136026936026938,1
3841,Stolichnaya Citros Vodka,9,11.333333333333334,12.0,1.224744871391589,1.5,1
3842,Barton Vodka,55,10.654545454545454,11.0,1.974074389928023,3.896969696969697,1
3847,Grey Goose Vodka,54,11.37037037037037,11.5,1.9647487361203855,3.8602375960866517,1
3848,Chicory Root Vodka,2,9.0,9.0,1.4142135623730951,2.0,1
3851,Grey Goose Vodka,53,11.339622641509434,11.0,1.9703903969519798,3.882438316400581,1
3856,Ciroc Apple Vodka,3,13.0,13.0,1.0,1.0,1
3857,Grey Goose Vodka,55,11.327272727272728,11.0,1.9725387425622571,3.8909090909090907,1
3858,Grey Goose Vodka,55,11.327272727272728,11.0,1.9725387425622571,3.8909090909090907,1
3859,Smirnoff 80 Proof,54,11.148148148148149,11.0,1.7634379736956947,3.109713487071977,1
3860,Jose Cuervo Cinge,7,10.428571428571429,10.0,2.14919697074224,4.6190476190476195,1
3861,Zhenka 100 Vodka Traveler,3,12.0,12.0,2.0,4.0,1
3863,Evan Williams Honey Reserve,55,10.563636363636364,10.0,2.1148823307047775,4.472727272727273,1
3868,Skol Vodka,51,10.745098039215685,11.0,1.9271028748346775,3.7137254901960786,1
3870,Montelobos Mezcal,52,11.076923076923077,11.0,2.0082784925828236,4.033182503770739,1
3871,Smirnoff Watermelon Vodka,54,11.148148148148149,11.0,1.7634379736956947,3.109713487071977,1
3872,Sobieski Estate Rye Vodka,1,13.0,13.0,,,1
3873,FAIR Quinoa Vodka,2,9.5,9.5,0.7071067811865476,0.5,1
3875,Svedka Cucumber Lime Vodka,33,11.393939393939394,12.0,1.6190157878205267,2.6212121212121207,1
3876,Smirnoff 80 Proof,49,11.244897959183673,11.0,1.797343088247413,3.230442176870748,1
3877,Smirnoff Green Apple Vodka,55,11.10909090909091,11.0,1.77088309496334,3.136026936026938,1
3878,Smirnoff 80 Proof,55,11.10909090909091,11.0,1.77088309496334,3.136026936026938,1
3879,Smirnoff 80 Proof Traveler,55,11.10909090909091,11.0,1.77088309496334,3.136026936026938,1
3880,360 Double Chocolate Vodka,20,10.25,10.0,2.0487480130686233,4.197368421052632,1
3882,Smirnoff Strawberry Vodka,54,11.148148148148149,11.0,1.7634379736956947,3.109713487071977,1
3883,Hornitos Lime Shot Tequila,52,11.192307692307692,11.5,2.1054407720583237,4.432880844645551,1
3884,Bracero Blanco Tequila,27,10.444444444444445,10.0,1.6251232694862385,2.6410256410256414,1
3887,Wolfschmidt Vodka 80 Proof,45,10.866666666666667,11.0,1.9725387425622571,3.8909090909090907,1
3888,Paul Masson Peach Brandy,3,10.666666666666666,10.0,1.1547005383792517,1.3333333333333335,1
3889,Wolfschmidt Vodka Plastic,22,11.454545454545455,12.0,1.682607747268754,2.831168831168831,1
3890,Absolut Peppar,54,11.185185185185185,11.0,1.7491137817944185,3.059399021663172,1
3891,Belvedere Peach Nectar Vodka,38,10.5,10.0,1.9966187634314385,3.9864864864864864,1
3892,Zhenka Vodka 80 Proof,2,11.0,11.0,2.8284271247461903,8.0,1
3893,Zhenka 80 Proof,55,11.4,11.0,1.7277688459933478,2.985185185185185,1
3894,Zhenka Vodka 100 Proof,55,11.4,11.0,1.7277688459933478,2.985185185185185,1
3896,Zhenka Vodka,55,11.4,11.0,1.7277688459933478,2.985185185185185,1
3899,Platinum 7X Distilled Vodka,55,10.709090909090909,11.0,2.0337224333784927,4.136026936026937,1
3900,Bracero Reposado Tequila,12,10.416666666666666,9.5,2.0207259421636903,4.083333333333334,1
3903,Skinnygirl Wh Cherry Vodka,7,11.0,11.0,2.3804761428476167,5.666666666666667,1
3904,Svedka Cucumber Lime Vodka,33,11.363636363636363,12.0,1.6548825830361389,2.7386363636363633,1
3905,Deep Eddy Vodka,17,9.705882352941176,9.0,2.3120528184481683,5.345588235294119,1
3907,St George Calif Citrus Vodka,1,13.0,13.0,,,1
3908,St George Green Chile Vodka,3,10.0,9.0,1.7320508075688772,3.0,1
3909,White Mountain Vodka,40,9.175,9.5,2.240507039683606,5.019871794871796,1
3910,Hornitos Plata Tequila,53,11.132075471698114,11.0,2.1307071401934636,4.5399129172714074,1
3913,Svedka Vodka,55,11.290909090909091,12.0,1.6961036751235687,2.8767676767676766,1
3915,Sauza Silver Tequila,54,11.148148148148149,11.5,2.113812681651265,4.468204053109713,1
3917,Smirnoff Peppermint Twist,7,11.571428571428571,13.0,1.8126539343499315,3.285714285714286,1
3918,Cabo Wabo Anejo Tequila,51,10.647058823529411,11.0,1.7643529058752923,3.1129411764705877,1
3919,Hornitos Reposado Tequila,53,11.132075471698114,11.0,2.1307071401934636,4.5399129172714074,1
3921,Espolon Reposado Tequila,54,10.62962962962963,11.0,1.7298303580943322,2.992313067784765,1
3923,Don Julio 1942 Anejo Tequila,51,11.27450980392157,11.0,1.7213765581365283,2.9631372549019606,1
3924,Espolon Blanco Tequila,55,10.6,11.0,1.7277688459933478,2.985185185185185,1
3925,Don Julio Reposado Tequila,53,11.20754716981132,11.0,1.7249134935503931,2.975326560232222,1
3928,Barcraft Watermelon Fresca V,11,11.0,11.0,1.61245154965971,2.6,1
3929,Los Amantes Mezcal,51,10.843137254901961,11.0,2.043257683402736,4.1749019607843145,1
3930,Deep Eddy Vodka,18,10.61111111111111,10.0,1.7868437137915392,3.19281045751634,1
3931,New Amsterdam Peach Vodka,2,12.5,12.5,2.1213203435596424,4.5,1
3936,Stolichnaya,54,10.981481481481481,11.0,1.6539345968308392,2.7354996505939906,1
3938,Stolichnaya,54,10.981481481481481,11.0,1.6539345968308392,2.7354996505939906,1
3939,Boggy Meadow Switchel Vodka,51,11.470588235294118,11.0,1.7927960416787023,3.2141176470588237,1
3940,Pearl Cucumber Vodka,16,11.1875,11.5,1.682012683265696,2.8291666666666666,1
3941,Tres Generaciones Reposado,51,11.098039215686274,11.0,2.128425727722575,4.530196078431373,1
3943,Skyy Barcraft White Sangria,15,10.333333333333334,10.0,1.3451854182690983,1.809523809523809,1
3944,Gran Centenario Anejo,49,10.714285714285714,11.0,1.7320508075688772,3.0,1
3945,Sauza Conmemorativo,55,11.10909090909091,11.0,2.114086154668317,4.469360269360271,1
3947,Herradura Anejo Tequila,53,10.943396226415095,11.0,1.9749887471891956,3.9005805515239484,1
3949,Patron En Lalique Tequila,1,10.0,10.0,,,1
3951,Hornitos Reposado Tequila,54,11.148148148148149,11.5,2.113812681651265,4.468204053109713,1
3952,Belvedere Mango Passion,37,10.513513513513514,10.0,1.9807633436186727,3.923423423423424,1
3955,Wyborowa Vodka,3,11.0,12.0,2.6457513110645907,7.0,1
3959,Hornitos Black Barrel,52,11.057692307692308,11.0,2.0996121167310835,4.408371040723981,1
3960,Tortilla Gold Tequila Liquer,55,10.709090909090909,11.0,2.0337224333784927,4.136026936026937,1
3961,Grey Goose La Poire Vodka,54,11.37037037037037,11.5,1.9647487361203855,3.8602375960866517,1
3962,Vikingfjord Vodka,1,13.0,13.0,,,1
3963,Menage A Trois Vodka,2,12.5,12.5,0.7071067811865476,0.5,1
3967,Deep Eddy Ruby Red,55,10.563636363636364,10.0,2.1148823307047775,4.472727272727273,1
3969,Jose Cuervo Tradicional,54,10.722222222222221,11.0,1.7311427861132511,2.99685534591195,1
3970,El Toro Gold,54,10.685185185185185,11.0,1.979365955982094,3.9178895877009086,1
3973,Ciroc Ten,8,11.75,11.5,1.4880476182856899,2.2142857142857144,1
3978,Square One Bergamot Organic,16,12.3125,13.0,1.8518009252256753,3.4291666666666667,1
3979,Vesica Potato Vodka,35,9.514285714285714,10.0,1.7883845581225233,3.1983193277310926,1
3980,Hornitos Reposado Tequila,54,11.148148148148149,11.5,2.113812681651265,4.468204053109713,1
3981,Three Olives Berry Vodka,53,10.660377358490566,10.0,1.7534953688870332,3.0747460087082725,1
3982,Hornitos Reposado Tequila,54,11.148148148148149,11.5,2.113812681651265,4.468204053109713,1
3983,Wiggly Bridge Vodka,20,11.7,12.0,1.7800059136507327,3.16842105263158,1
3984,Sauza Tres Generacions Anejo,54,11.148148148148149,11.5,2.113812681651265,4.468204053109713,1
3985,Silo Cacao Vodka,3,12.0,12.0,1.0,1.0,1
3986,Deep Eddy Peach Vodka,4,10.0,9.0,2.8284271247461903,8.0,1
3987,Smirnoff Peppermint Twist,27,10.925925925925926,11.0,1.5423739426343335,2.3789173789173783,1
3988,Silo Cucumber Vodka,5,13.0,13.0,0.7071067811865476,0.5,1
3989,Deep Eddy Lemon Vodka,54,10.518518518518519,10.0,2.107853605069695,4.44304682040531,1
3991,Georgi Watermelon Vodka,1,8.0,8.0,,,1
3995,Purity Vodka,1,13.0,13.0,,,1
3996,Deep Eddy Peach Vodka,31,10.774193548387096,11.0,2.290701165136341,5.247311827956989,1
3997,Hornitos Plata Tequila,55,11.10909090909091,11.0,2.114086154668317,4.469360269360271,1
3998,Monte Alban Mezcal,49,10.73469387755102,11.0,1.9976601959551084,3.9906462585034017,1
3999,Hornitos Anejo Tequila,53,11.20754716981132,12.0,2.088047400048094,4.359941944847606,1
4005,Flor De Cana Centenial 12 Yr,2,8.0,8.0,1.4142135623730951,2.0,1
4007,Averna Amaro,49,10.673469387755102,11.0,1.7723307994234692,3.1411564625850334,1
4010,Armorik Single Malt Whiskey,1,7.0,7.0,,,1
4012,Tall Ship White Island Rum,37,9.08108108108108,9.0,2.1262692729334685,4.521021021021021,1
4018,Papa's Pilar Dark Rum,49,11.816326530612244,12.0,1.7401325307256905,3.028061224489796,1
4020,Clement Creole Shrubb Orange,2,13.5,13.5,0.7071067811865476,0.5,1
4024,Bacardi Razz,1,7.0,7.0,,,1
4025,Bacardi Oakheart Spiced Rum,32,11.5,12.0,2.063507818286384,4.258064516129032,1
4028,Bacardi Artic Grape Rum,1,13.0,13.0,,,1
4029,Tall Ship Cedar Island Spice,38,9.210526315789474,9.5,2.2319291708325077,4.981507823613086,1
4034,Pura Vida Silver Tequila,27,11.962962962962964,13.0,1.7863043388188897,3.1908831908831905,1
4040,Clement Select Barrel Rhum,51,11.803921568627452,12.0,1.8332442046070923,3.3607843137254902,1
4041,Gran Patron Piedra,5,11.8,12.0,1.9235384061671346,3.7,1
4042,Bacardi Dragon Berry,7,10.285714285714286,10.0,2.5634797778466227,6.57142857142857,1
4043,Calico Jack Cherry Rum,1,13.0,13.0,,,1
4044,Calico Jack Mango Rum,26,11.192307692307692,11.5,2.2094203904052443,4.881538461538462,1
4050,Bacardi Oakheart Spiced Rum,54,11.37037037037037,11.5,1.9647487361203855,3.8602375960866517,1
4052,Goslings Family Rsv Rum,2,11.0,11.0,4.242640687119285,18.0,1
4053,Bird Dog Strawberry Whiskey,30,10.133333333333333,10.0,2.17720689991959,4.740229885057471,1
4054,Patron XO Cafe Liqueur,52,11.923076923076923,12.0,1.747223611020637,3.052790346907994,1
4058,Bacardi Oakheart Spiced Rum,2,8.5,8.5,2.1213203435596424,4.5,1
4060,Sauza Cucumber Chili Tequila,12,11.916666666666666,13.0,2.151461800448216,4.628787878787879,1
4062,Goslings Dark'N Stormy RTD,54,10.61111111111111,11.0,1.9074498105780433,3.638364779874213,1
4064,Calico Jack Pin/Coc Rum,54,11.148148148148149,11.5,2.113812681651265,4.468204053109713,1
4065,Pink Pigeon Rum,3,13.333333333333334,13.0,0.5773502691896257,0.3333333333333333,1
4066,Bacardi Oakheart Spiced Rum,55,11.327272727272728,11.0,1.9725387425622571,3.8909090909090907,1
4073,Calico Jack Pin/Coc Rum,4,11.75,12.0,2.6299556396765835,6.916666666666667,1
4074,Blue Chair Bay White Rum,4,11.75,12.5,1.8929694486000912,3.5833333333333335,1
4075,Bacardi Pineapple Fusion,53,11.320754716981131,11.0,1.9490982619747756,3.798984034833091,1
4077,Blue Chair Bay Coc Spced Rum,6,10.5,11.0,2.16794833886788,4.7,1
4089,Capt Morgan White,48,11.0625,11.0,1.791305835346014,3.208776595744681,1
4091,Mount Gay Black Barrel Rum,52,10.596153846153847,10.0,2.04133381409635,4.167043740573153,1
4092,Bacardi Grapefruit Rum,30,10.666666666666666,11.0,1.9534820076015516,3.8160919540229887,1
4102,Bacardi Raspberry Rum,30,10.833333333333334,11.0,2.0185917476493755,4.07471264367816,1
4103,Capt Morgan White,54,11.148148148148149,11.0,1.7634379736956947,3.109713487071977,1
4104,Flipflop Spiced Rum,2,9.5,9.5,2.1213203435596424,4.5,1
4105,Patron XO Cafe Variety 3 Pak,5,10.0,9.0,2.345207879911715,5.5,1
4109,Hennessy Paradis Imperial,2,10.0,10.0,4.242640687119285,18.0,1
4111,Bird Dog Strawberry Whiskey,29,10.03448275862069,10.0,2.146138702425652,4.605911330049261,1
4113,Capt Morgan White,54,11.148148148148149,11.0,1.7634379736956947,3.109713487071977,1
4121,Tall Ship Appledore Rum,38,9.31578947368421,10.0,2.132189119418651,4.546230440967283,1
4124,Blue Chair Bay Banana Cream,6,10.666666666666666,11.0,1.8618986725025255,3.4666666666666663,1
4125,Bird Dog Kentucky Whiskey,29,10.03448275862069,10.0,2.146138702425652,4.605911330049261,1
4126,Brinley Shipwreck Mango Rum,17,12.0,13.0,1.9364916731037085,3.75,1
4130,Kraken Black Spiced Rum,54,10.722222222222221,11.0,1.7311427861132511,2.99685534591195,1
4131,Sea Hagg Blueberry Rum,28,9.392857142857142,9.0,1.5477411429249548,2.395502645502645,1
4135,Smirnoff Blueberry Vodka,53,11.18867924528302,11.0,1.754736488803342,3.079100145137881,1
4138,Sea Hagg Amber Rum,26,9.692307692307692,10.0,1.378962820941327,1.9015384615384618,1
4139,Don Q Coco Rum,1,8.0,8.0,,,1
4140,Baroca White Rum,54,11.444444444444445,11.0,1.7119630866531244,2.9308176100628933,1
4141,Wild Turkey American Honey,17,10.941176470588236,11.0,1.7489492643904125,3.058823529411765,1
4145,Don Q Cristal Rum,54,9.444444444444445,9.0,1.839469434033123,3.383647798742138,1
4147,Kirk and Sweeney 18 Yr Rum,13,10.461538461538462,10.0,2.5038431998091992,6.269230769230769,1
4148,Fattoria de Limone,12,10.583333333333334,10.5,2.2343733444579583,4.992424242424242,1
4149,Sailor Jerry Spiced Navy Rum,55,11.072727272727272,11.0,2.017098626415394,4.06868686868687,1
4150,Shellback Spiced Rum,9,11.333333333333334,12.0,1.9364916731037085,3.75,1
4152,Jenkins Rum,55,11.4,11.0,1.7277688459933478,2.985185185185185,1
4153,Jenkins Rum,54,11.444444444444445,11.0,1.7119630866531244,2.9308176100628933,1
4157,Smirnoff Green Apple Vodka,50,11.22,11.0,1.7413342292504284,3.0322448979591834,1
4160,Bacardi Gran Reserva Maestro,6,10.666666666666666,10.5,1.3662601021279464,1.8666666666666665,1
4173,Capt Morgan Spiced Rum 100,2,11.5,11.5,2.1213203435596424,4.5,1
4174,Kraken Black Spiced Rum,54,10.722222222222221,11.0,1.7311427861132511,2.99685534591195,1
4176,Blackheart Spiced Rum,54,10.61111111111111,10.0,2.1049507381558583,4.430817610062893,1
4178,Fabrizia Limoncello,54,10.092592592592593,10.0,1.7512100239173551,3.066736547868624,1
4179,Bacardi Dragon Berry Rum,54,11.37037037037037,11.5,1.9647487361203855,3.8602375960866517,1
4181,Calypso Spiced Rum,55,10.654545454545454,11.0,1.974074389928023,3.896969696969697,1
4187,Kraken Black Spiced Rum,55,10.690909090909091,11.0,1.73068951440927,2.995286195286195,1
4190,Boca Loca Cachaca,17,11.235294117647058,11.0,1.8884322785284717,3.5661764705882355,1
4191,Ypioca Cachaca Crystal Rum,1,9.0,9.0,,,1
4192,Havana Club Anejo Blanco Rum,13,11.23076923076923,12.0,2.4205318339105477,5.858974358974359,1
4194,Calico Jack Coconut Rum,54,11.148148148148149,11.5,2.113812681651265,4.468204053109713,1
4195,Calico Jack Spiced Rum No 94,54,11.148148148148149,11.5,2.113812681651265,4.468204053109713,1
4196,Bacardi Dragon Berry Rum,54,11.37037037037037,11.5,1.9647487361203855,3.8602375960866517,1
4197,Sailor Jerry Spiced Rum Trav,52,11.153846153846153,11.5,1.964235273881769,3.858220211161388,1
4198,Sailor Jerry Spiced Navy Rum,55,11.072727272727272,11.0,2.017098626415394,4.06868686868687,1
4199,Sauza Blanco Tequila,53,11.18867924528302,12.0,2.112750702225245,4.463715529753266,1
4200,Bacardi Grand Melon,31,11.548387096774194,12.0,1.8409908505551993,3.3892473118279565,1
4201,Calico Jack Silver Rum,55,11.10909090909091,11.0,2.114086154668317,4.469360269360271,1
4204,Bacardi Coco Rum,53,11.339622641509434,11.0,1.9703903969519798,3.882438316400581,1
4206,Kirk and Sweeney 23 Yr Rum,4,10.75,11.0,1.2583057392117916,1.5833333333333333,1
4207,Mr Boston Triple Sec,9,9.88888888888889,9.0,1.964971020425266,3.861111111111111,1
4208,Conch Republic Dark Rum,2,11.0,11.0,4.242640687119285,18.0,1
4211,Cruzan Passion Fruit Rum,53,11.132075471698114,11.0,2.1307071401934636,4.5399129172714074,1
4214,Bacardi O Orange Rum,12,11.166666666666666,11.0,1.8989630344113089,3.606060606060606,1
4215,Kingfish Silver Rum,19,8.578947368421053,9.0,2.03622170463075,4.146198830409357,1
4216,Havana Club Anejo Clsco Gold,14,10.857142857142858,11.0,2.315736894087358,5.362637362637364,1
4218,Sailor Jerry Spiced Navy Rum,53,11.169811320754716,12.0,1.9878075384376064,3.9513788098693756,1
4219,Commander Quincy's Rum Toddy,8,10.375,10.0,0.9161253813129043,0.8392857142857143,1
4221,Bacardi Gold Rum Traveler,28,11.392857142857142,11.0,2.0965454074507055,4.395502645502645,1
4222,Bacardi Gold Rum,53,11.320754716981131,11.0,1.9490982619747756,3.798984034833091,1
4223,Bacardi Gold Rum,55,11.327272727272728,11.0,1.9725387425622571,3.8909090909090907,1
4224,Goslings Black Seal Rum 80,54,10.61111111111111,11.0,1.9074498105780433,3.638364779874213,1
4225,Goslings Black Seal Bermuda,54,10.61111111111111,11.0,1.9074498105780433,3.638364779874213,1
4226,Bacardi Superior Rum Trav,54,11.37037037037037,11.5,1.9647487361203855,3.8602375960866517,1
4227,Bacardi Superior Rum Trav,33,11.242424242424242,11.0,2.062012109419811,4.2518939393939394,1
4228,Bacardi 8,53,11.320754716981131,11.0,1.9490982619747756,3.798984034833091,1
4229,Bacardi Black,54,11.37037037037037,11.5,1.9647487361203855,3.8602375960866517,1
4230,Pumpkin Face Rum,17,11.176470588235293,11.0,1.6671567906786338,2.779411764705882,1
4232,Castillo Silver Label Rum,54,11.37037037037037,11.5,1.9647487361203855,3.8602375960866517,1
4233,Castillo Silver Label Rum,55,11.327272727272728,11.0,1.9725387425622571,3.8909090909090907,1
4234,Bacardi Pineapple Fusion,54,11.37037037037037,11.5,1.9647487361203855,3.8602375960866517,1
4235,Sailor Jerry Spiced Rum,9,12.11111111111111,12.0,1.536590742882148,2.361111111111111,1
4237,Havana Club Anejo Blanco Rum,12,10.166666666666666,9.5,2.2896340848319503,5.242424242424242,1
4239,Pampero Ron Anejo Aniversari,48,11.104166666666666,11.0,1.7164979604494002,2.9463652482269502,1
4241,Capt Morgan Spiced Rum,55,11.10909090909091,11.0,1.77088309496334,3.136026936026938,1
4243,Bacardi Superior Rum,55,11.327272727272728,11.0,1.9725387425622571,3.8909090909090907,1
4244,Castillo Gold Rum,28,11.035714285714286,11.0,1.9337574794730565,3.739417989417989,1
4245,Bacardi Superior Rum,54,11.37037037037037,11.5,1.9647487361203855,3.8602375960866517,1
4246,Bacardi Superior Rum,53,11.339622641509434,11.0,1.9703903969519798,3.882438316400581,1
4247,Bacardi Limon Rum,54,11.37037037037037,11.5,1.9647487361203855,3.8602375960866517,1
4248,Spiced Root Marley Rum,1,12.0,12.0,,,1
4249,Capt Morgan White Coconut,53,11.169811320754716,11.0,1.773044416301258,3.1436865021770686,1
4250,Zaya Grand Reserva Rum,54,11.833333333333334,12.0,1.7988465906251634,3.235849056603774,1
4251,Havana Club Anejo Clsco Gold,6,9.833333333333334,8.5,2.9268868558020253,8.566666666666666,1
4252,Bacardi Limon Rum,15,12.333333333333334,13.0,2.0236694629405503,4.095238095238096,1
4254,Remy Martin 1738 Accord Royl,32,10.6875,10.5,2.0230526279570364,4.092741935483871,1
4256,English Harbour Rum,12,12.333333333333334,13.0,1.1547005383792515,1.333333333333333,1
4257,Bacardi Grapefruit Rum,10,10.2,10.5,1.8135294011647258,3.288888888888889,1
4258,Bacardi Mango Fusion,54,11.37037037037037,11.5,1.9647487361203855,3.8602375960866517,1
4259,Castillo Spiced Rum,6,10.166666666666666,10.0,0.752772652709081,0.5666666666666667,1
4260,Capt Morgan Original Barrel,23,11.26086956521739,11.0,1.7377464849194206,3.019762845849802,1
4261,Capt Morgan Spiced Rum,55,11.10909090909091,11.0,1.77088309496334,3.136026936026938,1
4262,Capt Morgan Spiced Rum,54,11.055555555555555,11.0,1.742007805656609,3.034591194968554,1
4263,Capt Morgan Silver Spicd Rum,42,11.142857142857142,11.0,1.788464780692369,3.1986062717770034,1
4264,Capt Morgan Spiced Rum Trav,55,11.10909090909091,11.0,1.77088309496334,3.136026936026938,1
4265,Capt Morgan Spiced Rum,54,11.148148148148149,11.0,1.7634379736956947,3.109713487071977,1
4267,Bacardi Limon Rum,55,11.327272727272728,11.0,1.9725387425622571,3.8909090909090907,1
4268,Capt Morgan Private Stock,54,11.148148148148149,11.0,1.7634379736956947,3.109713487071977,1
4269,Calico Jack Spiced Rum,54,11.148148148148149,11.5,2.113812681651265,4.468204053109713,1
4270,Brugal Anejo Rum,54,10.0,10.0,2.064982068541087,4.264150943396227,1
4272,Smith & Cross Jamacian Rum,42,10.80952380952381,11.0,2.1890870715292143,4.7921022067363515,1
4274,Dictador 12 Yr Rum,36,12.13888888888889,13.0,1.6587909155729368,2.7515873015873016,1
4276,Goslings Gold Seal Rum,37,10.513513513513514,11.0,1.8502495570661337,3.4234234234234235,1
4277,Bacardi Limon Rum,22,10.681818181818182,10.5,1.9612038003023415,3.8463203463203466,1
4278,Capt Morgan Parrot Bay Cocnt,54,11.148148148148149,11.0,1.7634379736956947,3.109713487071977,1
4280,Capt Morgan Parrot Bay Coco,52,11.153846153846153,11.0,1.7532559669572472,3.0739064856711917,1
4282,Capt Morgan White Pineapple,53,11.169811320754716,11.0,1.773044416301258,3.1436865021770686,1
4283,Hochstadter's Slow and Low,54,11.851851851851851,12.0,1.7634379736956947,3.109713487071977,1
4287,Dictador 20 Yr Rum,2,9.0,9.0,0.0,0.0,1
4289,Silver Root Marley Rum,2,8.5,8.5,0.7071067811865476,0.5,1
4290,Bacardi Tangerine Rum,23,11.565217391304348,12.0,1.9265156242794623,3.711462450592886,1
4291,Ronrico Gold,55,11.10909090909091,11.0,2.114086154668317,4.469360269360271,1
4294,Goslings Black Seal 151,53,10.641509433962264,11.0,1.9023703799232392,3.619013062409289,1
4295,Ronrico Silver Rum,1,12.0,12.0,,,1
4296,Ronrico Silver Rum,54,11.148148148148149,11.5,2.113812681651265,4.468204053109713,1
4297,Ronrico Silver Traveler,30,10.9,10.5,2.2946714887711726,5.26551724137931,1
4298,Bacardi Raspberry Rum,9,10.0,10.0,2.23606797749979,5.0,1
4299,Capt Morgan White Grapefruit,54,11.148148148148149,11.0,1.7634379736956947,3.109713487071977,1
4300,BenRiach Barrel 94,10,11.7,12.0,2.110818693198342,4.455555555555557,1
4302,Flora de Cana Black 5 YO Rum,17,11.764705882352942,12.0,1.3932610920384718,1.9411764705882353,1
4303,Calico Jack Spiced Rum,53,11.20754716981132,12.0,2.088047400048094,4.359941944847606,1
4304,Bacardi Mango Fusion,8,11.125,11.0,2.1671244937540095,4.696428571428571,1
4308,Mount Gay Eclipse Silver Rum,1,8.0,8.0,,,1
4309,Paul Masson Gr Amber Brandy,54,11.333333333333334,12.0,1.682316462276133,2.8301886792452837,1
4313,Sauza Blue Silver Tequila,55,11.10909090909091,11.0,2.114086154668317,4.469360269360271,1
4315,Rumson's Spiced Rum,42,10.476190476190476,10.0,1.6415057816305725,2.6945412311265966,1
4316,Bacardi Peach Red Rum,2,9.5,9.5,2.1213203435596424,4.5,1
4317,Pyrat XO Reserve Rum,51,11.843137254901961,12.0,1.7363473041947324,3.0149019607843144,1
4319,Bacardi Limon Traveler,1,11.0,11.0,,,1
4320,D'Usse VSOP Cognac,54,11.37037037037037,11.5,1.9647487361203855,3.8602375960866517,1
4322,Cruzan Raspberry Flavord Rum,18,10.666666666666666,10.0,1.7822655773580138,3.1764705882352944,1
4326,Rumson's Coffee Rum,21,10.19047619047619,10.0,1.4359334113755977,2.0619047619047617,1
4327,Capt Morgan Spiced Rum 100,54,11.148148148148149,11.0,1.7634379736956947,3.109713487071977,1
4329,Herradura Anejo LaCaretta DB,1,8.0,8.0,,,1
4330,Capt Morgan Spiced Rum 100,55,11.10909090909091,11.0,1.77088309496334,3.136026936026938,1
4331,Bacardi Dragon Berry Trav,1,11.0,11.0,,,1
4334,Casa Noble Blanco Crystal,53,11.377358490566039,12.0,1.6667150452581827,2.777939042089986,1
4337,Rumson's Grand Rsv Rum,2,10.0,10.0,1.4142135623730951,2.0,1
4340,Cruzan Black Strap Rum,29,11.655172413793103,12.0,2.125959650016325,4.519704433497536,1
4343,Cruzan Blueberry Lemonade,54,11.148148148148149,11.5,2.113812681651265,4.468204053109713,1
4344,Calypso Silver Rum,19,10.789473684210526,11.0,1.9601288894248499,3.842105263157895,1
4345,Capt Morgan Tattoo Rum,45,10.933333333333334,11.0,1.7109274465250497,2.927272727272727,1
4346,Mr Boston Dark Rum,54,10.685185185185185,11.0,1.979365955982094,3.9178895877009086,1
4349,Sauza Blue Silver,54,11.148148148148149,11.5,2.113812681651265,4.468204053109713,1
4351,Capt Morgan Black Spiced Rum,49,11.16326530612245,11.0,1.6626652646618096,2.7644557823129254,1
4353,AnestasiA Vodka,14,11.5,12.0,1.8292495308606331,3.3461538461538463,1
4354,Casa Noble Anejo,2,12.0,12.0,2.8284271247461903,8.0,1
4355,Sea Hagg Spiced Rum,15,8.933333333333334,9.0,1.4375905768565218,2.0666666666666673,1
4357,Bacardi Oakheart Spiced Trav,1,13.0,13.0,,,1
4358,Mr Boston Light Rum,41,10.536585365853659,10.0,2.0012191406191597,4.004878048780488,1
4359,Mr Boston Light Rum,55,10.654545454545454,11.0,1.974074389928023,3.896969696969697,1
4361,Casa Noble Repsdo La Carreta,2,9.5,9.5,0.7071067811865476,0.5,1
4362,Ron Virgin Heavy Bodied Rum,53,11.452830188679245,11.0,1.7272258519621868,2.983309143686502,1
4363,Capt Morgan Black Spiced Rum,54,11.166666666666666,11.0,1.7347720202563073,3.0094339622641497,1
4365,Calypso Silver Rum,8,10.625,10.5,2.065879266282796,4.267857142857143,1
4366,Kracken Black Rum,33,10.606060606060606,10.0,1.5799405435686877,2.4962121212121207,1
4368,Capt Morgan Private Stock,54,11.148148148148149,11.0,1.7634379736956947,3.109713487071977,1
4370,Ron Virgin White,55,11.4,11.0,1.7277688459933478,2.985185185185185,1
4375,Capt Morgan Lime Bite Rum,1,12.0,12.0,,,1
4377,Cruzan 9 Rum,4,12.0,12.5,1.4142135623730951,2.0,1
4379,Bacardi Coconut,7,11.0,11.0,2.516611478423583,6.333333333333333,1
4380,Ron Virgin Heavy Bodied Rum,54,11.444444444444445,11.0,1.7119630866531244,2.9308176100628933,1
4382,Admiral Nelson Spiced Rum,54,10.61111111111111,10.0,2.1049507381558583,4.430817610062893,1
4385,Parrot Bay 90 Coconut Capt,54,11.148148148148149,11.0,1.7634379736956947,3.109713487071977,1
4386,Casa Noble Reposado,44,11.431818181818182,12.0,1.5461539270633313,2.390591966173361,1
4389,Amaro Montenegro Liqueur,52,11.557692307692308,11.5,1.6379501960210971,2.6828808446455503,1
4390,Ron Zacapa 23 Yr Old Rum,53,11.09433962264151,11.0,1.7349811675257705,3.0101596516690856,1
4391,Matusalem Gran Reserva Rum,50,10.84,11.0,1.6581277861196468,2.7493877551020414,1
4397,Capt Morgan Parrot Bay Mango,1,11.0,11.0,,,1
4398,Capt Morgan ParrotBay Pineap,2,10.5,10.5,2.1213203435596424,4.5,1
4399,Screech Honey Rum,4,10.25,10.0,1.5,2.25,1
4401,Papa Pilar Double Barrel Rum,9,11.777777777777779,12.0,1.922093765778466,3.694444444444444,1
4402,Don Q Gran Anejo Rum VAP,1,12.0,12.0,,,1
4404,Bacardi Gold Rum,52,11.26923076923077,11.0,2.0011309019846326,4.004524886877829,1
4408,Screech Spiced Rum,2,10.0,10.0,1.4142135623730951,2.0,1
4410,Cruzan Mango Flavored Rum,54,11.148148148148149,11.5,2.113812681651265,4.468204053109713,1
4411,Fabrizia's Italian Margarita,30,10.133333333333333,10.0,1.7564331673207403,3.085057471264368,1
4412,Pusser's British Navy Rum,54,10.592592592592593,11.0,1.9668816284467794,3.8686233403214545,1
4413,Casamigos Blanco,53,10.641509433962264,11.0,1.932458971826803,3.7343976777939045,1
4414,Cruzan Pineapple Rum,55,11.10909090909091,11.0,2.114086154668317,4.469360269360271,1
4415,Cruzan Banana Flavored Rum,21,11.142857142857142,12.0,2.286606968539069,5.2285714285714295,1
4416,Cruzan Coconut Flavored Rum,54,11.148148148148149,11.5,2.113812681651265,4.468204053109713,1
4418,Don Q Single Barrel Rum,1,10.0,10.0,,,1
4421,Cruzan Vanilla Flavored Rum,40,11.025,10.5,2.224427324746062,4.948076923076923,1
4422,Jenkins Spiced Rum,34,11.647058823529411,11.0,1.5932119823417605,2.538324420677362,1
4424,Barbarossa Spiced Rum,2,12.5,12.5,2.1213203435596424,4.5,1
4425,Whalers Vanille Rum,1,14.0,14.0,,,1
4427,Rhum Barbancourt 3 Star,1,12.0,12.0,,,1
4429,Capt Morgan Silver Spicd Rum,54,11.074074074074074,11.0,1.7681869175914573,3.126484975541579,1
4431,Screech Rum,52,11.48076923076923,11.0,1.6626270803900842,2.7643288084464555,1
4437,Mount Gay Eclipse,54,10.61111111111111,10.0,2.013320421467198,4.053459119496855,1
4438,Cruzan Black Cherry Rum,54,11.148148148148149,11.5,2.113812681651265,4.468204053109713,1
4447,Patron XO Cafe Dark Cocoa,47,12.085106382978724,13.0,1.6917933273156258,2.862164662349676,1
4450,Leblon Natural Cane Cachaca,52,11.288461538461538,11.0,1.9537449053943683,3.817119155354449,1
4453,Pitu Brazilian Rum Cachaca,6,10.833333333333334,11.0,2.1369760566432805,4.5666666666666655,1
4460,Cruzan Strawberry Rum,6,10.833333333333334,11.0,1.7224014243685086,2.9666666666666672,1
4478,Myers Original Dark Rum,54,11.148148148148149,11.0,1.7634379736956947,3.109713487071977,1
4480,Appleton Special Gold Rum,53,10.679245283018869,11.0,1.7071522047602279,2.9143686502177073,1
4482,Don Pancho Origenes Rsva Rum,10,11.6,11.5,1.776388345929897,3.1555555555555554,1
4483,Casamigos Reposado,53,10.641509433962264,11.0,1.932458971826803,3.7343976777939045,1
4488,Zhenka Tropical Dark Rum,54,11.444444444444445,11.0,1.7119630866531244,2.9308176100628933,1
4491,Calvados Marquis De St Loup,38,12.052631578947368,13.0,1.6917505474068846,2.8620199146514933,1
4494,Jenkins French Brandy,55,11.4,11.0,1.7277688459933478,2.985185185185185,1
4498,Calvados Boulard Grnd Brandy,46,11.23913043478261,11.5,1.8877945110477539,3.5637681159420285,1
4502,E & J XO Brandy,55,11.2,11.0,1.9187187082742176,3.681481481481482,1
4505,El Jimador Reposado Tequila,2,12.5,12.5,2.1213203435596424,4.5,1
4511,Camus Extra Elegance,2,13.5,13.5,0.7071067811865476,0.5,1
4513,Chauffe-Coeur Calvados VSOP,50,10.86,11.0,1.9588626437662384,3.8371428571428567,1
4518,Remy Martin VS Cognac,2,12.5,12.5,0.7071067811865476,0.5,1
4521,Appleton Estate Reserve Rum,53,10.679245283018869,11.0,1.7071522047602279,2.9143686502177073,1
4522,Lairds Apple Jack,53,9.981132075471699,10.0,1.6230380586766648,2.634252539912917,1
4524,Smoky Quartz Granite Cst Rum,23,9.26086956521739,9.0,2.220102194706521,4.928853754940711,1
4525,Paul Masson Peach Brandy,3,9.666666666666666,10.0,0.5773502691896257,0.3333333333333333,1
4527,Camus Grand VSOP Elegance,43,10.55813953488372,11.0,1.979686429972895,3.9191583610188254,1
4528,Remy Martin XO Cognac,47,10.680851063829786,10.0,1.9348787511582286,3.743755781683626,1
4540,Chase Elderflower Liqueur,15,11.0,11.0,1.889822365046136,3.5714285714285716,1
4542,Richland Rum,1,13.0,13.0,,,1
4545,Capel Premium Pisco,9,10.666666666666666,10.0,2.0615528128088303,4.25,1
4550,E & J XO Brandy,54,11.24074074074074,11.0,1.9125719637237402,3.6579315164220834,1
4556,Austin Cocktails Vodkarita,2,11.5,11.5,3.5355339059327378,12.5,1
4563,Christian Bros Brandy,55,10.563636363636364,10.0,2.1148823307047775,4.472727272727273,1
4565,Christian Bros VS Brandy,55,10.563636363636364,10.0,2.1148823307047775,4.472727272727273,1
4574,Remy Martin VS Cognac,6,11.0,11.0,2.9664793948382653,8.8,1
4575,Brugal XV Rum,6,11.833333333333334,12.0,2.316606713852541,5.366666666666667,1
4576,Coronet VSQ,2,9.5,9.5,0.7071067811865476,0.5,1
4580,Casamigos Reposado Tequila,45,10.688888888888888,11.0,1.8928360422467347,3.5828282828282827,1
4582,Diplomatico Venezln Rsva Rum,25,11.28,12.0,1.6960738977611403,2.876666666666667,1
4583,Perc Coffee Liqueur,14,11.571428571428571,12.5,1.9889806323953876,3.9560439560439558,1
4585,Coruba Rum,1,12.0,12.0,,,1
4595,Don Pancho Origenes 18Yr Rum,4,12.0,12.0,1.1547005383792515,1.3333333333333333,1
4605,Camus Elegance XO,2,10.0,10.0,1.4142135623730951,2.0,1
4606,Grand Mayan Barrel Aged Tequ,9,11.666666666666666,11.0,1.8708286933869707,3.5,1
4616,Penny Blue XO Mauritian Rum,10,11.7,12.5,1.9465068427541912,3.7888888888888896,1
4620,Papa's Pilar Blonde Rum,25,12.32,13.0,1.725301905947671,2.9766666666666666,1
4624,Meukow 90,50,10.82,11.0,1.9762880067728705,3.9057142857142852,1
4625,Courvoisier XO Cognac,29,11.482758620689655,12.0,2.261805373324157,5.115763546798031,1
4626,Meukow VS Cognac,53,10.622641509433961,11.0,1.9436921160744536,3.777939042089987,1
4627,Wiggly Bridge Gold Rum,8,12.0,13.0,1.7728105208558367,3.142857142857143,1
4628,Martell Cordon Bleu,40,11.125,11.0,1.6822984887136425,2.8301282051282053,1
4629,Courvoisier C,25,11.32,12.0,2.1158134763411134,4.4766666666666675,1
4632,Hennessey Master Blenders #1,3,10.666666666666666,10.0,3.055050463303893,9.333333333333332,1
4634,Gold Crown Wh Rum,54,11.444444444444445,11.0,1.7119630866531244,2.9308176100628933,1
4639,Jeffersons  Ocean Bourbon,20,10.45,11.0,2.0641042405337657,4.260526315789473,1
4652,Hennessy XO Cognac,51,10.666666666666666,11.0,1.9356308187943967,3.746666666666666,1
4662,Capt Morgan White PET,32,11.1875,11.0,1.7494238682971437,3.060483870967742,1
4664,Hennessy Black Cognac,53,10.641509433962264,11.0,1.9124525094419542,3.6574746008708283,1
4670,Bacardi Dragon Berry Rum,54,11.277777777777779,11.0,1.956283217010572,3.827044025157232,1
4673,Hennessy VS Cognac,51,10.607843137254902,11.0,1.9087004099391711,3.6431372549019603,1
4677,Courvoisier 12 Yr Cognac,53,11.18867924528302,12.0,2.112750702225245,4.463715529753266,1
4678,Courvoisier VS Cognac,55,11.10909090909091,11.0,2.114086154668317,4.469360269360271,1
4679,Courvoisier VS Cognac,54,11.148148148148149,11.5,2.113812681651265,4.468204053109713,1
4682,Courvoisier VSOP Cognac,53,11.20754716981132,12.0,2.088047400048094,4.359941944847606,1
4683,Hennessy VS Cognac,53,10.660377358490566,11.0,1.9008439039462999,3.6132075471698104,1
4686,Courvoisier VS Cognac,53,11.132075471698114,11.0,2.1307071401934636,4.5399129172714074,1
4687,DeLuze VS Cognac,16,10.0,10.0,1.8618986725025255,3.466666666666667,1
4689,Hennessy Privilege VSOP,54,10.592592592592593,10.5,1.90845703278377,3.6422082459818315,1
4692,Ron Barcelo Anejo Rum,25,10.8,11.0,1.7320508075688772,3.0,1
4696,Blue Chair Bay Banana Rum,22,11.090909090909092,11.0,1.6008655667389946,2.562770562770562,1
4697,Courvoisier 21 Yr Cognac,5,11.2,10.0,2.588435821108957,6.7,1
4698,Metaxa 5 Star,13,10.692307692307692,10.0,1.702185623672077,2.8974358974358974,1
4701,Fabrizia Limoncello,54,10.092592592592593,10.0,1.7512100239173551,3.066736547868624,1
4702,Metaxa Amphora,52,10.634615384615385,10.5,2.048709265145254,4.197209653092006,1
4703,Blue Chair Bay Coconut Rum,3,11.0,11.0,1.0,1.0,1
4705,Blue Chair Bay Banana Rum,4,11.0,11.0,1.8257418583505538,3.3333333333333335,1
4722,Remy Martin VSOP Cognac,54,10.61111111111111,10.0,2.013320421467198,4.053459119496855,1
4723,Kinky Flame Whisky,3,10.0,10.0,1.0,1.0,1
4724,Patron Citronge Lime Liqueur,45,11.733333333333333,12.0,1.838972044871314,3.3818181818181823,1
4732,Remy Martin VSOP Cognac,50,10.76,11.0,2.005706145689628,4.022857142857143,1
4734,Capt Morgan Cannon Blast,55,11.10909090909091,11.0,1.77088309496334,3.136026936026938,1
4736,Capt Morgan Spiced Rum,54,11.148148148148149,11.0,1.7634379736956947,3.109713487071977,1
4737,St Remy VSOP Authentic Brndy,54,10.61111111111111,10.0,2.013320421467198,4.053459119496855,1
4748,Patron XO Cafe Incendio,9,11.555555555555555,12.0,2.185812841434,4.777777777777778,1
4751,Capt Morgan Cannon Blast,5,11.4,12.0,1.816590212458495,3.3,1
4752,Flor de Cana 4Yr Gold Rum,5,12.2,13.0,1.30384048104053,1.7000000000000004,1
4757,Flor De Cana 4 Yr Old Wh Rum,2,13.5,13.5,0.7071067811865476,0.5,1
4760,Kinky Flame Whisky,6,10.333333333333334,11.0,1.505545305418162,2.2666666666666666,1
4762,Hartley Brandy VS,54,10.74074074074074,11.0,2.039100663631416,4.157931516422082,1
4763,Ron Zacapa XO Rum,1,10.0,10.0,,,1
4764,Flor de Cana Gran Rsv Rum,53,11.09433962264151,11.0,1.9929119682533762,3.9716981132075464,1
4767,El Jimador Reposado Tequila,54,10.88888888888889,11.0,1.9968528698048331,3.987421383647798,1
4772,Blue Chair Bay Banana Cream,9,11.0,11.0,1.9364916731037085,3.75,1
4779,Molletto Grappa di Barbera,53,9.943396226415095,10.0,1.6221435763498797,2.631349782293178,1
4783,Mr Boston Apricot Brandy,55,10.654545454545454,11.0,1.974074389928023,3.896969696969697,1
4784,Presidente Solera Brandy,19,11.052631578947368,11.0,1.840099158274005,3.385964912280701,1
4785,Remy Martin XO Excellence,8,9.75,9.5,1.5811388300841898,2.5,1
4787,Appleton Special Gold Rum,54,10.62962962962963,11.0,1.7298303580943322,2.992313067784765,1
4796,Caravella Limoncello,54,10.685185185185185,11.0,1.979365955982094,3.9178895877009086,1
4798,Sambuca Romana Liqueur,54,11.148148148148149,11.0,1.7634379736956947,3.109713487071977,1
4802,Monteru Sauternes French Bra,1,13.0,13.0,,,1
4804,Rhum Barbancourt RSV Special,54,10.648148148148149,11.0,1.914762977670313,3.666317260656884,1
4806,Leroux Blackberry Brandy,54,11.148148148148149,11.5,2.113812681651265,4.468204053109713,1
4808,Leroux Polish Blackberry Bdy,4,11.25,11.5,1.707825127659933,2.9166666666666665,1
4813,Monteru Sherry French Brandy,1,13.0,13.0,,,1
4815,Courvoisier Rose,2,11.5,11.5,2.1213203435596424,4.5,1
4816,Very Old Barton,1,13.0,13.0,,,1
4817,Skyy Infusions TX Grapefruit,53,10.622641509433961,11.0,1.7456144509371925,3.047169811320756,1
4818,Skyy Infusions Pacific Blueb,51,10.607843137254902,11.0,1.7672400105537336,3.1231372549019603,1
4824,Deep Eddy Sweet Tea Vodka,21,10.761904761904763,11.0,2.508082173788608,6.2904761904761894,1
4829,Mr Boston Blackberry Brandy,54,10.685185185185185,11.0,1.979365955982094,3.9178895877009086,1
4833,Plantation Original Dark Rum,27,11.592592592592593,11.0,1.550663859306202,2.404558404558405,1
4834,Ole Smoky Shine Nog,10,10.9,11.0,1.66332999331662,2.766666666666667,1
4844,Monteru Triple Toast Brandy,1,13.0,13.0,,,1
4845,Arrow Cherry Brandy,49,10.775510204081632,11.0,1.9607110330444006,3.8443877551020407,1
4846,Cruzan Estate Diamond Dark,52,11.153846153846153,11.5,2.1179403182227645,4.4856711915535445,1
4857,Skyy Infusions Grapefuit,27,10.814814814814815,11.0,1.8612865078723009,3.4643874643874644,1
4858,Kraken Black Spiced Rum,40,10.85,10.5,1.6725537053966004,2.797435897435898,1
4868,Skyy Infusions Blueberry,33,10.333333333333334,10.0,1.6708281379802852,2.7916666666666665,1
4876,Skyy Infusion Tropical Mango,25,10.8,11.0,1.8027756377319946,3.25,1
4878,Allens Coffee Brandy,54,11.444444444444445,11.0,1.7119630866531244,2.9308176100628933,1
4881,Bacardi Twin Pack 2/750mls,18,11.38888888888889,11.5,1.8515141304249878,3.428104575163399,1
4882,Arrow Coffee Brandy,55,10.8,11.0,1.96638416050035,3.8666666666666667,1
4884,Bayou Silver Rum,19,11.31578947368421,11.0,1.529438225803745,2.339181286549708,1
4886,St Remy VSOP Authentic Brndy,7,9.428571428571429,9.0,1.3972762620115438,1.9523809523809526,1
4889,Jenkins Coffee Brandy,40,11.575,11.5,1.567089413776135,2.455769230769231,1
4890,Skyy Infusion Tropical Mango,25,10.76,11.0,1.8321208111548395,3.356666666666667,1
4892,DeKuyper Coffee Brandy,8,11.875,12.5,1.8850918886280925,3.5535714285714284,1
4896,Hiram Walker Coffee Brandy,54,11.185185185185185,11.0,1.7491137817944185,3.059399021663172,1
4897,Remy Martin VSOP Cognac,40,10.9,12.0,1.9188671871839598,3.682051282051282,1
4898,Mount Gay Extra Old Rum,49,10.714285714285714,11.0,2.0412414523193148,4.166666666666666,1
4899,Clement Mahina Coco Liqueur,38,12.052631578947368,12.5,1.626592665185503,2.6458036984352775,1
4902,Ron Virgin Bold Coconut Rum,5,11.2,11.0,1.4832396974191326,2.2,1
4903,Bacardi Superior Rum,17,11.941176470588236,12.0,1.784327192364608,3.1838235294117645,1
4904,Bayou Spiced Rum,21,11.428571428571429,12.0,1.5023790657297036,2.257142857142857,1
4916,Mr Boston Coffee Brandy,55,10.654545454545454,11.0,1.974074389928023,3.896969696969697,1
4921,Twenty Grand Cognac,4,10.0,10.5,2.449489742783178,6.0,1
4932,Arrow Ginger Brandy,54,10.833333333333334,11.0,1.9691009345805608,3.8773584905660377,1
4938,Kapali Coffee,50,10.78,11.0,2.082874779466777,4.3383673469387745,1
4939,Kapali Coffee,55,10.709090909090909,11.0,2.0337224333784927,4.136026936026937,1
4942,Cruzan 151 Aged Rum,19,11.473684210526315,12.0,2.010207867986448,4.04093567251462,1
4945,Jacquin Ginger Brandy,55,10.090909090909092,9.0,1.9745860069872616,3.8989898989898983,1
4948,Ron Virgin Black Spiced Rum,2,12.5,12.5,0.7071067811865476,0.5,1
4959,Bacardi Tangerine,48,11.291666666666666,11.5,1.9673757586913905,3.8705673758865244,1
4978,Jacquin Peach Brandy,26,10.884615384615385,11.0,2.103842638163284,4.426153846153847,1
4979,Patron Silver Tequila,43,12.13953488372093,13.0,1.567245010001053,2.456256921373201,1
4989,Martell VS Cognac,50,11.26,11.0,1.675879300120217,2.8085714285714283,1
4994,Laird's Jersey Lightning,1,8.0,8.0,,,1
5001,Johnnie Walker King George V,9,11.777777777777779,12.0,1.6414763002993507,2.694444444444444,1
5003,Brinley Shipwreck Coconut Cr,25,11.88,12.0,1.9857828011475307,3.9433333333333334,1
5005,Woodford Reserve Derby,5,11.4,11.0,1.816590212458495,3.3,1
5014,Penn Dutch Pumpkin Cr Liquer,15,9.533333333333333,9.0,1.8073922282301278,3.2666666666666666,1
5015,Arrow Creme de Banana,52,10.826923076923077,11.0,1.9171174628894907,3.675339366515838,1
5016,Villa Zarri Coffee Brandy,1,7.0,7.0,,,1
5018,E&J Apple Brandy,29,11.448275862068966,12.0,1.992597136842692,3.9704433497536935,1
5027,99 Apples Schnapps Liqueur,53,10.735849056603774,11.0,1.9626409150410893,3.851959361393324,1
5031,DeKuyper Peppermint Schnapp,55,11.10909090909091,11.0,2.114086154668317,4.469360269360271,1
5033,Fireball Cinnamon Whisky,26,10.807692307692308,11.0,1.7892843434005847,3.201538461538462,1
5042,Tequila Rose Liqueur,54,10.037037037037036,10.0,1.9806894450790764,3.9231306778476593,1
5054,Jagermeister Spice,21,10.761904761904763,11.0,2.188715648611347,4.7904761904761894,1
5056,Hiram Walker Pumpkin Spice,18,10.88888888888889,10.5,1.7785945835997752,3.163398692810458,1
5058,Capt Morgan Long Isl Tea RTD,54,11.148148148148149,11.0,1.7634379736956947,3.109713487071977,1
5060,Dr McGillicuddy's Butterscth,52,10.826923076923077,11.0,2.0265023847840506,4.106711915535445,1
5062,Southern Comfort Lime,1,10.0,10.0,,,1
5065,Berentzen Apple Liqueur,16,11.625,12.0,1.8929694486000912,3.5833333333333335,1
5067,Zodiac Vodka,2,10.5,10.5,0.7071067811865476,0.5,1
5070,Russo Limoncello,50,10.64,10.5,1.7700455430552617,3.1330612244897966,1
5071,Drambuie 15 Yr Old,3,10.666666666666666,10.0,3.055050463303893,9.333333333333332,1
5073,DeKuyper O3 Orange Liqueur,1,13.0,13.0,,,1
5075,Tuaca Italian Liqueur,48,11.0625,11.0,1.9722138980279162,3.889627659574468,2
5076,M Duffau Napoleon Armagnac,53,10.735849056603774,11.0,2.0205763019897454,4.082728592162554,1
5077,Malibu Red,20,11.2,11.0,1.7044832524535807,2.905263157894737,1
5079,Zodiac Black Cherry Vodka,1,10.0,10.0,,,1
5080,Hpnotiq Harmonie,4,9.5,9.0,3.0,9.0,1
5083,DK Burst Blustery Pmnt Trav,4,10.25,9.5,1.8929694486000912,3.5833333333333335,1
5087,Dr McGillicuddy's Peach,50,10.76,11.0,2.005706145689628,4.022857142857143,1
5090,El Charro Silver Tequila,52,10.826923076923077,11.0,2.0265023847840506,4.106711915535445,1
5094,Jagermeister Liqueur,49,10.857142857142858,11.0,2.0514222708485286,4.208333333333333,1
5096,DeKuyper Peachtree Schnapps,55,11.10909090909091,11.0,2.114086154668317,4.469360269360271,1
5098,Agavero Orange Liqueur Agave,4,10.5,11.0,1.0,1.0,1
5101,Dr McGillicuddy's Mentholmnt,54,10.74074074074074,11.0,2.039100663631416,4.157931516422082,1
5102,Brinley Shipwreck Coconut Cr,31,12.064516129032258,13.0,1.7876517906827334,3.195698924731183,1
5103,Fireball Cinnamon Whisky,55,10.709090909090909,11.0,2.0337224333784927,4.136026936026937,1
5104,Nuvo Lemon Sorbet Liqueur,1,13.0,13.0,,,1
5105,Dr McGillicuddy's Mentholmnt,54,10.74074074074074,11.0,2.039100663631416,4.157931516422082,1
5106,Capt Morgan Long Isl Tea RTD,32,11.3125,11.5,1.8567661794532155,3.4475806451612905,1
5107,St Remy XO Napoleon Brandy,54,10.61111111111111,10.0,2.013320421467198,4.053459119496855,1
5109,Dr McGillicuddy's Menth Trav,55,10.709090909090909,11.0,2.0337224333784927,4.136026936026937,1
5111,Dr McGillicuddy's Mentholmnt,54,10.74074074074074,11.0,2.039100663631416,4.157931516422082,1
5124,Cointreau Liqueur,55,10.581818181818182,10.0,2.0063871076113964,4.025589225589226,1
5125,DeKuyper Anisette,53,11.132075471698114,11.0,2.1307071401934636,4.5399129172714074,1
5126,Marzadro Le Diciotto Lune,4,10.0,10.0,2.581988897471611,6.666666666666667,1
5128,Carolans Irish Cream,54,10.62962962962963,11.0,1.7298303580943322,2.992313067784765,1
5130,X Rated Fusion Liqueur,53,10.660377358490566,11.0,1.7314222280498759,2.9978229317851963,1
5132,Agavero Tequila Liqueur,6,10.666666666666666,10.0,1.505545305418162,2.2666666666666666,1
5133,E&J Apple Brandy,33,11.0,11.0,2.091650066335189,4.375,1
5134,Dr McGillicuddy's Cherry,54,10.74074074074074,11.0,2.039100663631416,4.157931516422082,1
5135,Ancho Reyes Chile Liqueur,23,11.521739130434783,12.0,1.7804382815218,3.1699604743083003,1
5137,Irish Manor Irish Cream,50,10.14,9.5,1.9692534584642651,3.8779591836734695,1
5138,Fireball Cinnamon Whisky,54,10.74074074074074,11.0,2.039100663631416,4.157931516422082,1
5142,Carolans Irish Cream,54,10.592592592592593,10.5,1.7431106278937576,3.03843466107617,1
5145,Malibu Island Spiced Rum,3,10.333333333333334,9.0,2.3094010767585034,5.333333333333334,1
5146,Pama Pomegranate Liqueur,55,10.563636363636364,10.0,2.1148823307047775,4.472727272727273,1
5147,Pallini Limoncello Liqueur,53,10.60377358490566,11.0,1.8432790873614904,3.397677793904209,1
5148,St Brendans Irish Cream,53,10.88679245283019,11.0,1.947980979990175,3.794629898403483,1
5149,Hpnotiq Liqueur,53,10.60377358490566,10.0,2.124396951911018,4.513062409288825,1
5152,Patron Citronge Mango Liquer,28,11.821428571428571,12.0,1.826828286211265,3.3373015873015874,1
5153,Fireball Cinn Whisky Trav,55,10.709090909090909,11.0,2.0337224333784927,4.136026936026937,1
5155,Arrow Brown Creme de Cacao,53,10.88679245283019,11.0,1.947980979990175,3.794629898403483,1
5160,Hpnotiq Liqueur,54,10.61111111111111,10.0,2.1049507381558583,4.430817610062893,1
5165,Hpnotiq Liqueur,54,10.61111111111111,10.0,2.1049507381558583,4.430817610062893,1
5167,Banfi Grappa Castello,10,10.8,11.0,1.5491933384829668,2.4000000000000004,1
5168,Kahlua French Vanilla,50,11.28,11.0,1.6541845515577291,2.7363265306122457,1
5169,Kahlua Hazelnut,11,10.727272727272727,10.0,1.7372915179041823,3.018181818181818,1
5170,Dr McGillicuddy's Apple Pie,54,10.74074074074074,11.0,2.039100663631416,4.157931516422082,1
5171,Fernet-Branca Italian Liquer,4,11.75,11.5,0.9574271077563381,0.9166666666666666,1
5181,Leblon Cedilla Acai Liqueur,1,11.0,11.0,,,1
5185,Irish Manor Irish Cream,38,10.447368421052632,10.5,2.0755639861486896,4.307965860597438,1
5187,Arrow White Creme de Cacao,55,10.8,11.0,1.96638416050035,3.8666666666666667,1
5188,Cointreau Noir Liqueur,47,10.74468085106383,11.0,2.0691111839584333,4.28122109158187,1
5191,Fireball Cinnamon Whiskey,55,10.709090909090909,11.0,2.0337224333784927,4.136026936026937,1
5192,Kahlua Mocha,45,11.155555555555555,11.0,1.664544102962451,2.7707070707070707,1
5194,Bacardi Party Mai Tai,54,11.37037037037037,11.5,1.9647487361203855,3.8602375960866517,1
5195,Jenkins Melon Liqueur,54,11.444444444444445,11.0,1.7119630866531244,2.9308176100628933,1
5196,Delord Bas-Armagnac 25 Yr,8,10.625,11.0,1.5059406173077154,2.267857142857143,1
5197,Southern Comfort,54,11.0,11.0,1.9905436822494995,3.9622641509433962,2
5198,The Bitter Truth Violet,4,11.75,11.5,0.9574271077563381,0.9166666666666666,1
5202,Dr McGillicuddy's Vanilla,53,10.773584905660377,11.0,2.044142752748431,4.178519593613933,1
5205,Don Felix Plata Tequila,20,10.3,10.5,1.949358868961793,3.8000000000000003,1
5212,Margaritaville Silver,54,10.74074074074074,11.0,2.039100663631416,4.157931516422082,1
5214,Bacardi Party Drinks Rum Run,5,10.6,10.0,1.51657508881031,2.3,1
5215,TGI Fridays Long Island Iced,51,9.529411764705882,10.0,2.062551247135165,4.254117647058823,1
5218,Chila Orchata Cinnamon Cream,54,10.74074074074074,11.0,2.039100663631416,4.157931516422082,1
5219,Sambuca Romana Black,54,11.148148148148149,11.0,1.7634379736956947,3.109713487071977,1
5220,Basilica Sambuca,20,10.95,10.5,1.6693837501494848,2.7868421052631573,1
5221,RumChata Liqueur,55,10.6,11.0,1.9302657656203523,3.725925925925925,1
5223,Paul Masson Red Berry Brandy,17,10.882352941176471,10.0,1.6912404079985373,2.860294117647059,1
5224,Basilica Amaretto,1,13.0,13.0,,,1
5228,DeKuyper Wh Cr de Menthe,55,11.10909090909091,11.0,2.114086154668317,4.469360269360271,1
5230,Bacardi Party Drinks Bahama,55,11.327272727272728,11.0,1.9725387425622571,3.8909090909090907,1
5231,Bacardi Party Drinks Hurricn,1,13.0,13.0,,,1
5232,DeKuyper Buttershots Schnaps,54,11.148148148148149,11.5,2.113812681651265,4.468204053109713,1
5233,Cointreau Liqueur,55,10.581818181818182,10.0,2.0063871076113964,4.025589225589226,1
5242,Cointreau Liqueur,55,10.581818181818182,10.0,2.0063871076113964,4.025589225589226,1
5245,Le Reviseur XO Cognac,1,8.0,8.0,,,1
5246,Bacardi Party Drinks Zombie,53,11.320754716981131,11.0,1.9490982619747756,3.798984034833091,1
5250,DeKuyper Buttershots Trav,1,11.0,11.0,,,1
5251,DeKuyper Buttershots Schnpps,54,11.148148148148149,11.5,2.113812681651265,4.468204053109713,1
5253,Kahlua Original Mudslide RTD,54,11.185185185185185,11.0,1.7491137817944185,3.059399021663172,1
5254,DeKuyper Buttershots Schnpps,55,11.10909090909091,11.0,2.114086154668317,4.469360269360271,1
5255,TGI Fridays Ultimte Mudslide,50,9.68,10.0,2.0547605252988803,4.222040816326531,1
5259,Blue Chair Bay Coconut Rum,54,10.648148148148149,11.0,1.914762977670313,3.666317260656884,1
5268,Mr Boston Rock & Rye,40,10.625,10.5,1.9701295024465413,3.8814102564102564,1
5270,Southern Comfort,54,11.0,11.0,1.9905436822494995,3.9622641509433962,2
5273,Southern Comfort 100 Proof,2,10.5,10.5,3.5355339059327378,12.5,2
5276,DeKuyper Triple Sec,53,11.132075471698114,11.0,2.1307071401934636,4.5399129172714074,1
5277,Arrow Sloe Gin,51,10.803921568627452,11.0,1.969970637782576,3.8807843137254894,1
5283,Tippy Cow Vanilla Soft Serve,2,10.5,10.5,0.7071067811865476,0.5,1
5285,Jacquin Triple Sec,55,10.090909090909092,9.0,1.9745860069872616,3.8989898989898983,1
5286,Rosita Triple Sec,53,10.60377358490566,10.0,2.124396951911018,4.513062409288825,1
5292,Rumpleminze,53,11.20754716981132,11.0,1.7249134935503931,2.975326560232222,1
5295,Tippy Cow Choclate Rum Cream,4,10.5,10.5,2.0816659994661326,4.333333333333333,1
5296,Southern Comfort 100 Proof,54,11.0,11.0,1.9905436822494995,3.9622641509433962,2
5297,Southern Comfort,54,10.962962962962964,11.0,2.009064017152632,4.036338225017471,2
5298,Southern Comfort 100 Proof,48,11.104166666666666,11.0,1.9704150479005451,3.8825354609929077,2
5299,Southern Comfort,54,11.0,11.0,1.9905436822494995,3.9622641509433962,2
5308,Paul Masson Red Berry Brandy,40,11.1,11.0,1.6140409552202215,2.605128205128205,1
5311,Amaretto DiSaronno,55,10.418181818181818,10.0,1.969121905175268,3.877441077441077,1
5312,Amaretto DiSaronno,55,10.418181818181818,10.0,1.969121905175268,3.877441077441077,1
5315,B & B Liqueur Dom,54,11.37037037037037,11.5,1.9647487361203855,3.8602375960866517,1
5316,Amaretto DiSaronno,55,10.418181818181818,10.0,1.969121905175268,3.877441077441077,1
5317,B & B Liqueur Dom,45,11.28888888888889,11.0,2.062899792902107,4.255555555555556,1
5318,Benedictine Liqueur Dom,51,11.431372549019608,12.0,1.90005159888656,3.610196078431373,1
5322,Linie Aquavit,34,10.764705882352942,11.0,2.0008910670970055,4.003565062388593,2
5325,Hornitos Spiced Honey Liquer,13,11.384615384615385,12.0,2.2188007849009166,4.923076923076923,1
5327,Alize Red Passion,1,11.0,11.0,,,1
5330,Kahlua White Russian RTD,54,11.185185185185185,11.0,1.7491137817944185,3.059399021663172,1
5333,Jenkins Amaretto,54,11.462962962962964,11.0,1.679094128672362,2.8193570929419987,1
5334,Kahlua Especial,54,11.185185185185185,11.0,1.7491137817944185,3.059399021663172,1
5335,Beniotome Sesame Shochu,1,14.0,14.0,,,1
5337,Drambuie,54,11.092592592592593,11.5,2.030600975438929,4.123340321453529,1
5338,Morecello Blackberry Cello,8,10.0,10.0,1.7728105208558367,3.142857142857143,1
5339,Drambuie,44,11.113636363636363,11.5,2.025602512614963,4.103065539112051,1
5342,Grand Marnier,54,10.62962962962963,11.0,1.8963350581293452,3.5960866526904267,1
5346,Green Chartreuse Liqueur,51,10.843137254901961,11.0,1.815186480994257,3.294901960784314,1
5348,St Brendans Irish Cream,54,10.851851851851851,11.0,1.946524793084035,3.788958770090846,1
5353,Grand Marnier,52,10.692307692307692,11.0,1.8946618668626838,3.58974358974359,1
5356,Kahlua,55,11.145454545454545,11.0,1.7577150763312832,3.0895622895622887,1
5357,Campari Negroni,5,11.8,12.0,1.7888543819998317,3.2,1
5358,Irish Mist Honey Liqueur,52,10.673076923076923,11.0,1.7232112504201746,2.9694570135746616,1
5359,Distroya Spiced Liqueur,40,12.1,12.5,1.6140409552202215,2.605128205128205,1
5361,Grind Espresso Shot,1,10.0,10.0,,,1
5363,Luxardo Angioletto Hazelnut,2,13.5,13.5,0.7071067811865476,0.5,1
5364,Kahlua,55,11.145454545454545,11.0,1.7577150763312832,3.0895622895622887,1
5365,Kahlua,54,11.185185185185185,11.0,1.7491137817944185,3.059399021663172,1
5367,Sambuca di Amore,54,10.685185185185185,11.0,1.979365955982094,3.9178895877009086,1
5368,Midori Melon Liqueur,53,11.169811320754716,12.0,2.127980706395726,4.528301886792453,1
5370,DiSaronno Rsva Ltd Edition,4,12.25,12.0,1.2583057392117916,1.5833333333333333,1
5371,Dr McGillicudy's Buttersctch,3,10.333333333333334,10.0,1.5275252316519468,2.3333333333333335,1
5373,E&J Peach Brandy,16,11.3125,11.5,1.778341924377874,3.1625,1
5375,Petrone Limoncello,53,11.49056603773585,12.0,1.8669456906673283,3.4854862119013075,1
5376,Bols Yogurt Liqueur,6,11.333333333333334,11.5,2.1602468994692865,4.666666666666666,1
5378,Galliano L'Autentico Liqueur,53,10.641509433962264,11.0,1.932458971826803,3.7343976777939045,1
5381,E&J Peach Brandy,39,11.179487179487179,11.0,1.8190771933476668,3.309041835357625,1
5382,Ice 101 Peppermint Schnapps,54,10.74074074074074,11.0,2.039100663631416,4.157931516422082,1
5384,Widow's Migaki Shochu,2,10.0,10.0,1.4142135623730951,2.0,1
5390,Dr McGillicuddy's Peach,13,10.384615384615385,10.0,1.7097008285302207,2.923076923076923,1
5391,Kamora Coffee,55,11.10909090909091,11.0,2.114086154668317,4.469360269360271,1
5392,Goldschlager Cinnamon Schnps,54,11.148148148148149,11.0,1.7634379736956947,3.109713487071977,1
5394,Goldschlager Cinnamon Schnap,55,11.10909090909091,11.0,1.77088309496334,3.136026936026938,1
5395,Kahlua Chili Chocolate,15,11.133333333333333,11.0,1.8847761013926703,3.5523809523809535,1
5396,Tia Maria Coffee Liqueur,51,10.803921568627452,10.0,2.097804641458658,4.40078431372549,1
5399,Goldschlager Cinnamon Schna,54,11.148148148148149,11.0,1.7634379736956947,3.109713487071977,1
5401,Jagermeister Liqueur,54,10.685185185185185,11.0,2.081582073165397,4.332983927323551,1
5403,Amaretto di Amore,55,10.654545454545454,11.0,1.974074389928023,3.896969696969697,1
5404,E & J Superior Rsv VSOP,54,11.24074074074074,11.0,1.9125719637237402,3.6579315164220834,1
5408,Bols Maraschino Liqueur,4,10.25,11.0,3.095695936834452,9.583333333333334,1
5410,Raspberry di Amore,55,10.654545454545454,11.0,1.974074389928023,3.896969696969697,1
5414,Bols Amaretto Liqueur,14,10.714285714285714,10.0,2.0164161440372537,4.065934065934067,1
5415,Amaretto di Amore,55,10.654545454545454,11.0,1.974074389928023,3.896969696969697,1
5417,Bols Triple Sec,45,10.688888888888888,11.0,1.9048051943132736,3.628282828282828,1
5430,Grand Marnier Cuvee 1880,18,11.0,11.0,1.8470962903655979,3.411764705882353,1
5431,Pumpkin King Liqueur,3,12.0,12.0,1.0,1.0,1
5434,Southern Comfort Caramel,10,11.3,12.0,1.8287822299126937,3.344444444444444,2
5438,Emmets Irish Cream,55,11.10909090909091,11.0,1.77088309496334,3.136026936026938,1
5440,Jagermeister Liqueur,54,10.703703703703704,11.0,2.0615951840758875,4.250174703004892,1
5444,E & J Superior RSV VSOP,54,11.24074074074074,11.0,1.9125719637237402,3.6579315164220834,1
5445,Jagermeister Liqueur,54,10.703703703703704,11.0,2.0615951840758875,4.250174703004892,1
5447,Jagermeister Liqueur,54,10.703703703703704,11.0,2.0615951840758875,4.250174703004892,1
5457,After Shock Hot & Cool Cinmn,54,11.148148148148149,11.5,2.113812681651265,4.468204053109713,1
5458,After Shock Hot & Cool Cinmn,54,11.148148148148149,11.5,2.113812681651265,4.468204053109713,1
5459,Liquore Strega,1,9.0,9.0,,,1
5462,Barenjager Honey Liqueur,50,9.4,9.0,1.8844151368961313,3.5510204081632653,1
5463,Aguardiente Cristal Liqueur,10,11.0,11.0,2.260776661041756,5.111111111111111,1
5467,Homericon Mastiha,4,10.0,10.0,1.8257418583505538,3.3333333333333335,1
5468,Hine Rare VSOP,42,11.80952380952381,12.0,1.7975334758997548,3.2311265969802543,1
5476,Signatory Bowmore Islay 02,2,12.0,12.0,1.4142135623730951,2.0,1
5480,E & J Superior RSV VSOP,54,11.24074074074074,11.0,1.9125719637237402,3.6579315164220834,1
5485,Xicaru Silver Mezcal,1,13.0,13.0,,,1
5487,Fire Water Hot Cinnamon,16,10.8125,11.0,1.8697147732564272,3.495833333333333,1
5489,DeKuyper Hot Damn Cinnamon,54,11.148148148148149,11.5,2.113812681651265,4.468204053109713,1
5490,DeKuyper Hot Damn Cinnamon,54,11.148148148148149,11.5,2.113812681651265,4.468204053109713,1
5491,Rumpleminze,55,11.10909090909091,11.0,1.77088309496334,3.136026936026938,1
5492,Grand Marnier Cuvee du Cent,33,10.636363636363637,11.0,1.9009566969387715,3.6136363636363638,1
5495,Ch Monet,31,10.516129032258064,11.0,2.047290367647532,4.191397849462366,1
5502,RumChata Liqueur,43,10.720930232558139,11.0,2.0274964787163223,4.110741971207087,1
5505,Pallini Limoncello Liqueur,53,10.584905660377359,11.0,1.9158645594508112,3.6705370101596513,1
5507,Arrow Blackberry Brandy,53,10.88679245283019,11.0,1.947980979990175,3.794629898403483,1
5508,Signatory Highland Park 99,1,13.0,13.0,,,1
5513,Chi Chi's Mai Tai,4,8.5,8.0,1.7320508075688772,3.0,1
5515,Grand Marnier Flask,11,11.181818181818182,11.0,1.8877596148970779,3.563636363636364,1
5517,Tippy Cow Shamrock Mint,6,10.833333333333334,11.0,0.752772652709081,0.5666666666666667,1
5525,Fernet-Branca Italian Liquer,55,11.781818181818181,12.0,1.822604049673302,3.3218855218855206,1
5527,Fernet Gancia Liqueur,1,10.0,10.0,,,1
5536,St Brendans Irish Cream,51,10.72549019607843,11.0,1.919150138707746,3.6831372549019608,1
5537,DeKuyper Pomegranate,5,10.2,10.0,1.6431676725154982,2.6999999999999997,1
5539,DeKuyper Hot Damn 100*,54,11.148148148148149,11.5,2.113812681651265,4.468204053109713,1
5549,Don Ramon Reposado Tequila,13,12.23076923076923,13.0,1.921537845661046,3.6923076923076934,1
5560,Bacardi Mojito Cocktail,54,11.37037037037037,11.5,1.9647487361203855,3.8602375960866517,1
5566,Grind Espresso Shot,52,11.211538461538462,11.0,1.741495170784075,3.032805429864254,1
5587,Jose Cuervo Golden Margarita,54,10.722222222222221,11.0,1.7311427861132511,2.99685534591195,1
5589,Korbel California Brandy,1,10.0,10.0,,,1
5595,Hine Antique XO Premier Cru,2,13.5,13.5,0.7071067811865476,0.5,1
5597,DeKuyper Watermelon Pucker,53,11.132075471698114,11.0,2.1307071401934636,4.5399129172714074,1
5598,Integre Raspberry Vodka,2,13.5,13.5,0.7071067811865476,0.5,1
5603,Gran Gala Liqueur,2,11.5,11.5,0.7071067811865476,0.5,1
5606,Montezuma Blue Tequila Liqu,53,10.735849056603774,11.0,1.9626409150410893,3.851959361393324,1
5609,Integre Vodka,2,13.5,13.5,0.7071067811865476,0.5,1
5610,West Indies Blue Mtn Coffee,2,13.0,13.0,0.0,0.0,1
5614,Integre Citrus Vodka,2,13.5,13.5,0.7071067811865476,0.5,1
5616,Emmets Irish Cream,54,11.148148148148149,11.0,1.7634379736956947,3.109713487071977,1
5623,Signatory Glen Grant 92 Cask,2,13.0,13.0,0.0,0.0,1
5626,Baja Luna Black Raspberry,54,10.74074074074074,11.0,2.039100663631416,4.157931516422082,1
5627,Flag Hill Sugar Maple Liquer,52,10.192307692307692,10.0,1.920360071817227,3.6877828054298645,1
5628,Baja Rosa Strawberry Liqueur,55,10.709090909090909,11.0,2.0337224333784927,4.136026936026937,1
5629,RumChata Liqueur,8,11.5,11.5,1.3093073414159542,1.7142857142857142,1
5630,Cabin Fever Maple Liqueur,46,11.195652173913043,11.0,1.808861707353136,3.271980676328502,1
5633,Flag Hill Cranberry Liqueur,38,10.631578947368421,10.5,1.6508974239514922,2.7254623044096733,1
5635,VeeV Acai Spirit,3,10.333333333333334,10.0,0.5773502691896257,0.3333333333333333,1
5640,Metcalf's Blueberry Liqueur,7,11.857142857142858,12.0,1.3451854182690985,1.8095238095238093,1
5641,Flag Hill Raspberry Liqueur,43,10.116279069767442,10.0,1.8671253984666145,3.4861572535991137,1
5643,Flag Hill Blueberry Liqueur,44,10.181818181818182,10.0,1.9561795617481719,3.8266384778012696,1
5644,Metcalf's Raspberry Liqueur,5,10.6,11.0,1.1401754250991378,1.2999999999999998,1
5645,Pallini Raspicello Liqueur,2,11.0,11.0,1.4142135623730951,2.0,1
5653,Kahlua Cinnamon Spice,2,12.0,12.0,2.8284271247461903,8.0,1
5654,Merry Irish Cream Liqueur,1,8.0,8.0,,,1
5655,Jose Cuervo Lite Wh Peach,54,10.722222222222221,11.0,1.7311427861132511,2.99685534591195,1
5656,Cabin Fever Maple Liqueur,30,11.233333333333333,11.0,1.906130460732773,3.6333333333333333,1
5658,OR-G Liqueur,5,11.2,11.0,1.3038404810405297,1.7000000000000002,1
5661,Dr McGillicuddy's Root Beer,54,10.74074074074074,11.0,2.039100663631416,4.157931516422082,1
5662,Skinnygirl W Peach Margarita,54,11.148148148148149,11.5,2.113812681651265,4.468204053109713,1
5667,Skinnygirl Spicy Lime RTD,51,11.176470588235293,12.0,2.0948115175637274,4.388235294117647,1
5668,Dr McGillicuddy's Grape,54,10.74074074074074,11.0,2.039100663631416,4.157931516422082,1
5669,Fabrizia Blood Orange,52,10.173076923076923,10.0,1.7345525935667592,3.008672699849171,1
5676,Kinky Liqueur,54,10.666666666666666,10.5,1.8119102814224903,3.2830188679245285,1
5678,Skinnygirl Pina Colada,7,11.571428571428571,12.0,1.9880595947760098,3.9523809523809526,1
5680,Barenjager Honey Liqueur,7,8.428571428571429,8.0,1.2724180205607034,1.6190476190476188,1
5681,Josiah Bartlett Apple Brandy,41,10.512195121951219,11.0,1.938065417104286,3.75609756097561,1
5683,Dr McGillicuddy's Apple Pie,1,10.0,10.0,,,1
5685,P & J Cold Soaked Peaches,18,10.5,10.5,1.1504474832710556,1.3235294117647058,1
5688,P & J Cold Soaked Peaches,2,10.5,10.5,0.7071067811865476,0.5,1
5689,Villa Massa Limoncello,53,11.547169811320755,12.0,1.8034799452495367,3.2525399129172716,1
5691,P & J Cold Soaked Pineapples,3,10.666666666666666,11.0,0.5773502691896257,0.3333333333333333,1
5693,P & J Cold Soaked Berries,1,11.0,11.0,,,1
5694,Ice Box Mudslide,53,10.735849056603774,11.0,2.0582941349595076,4.236574746008708,1
5696,Midori Melon Liqueur,33,11.272727272727273,12.0,2.197622682478831,4.829545454545454,1
5697,Metcalfe's Maple Liqueur,54,11.833333333333334,12.0,1.7988465906251634,3.235849056603774,1
5698,P & J Cold Soaked Pineapples,18,10.61111111111111,11.0,1.2432826042324119,1.5457516339869282,1
5699,Signatory Ben Nevis 91 Cask,1,13.0,13.0,,,1
5702,Art In The Age Root Liqueur,51,11.137254901960784,12.0,1.9597919057199646,3.8407843137254907,1
5705,Bauchant Orange Liqueur,49,10.979591836734693,11.0,2.005095549659743,4.020408163265306,1
5706,Gr Marnier Raspberry Peach,49,10.653061224489797,11.0,1.9316553825687446,3.731292517006803,1
5707,Art in the Age Rhubarb Tea,50,11.3,12.0,1.9404396724580177,3.765306122448979,1
5708,Dr McGillicuddy's Root Beer,52,10.807692307692308,11.0,2.039208434840338,4.158371040723981,1
5710,Signatory Laphroaig 97 Cask,1,13.0,13.0,,,1
5713,DeKuyper Sour Apple Pucker,54,11.148148148148149,11.5,2.113812681651265,4.468204053109713,1
5714,Jose Cuervo Lime Margarita,54,10.722222222222221,11.0,1.7311427861132511,2.99685534591195,1
5725,DeKuyper Sour Apple Pucker,54,11.148148148148149,11.5,2.113812681651265,4.468204053109713,1
5730,Galliano L'Autentico Liqueur,9,11.222222222222221,11.0,1.6414763002993507,2.694444444444444,1
5731,Malibu Passion Fruit Rum,55,11.145454545454545,11.0,1.7577150763312832,3.0895622895622887,1
5734,Malibu Rum,55,11.145454545454545,11.0,1.7577150763312832,3.0895622895622887,1
5735,Malibu Rum,55,11.145454545454545,11.0,1.7577150763312832,3.0895622895622887,1
5737,Blue Chair Bay CocSpc Cream,4,9.5,9.5,1.2909944487358056,1.6666666666666667,1
5739,Malibu Rum,54,11.185185185185185,11.0,1.7491137817944185,3.059399021663172,1
5740,Sweet Revenge,53,11.88679245283019,12.0,1.7722256471898068,3.1407837445573294,1
5741,Merry Wh Chocolate Liqueur,50,10.68,10.5,1.811978285223763,3.2832653061224484,1
5742,I'm Bananas Over You,1,14.0,14.0,,,1
5747,Malibu Pineapple Rum,54,11.166666666666666,11.0,1.7670997451853028,3.1226415094339623,1
5748,Trader Vics Chocolate Liquer,16,9.625,10.0,1.408308678285174,1.9833333333333334,1
5750,Malibu Rum Traveler,55,11.145454545454545,11.0,1.7577150763312832,3.0895622895622887,1
5758,1800 Ultimate Margarita RTD,54,10.722222222222221,11.0,1.7311427861132511,2.99685534591195,1
5759,Malibu Tropical Banana Rum,53,11.20754716981132,11.0,1.7580418583232986,3.090711175616837,1
5760,Grand Marnier Rasp-Peach,5,10.4,11.0,1.9493588689617927,3.8,1
5765,Jose Cuervo Lime Margarita,54,10.722222222222221,11.0,1.7311427861132511,2.99685534591195,1
5767,Jose Cuervo Strawberry Marg,54,10.722222222222221,11.0,1.7311427861132511,2.99685534591195,1
5771,Art In The Age Snap,52,11.288461538461538,12.0,1.8400398382466727,3.385746606334841,1
5773,Kahlua Midnight,36,11.055555555555555,11.0,1.6893691881789055,2.853968253968254,1
5776,Malibu Black,54,11.185185185185185,11.0,1.7491137817944185,3.059399021663172,1
5780,Malibu Black,53,11.20754716981132,11.0,1.7580418583232986,3.090711175616837,1
5789,Tomahawk Maple Cream Liqueur,2,9.5,9.5,0.7071067811865476,0.5,1
5795,Courvoisier L'Essence Cognac,1,14.0,14.0,,,1
5798,1800 Raspberry Margarita RTD,33,10.606060606060606,10.0,1.5799405435686877,2.4962121212121207,1
5801,Dr McGillicuddy's Peppermint,17,10.764705882352942,11.0,1.8884322785284715,3.5661764705882346,1
5802,Martell VSOP Cognac,9,11.11111111111111,11.0,2.0275875100994063,4.111111111111111,1
5805,Jose Cuervo Light Margaritas,53,10.69811320754717,11.0,1.7385328215345766,3.022496371552976,1
5808,Los Amantes Reposado Mezcal,46,10.891304347826088,11.0,2.068045355934656,4.276811594202899,1
5810,Cuervo Watermelon Margaritas,53,10.679245283018869,11.0,1.7183801059949586,2.952830188679245,1
5815,Godiva Dark Chocolate,51,11.156862745098039,11.0,1.8041346847683835,3.2549019607843146,1
5817,GranGala Triple Orange,54,10.74074074074074,11.0,2.039100663631416,4.157931516422082,1
5818,Tomahawk Maple Cream Liqueur,2,10.5,10.5,0.7071067811865476,0.5,1
5820,Dr McGillicuddy's Peppermint,20,10.85,11.0,1.755442664221313,3.0815789473684214,1
5822,Ryans Irish Cream,46,10.891304347826088,11.0,2.002534625802069,4.010144927536232,1
5825,Arrow Blackraspberry Liqueur,2,10.5,10.5,3.5355339059327378,12.5,1
5826,DeKuyper Razzmatazz,54,11.148148148148149,11.5,2.113812681651265,4.468204053109713,1
5828,Ryans Irish Cream,55,10.709090909090909,11.0,2.0337224333784927,4.136026936026937,1
5831,DiSaronno Amaretto,2,10.0,10.0,2.8284271247461903,8.0,1
5833,Patron Roca Silver Tequila,50,11.98,12.5,1.7553417017196162,3.0812244897959182,1
5836,Bauers Obstler Echt,52,9.01923076923077,9.0,1.9044878331156834,3.627073906485671,1
5837,Leroux Cherry Brandy,1,9.0,9.0,,,1
5838,Agave Loco Pepper Cured Teq,27,10.777777777777779,11.0,1.7831116564834573,3.1794871794871793,1
5847,Godiva Chocolate Liqueur,54,11.148148148148149,11.0,1.7634379736956947,3.109713487071977,1
5849,GranGala Triple Orange,54,10.74074074074074,11.0,2.039100663631416,4.157931516422082,1
5855,Kahlua Salted Caramel,3,11.0,10.0,2.6457513110645907,7.0,1
5858,Ole Smoky Apple Pie Moonshin,19,10.842105263157896,11.0,1.344253526630914,1.8070175438596492,1
5872,Godiva Chocolate Liqueur,54,11.148148148148149,11.0,1.7634379736956947,3.109713487071977,1
5875,Malibu Light Bl Hawaiian RTD,54,11.185185185185185,11.0,1.7491137817944185,3.059399021663172,1
5877,Ryans Irish Cream,54,10.74074074074074,11.0,2.039100663631416,4.157931516422082,1
5890,Godiva Wh Chocolate Liqueur,52,11.115384615384615,11.0,1.7784532402067281,3.1628959276018103,1
5891,Ryans Irish Cream,55,10.709090909090909,11.0,2.0337224333784927,4.136026936026937,1
5893,Ole Smoky Wh Lightin'Moonshn,11,10.818181818181818,11.0,1.2504544628399563,1.5636363636363637,1
5897,99 Bananas,54,10.685185185185185,11.0,1.979365955982094,3.9178895877009086,1
5903,Ole Smoky Hunch Punch Moonsh,19,10.68421052631579,11.0,1.634782743939708,2.672514619883041,1
5911,Faretti Biscotti Liqueur,4,12.25,12.5,2.0615528128088303,4.25,1
5912,Yeni Raki,13,11.461538461538462,12.0,1.265924208854583,1.602564102564102,1
5921,RumChata Liqueur,54,10.648148148148149,11.0,1.914762977670313,3.666317260656884,1
5925,Pimms Blackberry & Elderflwr,10,11.7,12.5,2.213594362117866,4.900000000000001,1
5929,RumChata Liqueur,52,10.653846153846153,11.0,1.9492041149529782,3.799396681749623,1
5952,Jagermeister Liqueur,54,10.703703703703704,11.0,2.0615951840758875,4.250174703004892,1
5953,Barrow's Intense Ginger,14,9.285714285714286,9.0,1.8575654633281302,3.4505494505494507,1
5954,Fireball Cinnamon Whisky,2,10.5,10.5,0.7071067811865476,0.5,1
5959,Lucano Amaro,5,12.2,12.0,1.0954451150103321,1.2,1
5962,Vermont Ice Maple Creme,53,11.90566037735849,12.0,1.7349811675257705,3.0101596516690856,1
5970,St George Spiced Pear Liquer,7,11.714285714285714,12.0,1.7994708216848745,3.2380952380952372,1
5977,Absinthe Ordinaire,53,10.716981132075471,11.0,1.864417402202939,3.4760522496371555,1
5983,Flag Hill Spiced Rum,37,10.35135135135135,11.0,1.90345032063438,3.623123123123124,1
5989,Tanteo Jalapeno Tequila,7,11.857142857142858,11.0,1.2149857925879117,1.4761904761904763,1
5990,H by Hine Cognac,20,11.55,11.5,1.7312909694943344,2.997368421052632,1
5992,Kaikouzu Potato Shochu,1,14.0,14.0,,,1
6003,Jack Daniels 150th Annversry,2,11.5,11.5,0.7071067811865476,0.5,1
6010,Schonauer Apple Liqueur,3,10.666666666666666,12.0,3.214550253664318,10.333333333333332,1
6015,Jackson Morgan Salted Carmel,50,11.44,11.0,1.8861471364684579,3.5575510204081637,1
6021,Jackson Morgan Pepmint Mocha,29,11.241379310344827,11.0,1.9208475140973043,3.689655172413793,1
6038,Brinley Gold Shipwrk Coconut,3,12.333333333333334,13.0,1.1547005383792517,1.3333333333333335,1
6040,Triibe Celtic,1,12.0,12.0,,,1
6042,Maurice's Mentholated Mint,19,11.578947368421053,11.0,1.3045130838611438,1.7017543859649118,1
6043,Brinley Gold Shipwrck Coffee,1,13.0,13.0,,,1
6044,Glenmorangie 25 Yr Old,5,11.2,11.0,2.0493901531919194,4.199999999999999,1
6049,Fabrizia Crema di Limoncello,13,10.153846153846153,10.0,1.5191090506255,2.307692307692308,1
6063,Avion Espresso,1,10.0,10.0,,,1
6064,Sauza Sprklg Wild Berry Marg,1,14.0,14.0,,,1
6066,Sauza Sparkling Margarita,1,13.0,13.0,,,1
6081,Kinky Blue Liqueur,54,10.666666666666666,10.5,1.8119102814224903,3.2830188679245285,1
6084,Brinley Gold Shipwreck,1,13.0,13.0,,,1
6090,8000 Generations Shochu,4,10.0,10.0,1.8257418583505538,3.3333333333333335,1
6094,Black Warrior Kuro Shochu,2,11.0,11.0,0.0,0.0,1
6096,Kinky Blue Liqueur,53,10.716981132075471,11.0,1.7907600287046797,3.2068214804063855,1
6102,Midnight Moon Peach,15,11.866666666666667,12.0,2.065591117977289,4.266666666666667,1
6105,Midnight Moon,54,11.833333333333334,12.0,1.7988465906251634,3.235849056603774,1
6109,Plymouth Sloe Gin,11,10.454545454545455,10.0,2.06705763652765,4.272727272727273,1
6115,Midnight Moon Raspberry,48,11.895833333333334,12.0,1.8011767233263043,3.244237588652482,1
6116,Sogno di Sorrento Lemoncell,52,11.903846153846153,12.0,1.7518574499333208,3.069004524886878,1
6126,Sogno di Sorrento Crema Lem,53,11.90566037735849,12.0,1.7349811675257705,3.0101596516690856,1
6127,The Club Strawbry Margarita,1,14.0,14.0,,,1
6129,The Club Mudslide,1,13.0,13.0,,,1
6136,Casoni Limoncello di Sorento,6,9.0,8.5,1.5491933384829668,2.4,1
6140,R M Woodbridge Wh Znfdl Cal,14,11.285714285714286,11.5,1.85756546332813,3.4505494505494503,1
6145,Marcus James Cab Svgn Mendza,53,11.283018867924529,12.0,1.6568895614578312,2.745283018867924,1
6146,Marcus James Cab Svgn Mendza,3,10.666666666666666,11.0,1.5275252316519468,2.3333333333333335,1
6150,Midnight Moon Blackberry,51,11.980392156862745,12.0,1.7145284608711677,2.939607843137255,1
6156,Cinnabon Cinnamon Liqueur,47,11.319148936170214,11.0,1.7458818997201908,3.0481036077705825,1
6157,Kinky Blue Liqueur,24,10.5,10.5,1.4142135623730951,2.0,1
6159,Lepanto Solera Gran Reserva,1,13.0,13.0,,,1
6162,Jadot Pouilly Fuisse,54,10.814814814814815,10.5,2.0747727684088915,4.304682040531096,1
6166,Casa Noble X Anejo C Santana,1,10.0,10.0,,,1
6168,Kinky Pink Liqueur,23,10.73913043478261,11.0,1.388831795049606,1.928853754940711,1
6173,Gallo Fairbanks Red Port,54,11.24074074074074,11.0,1.9125719637237402,3.6579315164220834,1
6174,Columbia Crest Grand Merlot,52,10.826923076923077,11.0,1.9171174628894905,3.675339366515837,1
6183,Clos du Bois Svgn Bl N Cst,54,11.333333333333334,12.0,1.682316462276133,2.8301886792452837,1
6184,Glen Ellen Cab Svgn RSV,2,10.5,10.5,0.7071067811865476,0.5,1
6186,Rene Junot White,44,10.795454545454545,10.5,1.9238955811551108,3.7013742071881612,1
6193,Midnight Moon Moonshine,53,11.88679245283019,12.0,1.7722256471898068,3.1407837445573294,1
6195,Korbel Brut,52,10.942307692307692,11.0,2.013809788498753,4.0554298642533935,1
6198,Lazzaroni Sambuca,7,10.857142857142858,11.0,2.1157009420498154,4.476190476190476,1
6199,Zwack Liqueur,3,11.666666666666666,11.0,1.1547005383792517,1.3333333333333335,1
6206,Midnight Moon Apple Pie,51,11.745098039215685,12.0,1.7532043492405778,3.073725490196078,1
6212,Taylor Red Port,8,11.0,11.0,2.0701966780270626,4.285714285714286,1
6213,Taylor Red Port,54,11.333333333333334,12.0,1.682316462276133,2.8301886792452837,1
6214,Taylor Red Port,54,11.333333333333334,12.0,1.682316462276133,2.8301886792452837,1
6215,Taylor Tawny Port,2,11.0,11.0,4.242640687119285,18.0,1
6216,Taylor Tawny Port,55,11.290909090909091,12.0,1.6961036751235687,2.8767676767676766,1
6220,Casa Noble Sngl Barrel Anejo,2,11.5,11.5,2.1213203435596424,4.5,1
6224,La Belle Orange Liqueur,50,10.78,11.0,2.0828747794667772,4.338367346938775,1
6225,St Germain Liqueur,50,11.38,11.5,1.883223463172891,3.546530612244897,1
6226,Marcus James Chard,54,11.24074074074074,11.5,1.670331400686761,2.7900069881201963,1
6227,Bastille 1789 French Whiskey,50,10.76,11.0,2.005706145689628,4.022857142857143,1
6231,Mumm Brut Prestige,53,11.169811320754716,11.0,1.7179577439126306,2.9513788098693756,1
6232,Avion Reserva 44 Extra Anejo,41,11.24390243902439,12.0,1.6997130317332696,2.8890243902439026,1
6234,C Y Toro Front Cab/Merlot,54,10.574074074074074,11.0,1.7761719686826587,3.1547868623340314,1
6236,Duboeuf Beaujolais,49,11.306122448979592,11.0,1.8394301838777531,3.3835034013605445,1
6240,Riunite Raspberry,52,10.596153846153847,11.0,1.806954054828021,3.265082956259427,1
6241,Sutter Home Chard,44,10.409090909090908,10.0,1.9920561052407788,3.968287526427061,1
6242,Zirbenz Stone Pine Liqueur,1,12.0,12.0,,,1
6245,Blossom Hill Chard,47,10.106382978723405,10.0,1.9697058106665428,3.8797409805735428,1
6249,Rodney Strong Chard,49,11.285714285714286,11.0,1.8257418583505538,3.3333333333333335,1
6254,Tsilili Tsipouro,26,10.884615384615385,11.0,2.0654669801654655,4.266153846153847,1
6256,Sutter Home Chard,55,10.345454545454546,10.0,2.038683142675427,4.156228956228955,1
6257,Carlo Rossi Blush Calif,26,11.076923076923077,11.0,2.076980056198459,4.313846153846154,1
6258,Livingston Chablis Blush Ca,39,11.538461538461538,12.0,1.9035445309675627,3.6234817813765186,1
6260,Arrosta Coffee Liqueur,4,12.5,12.5,1.2909944487358056,1.6666666666666667,1
6264,Cooks Extra Dry,54,11.333333333333334,12.0,1.682316462276133,2.8301886792452837,1
6265,Gallo Fairbanks Sherry,10,11.5,11.5,2.0138409955990952,4.055555555555555,1
6266,Gallo Fairbanks Sherry,53,11.30188679245283,11.0,1.8768314712709224,3.5224963715529753,1
6267,Kinky Gold Liqueur,49,10.612244897959183,10.0,1.7773614166629634,3.1590136054421767,1
6269,Sutter Home Cab Svgn,54,10.37037037037037,10.0,2.049356054373199,4.199860237596086,1
6270,Shady Fruit Valencia Orange,20,11.25,11.5,1.860248992954834,3.460526315789474,1
6273,Vendange Wh Znfdl,49,11.428571428571429,12.0,1.6457014715109584,2.708333333333334,1
6278,Sterling Svgn Bl,49,10.326530612244898,10.0,2.014403914127378,4.057823129251701,1
6280,Penfolds Koonunga Hill Chard,35,11.542857142857143,12.0,1.8525476439512272,3.431932773109243,1
6281,Franzia Sunset Blush Tap,55,10.872727272727273,11.0,1.8564656329877602,3.4464646464646456,1
6285,Gallo Twin Valley Wh Znfdl C,55,11.2,11.0,1.9187187082742176,3.681481481481482,1
6288,Almaden Chablis B/B,54,10.907407407407407,11.0,1.8558273191314598,3.444095038434661,1
6293,Fetzer Gewurz,54,11.833333333333334,12.0,1.7988465906251634,3.235849056603774,1
6295,Taylor Sherry,1,13.0,13.0,,,1
6296,Taylor Sherry,54,11.333333333333334,12.0,1.682316462276133,2.8301886792452837,1
6312,Gallo Twin Valley Svgn Bl Ca,54,11.24074074074074,11.0,1.9125719637237402,3.6579315164220834,1
6314,Livingston Burgundy Calif,54,11.24074074074074,11.0,1.9125719637237402,3.6579315164220834,1
6319,Santa Cristina Toscana,52,10.942307692307692,11.0,1.9343485658115795,3.741704374057315,1
6322,Rene Junot Red,52,10.576923076923077,10.0,2.022870740601708,4.092006033182503,1
6329,R M Woodbridge Wh Znfdl Cal,54,11.333333333333334,12.0,1.682316462276133,2.8301886792452837,1
6342,Avia Slovenia Chard,1,10.0,10.0,,,1
6343,Vendange Merlot,14,11.142857142857142,12.0,1.6574838603294897,2.7472527472527473,1
6344,Walnut Crest Chard Central,45,10.622222222222222,11.0,1.8251885193900192,3.331313131313131,1
6346,Amaretto Villa Vittoria Liq,19,11.789473684210526,12.0,1.8432744827381111,3.397660818713451,1
6349,Glen Ellen Chard RSV,55,10.872727272727273,11.0,1.8564656329877602,3.4464646464646456,1
6351,Kendall Jackson Vntr RSV Cab,54,10.407407407407407,10.0,1.7213259316477407,2.9629629629629624,1
6355,Taylor Cream Sherry,5,12.0,12.0,1.5811388300841898,2.5,1
6356,Taylor Cream Sherry,54,11.333333333333334,12.0,1.682316462276133,2.8301886792452837,1
6357,Taylor Golden Sherry,53,11.39622641509434,12.0,1.6330672255406322,2.6669085631349785,1
6358,Dom Ste Michelle Brut Cuvee,52,10.846153846153847,11.0,1.954227347287638,3.819004524886878,1
6359,W Hill Est Chard Bench Blend,3,12.666666666666666,13.0,1.5275252316519468,2.3333333333333335,1
6360,Taylor Nys Cream Sherry,54,11.333333333333334,12.0,1.682316462276133,2.8301886792452837,1
6361,Totts Extra Dry,50,11.2,11.0,1.9059520091609048,3.63265306122449,1
6362,Totts Brut Calif,54,11.24074074074074,11.0,1.9125719637237402,3.6579315164220834,1
6365,Fetzer Svgn Bl Cal,4,12.25,12.0,1.5,2.25,1
6366,Duboeuf Pouilly Fuisse,2,13.5,13.5,0.7071067811865476,0.5,1
6368,Santa Rita 120 Merlot,54,10.962962962962964,11.0,2.0277598287594802,4.111809923130677,1
6375,Christian Bros Dry Sherry,50,10.58,10.0,2.1197805046171885,4.493469387755102,1
6378,Walnut Crest Merlot Rapel,53,10.622641509433961,11.0,1.7565965244706294,3.0856313497822945,1
6383,Gallo Twin Vly Cab Svgn Cal,9,11.0,11.0,2.0,4.0,1
6385,Fetzer Sundial Chard,55,11.781818181818181,12.0,1.822604049673302,3.3218855218855206,1
6389,Carlo Rossi Blush Calif,9,10.777777777777779,10.0,2.1081851067789197,4.444444444444445,1
6390,Chamucos Blanco Tequila,36,10.583333333333334,10.0,2.1027193277821397,4.421428571428573,1
6394,Taylor Dry Sherry,39,11.333333333333334,12.0,1.5949481650269413,2.543859649122807,1
6395,Taylor Dry Sherry,5,12.4,13.0,2.073644135332772,4.3,1
6396,Taylor Dry Sherry,54,11.333333333333334,12.0,1.682316462276133,2.8301886792452837,1
6398,BV Coastal Estate Cab Svgn,54,10.314814814814815,11.0,1.9793659559820937,3.917889587700908,1
6402,Avion Silver Tequila,54,11.185185185185185,11.0,1.7491137817944185,3.059399021663172,1
6411,Avion Reposado Tequila,22,11.090909090909092,11.0,1.823369223354207,3.3246753246753236,1
6416,La Fee NV Absinthe,1,14.0,14.0,,,1
6420,R M Woodbridge Chard Cal,53,11.283018867924529,12.0,1.6568895614578312,2.745283018867924,1
6426,Schmitt Sohne Liebfraumilch,45,11.622222222222222,12.0,1.6416301334190644,2.6949494949494954,1
6427,Glen Ellen Merlot RSV,1,8.0,8.0,,,1
6429,C Y Toro Frontera Svgn Bl,53,10.584905660377359,11.0,1.791367787089293,3.2089985486211905,1
6431,Boones Sangria,6,11.333333333333334,11.5,1.7511900715418263,3.0666666666666664,1
6432,Shady Fruit Real Ruby Red Gr,15,11.266666666666667,11.0,2.0862360730226466,4.352380952380953,1
6433,Avion Anejo Tequila,37,11.297297297297296,12.0,1.6974632194487695,2.8813813813813813,1
6434,Almaden Wh Znfdl Cal,6,10.166666666666666,11.0,1.7224014243685086,2.9666666666666672,1
6438,Beringer Classic Chenin Blan,53,10.622641509433961,11.0,1.8316282698771231,3.354862119013063,1
6445,Dubonnet Bl,1,11.0,11.0,,,1
6446,Franzia Tap Wh Grenache Cal,47,11.042553191489361,11.0,1.8761367198779455,3.5198889916743767,1
6448,Dubonnet Rouge,54,10.61111111111111,10.0,2.1049507381558583,4.430817610062893,1
6450,Sebastiani Merlot Sonoma,1,10.0,10.0,,,1
6451,Columbia Crest G E Cab Svgn,54,10.814814814814815,11.0,1.9722037675931094,3.889587700908456,1
6455,Folonari Pinot Grigio Venez,54,10.851851851851851,11.0,1.7527058047531463,3.071977638015374,1
6456,Sutter Home Clsc Svgn Bl,39,10.461538461538462,10.0,2.049982719389988,4.202429149797569,1
6457,Fetzer Valley Oaks Cab Svgn,3,11.666666666666666,11.0,1.1547005383792517,1.3333333333333335,1
6459,Freixenet Cordon Negro Extr,54,11.481481481481481,11.5,1.8504537000090027,3.4241788958770076,1
6460,Columbia Crest Two Vns Chard,51,10.96078431372549,11.0,1.9489564829798074,3.79843137254902,1
6461,Blood Orange Liqueur,1,10.0,10.0,,,1
6465,Arrow Coffee Brandy,4,9.75,9.0,1.5,2.25,1
6472,Richards Wild Irish Rose Red,22,11.727272727272727,12.0,1.804275825757042,3.2554112554112553,1
6477,Avion Tequila 3/50ml Sampler,22,10.818181818181818,10.0,1.680032982566361,2.8225108225108224,1
6478,C Y Toro Frontera Merlot,53,10.584905660377359,11.0,1.791367787089293,3.2089985486211905,1
6479,Clos du Bois Chard,55,11.290909090909091,12.0,1.6961036751235687,2.8767676767676766,1
6481,Korbel Natural,37,10.756756756756756,11.0,2.1135200417708293,4.466966966966967,1
6483,Fetzer Wh Znfdl Cal,31,12.32258064516129,13.0,1.5140915158204835,2.2924731182795695,1
6486,Vendange Chard,3,11.666666666666666,12.0,2.516611478423583,6.333333333333333,1
6495,Exotico Blanco Tequila,53,10.773584905660377,11.0,1.9378964550607471,3.7554426705370103,1
6498,Franzia Chablis Old World C,55,10.872727272727273,11.0,1.8564656329877602,3.4464646464646456,1
6499,Kinky Liqueur,54,10.666666666666666,10.5,1.8119102814224903,3.2830188679245285,1
6505,Lucano Limencello,2,13.0,13.0,1.4142135623730951,2.0,1
6506,Villa Zarri Nocino Liqueur,1,7.0,7.0,,,1
6510,Simply Ginger Liqueur,5,12.2,12.0,1.3038404810405297,1.7000000000000002,1
6520,LeCompte Calvados 5 Yr Old,2,10.5,10.5,0.7071067811865476,0.5,1
6523,Franzia Burgundy Tap Red,55,10.872727272727273,11.0,1.8564656329877602,3.4464646464646456,1
6524,Rosemount Diamond Shiraz,52,11.576923076923077,12.0,1.8187062180825984,3.307692307692308,1
6525,Du Peyrat Organic Cognac,7,10.571428571428571,11.0,2.29906813420444,5.285714285714286,1
6526,Peter Lehmann Shiraz,39,11.666666666666666,12.0,1.8964417280976962,3.596491228070176,1
6527,Gallo Wh Znfdl Cal,4,11.75,12.0,2.6299556396765835,6.916666666666667,1
6529,W Hill Cab Svgn Napa,52,11.346153846153847,11.5,1.866995230725977,3.485671191553544,1
6530,Meridian Santa Barbara Chard,51,10.705882352941176,11.0,1.8362365604361417,3.3717647058823523,1
6532,LeCompte Calvados 12 Yr Old,1,10.0,10.0,,,1
6535,Sandeman Tawny Port,54,11.185185185185185,11.0,1.7491137817944185,3.059399021663172,1
6542,Melini Borghi D'Elsa Chiant,52,10.961538461538462,11.0,1.6915190813033334,2.861236802413273,1
6543,Folonari Pinot Grigio Venez,3,9.666666666666666,9.0,2.081665999466133,4.333333333333334,1
6545,LeCompte Calvados 18 Yr Old,3,11.0,11.0,1.0,1.0,1
6547,Walnut Crest Cab Svgn Rapel,37,10.756756756756756,11.0,1.8013175024810992,3.244744744744745,1
6552,Harveys Bristol Cream Sherry,54,11.148148148148149,11.5,2.113812681651265,4.468204053109713,1
6553,Harveys Bristol Cream Sherry,54,11.148148148148149,11.5,2.113812681651265,4.468204053109713,1
6560,Rocky Peak Hard Cinnamon,29,9.241379310344827,9.0,1.6616509091389697,2.7610837438423643,1
6563,Black Opal Cashmore Chard,50,10.56,10.0,1.886147136468458,3.557551020408164,1
6565,Clos du Bois Cab Svgn N Cst,54,11.25925925925926,11.5,1.6955567370328704,2.874912648497554,1
6566,Geyser Peak Chard,44,10.795454545454545,11.0,1.9359457211128461,3.747885835095138,1
6567,Clos du Bois Merlot N Cst,54,11.333333333333334,12.0,1.682316462276133,2.8301886792452837,1
6568,Gallo Twin Valley Wh Znfdl C,26,11.615384615384615,11.5,1.8563819235690284,3.446153846153846,1
6569,W Hill Chard Napa,54,11.24074074074074,11.0,1.9125719637237402,3.6579315164220834,1
6570,Kendall Jackson Chard Vt RSV,55,10.381818181818181,10.0,1.7158402443432033,2.9441077441077437,1
6572,Ch Greysac,54,10.944444444444445,11.0,2.050463975719464,4.204402515723271,1
6574,Franzia Tap Wh Znfdl Cal,55,10.872727272727273,11.0,1.8564656329877602,3.4464646464646456,1
6575,Kendall Jackson RSV Svgn Bl,53,10.377358490566039,10.0,1.7234403773840505,2.9702467343976786,1
6579,J Lohr Riverstone Chard,55,11.436363636363636,11.0,1.8635254955935732,3.4727272727272727,1
6581,Ch Ste Michelle Merlot Colum,53,10.849056603773585,11.0,1.9748050187598303,3.8998548621190134,1
6584,Schmitt Sohne Spatlese Psprt,52,11.442307692307692,11.0,1.7423610478646894,3.0358220211161386,1
6585,Kijafa Cherry,53,10.660377358490566,11.0,1.9309562818858503,3.7285921625544276,1
6586,Citra Montepulciano,54,10.944444444444445,11.0,2.050463975719464,4.204402515723271,1
6588,Gallo Chard Cal,8,10.75,9.5,2.49284690951645,6.214285714285714,1
6590,Almaden B/B Wh Znfdl Cal,54,10.907407407407407,11.0,1.8558273191314598,3.444095038434661,1
6592,Almaden Chard Cal,18,10.722222222222221,10.5,2.1089600324094944,4.447712418300655,1
6593,Souverain Chard N Cst,51,11.294117647058824,11.0,1.9109591062820661,3.651764705882353,1
6595,Bogle Merlot,54,11.481481481481481,11.5,1.8504537000090027,3.4241788958770076,1
6596,Kenwood Svgn Bl Sonoma,55,11.145454545454545,11.0,1.7577150763312832,3.0895622895622887,1
6598,Cinnaster Shine,2,11.5,11.5,3.5355339059327378,12.5,1
6599,Estancia Cab Svgn Paso Roble,54,11.333333333333334,12.0,1.682316462276133,2.8301886792452837,1
6600,Patron Roca Reposado Tequila,27,11.814814814814815,12.0,1.664956387440756,2.7720797720797727,1
6608,Patron Roca Anejo Tequila,43,11.813953488372093,12.0,1.7355637749252488,3.01218161683278,1
6616,Amaro Sfumato Rabarbaro,1,13.0,13.0,,,1
6624,Poli Sarpa Grappa,16,10.5625,10.5,1.8962682651284688,3.595833333333333,1
6635,Gallo Twin Valley Hearty Bur,51,11.27450980392157,11.0,1.9087004099391713,3.6431372549019607,1
6638,M & R Asti,53,11.433962264150944,12.0,1.9266295197159544,3.711901306240929,1
6646,Brown Jug Cream Bourbon,17,11.352941176470589,11.0,1.8351149988007645,3.3676470588235294,1
6647,Estancia Chard,52,11.307692307692308,11.5,1.7097008285302209,2.9230769230769234,1
6648,Marcus James Merlot Mendoza,50,11.26,11.5,1.626439707597235,2.6453061224489796,1
6649,Wente Morning Fog Chard,54,10.796296296296296,11.0,1.8971640168363082,3.599231306778476,1
6650,Simi Chard,54,11.351851851851851,12.0,1.6501275812014622,2.7229210342417884,1
6651,Rocca Delle Macie Chianti C,53,11.0,11.0,2.0286410760370144,4.115384615384615,1
6654,Veuve Clicquot Brut Yellow,54,10.62962962962963,11.0,1.8963350581293452,3.5960866526904267,1
6655,Carlo Rossi Paisano Calif,54,11.24074074074074,11.0,1.9125719637237402,3.6579315164220834,1
6658,Ch de la Chaize Brouilly,46,10.956521739130435,11.0,1.9431534706831624,3.7758454106280195,1
6659,Rosemount Diamond Chard,50,11.46,11.0,1.8093859596615665,3.273877551020408,1
6660,Carlo Rossi Paisano Calif,54,11.24074074074074,11.0,1.9125719637237402,3.6579315164220834,1
6670,Pinnacle Pineapple Vodka,54,11.148148148148149,11.5,2.113812681651265,4.468204053109713,1
6681,Cakebread Svgn Bl,52,10.75,10.0,2.0663029407948037,4.269607843137255,1
6682,R M Woodbridge Chard Cal,55,11.290909090909091,12.0,1.6961036751235687,2.8767676767676766,1
6686,Taylor Lake Country Red,7,11.0,11.0,2.0,4.0,1
6687,Hedges Red Columbia Vly,43,11.348837209302326,11.0,1.8372303291618135,3.3754152823920256,1
6688,Ch St Jean Chard California,55,10.618181818181819,11.0,1.8205708210553397,3.314478114478114,1
6692,Jaboulet Cotes du Rhone Par,46,10.565217391304348,10.0,1.8696663268917917,3.4956521739130437,2
6694,Lindemans Bin 65 Chard,53,11.471698113207546,11.0,1.8667513285106754,3.484760522496371,1
6698,Clos du Bois Marlstone,16,11.625,12.0,1.6278820596099706,2.65,1
6717,Dream Catcher Irish Liqueur,26,10.23076923076923,9.5,2.006144407717297,4.024615384615385,1
6721,Piccini Chianti,48,11.5,11.5,1.7258978545253827,2.978723404255319,1
6724,Black Opal Cashmore Cab Svgn,48,10.604166666666666,10.5,1.9101028526761115,3.648492907801419,1
6725,Franzia Crisp White Tap,54,10.907407407407407,11.0,1.8558273191314598,3.444095038434661,1
6727,Antinori Toscana Rd,51,10.803921568627452,11.0,1.9392741718811939,3.7607843137254906,1
6734,Gallo Twin Valley Cab Svgn C,53,11.30188679245283,11.0,1.8768314712709224,3.5224963715529753,1
6735,Gallo Twin Valley Chard Cal,55,11.2,11.0,1.9187187082742176,3.681481481481482,1
6738,Dream Catcher Irish Liqueur,9,10.88888888888889,12.0,2.4209731743889917,5.861111111111111,1
6742,Rodney Strong Chalk Hill Cha,51,11.431372549019608,12.0,1.8894962499119632,3.570196078431372,1
6743,Antinori Orvieto Clsc Campo,31,11.0,11.0,1.9493588689617927,3.8,1
6748,Turning Leaf RSV Chard Cal,53,11.18867924528302,11.0,1.8918509838615412,3.579100145137881,1
6754,Livingston Chablis Cal,30,11.133333333333333,11.0,1.9250317208910563,3.7057471264367816,1
6755,Peter Vella Chablis B/B,54,11.148148148148149,11.0,1.8974402559258163,3.600279524807827,1
6762,Paul Masson Chablis,49,11.428571428571429,12.0,1.6072751268321592,2.5833333333333335,1
6764,El Jimador Silver Tequila,39,10.871794871794872,11.0,2.028474759900146,4.114709851551956,1
6768,Sutter Home Merlot Cal,23,9.91304347826087,10.0,2.23429963560398,4.992094861660079,1
6774,Sorel Artisan Liqueur,3,11.0,11.0,2.0,4.0,1
6782,Peter Vella Delicious Blush,54,11.24074074074074,11.0,1.9125719637237402,3.6579315164220834,1
6783,Hawk Crest Cab Svgn,42,11.071428571428571,11.0,1.9679487543255714,3.8728222996515678,1
6784,Hawk Crest Chard,2,14.0,14.0,0.0,0.0,1
6798,Livingston Chablis Blush Ca,7,11.857142857142858,12.0,1.9518001458970662,3.809523809523809,1
6814,Il Tramonto Amaretto,13,10.76923076923077,11.0,2.006400016357911,4.025641025641026,1
6824,Kendall Jackson Pnt Nr Vtnr,55,10.381818181818181,10.0,1.7158402443432033,2.9441077441077437,1
6828,Santa Rita RSV Cab Svgn,53,11.037735849056604,11.0,1.9705745369829368,3.8831640058055155,1
6829,Almaden Moscato Rhine,5,10.8,11.0,1.7888543819998317,3.2,1
6842,Delicious White P Vella B/B,8,11.125,11.5,2.295181287579947,5.267857142857143,1
6846,Stock Limonce,11,10.363636363636363,10.0,1.9116865471476894,3.6545454545454548,1
6854,Carlo Rossi Burgundy Calif,55,11.2,11.0,1.9187187082742176,3.681481481481482,1
6855,Midnight Moon Apple Pie,54,11.833333333333334,12.0,1.7988465906251634,3.235849056603774,1
6857,Sutter Home Wh Znfdl,55,10.345454545454546,10.0,2.038683142675427,4.156228956228955,1
6859,C Y Toro Frontera Chard,53,10.622641509433961,11.0,1.7565965244706294,3.0856313497822945,1
6861,Sutter Home Clsc Wh Znfdl,55,10.345454545454546,10.0,2.038683142675427,4.156228956228955,1
6862,Vecchia Romagna Nera Brandy,5,12.0,11.0,1.4142135623730951,2.0,1
6863,Jekel Grvlstone Montry Chard,12,12.0,12.5,1.7580981459830651,3.090909090909091,1
6864,St Francis Chard,54,10.814814814814815,10.5,2.0747727684088915,4.304682040531096,1
6867,Rodney Strong Pnt Nr,51,11.470588235294118,12.0,1.9323865159586535,3.7341176470588238,1
6869,Benziger Chard,52,10.807692307692308,11.0,1.879074256204854,3.530920060331825,1
6872,Marquis de Chasse Red Gines,1,9.0,9.0,,,1
6873,Guigal Cotes du Rhone Red,54,11.481481481481481,11.5,1.8504537000090027,3.4241788958770076,1
6876,Sutter Home Clsc Chard,55,10.345454545454546,10.0,2.038683142675427,4.156228956228955,1
6877,Original Wondermint Schnapps,3,9.0,9.0,2.0,4.0,1
6879,Maurice's Mentholated Mint,33,11.666666666666666,11.0,1.6520189667999174,2.7291666666666665,1
6881,Midnight Moon Cranberry,32,11.65625,12.0,1.8247293215088625,3.3296370967741935,1
6891,Gallo Twin Vly Chard Cal,17,11.705882352941176,12.0,1.829094922439543,3.3455882352941173,1
6892,Vendange Cab Svgn,11,11.909090909090908,12.0,1.2210278829367864,1.4909090909090905,1
6896,Sterling Merlot,46,10.41304347826087,10.5,1.9728838109227227,3.8922705314009653,1
6904,Westland Trinity 3 Pack,3,12.0,11.0,1.7320508075688772,3.0,1
6916,St Germain Liqueur,1,14.0,14.0,,,1
6918,Franzia Tap Cab Svgn,55,10.872727272727273,11.0,1.8564656329877602,3.4464646464646456,1
6919,Paul Masson Rose,10,11.7,12.0,1.888562063228706,3.566666666666667,1
6929,Marie Brizard Orange Curacao,30,10.033333333333333,10.0,1.731718965280638,2.9988505747126433,1
6932,Santa Rita 120 Chard,50,10.98,11.0,1.994789130076006,3.979183673469388,1
6933,Ch Ste Michelle Svgn Bl,54,10.851851851851851,11.0,1.9561939114380886,3.8266946191474487,1
6935,Fetzer Eagle Peak Merlot Cal,5,12.2,12.0,1.4832396974191324,2.1999999999999997,1
6937,Cavit Pinot Grigio,55,10.909090909090908,11.0,2.0482397797343443,4.195286195286195,1
6938,Vendange Chard,54,11.351851851851851,12.0,1.6501275812014622,2.7229210342417884,1
6940,Bolla Merlot,1,12.0,12.0,,,1
6941,Bolla Pinot Grigio,5,10.6,10.0,2.4083189157584592,5.8,1
6942,Southern Comfort Cherry,13,10.76923076923077,11.0,2.2417941532712202,5.025641025641026,2
6946,Rosemount Diamond Cab Svgn,53,11.49056603773585,12.0,1.8669456906673283,3.4854862119013075,1
6950,Solerno Blood Orange Liqueur,52,11.153846153846153,11.5,1.964235273881769,3.858220211161388,1
6952,Marie Brizard Cassis d Dijon,13,10.615384615384615,11.0,1.445594545418455,2.0897435897435894,1
6957,Torna Sorrento Limoncello,1,12.0,12.0,,,1
6958,Vendange Svgn Bl,52,11.365384615384615,12.0,1.6333394896304085,2.6677978883861235,1
6960,Cooks Brut,55,11.290909090909091,12.0,1.6961036751235687,2.8767676767676766,1
6967,Santa Margherita Pnt Grigio,55,11.436363636363636,11.0,1.8635254955935732,3.4727272727272727,1
6968,Peter Vella Burgundy B/B,25,11.16,11.0,1.9933221850301404,3.973333333333333,1
6974,Benziger Cab Svgn Sonoma,48,10.854166666666666,11.0,1.8792210171253605,3.531471631205674,1
6975,Jacobs Crk Chard,52,11.26923076923077,11.0,1.7163045643084633,2.945701357466064,1
6976,Ruffino Chianti Clsc RSV Tan,53,11.30188679245283,12.0,1.682316462276133,2.8301886792452837,1
6980,Midnight Moon Blueberry,53,11.867924528301886,12.0,1.7978377595264543,3.2322206095791013,1
6981,J Lohr Cypress Merlot,6,12.0,12.0,1.8973665961010275,3.6,1
6983,J Lohr Seven Oaks Cab Svgn,53,11.452830188679245,11.0,1.8560300658192377,3.444847605224964,1
6984,Kendall Jackson Vntrs RSV Me,52,10.384615384615385,10.0,1.6467894629991253,2.7119155354449473,1
6987,Rosemount Shiraz/Cab Svgn,42,11.476190476190476,11.0,1.8510128438775801,3.426248548199767,1
6990,Marie Brizard Chocolat Royal,21,9.857142857142858,10.0,1.7402791237532642,3.0285714285714294,1
6995,Carlo Rossi Spanada Sangria,54,11.24074074074074,11.0,1.9125719637237402,3.6579315164220834,1
7017,The Pogues Irish Whiskey,26,11.461538461538462,11.0,1.7258219892160196,2.9784615384615387,1
7032,Twenty 2 Coffee Vodka,1,10.0,10.0,,,1
7070,Skinnygirl Margarita Wtrmn/L,25,11.4,12.0,2.0,4.0,1
7077,Smirnoff Strawberry Vodka,31,11.096774193548388,11.0,1.5780755940845042,2.4903225806451608,1
7111,Jameson's Cooper Croze Irish,22,10.954545454545455,11.0,1.7855844108615222,3.188311688311689,1
7127,Mezcal De Amor Amaras,36,12.083333333333334,13.0,1.917960226013936,3.6785714285714284,1
7130,Smirnoff Green Apple Vodka,35,11.2,11.0,1.6413767535391819,2.694117647058824,1
7143,Smirnoff Watermelon Vodka,37,11.135135135135135,11.0,1.7023213262771215,2.897897897897898,1
7159,Ruffino Chianti,54,11.333333333333334,12.0,1.682316462276133,2.8301886792452837,1
7162,Blue Nun Authentic White,1,9.0,9.0,,,1
7193,Woodstock Killer Bee,1,13.0,13.0,,,1
7195,Herradura Reposado Barrel 11,1,10.0,10.0,,,1
7198,New Amsterdam Pineapple Vdka,54,11.24074074074074,11.0,1.9125719637237402,3.6579315164220834,1
7202,Cocktail Time Key Lime Rtd,16,10.75,10.0,1.8439088914585775,3.4,1
7205,Woodstock Hot Licks,2,13.0,13.0,0.0,0.0,1
7211,Cocktail Time Strawberry Rtd,19,10.947368421052632,10.0,1.840099158274005,3.385964912280701,1
7215,Lancers Rose,25,11.16,11.0,1.9295940851208404,3.723333333333333,1
7219,Herradura Reposado NHSLC,5,11.6,13.0,2.4083189157584592,5.8,1
7221,M & R Sweet Vermouth,54,11.37037037037037,11.5,1.9647487361203855,3.8602375960866517,1
7222,Mateus Rose,4,9.5,10.0,1.0,1.0,1
7224,Jagermeister Spice,35,10.6,11.0,2.0750620118302914,4.305882352941176,1
7230,New Amsterdam Orange Vodka,1,11.0,11.0,,,1
7241,Glendalough Poitin Shry Cask,4,11.0,12.0,2.70801280154532,7.333333333333333,1
7254,Cribari Marsala,51,11.313725490196079,12.0,1.6551760761735455,2.7396078431372546,1
7261,Gallo X Dry Vermouth,54,11.24074074074074,11.0,1.9125719637237402,3.6579315164220834,1
7262,Gallo Sweet Vermouth,53,11.18867924528302,11.0,1.8918509838615412,3.579100145137881,1
7265,Taylor Fladgate LBV Port,42,10.880952380952381,11.0,1.928001378306118,3.717189314750291,1
7266,Fonseca Bin No 27,47,10.659574468085106,10.0,2.0353035853531387,4.142460684551342,1
7269,Gallo Fairbanks Wh Port,53,11.18867924528302,11.0,1.8918509838615412,3.579100145137881,1
7272,Deep Eddy Cranberry Vodka,20,10.7,10.0,2.5360557855395096,6.43157894736842,1
7278,Mapple Jack Liquer,3,10.333333333333334,11.0,1.1547005383792517,1.3333333333333335,1
7279,Yago Sant'Gria Red,55,10.8,11.0,1.96638416050035,3.8666666666666667,1
7282,Colombo Marsala Sweet,54,11.444444444444445,11.0,1.7119630866531244,2.9308176100628933,1
7284,Colombo Marsala Dry,40,11.7,12.0,1.7715703594442809,3.1384615384615384,1
7293,Chi Chi's Skinny Margarita,54,10.685185185185185,11.0,1.979365955982094,3.9178895877009086,1
7300,New Amsterdam Coconut Vodka,2,9.5,9.5,0.7071067811865476,0.5,1
7302,Marques de Caceres Rioja Re,54,10.481481481481481,10.5,2.0626118333613555,4.254367575122291,1
7316,New Amsterdam Red Berry Vdka,1,14.0,14.0,,,1
7320,Malibu Rum Punch RTD,53,11.20754716981132,11.0,1.7580418583232986,3.090711175616837,1
7321,Malibu Cosmo Light RTD,3,12.333333333333334,12.0,0.5773502691896257,0.3333333333333333,1
7327,La Caravedo Puro Quebranta,2,14.0,14.0,0.0,0.0,1
7328,New Amsterdam Citron Vodka,5,10.6,10.0,1.9493588689617927,3.8,1
7340,Viniq Shimmery Liqueur,51,11.254901960784315,11.0,1.9374533517471018,3.753725490196079,1
7341,Smirnoff Watermelon,48,11.3125,11.0,1.7522781524073896,3.070478723404255,1
7344,Viniq Shimmery Liqueur,9,11.11111111111111,12.0,2.3687784005919825,5.611111111111111,1
7345,M & R Asti,54,11.37037037037037,11.5,1.9647487361203855,3.8602375960866517,1
7353,1800 Ultimate Peach Margrita,54,10.722222222222221,11.0,1.7311427861132511,2.99685534591195,1
7358,Viniq Ruby Shimmery Liqueur,48,11.3125,11.5,1.9035940251970633,3.6236702127659575,1
7361,Bolla Soave,17,10.764705882352942,11.0,1.7510501051050011,3.0661764705882355,1
7363,BeatBox Fruit Punch,12,11.833333333333334,12.5,1.9462473604038073,3.787878787878787,1
7371,Placido Sangiovese Primever,49,10.714285714285714,11.0,1.7677669529663687,3.1249999999999996,1
7374,New Amsterdam Mango Vodka,54,11.24074074074074,11.0,1.9125719637237402,3.6579315164220834,1
7375,Riunite Lambrusco,7,10.142857142857142,10.0,1.7728105208558367,3.142857142857143,1
7383,BeatBox Blue Razzberry Rtd,13,12.23076923076923,13.0,1.739436985245808,3.0256410256410255,1
7393,99 Blackberries,21,10.80952380952381,11.0,1.8606194564995722,3.461904761904763,1
7404,New Amsterdam Mango Vodka,26,11.307692307692308,11.0,1.9752312425481886,3.901538461538461,1
7412,Manischewitz Blackberry Kshr,1,14.0,14.0,,,1
7413,Manischewitz Blackberry Kshr,53,11.339622641509434,12.0,1.6977745187157747,2.88243831640058,1
7423,Manischewitz Concord Kosher,50,11.34,12.0,1.6855932159913074,2.8412244897959185,1
7424,Capt Morgan White,1,11.0,11.0,,,1
7430,New Amsterdam Vodka,9,11.555555555555555,11.0,2.4037008503093262,5.777777777777778,1
7433,New Amsterdam Orange,5,11.6,12.0,2.6076809620810595,6.8,1
7436,Belle de Brillet Pear Liquer,2,9.5,9.5,0.7071067811865476,0.5,1
7439,New Amsterdam Red Berry Vdka,3,11.666666666666666,12.0,0.5773502691896257,0.3333333333333333,1
7450,New Amsterdam Peach Vodka,1,10.0,10.0,,,1
7458,New Amsterdam Citron Vodka,8,10.5,10.5,1.927248223318863,3.7142857142857144,1
7473,Kagemusha Sw Potato Soju,2,9.5,9.5,2.1213203435596424,4.5,1
7485,M D 20/20,50,10.96,11.0,1.8065639953756842,3.2636734693877556,1
7489,99 Blackberries,18,10.777777777777779,11.0,1.8959881966484033,3.5947712418300646,1
7535,Gekkeikan Sake,55,10.563636363636364,11.0,1.960382014582271,3.843097643097644,1
7537,Avion Silver Tequila,33,11.515151515151516,12.0,1.7521631652262746,3.0700757575757573,1
7590,Stoli 80 VAP Lemonade Shaker,3,11.0,11.0,3.0,9.0,1
7629,Barenjager Honey & Bourbon,21,8.80952380952381,9.0,2.3583690894142846,5.561904761904763,1
7680,Viniq Shimmery Glow,31,11.67741935483871,12.0,1.758542896343325,3.09247311827957,1
7700,Early Times,1,13.0,13.0,,,1
7715,Andre Extra Dry,55,11.2,11.0,1.9187187082742176,3.681481481481482,1
7716,Andre Brut,55,11.2,11.0,1.9187187082742176,3.681481481481482,1
7718,Andre Pink,54,11.24074074074074,11.0,1.9125719637237402,3.6579315164220834,1
7725,Great Western Brut,55,11.781818181818181,12.0,1.822604049673302,3.3218855218855206,1
7728,Great Western X Dry,53,11.867924528301886,12.0,1.7978377595264543,3.2322206095791013,1
7740,J Roget Brut,53,11.283018867924529,12.0,1.6568895614578312,2.745283018867924,1
7750,Cynar Liqueur,15,10.8,11.0,1.082325538564332,1.1714285714285713,1
7770,J Roget Spumante,2,12.5,12.5,2.1213203435596424,4.5,1
7780,Herradura Reposado Lot 598,2,10.0,10.0,2.8284271247461903,8.0,1
7788,Piehole Apple Pie,48,11.270833333333334,11.0,1.7102890552424959,2.9250886524822692,1
7792,Herradura Reposado Lot 599,5,12.2,12.0,1.0954451150103324,1.2000000000000002,1
7818,Andre Cold Duck,54,11.24074074074074,11.0,1.9125719637237402,3.657931516422084,1
7828,Bols Peach Schnapps,18,10.61111111111111,10.5,1.500544563459581,2.2516339869281046,1
7830,Blossom Hill Wh Znfdl,4,10.25,10.5,2.5,6.25,1
7832,Sutter Home Svgn Bl,4,9.5,10.0,1.9148542155126762,3.6666666666666665,1
7838,Piehole Pecan Pie,10,11.9,12.0,1.5951314818673865,2.5444444444444443,1
7849,Tooters Apple-tini 15 Pk,32,9.78125,9.5,2.0118098896908885,4.047379032258065,1
7851,Piehole Pecan Pie,2,10.0,10.0,2.8284271247461903,8.0,1
7860,Sutter Home Wh Znfdl,54,10.37037037037037,10.0,2.049356054373199,4.199860237596086,1
7865,Moet & Chandon Imperial,54,10.62962962962963,11.0,1.8963350581293452,3.5960866526904267,1
7867,Tooters Red-diculous 15 Pk,31,9.96774193548387,10.0,2.0409780493306298,4.165591397849463,1
7868,Mumm Cordon Rouge Brut,46,11.195652173913043,11.0,1.796534506176839,3.2275362318840584,1
7872,Piper Heidsieck Brut,35,11.371428571428572,11.0,1.8484606359587634,3.416806722689076,1
7874,Sutter Home Cab Svgn,12,9.583333333333334,9.0,2.3532698077098573,5.537878787878788,1
7878,Allens Coffee Brandy,54,11.444444444444445,11.0,1.7119630866531244,2.9308176100628933,1
7890,Barrow's Intense Ginger,12,9.5,9.0,2.15322168769582,4.636363636363637,1
7891,DeLeon Platinum Tequila,47,11.23404255319149,11.0,1.657824215224474,2.748381128584643,1
7902,Piehole Apple Pie,1,10.0,10.0,,,1
7909,DeLeon Reposado Tequila,32,10.90625,11.0,1.5935226751223317,2.5393145161290325,1
7917,Tooters Ala-Bama Slama 15 Pk,33,9.93939393939394,10.0,2.0757437513364025,4.308712121212121,1
7931,Tooters Blu-D Kamikazi 15 Pk,33,9.727272727272727,9.0,2.050498830661811,4.204545454545454,1
7936,Bayou Spiced Rum,25,11.28,11.0,1.4866068747318506,2.21,1
7948,Bayou Silver Rum,24,11.291666666666666,11.5,1.5174110293140939,2.3025362318840576,1
7951,Auchentoshan Three Wood,26,11.423076923076923,12.0,2.0429993034375107,4.173846153846154,1
7956,Bayou Satsuma Rum Liqueur,25,11.28,11.0,1.4866068747318506,2.21,1
7969,Sandeman Founders RSV Port,53,11.20754716981132,11.0,1.7580418583232986,3.090711175616837,1
7974,Luxardo Sambuca Dei Cesari,1,14.0,14.0,,,1
7977,M & R X Dry Vermouth,54,11.37037037037037,11.5,1.9647487361203855,3.8602375960866517,1
7978,M & R X Dry Vermouth,55,11.327272727272728,11.0,1.9725387425622571,3.8909090909090907,1
7982,M & R Sweet Vermouth,55,11.327272727272728,11.0,1.9725387425622571,3.8909090909090907,1
7985,Noilly Prat Extra Dry Vermou,54,11.37037037037037,11.5,1.9647487361203855,3.8602375960866517,1
7986,Sapling Vermont Maple Liquer,51,11.96078431372549,12.0,1.7200091199028622,2.958431372549019,1
7990,Noilly Prat Sweet Vermouth,54,11.314814814814815,11.0,1.9888754201200014,3.955625436757512,1
7991,Stock Italian X Dry Vermouth,55,10.8,11.0,1.96638416050035,3.8666666666666667,1
7992,Patron Anejo Tequila,53,11.849056603773585,12.0,1.812310747839453,3.2844702467343967,1
7993,Stock Italian X Dry Vermouth,54,10.833333333333334,11.0,1.9691009345805608,3.8773584905660377,1
7994,Stock Italian Sweet Vermouth,54,10.833333333333334,11.0,1.9691009345805608,3.8773584905660377,1
7995,Patron Reposado Tequila,46,12.065217391304348,12.0,1.5691777593949356,2.4623188405797105,1
7996,Stock Italian Sweet Vermouth,54,10.833333333333334,11.0,1.9691009345805608,3.8773584905660377,1
8000,The Glenlivet 12 Yr Single,54,11.185185185185185,11.0,1.7491137817944185,3.059399021663172,1
8008,Bols Peppermint Schnapps,12,11.166666666666666,11.5,1.9462473604038073,3.7878787878787876,1
8010,Wild Turkey Forgiven,6,10.166666666666666,10.5,1.9407902170679516,3.7666666666666666,1
8011,Pepe Lopez White,36,11.11111111111111,11.0,1.9824627941423592,3.93015873015873,1
8012,Pepe Lopez Premium Gold,1,12.0,12.0,,,1
8015,Bayou Satsuma Rum Liqueur,19,11.052631578947368,11.0,1.4327007988227578,2.052631578947368,1
8016,La Vieille Ferme Wh Rhone,54,10.462962962962964,10.5,2.080574693493639,4.328791055206149,1
8017,Pepe Lopez Premium Tequila,10,10.8,10.5,1.9321835661585915,3.7333333333333325,1
8018,La Vieille Ferme Red Ventoux,54,10.462962962962964,10.5,2.080574693493639,4.328791055206149,1
8019,Bols Lychee,2,12.0,12.0,2.8284271247461903,8.0,1
8021,Glenfiddich Special Rsv 12,53,11.11320754716981,11.0,2.006339734235634,4.0253991291727145,1
8023,DeKuyper Triple Sec,55,11.10909090909091,11.0,2.114086154668317,4.469360269360271,1
8027,Absolut Mandrin,54,11.185185185185185,11.0,1.7491137817944185,3.059399021663172,1
8028,S S Pierce Manhattan,3,9.666666666666666,10.0,1.5275252316519468,2.3333333333333335,1
8032,Ballatore Gran Spumante,53,11.30188679245283,11.0,1.8768314712709224,3.5224963715529753,1
8033,Jack Daniels No 7 Black,54,10.88888888888889,11.0,1.9968528698048331,3.987421383647798,1
8036,Livingston Chablis Cal,55,11.2,11.0,1.9187187082742176,3.681481481481482,1
8038,Livingston Clrs Rhine Calif,3,11.0,11.0,1.0,1.0,1
8040,Bols Blue Curacao,54,10.648148148148149,11.0,1.914762977670313,3.666317260656884,1
8043,Bols Triple Sec,18,10.666666666666666,11.0,2.1693045781865616,4.705882352941177,1
8048,Coole Swan Irish Cream,26,10.692307692307692,10.0,2.093212474054763,4.381538461538462,1
8050,Absolut Mandrin,52,11.25,11.0,1.7475473008269191,3.053921568627451,1
8053,Seagrams 7 Crown,55,11.10909090909091,11.0,1.77088309496334,3.136026936026938,1
8057,Corazon de Agave Blanco,54,10.74074074074074,11.0,2.039100663631416,4.157931516422082,1
8058,Batavia Arrack Rum,1,8.0,8.0,,,1
8059,Corazon de Agave Anejo,39,10.58974358974359,11.0,2.1486586846332605,4.616734143049933,1
8060,Salers Apertif Gentiane,1,11.0,11.0,,,1
8063,Absolut Pears,3,11.0,10.0,2.6457513110645907,7.0,1
8064,Canadian Club,55,11.10909090909091,11.0,2.114086154668317,4.469360269360271,1
8066,DeKuyper Triple Sec,55,11.10909090909091,11.0,2.114086154668317,4.469360269360271,1
8068,Absolut 80 Proof,55,11.145454545454545,11.0,1.7577150763312832,3.0895622895622887,1
8070,The Macallan 21 Yr Old,1,7.0,7.0,,,1
8072,Taittinger Brut La Francais,50,10.88,10.5,2.1250690264899488,4.515918367346938,1
8075,Sheffield Tawny Port,54,11.24074074074074,11.0,1.9125719637237402,3.6579315164220834,1
8076,Jadot Moulin-a-Vent Jacques,3,11.0,11.0,3.0,9.0,1
8077,Sheffield Very Dry Sherry,53,11.30188679245283,11.0,1.8768314712709224,3.5224963715529753,1
8078,Glenfiddich Special Rsv 12Yr,52,11.153846153846153,11.5,1.964235273881769,3.8582202111613877,1
8079,Gallo Fairbanks Red Port,6,12.5,12.0,1.224744871391589,1.5,1
8081,Sheffield Cream Sherry,2,11.5,11.5,3.5355339059327378,12.5,1
8082,Baileys Irish Cream,55,11.10909090909091,11.0,1.77088309496334,3.136026936026938,1
8084,Plymouth Navy Strength Gin,1,13.0,13.0,,,1
8085,Wild Turkey,54,10.62962962962963,11.0,1.7298303580943322,2.992313067784765,1
8090,Russian Standard Gold Vodka,1,14.0,14.0,,,1
8092,Johnnie Walker Red Label,54,11.12962962962963,11.0,1.780886956211324,3.1715583508036342,1
8096,Beefeater Gin,53,11.20754716981132,11.0,1.7580418583232986,3.090711175616837,1
8097,Patron Citronge Orange,54,11.851851851851851,12.0,1.7634379736956947,3.109713487071977,1
8100,Jefferson's Manhattan RTD,5,9.8,9.0,1.6431676725154982,2.6999999999999997,1
8101,Tanqueray,53,11.169811320754716,11.0,1.773044416301258,3.1436865021770686,1
8102,Absolut Mandrin,55,11.145454545454545,11.0,1.7577150763312832,3.0895622895622887,1
8103,Sauza Gold Tequila,54,11.148148148148149,11.5,2.113812681651265,4.468204053109713,1
8107,Wild Turkey 101,50,10.74,11.0,1.7120223153228071,2.9310204081632656,1
8108,Amaras Cupreata Mezcal,12,11.833333333333334,12.0,1.5275252316519468,2.3333333333333335,1
8110,Tribuno Dry Vermouth,54,10.907407407407407,11.0,1.8558273191314598,3.444095038434661,1
8111,Smirnoff 80 Proof,55,11.10909090909091,11.0,1.77088309496334,3.136026936026938,1
8112,Stolichnaya,55,10.945454545454545,11.0,1.6601894338384873,2.756228956228957,1
8113,R Mondavi Chard Napa,49,11.326530612244898,12.0,1.6631766179768863,2.766156462585034,1
8114,Arrow Creme de Strawberry,27,11.222222222222221,12.0,1.9281983087713561,3.717948717948718,1
8118,Mr Boston Blackberry Brandy,55,10.654545454545454,11.0,1.974074389928023,3.896969696969697,1
8119,Pinnacle Grape Vodka,1,12.0,12.0,,,1
8120,Tribuno Sweet Vermouth,55,10.872727272727273,11.0,1.8564656329877602,3.4464646464646456,1
8122,Ty Ku Liqueur,2,8.5,8.5,0.7071067811865476,0.5,1
8123,Mouton Cadet Red Brdx,55,11.290909090909091,12.0,1.6961036751235687,2.8767676767676766,1
8124,Mouton Cadet White Brdx,53,11.283018867924529,12.0,1.6568895614578312,2.745283018867924,1
8128,Espolon Anejo Tequila,53,10.641509433962264,11.0,1.7441588188826762,3.0420899854862125,1
8130,Bacardi Superior Rum,54,11.37037037037037,11.5,1.9647487361203855,3.8602375960866517,1
8131,Lillet White French Aperiti,49,11.183673469387756,11.0,1.7160209471788108,2.9447278911564627,1
8135,Choco Lat Liqueur,54,11.444444444444445,11.0,1.7119630866531244,2.9308176100628933,1
8136,Lazzaroni Amaretto,7,10.857142857142858,11.0,2.1157009420498154,4.476190476190476,1
8143,Perrier Jouet Grand Brut,52,11.211538461538462,11.0,1.7073834868127091,2.9151583710407243,1
8144,Corralejo Reposado Tequila,54,11.833333333333334,12.0,1.7988465906251634,3.235849056603774,1
8149,Sebastiani Cab Svgn Sonoma,52,11.51923076923077,12.0,1.873346430231777,3.5094268476621426,1
8151,St Elder Elderflower Liqueur,1,11.0,11.0,,,1
8152,Skinnygirl Mojito RTD,19,10.842105263157896,10.0,2.088677356466337,4.362573099415205,1
8154,Cazadores Reposado Tequila,53,11.433962264150944,12.0,1.9266295197159544,3.711901306240929,1
8155,Black Velvet Plastic,54,11.333333333333334,12.0,1.682316462276133,2.8301886792452837,1
8159,Jose Cuervo Especial,55,10.690909090909091,11.0,1.73068951440927,2.995286195286195,1
8166,Mount Gay Eclipse,55,10.581818181818182,10.0,2.0063871076113964,4.025589225589226,1
8170,Courvoisier VS Cognac,54,11.148148148148149,11.5,2.113812681651265,4.468204053109713,1
8171,Leroux Blackberry Brandy,55,11.10909090909091,11.0,2.114086154668317,4.469360269360271,1
8172,DK Burst Blustery Peppermint,54,11.148148148148149,11.5,2.113812681651265,4.468204053109713,1
8173,Amarula Cream Liqueur,54,11.833333333333334,12.0,1.7988465906251634,3.235849056603774,1
8178,Bulleit Bourbon,54,11.148148148148149,11.0,1.7634379736956947,3.109713487071977,1
8184,Kahlua,54,11.185185185185185,11.0,1.7491137817944185,3.059399021663172,1
8187,Wild Turkey,52,10.634615384615385,11.0,1.7380273487079287,3.0207390648567123,1
8189,Camarena Silver Tequila,48,11.3125,11.5,1.8583480424313716,3.453457446808511,1
8190,Gran Centenario Rosangel,30,10.733333333333333,10.5,1.7207322686083053,2.960919540229885,1
8191,Savory & James Deluxe Cream,53,10.169811320754716,10.0,1.9585694254952415,3.83599419448476,1
8200,Chambord Liqueur de France,53,10.943396226415095,11.0,1.9749887471891956,3.9005805515239484,1
8202,Sambuca Romana,55,11.10909090909091,11.0,1.77088309496334,3.136026936026938,1
8203,Grand Marnier,54,10.62962962962963,11.0,1.8963350581293452,3.5960866526904267,1
8205,Frangelico Hazelnut Liqueur,53,10.641509433962264,11.0,1.744158818882676,3.0420899854862116,1
8207,Richards Wild Irish White,5,12.8,13.0,1.6431676725154982,2.6999999999999997,1
8212,Krupnik Spiced Honey Liqueur,40,9.225,9.0,1.874080971350888,3.5121794871794876,1
8214,E & J Brandy VS,55,11.2,11.0,1.9187187082742176,3.681481481481482,1
8218,Camarena Reposado Tequila,49,11.204081632653061,11.0,1.8817056960456415,3.5408163265306123,1
8221,Grand Mayan Silver Agave,34,11.382352941176471,11.0,1.5572840748686712,2.425133689839573,1
8223,Dom Chandon Blanc de Noir C,49,10.63265306122449,11.0,1.943942273995257,3.7789115646258504,1
8228,Wild Turkey Diamond Annivsry,1,8.0,8.0,,,1
8231,Folonari Valpolicella,51,10.901960784313726,11.0,1.757895354801125,3.090196078431373,1
8232,Riunite Lambrusco,54,10.574074074074074,11.0,1.7761719686826587,3.1547868623340314,1
8233,Beaulieu Cab Svgn Rutherford,40,10.3,11.0,1.9897171555209445,3.9589743589743582,1
8235,Riunite Bianco,4,11.25,12.0,2.362907813126304,5.583333333333333,1
8236,Jim Beam,54,11.148148148148149,11.5,2.113812681651265,4.468204053109713,1
8237,Grand Mayan Ultra Aged Teq,31,11.516129032258064,12.0,1.6506759775303264,2.724731182795699,1
8238,Suerte Blanco Tequila,18,12.333333333333334,13.0,1.4552137502179976,2.117647058823529,1
8242,Folonari Soave Dry White,52,10.846153846153847,11.0,1.775482429713178,3.15233785822021,1
8246,BV Coastal Estate Pnt Nr,52,10.288461538461538,11.0,1.9234011792995551,3.6994720965309194,1
8252,Gazdina Rakija Plum Brandy,53,9.754716981132075,10.0,2.1564363442544465,4.650217706821481,1
8254,Mateus Rose,35,10.82857142857143,11.0,1.7061431269819947,2.910924369747899,1
8258,Campari,54,10.62962962962963,11.0,1.7298303580943322,2.992313067784765,1
8259,Hornitos Platas Silver,16,11.375,12.5,2.1252450839060106,4.516666666666667,1
8262,Metcalfe's Vermont Maple,54,11.833333333333334,12.0,1.7988465906251634,3.235849056603774,1
8264,Ch Ste Michelle Rsl,54,10.851851851851851,11.0,1.9561939114380886,3.8266946191474487,1
8265,Cockburns Fine Ruby Port,53,9.339622641509434,9.0,1.7860936773005183,3.1901306240928875,1
8267,Gazdina Rakija Pear Brandy,53,9.735849056603774,10.0,2.176367327913353,4.736574746008708,1
8268,Paul Masson Chablis Carafe,36,11.416666666666666,12.0,1.5189281935440058,2.307142857142857,1
8272,Paul Masson Rose Carafe,32,11.0625,11.0,1.6251550794487475,2.6411290322580645,1
8273,El Mayor Reposado Tequila,53,10.867924528301886,11.0,1.9713109251016834,3.8860667634252546,1
8274,Paul Masson Ruby Burgundy Ca,9,11.11111111111111,11.0,1.6158932858054431,2.611111111111111,1
8275,El Mayor Anejo Tequila,52,10.826923076923077,11.0,1.9171174628894907,3.675339366515838,1
8279,Nardini Tagliatella Liqueur,2,10.5,10.5,0.7071067811865476,0.5,1
8280,Piper Sonoma Brut,53,10.622641509433961,10.0,2.0307862734034403,4.124092888243833,1
8282,Berentzen Bushel & Barrel,2,11.0,11.0,2.8284271247461903,8.0,1
8283,Korbel X Dry,40,11.1,11.0,2.0355809351607084,4.143589743589744,1
8284,Suerte Reposado Tequila,15,12.4,13.0,1.2421180068162376,1.5428571428571427,1
8288,Korbel Brut,54,10.88888888888889,11.0,1.9968528698048331,3.987421383647798,1
8289,E.H.Taylor Jr Single Barrel,21,10.761904761904763,11.0,2.047065262876636,4.19047619047619,1
8295,E.H. Taylor Jr Small Batch,22,10.818181818181818,11.0,2.1522162140534657,4.632034632034633,1
8296,Knob Creek Smoked Maple,52,11.25,12.0,2.0851952464184915,4.348039215686274,1
8298,Skinnygirl Grapefruit Marg,50,11.18,11.5,2.1351289212139113,4.5587755102040814,1
8308,Nardini Acqua di Cedro,2,10.5,10.5,0.7071067811865476,0.5,1
8312,Bols Curacao Orange,54,10.648148148148149,11.0,1.914762977670313,3.666317260656884,1
8322,Chi Chi's Ruby Red Margarita,13,11.538461538461538,11.0,1.7614096918559585,3.1025641025641026,1
8323,Jose Cuervo Gold w/Marg Mix,45,10.533333333333333,10.0,1.618079669911781,2.618181818181818,1
8327,Jose Cuervo Silver w/Marg Mx,16,10.75,11.0,1.6532795690182993,2.7333333333333334,1
8329,R Mondavi Chard Pvt Sel,55,11.290909090909091,12.0,1.6961036751235687,2.8767676767676766,1
8337,Marcati Limoncello,12,10.75,10.5,2.0056737702645644,4.0227272727272725,1
8338,The Glenlivet 12 Yr Single,55,11.145454545454545,11.0,1.7577150763312832,3.0895622895622887,1
8339,The Glenlivet 12 Yr Single,54,11.185185185185185,11.0,1.7491137817944185,3.059399021663172,1
8342,Korbel X Dry,54,10.88888888888889,11.0,1.9968528698048331,3.987421383647798,1
8345,R M Woodbridge Cab Svgn Cal,52,11.26923076923077,11.5,1.6699816203683273,2.7888386123680244,1
8346,Marques de Riscal Rioja Red,54,10.61111111111111,11.0,1.9466145422503731,3.7893081761006293,1
8351,Arrow Kirsch,52,10.75,11.0,1.9491073874579454,3.799019607843137,1
8358,Bacardi 151 Proof,36,11.472222222222221,12.0,1.9637589481270878,3.8563492063492064,1
8359,R M Woodbridge Svgn Bl Cal,52,11.26923076923077,11.5,1.6816819849907814,2.8280542986425345,1
8361,Carlo Rossi Chablis Calif,54,11.24074074074074,11.0,1.9125719637237402,3.6579315164220834,1
8364,Bolla Valpolicella,5,11.6,11.0,0.8944271909999159,0.8,1
8366,Bolla Bardolino,37,10.81081081081081,11.0,1.7454359187740311,3.046546546546546,1
8367,Carlo Rossi Rhine Calif,54,11.25925925925926,11.0,1.885247445699482,3.554157931516422,1
8368,Bacardi Superior Rum,53,11.433962264150944,12.0,1.9266295197159544,3.711901306240929,1
8369,Pernod Anise Liqueur,45,11.177777777777777,11.0,1.6277269271886328,2.6494949494949487,1
8370,Chi Chi's Margarita,53,10.679245283018869,11.0,1.9978217455871243,3.9912917271407844,1
8379,Wild Turkey 101,53,10.679245283018869,11.0,1.7071522047602279,2.9143686502177073,1
8385,Glenfiddich 1978 Rare Collct,1,14.0,14.0,,,1
8386,Dry Sack Sherry,53,11.0,11.0,2.0286410760370144,4.115384615384615,1
8387,Wild Turkey 101,54,10.62962962962963,11.0,1.7298303580943322,2.992313067784765,1
8391,Cabrito Blanco,2,7.5,7.5,2.1213203435596424,4.5,1
8393,Casamigos Reposado,54,10.592592592592593,11.0,1.947601510116545,3.793151642208246,1
8395,Casamigos Anejo,53,10.60377358490566,11.0,1.9048482943986482,3.6284470246734393,1
8398,Casamigos Blanco,52,10.634615384615385,11.0,1.9506544518050624,3.8050527903469082,1
8401,Bols Blue Curacao,47,10.638297872340425,11.0,1.9384611996082564,3.75763182238668,1
8402,Spud Pumpkin Spice Vodka,6,9.333333333333334,9.0,1.96638416050035,3.8666666666666663,1
8408,Wild Turkey American Honey,42,10.785714285714286,11.0,1.7325536529293244,3.0017421602787455,1
8409,Christian Bros Cream Sherry,52,10.634615384615385,10.0,2.133108255471952,4.550150829562594,1
8412,Tequila Ocho Plata Fresno,40,7.9,8.0,2.499230650851147,6.246153846153847,1
8413,St Elder Elderflower Liqueur,54,11.444444444444445,11.0,1.7119630866531244,2.9308176100628933,1
8420,Frangelico Hazelnut Liqueur,52,10.653846153846153,11.0,1.7136661237564357,2.9366515837104075,1
8421,Beringer Classic Wh Znfdl,54,10.648148148148149,11.0,1.8239228654598991,3.326694619147449,1
8422,Paul Masson Carafe Wh Znfdl,16,11.125,11.0,1.6683325008322931,2.783333333333333,1
8423,Paul Masson Wh Znfdl,53,11.39622641509434,12.0,1.6330672255406322,2.6669085631349785,1
8424,1800 Coconut Tequila,54,10.666666666666666,10.5,1.7374889710522776,3.0188679245283025,1
8425,Studebaker Manhattan RTD,21,11.571428571428571,12.0,1.5991068935949393,2.5571428571428565,1
8428,Trader Vics Macadamia Nut,20,9.6,9.5,1.5008769366431642,2.2526315789473688,1
8434,1800 Select Silver Tequila,4,10.5,10.0,1.9148542155126762,3.6666666666666665,1
8437,Maestro Dobel Diamond Tequla,49,10.83673469387755,11.0,1.675148485651225,2.806122448979593,1
8438,Capt Morgan White Grapefruit,7,10.714285714285714,10.0,1.9760470401187074,3.9047619047619047,1
8440,Bailey's Espresso Creme,54,11.148148148148149,11.0,1.7634379736956947,3.109713487071977,1
8441,Baileys Irish Cream,55,11.10909090909091,11.0,1.77088309496334,3.136026936026938,1
8442,1800 Silver Tequila,53,10.773584905660377,11.0,1.7056637489209776,2.909288824383164,1
8443,Forbidden Secret Wh Choc Cr,29,11.482758620689655,11.0,1.7852708809104016,3.187192118226602,1
8444,Tres Agaves Blanco Tequila,51,10.313725490196079,10.0,2.0541684067128614,4.219607843137255,1
8446,Richards Wild Irish Rose Red,50,11.38,12.0,1.6399352899130017,2.6893877551020413,1
8447,Studebaker Old Fashioned RTD,25,11.36,11.0,1.6041612554021287,2.5733333333333337,1
8448,Cruzan Aged Dark Rum,51,11.235294117647058,12.0,2.1032188216552044,4.423529411764707,1
8450,E & J Brandy VS,54,11.24074074074074,11.0,1.9125719637237402,3.6579315164220834,1
8451,Cruzan Aged Dark Rum,55,11.10909090909091,11.0,2.114086154668317,4.469360269360271,1
8452,Cruzan Aged Light Rum,54,11.148148148148149,11.5,2.113812681651265,4.468204053109713,1
8453,1800 Silver Tequila,34,10.558823529411764,10.0,1.4604104128549087,2.1327985739750446,1
8454,Tres Agaves Anejo Tequila,49,10.387755102040817,10.0,2.0697858839605066,4.284013605442176,1
8455,R Mondavi Fume Bl Napa Vly,53,11.320754716981131,12.0,1.6958499673485765,2.875907111756168,1
8456,Harwood Canadian,6,10.666666666666666,11.0,2.3380903889000244,5.466666666666667,1
8458,Agave Underground Tequila,48,10.833333333333334,11.0,1.9606049146132614,3.843971631205674,1
8459,Pardiac VS French Brandy,3,10.666666666666666,10.0,1.1547005383792517,1.3333333333333335,1
8462,Frangelico Hazelnut Liqueur,54,10.62962962962963,11.0,1.7298303580943322,2.992313067784765,1
8464,Ch de Montfort Vouvray,47,10.851063829787234,11.0,2.074469271092429,4.303422756706754,1
8467,Capt Morgan White Coconut,3,9.666666666666666,10.0,0.5773502691896257,0.3333333333333333,1
8469,1800 Reposado Gold Tequila,55,10.690909090909091,11.0,1.73068951440927,2.995286195286195,1
8470,1800 Reposado Gold Tequila,51,10.745098039215685,11.0,1.753204349240578,3.0737254901960784,1
8472,1800 Silver Tequila,54,10.722222222222221,11.0,1.7311427861132511,2.99685534591195,1
8473,1800 Silver Tequila,53,10.641509433962264,11.0,1.699483401401749,2.8882438316400583,1
8474,1800 Reposado Gold Tequila,50,10.64,11.0,1.6507264943604905,2.724897959183674,1
8475,J Roget Extra Dry,53,11.30188679245283,12.0,1.682316462276133,2.8301886792452837,1
8476,1800 Reposado Gold Tequila,53,10.773584905660377,11.0,1.7056637489209776,2.909288824383164,1
8480,Clan MacGregor,54,11.12962962962963,11.5,1.9909824662694329,3.9640111809923138,1
8482,Cabot Trail Cana Cream Maple,50,11.82,12.0,1.8482203243517639,3.415918367346939,1
8483,Rastignac VSOP Cognac,5,11.4,11.0,1.1401754250991378,1.2999999999999998,1
8484,1800 Coconut Tequila,33,10.454545454545455,10.0,1.348399724926484,1.8181818181818181,1
8485,Gozio Amaretto,54,10.61111111111111,11.0,1.9074498105780433,3.638364779874213,1
8489,Rastignac XO Cognac,4,11.5,11.5,1.2909944487358056,1.6666666666666667,1
8491,Forbidden Secret Dark Mocha,53,11.50943396226415,12.0,1.8566164583563747,3.447024673439768,1
8495,Capt Morgan White Pineapple,2,10.0,10.0,0.0,0.0,1
8496,Jadot Chardonnay,53,10.88679245283019,11.0,2.02541901988102,4.10232220609579,1
8497,Kamora Coffee,54,11.148148148148149,11.5,2.113812681651265,4.468204053109713,1
8498,R M Woodbridge Svgn Bl Cal,55,11.290909090909091,12.0,1.6961036751235687,2.8767676767676766,1
8500,Stolichnaya Chocolat Kokonut,20,11.0,11.0,1.6858544608470492,2.8421052631578947,1
8501,Mother's Pumpkn Spice Liquer,15,10.866666666666667,11.0,2.1668498091095505,4.695238095238096,1
8504,R M Woodbridge Cab Svgn Cal,55,11.290909090909091,12.0,1.6961036751235687,2.8767676767676766,1
8505,Hussong's Repasado Tequila,24,10.166666666666666,10.0,1.88048714009375,3.5362318840579707,1
8506,Myers Original Dark Rum,55,11.10909090909091,11.0,1.77088309496334,3.136026936026938,1
8508,Celtic Honey Liqueur,5,9.8,9.0,2.3874672772626644,5.699999999999999,1
8512,Baileys Irish Cream,55,11.10909090909091,11.0,1.77088309496334,3.136026936026938,1
8513,Baileys Irish Cream Mini's 4,54,11.148148148148149,11.0,1.7634379736956947,3.109713487071977,1
8515,Baileys Chocolate Cherry,53,11.09433962264151,11.0,1.7349811675257705,3.0101596516690856,1
8517,Baileys Salted Caramel,54,11.148148148148149,11.0,1.7634379736956947,3.109713487071977,1
8518,Ke Ke Beach,7,11.142857142857142,12.0,2.193062655175134,4.809523809523809,1
8519,Dekuyper Orange Curacao,24,11.458333333333334,12.0,2.021174145771767,4.0851449275362315,1
8520,Brady's Irish Cream,54,10.61111111111111,11.0,1.9074498105780433,3.638364779874213,1
8522,Dekuyper Peachtree Scnapps,20,11.45,12.0,1.9049796241485244,3.628947368421053,1
8523,Glen Ellen Chard RSV,54,10.907407407407407,11.0,1.8558273191314598,3.444095038434661,1
8525,Fetzer Sundial Chard,15,12.6,13.0,1.4540583599999397,2.1142857142857143,1
8526,Chambord Royale de France,54,10.88888888888889,11.0,1.9968528698048331,3.987421383647798,1
8527,Concannon Glen Ellen Wh Zin,1,10.0,10.0,,,1
8534,M & R Asti,54,11.38888888888889,11.5,1.9368976036548822,3.7515723270440247,1
8535,Arrow Peppermint Schnapps,37,10.81081081081081,11.0,2.066099893221228,4.268768768768769,1
8537,Dom Chandon Brut Cuvee,54,10.62962962962963,11.0,1.8963350581293452,3.5960866526904267,1
8539,DeKuyper Fleur Elderflower,3,10.666666666666666,9.0,2.8867513459481287,8.333333333333332,1
8543,Kringle Cream,13,9.692307692307692,10.0,1.6525039276108335,2.7307692307692313,1
8550,S S Pierce Vodka,2,12.5,12.5,2.1213203435596424,4.5,1
8553,Dekuyper Blue Curacao,24,11.458333333333334,12.0,2.021174145771767,4.0851449275362315,1
8558,Irishman Cream Liqueur,2,9.0,9.0,1.4142135623730951,2.0,1
8562,DeKuyper Peachtree Trav,55,11.10909090909091,11.0,2.114086154668317,4.469360269360271,1
8563,Chi Chi's Chocolate Malt RTD,1,8.0,8.0,,,1
8565,Skinnygirl Sprklng Margarita,4,11.25,11.0,2.6299556396765835,6.916666666666667,1
8567,Cribari Chianti,55,11.290909090909091,12.0,1.6961036751235687,2.8767676767676766,1
8575,The King's Ginger Liqueur,18,11.722222222222221,12.0,1.6379885640466822,2.6830065359477118,1
8576,E & J Brandy VS,53,11.226415094339623,11.0,1.9279473883058817,3.7169811320754707,1
8579,Chi Chi's Orange Cream RTD,14,11.142857142857142,10.5,2.0326997151247235,4.131868131868132,1
8580,Alize Coco Liqueur,1,9.0,9.0,,,1
8581,Stagg Jr Bourbon,16,10.625,11.0,2.217355782608345,4.916666666666667,1
8590,Arrow Peppermint Schnapps,54,10.833333333333334,11.0,1.9691009345805608,3.8773584905660377,1
8599,Jenkins Amaretto,55,11.4,11.0,1.7277688459933478,2.985185185185185,1
8606,Baileys Espresso Creme,11,10.636363636363637,10.0,1.9116865471476894,3.6545454545454548,1
8609,Duboeuf Beaujolais Villages,52,11.5,11.5,1.7877579342216745,3.196078431372549,1
8612,Grand Marnier,53,10.679245283018869,11.0,1.8787637599236162,3.529753265602323,1
8614,Sutter Home Znfdl,6,10.666666666666666,11.5,2.1602468994692865,4.666666666666666,1
8616,Olmeca Altos Reposado,8,11.5,11.5,1.7728105208558367,3.142857142857143,1
8617,Bacardi Black,53,11.320754716981131,11.0,1.9490982619747756,3.798984034833091,1
8618,Olmeca Altos Plata Blanco,4,11.75,12.0,1.5,2.25,1
8619,Canadian Club,53,11.20754716981132,12.0,2.088047400048094,4.359941944847606,1
8620,Sambuca Romana,54,11.148148148148149,11.0,1.7634379736956947,3.109713487071977,1
8621,Sho Chiku Bai Takara Sake,54,9.555555555555555,10.0,1.9295777880799654,3.723270440251572,1
8622,Dom Perignon,53,10.60377358490566,11.0,1.9048482943986482,3.6284470246734393,1
8623,Casamigos Anejo Tequila,48,10.729166666666666,11.0,1.8876934403717927,3.563386524822695,1
8626,Ezra Brooks,55,10.8,11.0,1.96638416050035,3.8666666666666667,1
8627,Jadot Beaujolais Villages,51,10.72549019607843,10.0,2.0206774247518977,4.083137254901961,1
8628,Jadot Macon Villages Blanc,54,10.814814814814815,10.5,2.0747727684088915,4.304682040531096,1
8629,Ezra Brooks Cinnamon Bourbon,1,8.0,8.0,,,1
8630,Fontana Candida Frascati,54,10.574074074074074,11.0,1.7761719686826587,3.1547868623340314,1
8632,Arak-Gantous & Abouraad,48,11.645833333333334,12.0,1.6175840052944384,2.6165780141843973,1
8634,Manischewitz Cream White Cnd,24,11.583333333333334,12.0,1.767254482466264,3.123188405797102,1
8637,Metaxa Ouzo,52,10.634615384615385,10.5,2.048709265145254,4.197209653092006,1
8642,Jose Cuervo RTD Pink Lemonad,34,10.617647058823529,10.0,1.5572840748686712,2.425133689839573,1
8652,Grande Absente Absinthe,49,10.714285714285714,11.0,1.9148542155126762,3.6666666666666665,1
8653,M & R Extra Dry Vermouth,54,11.37037037037037,11.5,1.9647487361203855,3.8602375960866517,1
8654,M & R Sweet Vermouth,53,11.433962264150944,12.0,1.9266295197159544,3.711901306240929,1
8655,Plomari Ouzo,51,10.72549019607843,11.0,1.7558864584311709,3.0831372549019602,1
8658,Absente 'Absinthe Refined',51,10.686274509803921,11.0,1.891985159333248,3.5796078431372553,1
8660,Drambuie Liqueur,54,11.12962962962963,11.5,1.9909824662694329,3.9640111809923138,1
8664,Asbach Uralt German Brandy,50,9.66,10.0,1.869300862431116,3.494285714285714,1
8670,Arrow Coffee Brandy,55,10.8,11.0,1.96638416050035,3.8666666666666667,1
8671,Appleton Est VX Jamaican Rum,51,10.72549019607843,11.0,1.6501930962472122,2.723137254901961,1
8673,Skinnygirl Margarita,53,11.169811320754716,12.0,2.127980706395726,4.528301886792453,1
8674,Riunite Moscato,54,10.574074074074074,11.0,1.7761719686826587,3.1547868623340314,1
8676,Barterhouse Bourbon,7,11.285714285714286,12.0,1.6035674514745464,2.5714285714285716,1
8677,Wild Turkey Rare Breed,51,10.666666666666666,11.0,1.6931233465600393,2.8666666666666667,1
8678,Banfi Chianti Clsc RSV,52,10.615384615384615,11.0,1.7729320586149244,3.143288084464554,1
8680,Crown Royal,54,11.148148148148149,11.0,1.7634379736956947,3.109713487071977,1
8687,Paul Masson Ruby Burgundy,53,11.283018867924529,12.0,1.6568895614578312,2.745283018867924,1
8688,Paul Masson Chablis,51,11.27450980392157,12.0,1.6134240778239182,2.6031372549019607,1
8689,Paul Masson Rose,55,11.290909090909091,12.0,1.6961036751235687,2.8767676767676766,1
8691,Jose Cuervo Especial,54,10.722222222222221,11.0,1.7311427861132511,2.99685534591195,1
8692,Grey Goose VX,3,11.333333333333334,11.0,1.5275252316519468,2.3333333333333335,1
8693,Ezra Brooks,54,10.833333333333334,11.0,1.9691009345805608,3.8773584905660377,1
8694,Skinnygirl Cosmopolitan,54,11.148148148148149,11.5,2.113812681651265,4.468204053109713,1
8696,Gekkeikan Plum Wine,54,10.592592592592593,11.0,1.9668816284467794,3.8686233403214545,1
8699,Livingston Rhine Calif,9,10.88888888888889,11.0,2.0275875100994063,4.111111111111111,1
8700,Beringer Knights Vly Cab Svg,52,10.615384615384615,11.0,1.8273933664750739,3.3393665158371038,1
8701,Sheffield Cream Sherry,54,11.24074074074074,11.0,1.9125719637237402,3.6579315164220834,1
8704,Beringer Chard Napa Vly,45,10.666666666666666,11.0,1.9423509653837727,3.772727272727274,1
8705,Livingston Clrs Red Rose,11,11.454545454545455,12.0,1.8635254955935732,3.4727272727272727,1
8708,Kamchatka Vodka,32,11.15625,10.5,2.065216929947538,4.265120967741935,1
8712,Cuervo RTD Golden Grapefruit,35,10.628571428571428,10.0,1.5355725945969831,2.3579831932773105,1
8717,Sandeman Rainwater Madeira,25,11.36,12.0,1.6299284237863534,2.6566666666666667,1
8718,Gallo Twin Vly Svgn Bl Cal,4,12.0,12.5,2.449489742783178,6.0,1
8720,Arrow Blue Curacao,29,11.03448275862069,11.0,1.822140786090629,3.320197044334975,1
8725,Chambord Royale de France,55,10.854545454545455,11.0,1.9946055195078491,3.978451178451177,1
8726,Baileys Irish Cream,54,11.148148148148149,11.0,1.7634379736956947,3.109713487071977,1
8727,Monkey Shoulder Scotch,54,11.12962962962963,11.5,1.9909824662694329,3.9640111809923138,1
8728,Blue Nun Authentic White,52,10.634615384615385,11.0,1.9706557697619154,3.883484162895927,1
8729,Smirnoff Light Strawberry,1,10.0,10.0,,,1
8730,Ruffino Orvieto Clsc,54,11.333333333333334,12.0,1.682316462276133,2.8301886792452837,1
8737,Freixenet Cordon Negro Brut,54,11.481481481481481,11.5,1.8504537000090027,3.4241788958770076,1
8741,J Drouhin Chablis,49,11.489795918367347,11.0,1.7809460147581657,3.1717687074829928,1
8744,Jadot Bourgogne Pinot Noir,52,10.903846153846153,11.0,2.04133381409635,4.167043740573152,1
8746,Cavit Pinot Grigio,54,10.944444444444445,11.0,2.050463975719464,4.204402515723271,1
8749,Lugny Les Charmes Macon,53,10.773584905660377,11.0,1.9078936173572139,3.640058055152395,1
8761,Jose Cuervo Especial,54,10.722222222222221,11.0,1.7311427861132511,2.99685534591195,1
8767,Metcalfe's Raspberry Liqueur,6,11.0,10.5,2.5298221281347035,6.4,1
8778,Bulleit Bourbon,55,11.10909090909091,11.0,1.77088309496334,3.136026936026938,1
8780,Sandeman Fine Rich Madeira,51,11.137254901960784,11.0,1.7552163153655707,3.08078431372549,1
8781,Rodney Strong Cab Svgn,53,11.452830188679245,11.0,1.8560300658192377,3.444847605224964,1
8787,Torresella Pinot Grigio Ven,45,11.4,11.0,1.7761040100583791,3.1545454545454548,1
8788,Stolichnaya,53,10.981132075471699,11.0,1.6697600707164697,2.78809869375907,1
8790,Bolla Valpolicella,53,10.584905660377359,11.0,1.791367787089293,3.2089985486211905,1
8793,Fabrizia's Margarita RTD,35,10.114285714285714,10.0,1.9669538792318468,3.868907563025211,1
8801,Smirnoff Wh Peach Sorbet,1,10.0,10.0,,,1
8808,Salignac VS Cognac,53,11.20754716981132,12.0,2.088047400048094,4.359941944847606,1
8815,Ch Ste Michelle Chard Colmbi,55,10.818181818181818,11.0,1.954016841836789,3.818181818181819,1
8818,Jack Daniel BTB NE Tap House,2,13.0,13.0,0.0,0.0,1
8819,Leroux Blackberry Brandy,54,11.148148148148149,11.5,2.113812681651265,4.468204053109713,1
8822,Absolut 80 Proof,54,11.185185185185185,11.0,1.7491137817944185,3.059399021663172,1
8823,Leroux Apricot Brandy,54,11.148148148148149,11.5,2.113812681651265,4.468204053109713,1
8828,Lunazul Blanco Tequila,43,10.55813953488372,10.0,2.163576465698309,4.681063122923588,1
8837,Santa Rita 120 Cab Svgn,54,10.944444444444445,11.0,2.050463975719464,4.20440251572327,1
8838,Ch Ste Michelle Cab Svgn Col,54,10.851851851851851,11.0,1.9561939114380886,3.8266946191474487,1
8840,Burnetts Gin,55,10.563636363636364,10.0,2.1148823307047775,4.472727272727273,1
8847,J Roget Extra Dry,54,11.333333333333334,12.0,1.682316462276133,2.8301886792452837,1
8848,Deep Eddy Lemon Vodka,11,10.0,9.0,2.5298221281347035,6.4,1
8849,Mr Boston Amaretto Liqueur,4,10.75,10.0,2.362907813126304,5.583333333333333,1
8875,Freixenet Cordon Negro Brut,46,11.391304347826088,11.0,1.8193803691191768,3.310144927536232,1
8877,Latour Beaujolais Villages,32,11.59375,11.5,1.4336818156017384,2.055443548387097,1
8892,R Mondavi Cab Svgn Napa,54,11.333333333333334,12.0,1.682316462276133,2.8301886792452837,1
8893,Yukon Jack,54,11.148148148148149,11.0,1.7634379736956947,3.109713487071977,1
8895,Gloria Ferrer Brut,39,11.384615384615385,11.0,1.872451033937584,3.506072874493927,1
8897,Moet & Chandon Brut Imprl Ro,50,10.58,10.5,1.9175877703883224,3.6771428571428575,1
8898,Yukon Jack,54,11.148148148148149,11.0,1.7634379736956947,3.109713487071977,1
8905,Livingston Cellars Red Rose,54,11.24074074074074,11.0,1.9125719637237402,3.6579315164220834,1
8907,Carlo Rossi Burgundy Calif,54,11.24074074074074,11.0,1.9125719637237402,3.6579315164220834,1
8908,Carlo Rossi Rhine Calif,13,11.384615384615385,12.0,1.8946618668626836,3.5897435897435894,1
8909,Carlo Rossi Chablis Calif,33,11.575757575757576,12.0,1.9369806244239873,3.7518939393939394,1
8910,Finlandia Vodka,55,10.854545454545455,11.0,1.9946055195078491,3.978451178451177,1
8914,Egri Bikaver Bulls Blood Eg,5,10.4,10.0,1.816590212458495,3.3,1
8918,Beat 3 Reserve,22,8.727272727272727,9.0,1.856310169634225,3.4458874458874456,1
8921,Sterling Cab Svgn,50,10.46,11.0,1.9400189353168065,3.7636734693877556,1
8922,Taylor Lake Country Red,54,11.333333333333334,12.0,1.682316462276133,2.8301886792452837,1
8923,Taylor Lake Country Wh,2,9.0,9.0,0.0,0.0,1
8929,Sebastiani Chard Sonoma,51,11.431372549019608,11.0,1.8466716217106314,3.410196078431373,1
8930,Pueblo Viejo Blanco Tequila,2,10.5,10.5,2.1213203435596424,4.5,1
8943,Malibu Rum Sparkler RTD,14,12.0,12.5,1.4142135623730951,2.0,1
8958,Malibu Peach Sparkler RTD,12,11.833333333333334,12.0,1.5275252316519468,2.3333333333333335,1
8961,Jose Cuervo Especial,54,10.722222222222221,11.0,1.7311427861132511,2.99685534591195,1
8962,Pimms Cup No 1,52,11.057692307692308,11.0,1.731070863610623,2.996606334841628,1
8965,St George Absinthe Verte,32,11.78125,12.0,1.6604386322935585,2.757056451612903,1
8970,Ice Box Manhattan,55,10.709090909090909,11.0,2.0337224333784927,4.136026936026937,1
8976,Beat 3 White Kosher Whiskey,8,8.875,8.0,2.2320714274285347,4.982142857142857,1
8978,Riunite Lambrusco,54,10.574074074074074,11.0,1.7761719686826587,3.1547868623340314,1
8979,Bols Cassis Foam,1,7.0,7.0,,,1
8985,J Roget Spumante,54,11.333333333333334,12.0,1.682316462276133,2.8301886792452837,1
8986,Sauza Blue Silver VAP,12,10.833333333333334,10.5,2.72474630456533,7.424242424242423,1
9028,Prairie Organic Gin,13,10.23076923076923,10.0,1.832750490103429,3.3589743589743595,1
9031,Tempus Fugit de Violettes,1,12.0,12.0,,,1
9035,Tempus Fugit Gran Classico,1,13.0,13.0,,,1
9037,Prairie Organic Cucumber Vod,54,9.907407407407407,10.0,1.6853253257246807,2.8403214535290013,1
9066,American Harvest Organic,5,11.0,11.0,1.5811388300841898,2.5,1
9090,Harmon Buffalo Trace Barrel,1,8.0,8.0,,,1
9092,Junipero Gin,50,12.0,12.5,1.6903085094570331,2.857142857142857,1
9102,Scorpion Anejo Mexcal,1,10.0,10.0,,,1
9103,Scorpion Silver,1,7.0,7.0,,,1
9104,Oro de Oaxaca Mezcal,1,11.0,11.0,,,1
9105,Loukatos Tsipouro Brandy,1,10.0,10.0,,,1
9109,Deep Eddy Ruby Red Vodka,45,10.577777777777778,10.0,2.1688799883904144,4.704040404040404,1
9115,Caffo Limoncino Dell'l Sola,16,10.8125,10.5,2.2573952541221782,5.095833333333333,1
9116,KAH Tequila 3/50mLs Pak,2,12.0,12.0,1.4142135623730951,2.0,1
9118,Caffo Sambuca Secolare,15,11.266666666666667,11.0,1.98086080374405,3.923809523809524,1
9123,Deep Eddy Vodka,1,9.0,9.0,,,1
9126,Caffo Grappa Italiana,2,12.5,12.5,2.1213203435596424,4.5,1
9129,Peychaud's Bitters,54,10.666666666666666,11.0,2.0281044221562685,4.113207547169812,1
9136,Caffo Amaretto Liqueur,21,10.476190476190476,10.0,2.11232212550661,4.461904761904762,1
9140,Caffo Vecchio Amaro del Capo,5,10.8,10.0,2.588435821108957,6.699999999999999,1
9145,Smirnoff Kissed Caramel,46,11.195652173913043,11.0,1.7335841513067183,3.0053140096618347,1
9147,Green Spot Irish Whiskey,18,10.61111111111111,10.0,1.7868437137915392,3.1928104575163396,1
9160,Deep Eddy Peach Vodka,31,10.548387096774194,10.0,2.3782165541629348,5.655913978494622,1
9191,Mojoshot Blue Lagoon RTD,2,11.5,11.5,3.5355339059327378,12.5,1
9195,Svedka Strwbry Lemonad Vodka,1,9.0,9.0,,,1
9256,Don Ramon Silver Tequila,40,11.95,12.0,1.7238894604338388,2.971794871794872,1
9291,Grand Marnier Quintessence,2,9.0,9.0,2.8284271247461903,8.0,1
9304,Arak Razzouk,30,10.733333333333333,10.5,1.7603552410558057,3.098850574712644,1
9358,KAH Reposado Tequila,41,11.731707317073171,12.0,1.7032966600669193,2.901219512195122,1
9359,KAH Extra Aged Tequila,2,13.5,13.5,0.7071067811865476,0.5,1
9360,KAH Blanco Tequila,48,11.833333333333334,12.0,1.848902300369616,3.418439716312057,1
9361,KAH Anejo Tequila,26,12.115384615384615,13.0,1.6811168448843306,2.8261538461538462,1
9373,Rothman & Winter Pear Liquer,1,13.0,13.0,,,1
9376,St Elizabeth Allspice Dram,3,11.0,11.0,3.0,9.0,1
9388,Hennessy Privilege VSOP,52,10.692307692307692,11.0,1.8946618668626838,3.58974358974359,1
9439,Cointreau VAP,3,10.666666666666666,9.0,2.8867513459481287,8.333333333333332,1
9823,Silo Vodka,3,11.0,11.0,2.0,4.0,1
10009,Long Lake Cab Svgn Cal,2,11.0,11.0,2.8284271247461903,8.0,1
10010,Long Lake Chard Cal,1,13.0,13.0,,,1
10011,Long Lake Merlot Cal,2,13.0,13.0,0.0,0.0,1
10021,Clayhouse Syrah Paso Robles,25,11.24,11.0,1.7146428199482247,2.94,1
10030,Pacifico Sur Pnt Nr Rsv,22,8.681818181818182,8.0,2.2758852518643553,5.179653679653679,1
10032,J Lohr October Night Chard,21,11.238095238095237,11.0,1.700140050253564,2.890476190476191,1
10051,Joseph Phelps Cab Svgn Napa,48,11.916666666666666,12.0,1.7725247449982766,3.141843971631206,1
10054,Rozes White RSV Porto,4,9.5,9.5,2.3804761428476167,5.666666666666667,1
10057,Rocca delle Macie Sasyr Tscn,6,10.333333333333334,10.0,1.96638416050035,3.8666666666666663,1
10058,F Coppola Dmd Ivry Cab Svgn,52,10.76923076923077,11.0,1.905774348465732,3.6319758672699853,1
10062,Terroirs du Rhone,46,10.782608695652174,11.0,1.9766755871441308,3.9072463768115946,1
10121,Columbia Crest 08 Cab Svgn,5,11.4,11.0,1.816590212458495,3.3,1
10122,Columbia Crest Walter Clore,2,10.0,10.0,0.0,0.0,1
10124,Tormaresca Neprica Puglia,4,11.25,11.5,1.707825127659933,2.9166666666666665,1
10162,Veuve Clicquot Brut Yellow,7,10.0,10.0,1.7320508075688772,3.0,1
10163,Andre Bjls Vlgs La Treille,5,10.0,9.0,2.0,4.0,1
10164,Andre Bourgogne Pnt Nr RSV,42,10.595238095238095,10.0,2.0959836599801056,4.3931475029036,1
10175,Big House Birdman Pnt Grigio,49,11.020408163265307,11.0,1.8651384657978183,3.4787414965986394,1
10205,R Mondavi Pnt Nr Napa Vly,28,11.25,12.0,1.7559422921421233,3.0833333333333335,1
10227,Due Torri Pnt Nr del Venezie,37,11.81081081081081,12.0,1.8079736637376023,3.2687687687687683,1
10228,Pinecroft Cab Svgn Cal,4,12.0,12.0,1.8257418583505538,3.3333333333333335,1
10229,Pinecroft Chard Cal,6,12.333333333333334,12.5,1.632993161855452,2.6666666666666665,1
10233,Gallo Twin Vly Moscato,6,10.833333333333334,10.5,2.48327740429189,6.166666666666666,1
10235,Sheffield Marsala Silver Lne,50,11.2,11.0,1.8735538640862859,3.510204081632653,1
10236,Layer Cake Malbec Mendoza,51,11.490196078431373,11.0,1.8587366571906614,3.454901960784314,1
10238,Layer Cake Primitivo Puglia,49,11.46938775510204,11.0,1.8269058634789055,3.337585034013605,1
10239,Cannonball Cab Svgn Cal,54,11.481481481481481,11.5,1.8504537000090027,3.4241788958770076,1
10242,Rosenblum RSV Znfdl Monte Rs,4,9.5,9.0,1.0,1.0,1
10254,Beringer Classic Chard,48,10.604166666666666,11.0,1.8070733754878807,3.2655141843971633,1
10259,Hobo Znfdl Dry Creek,4,8.25,7.0,2.5,6.25,1
10264,Fort Ross Pnt Nr Sonoma Cst,8,11.0,11.0,1.927248223318863,3.7142857142857144,1
10265,Fort Ross RSV Pnt Nr Sonoma,1,7.0,7.0,,,1
10266,Klinker Brick Old Vine Znfdl,54,11.444444444444445,11.0,1.7119630866531244,2.9308176100628933,1
10267,Klinker Brick Old Ghst Znfdl,16,11.875,11.5,1.5864005379054391,2.5166666666666666,1
10273,Rebel Newmans Own Cab Svgn,4,10.5,10.0,1.9148542155126762,3.6666666666666665,1
10274,Rebel Newmans Own Chard,1,11.0,11.0,,,1
10283,M D 20/20 Orange Jubilee,51,10.901960784313726,11.0,1.8788816030903526,3.530196078431373,1
10296,Alamos Slcn Malbec Mendoza,51,11.27450980392157,11.0,1.9398807321332825,3.7631372549019604,1
10298,Alamos Torrontes,53,11.169811320754716,11.0,1.9088442844237108,3.643686502177068,1
10319,Five Oaks Wh Znfdl Cal,2,11.5,11.5,2.1213203435596424,4.5,1
10336,Poema Brut Cava Penedes,6,11.0,10.5,2.0976176963403033,4.4,1
10337,Poema Cava X-Dry Penedes,2,13.5,13.5,0.7071067811865476,0.5,1
10357,Gnarly Head Chard Cal,52,10.653846153846153,11.0,1.8982408304472524,3.6033182503770744,1
10358,Gnarly Head Merlot Cal,2,13.0,13.0,1.4142135623730951,2.0,1
10359,Adelsheim Elizbth RSV Pnt Nr,5,10.6,11.0,1.6733200530681511,2.8,1
10370,Bouvier Marsannay Rose,1,11.0,11.0,,,1
10372,Hazlitt Red Cat Finger Lakes,41,10.804878048780488,11.0,1.9393234928077618,3.7609756097560973,1
10374,Hazlitt White Cat Fngr Lakes,9,11.444444444444445,12.0,1.6666666666666667,2.7777777777777777,1
10380,Santa Cristina Pnt Grigio,29,10.862068965517242,11.0,2.1334770066562783,4.551724137931034,1
10398,Spring Vly Frederick Rd,5,10.0,9.0,2.345207879911715,5.5,1
10399,Spring Vly Uriah Walla Walla,2,12.0,12.0,1.4142135623730951,2.0,1
10400,Rodney Strong Symmetry,5,11.8,11.0,1.6431676725154984,2.7,1
10402,Silver Oak Cab Svgn Napa,2,12.0,12.0,1.4142135623730951,2.0,1
10414,Le Cirque Rose,16,10.875,11.0,1.9621416870348585,3.85,1
10415,Le Pive Rose Gris,22,10.454545454545455,10.0,1.8446130766633426,3.402597402597403,1
10420,Barefoot Moscato Cal,54,11.24074074074074,11.0,1.9125719637237402,3.6579315164220834,1
10421,Barefoot Moscato Cal,55,11.2,11.0,1.9187187082742176,3.681481481481482,1
10422,Mirassou Pnt Grigio Cal,51,11.235294117647058,11.0,1.8717717306778374,3.5035294117647067,1
10440,Ridge East Branch Znfdl,2,11.0,11.0,1.4142135623730951,2.0,1
10441,Charles Smith Boom Boom Syra,42,10.476190476190476,10.0,2.1096537137886413,4.450638792102207,1
10443,Charles Smith Kung Fu Girl R,54,10.685185185185185,10.5,2.035756538007561,4.14430468204053,1
10451,Line 39 Cab Svgn Lake Cnty,54,10.666666666666666,10.5,1.8119102814224903,3.2830188679245285,1
10452,Line 39 Lk Cnty Petite Sirah,46,10.630434782608695,10.5,1.8542287483500328,3.4381642512077293,1
10453,Line 39 Svgn Bl Lake County,52,10.653846153846153,10.5,1.7476551841063892,3.054298642533937,1
10454,Redtree Cab Svgn Cal,1,11.0,11.0,,,1
10455,Redtree Chard Cal,1,11.0,11.0,,,1
10457,Redtree Pnt Grigio Cal,1,11.0,11.0,,,1
10463,Josef Weinberg Radiance Mosl,2,11.0,11.0,0.0,0.0,1
10469,Easton Svgn Bl Sierra Foothl,40,9.925,10.0,1.8171194448695653,3.301923076923077,1
10470,Easton Amador Cnty Znfdl,29,9.620689655172415,10.0,1.8010670072298862,3.243842364532019,1
10472,Clos du Bois Pnt Nr Cal,55,11.290909090909091,12.0,1.6961036751235687,2.8767676767676766,1
10531,Franciscan Est Svgn Bl Napa,27,11.518518518518519,12.0,1.6021708919311843,2.566951566951567,1
10576,Diseno Malbec Mendoza,48,11.375,12.0,1.696366580214337,2.877659574468085,1
10578,Flying Fish Rsl Wash,1,14.0,14.0,,,1
10579,High Note Malbec Mendoza,53,10.69811320754717,11.0,1.8036811254548866,3.253265602322206,1
10581,Fat Bastard Pnt Nr,46,10.695652173913043,11.0,1.6979669571106542,2.883091787439614,1
10589,Vendange Wh Znfdl,1,14.0,14.0,,,1
10591,J Lohr Fogs Ranch Pnt Nr,9,12.333333333333334,13.0,1.8708286933869707,3.4999999999999996,1
10596,Almaden Mt Rhine Calif B/B,55,10.872727272727273,11.0,1.8564656329877602,3.4464646464646456,1
10603,Parducci Petite Sirah,46,11.521739130434783,11.5,1.6430206657898616,2.6995169082125603,1
10606,Parducci Cab Svgn,32,11.40625,11.5,1.7571857081433442,3.087701612903226,1
10609,Oyster Bay Chard Marlboro,52,11.384615384615385,11.0,1.816631726454923,3.3001508295625945,1
10618,14 Hands Rsl Wash,4,10.5,10.0,2.6457513110645907,7.0,1
10621,Righetti Campolieti Valpo,27,12.296296296296296,13.0,1.6598149761300973,2.7549857549857553,1
10623,Querceto La Corte Toscana,4,12.5,13.0,1.7320508075688772,3.0,1
10624,Querceto Il Querciolaia Tosc,10,12.2,13.0,1.6193277068654823,2.622222222222222,1
10625,Querceto Il Sole Alessandro,2,13.0,13.0,0.0,0.0,1
10626,MezzaCorona Pnt Nr,52,11.865384615384615,12.0,1.8260516298979037,3.3344645550527905,1
10631,Little Black Dress Pnt Nr,1,13.0,13.0,,,1
10632,Vendange Chard,1,14.0,14.0,,,1
10642,Marques de Murrieta RSV Rioj,6,11.333333333333334,12.0,2.065591117977289,4.266666666666667,1
10647,Fish Eye Cab Svgn,47,10.936170212765957,11.0,1.8463154297275302,3.408880666049954,1
10650,Gaia Notios Nemea Wh,10,10.3,9.0,2.263232692902394,5.122222222222223,1
10666,Clayhouse Adobe Cntrl Cst Wh,39,11.384615384615385,11.0,1.900351554946785,3.611336032388664,1
10676,W Hill RSV Cab Svgn,28,11.392857142857142,11.5,1.969005872765271,3.8769841269841265,1
10680,Segura Viudas Brut RSV,53,11.49056603773585,12.0,1.8669456906673283,3.4854862119013075,1
10701,Yellow Tail Bubbles Rose,11,11.0,11.0,1.5491933384829668,2.4,1
10702,Kris Pnt Nr delle Venezie,51,10.941176470588236,11.0,1.826600828926587,3.3364705882352945,1
10704,Brownstone Cab Svgn Cal,6,12.5,13.0,1.224744871391589,1.5,1
10705,Brownstone Chard Cal,3,9.333333333333334,10.0,2.081665999466133,4.333333333333334,1
10706,Brownstone Merlot Cal,4,10.75,10.5,1.707825127659933,2.9166666666666665,1
10707,Howling Moon Pnt Grigio Lodi,3,10.0,10.0,1.0,1.0,1
10708,Howling Moon Pnt Nr N Cst,13,11.384615384615385,11.0,1.9806758753205742,3.923076923076923,1
10715,C Y Toro Privada Rsv Casa Di,52,10.653846153846153,11.0,1.7588389149687491,3.0935143288084466,1
10722,R M Woodbridge Chard,34,11.235294117647058,12.0,1.6154335852795676,2.609625668449198,1
10723,R M Woodbridge Chard,55,11.290909090909091,12.0,1.6961036751235687,2.8767676767676766,1
10724,Canyon Rd Wh Znfdl,19,11.68421052631579,12.0,1.8871681188415435,3.56140350877193,1
10727,Starborough Svgn Bl Marlboro,54,11.24074074074074,11.0,1.9125719637237402,3.6579315164220834,1
10731,A Bichot Chard Bourgogne,33,12.090909090909092,12.0,1.5484596451723478,2.397727272727273,1
10732,A Bichot Pnt Nr Bourgogne,41,11.926829268292684,12.0,1.7376743639479613,3.0195121951219517,1
10733,A Bichot Macon-Villages,26,11.423076923076923,11.0,1.7927203222606014,3.2138461538461542,1
10734,A Bichot Chablis Long Depaqt,33,11.636363636363637,12.0,1.8677891646640323,3.4886363636363633,1
10735,Ch Beauchene Rose,26,11.0,11.0,1.9798989873223332,3.92,1
10750,Gattinara Travaglini,34,11.441176470588236,11.5,1.909960755912686,3.6479500891265593,1
10762,Pacifico Sur Svgn Bl,17,8.235294117647058,8.0,2.0472363006229237,4.191176470588235,1
10766,Moillard Ch d'Eau VDP Rose,3,11.0,12.0,1.7320508075688772,3.0,1
10792,Perrier Jouet Fleur Rose,4,13.0,13.0,0.816496580927726,0.6666666666666666,1
10863,Sea Smoke Southing Pnt Nr,6,10.333333333333334,10.5,2.250925735484551,5.066666666666666,1
10864,Sea Smoke Ten Snt Brb Pnt Nr,3,12.333333333333334,12.0,1.5275252316519468,2.3333333333333335,1
10869,Bouza TempranilloTannat,1,8.0,8.0,,,1
10870,Bouza Tannat Las Violetas,24,9.083333333333334,9.0,1.909169331471644,3.644927536231884,1
10874,Cantine Maschio Prosecco Brt,54,10.574074074074074,11.0,1.7761719686826587,3.1547868623340314,1
10895,Schmitt Sohne Relax Mosel,53,11.452830188679245,11.0,1.7272258519621868,2.983309143686502,1
10910,Marcarini Barolo Brunate,2,10.5,10.5,2.1213203435596424,4.5,1
10916,Piper Sonoma Bl de Bl Sonoma,42,10.642857142857142,10.5,2.0099924592921115,4.04006968641115,1
10927,Barefoot Sparklng Pnt Grigio,53,11.20754716981132,11.0,1.9151068514680618,3.667634252539913,1
10931,Bridlewood Chard Monterey,38,11.157894736842104,11.0,1.7937777708854856,3.2176386913229016,1
10932,Bridlewood Blend 175 C C,21,10.761904761904763,10.0,1.894855189843327,3.5904761904761906,1
10935,Grgich Hills Merlot Napa,16,11.6875,12.0,1.5370426148939398,2.3625,1
10937,Grahams 30-Yr Tawny Port,4,11.75,12.0,2.217355782608345,4.916666666666667,1
10938,Grahams 40-Yr Tawny Port,3,11.333333333333334,12.0,3.055050463303893,9.333333333333332,1
10957,Seaglass Svgn Bl Snt Barbara,54,10.37037037037037,10.0,2.049356054373199,4.199860237596086,1
10972,L Einaudi Dolcetto Dogliani,4,12.25,13.0,2.217355782608345,4.916666666666667,1
10991,Ch Nicot Bordeaux,14,11.5,11.5,1.7431183374807169,3.0384615384615383,1
11003,Klinker Brick Farrah Syrah,23,11.652173913043478,12.0,1.7992093125030306,3.2371541501976284,1
11016,Franzia Fruity Red Sangria,2,11.5,11.5,0.7071067811865476,0.5,1
11022,Hogue Cab Svgn Columbia,11,11.727272727272727,12.0,1.4206272622267313,2.018181818181818,1
11029,M Molitor Spatlese Mosel,19,11.526315789473685,12.0,1.7754004572562583,3.152046783625731,1
11037,Beringer Classic Cab Svgn,28,10.357142857142858,10.0,1.7891501337389777,3.201058201058202,1
11038,Beringer Classic Merlot,4,10.0,10.0,0.816496580927726,0.6666666666666666,1
11055,Ramey Cab Svgn Napa,1,13.0,13.0,,,1
11060,Craggy Range Te Kahu Rd,2,12.5,12.5,2.1213203435596424,4.5,1
11067,Sterling Chard,45,10.533333333333333,11.0,1.9259000257258705,3.709090909090909,1
11077,Nova 06 Marilyn Merlot Napa,2,9.5,9.5,0.7071067811865476,0.5,1
11078,Chenin Bl K Forrester Stlnbh,4,10.0,10.0,1.8257418583505538,3.3333333333333335,1
11080,G Vigouroux Pigmentum Malbec,42,10.571428571428571,10.5,2.0017414021583764,4.006968641114983,1
11088,Gruet Blanc de Noir,3,7.0,6.0,1.7320508075688772,3.0,1
11089,Jaboulet Cts Rhone Parl Rose,39,10.820512820512821,11.0,1.9038989755346358,3.6248313090418356,2
11141,C K Mondavi Chard,52,10.788461538461538,11.0,1.8925710125930255,3.5818250377073904,1
11143,C K Mondavi Willow Spr Chard,1,12.0,12.0,,,1
11149,Napa Cellars Svgn Bl,42,10.523809523809524,10.5,2.015042155802995,4.060394889663183,1
11150,Fish Eye Rsl,2,8.0,8.0,0.0,0.0,1
11152,Stemmari Pt Nr,53,11.88679245283019,12.0,1.7722256471898068,3.1407837445573294,1
11153,Canyon Rd Chard,52,11.25,11.0,1.85636161115569,3.446078431372549,1
11154,Canyon Rd Cab Svgn,50,11.32,11.5,1.8564833993992236,3.446530612244897,1
11156,Canyon Rd Wh Znfdl,41,11.024390243902438,11.0,1.8773359432723913,3.5243902439024395,1
11163,B Side Cab Svgn,4,11.5,11.5,2.3804761428476167,5.666666666666667,1
11164,Ame Neyers Cab Svgn Napa,4,13.25,13.0,0.5,0.25,1
11174,Sutter Home Sweet Red,9,10.444444444444445,10.0,1.9436506316151003,3.777777777777778,1
11176,Sutter Home Sweet Red,3,9.666666666666666,11.0,2.3094010767585034,5.333333333333334,1
11181,Fantinel Brut Rose,1,11.0,11.0,,,1
11187,Phillips Rapture Cab Svgn,4,11.25,11.5,2.0615528128088303,4.25,1
11196,Angelini Pnt Grigio Veneto,53,10.69811320754717,11.0,1.8143117540223743,3.2917271407837445,1
11199,Carpene Malvolti Prosecco,43,10.627906976744185,11.0,1.7731228278292548,3.1439645625692134,1
11200,Palagetto Vernaccia Gimigano,29,10.586206896551724,10.0,1.7426835090767003,3.0369458128078817,1
11207,Livon Pnt Grigio,21,10.714285714285714,11.0,1.9530196400153572,3.8142857142857154,1
11209,Pezzi King Svgn Bl Dry Creek,1,10.0,10.0,,,1
11213,Meiomi Pnt Nr,54,11.333333333333334,12.0,1.682316462276133,2.830188679245284,1
11214,Caymus Cab Svgn Napa Vly,49,11.510204081632653,12.0,1.8943165981824843,3.5884353741496597,1
11216,Red Truck Znfdl Sonoma Cnty,1,13.0,13.0,,,1
11219,Josh Cellars Cab Svgn Sonoma,55,11.436363636363636,11.0,1.8635254955935732,3.4727272727272727,1
11227,Girard Svgn Bl Napa Vly,42,11.428571428571429,11.0,1.7270143013920134,2.982578397212544,1
11236,Willamette Pnt Gris Valley,1,10.0,10.0,,,1
11238,Willamette Whole Clst Pnt Nr,50,10.8,11.0,1.8952141659173714,3.591836734693878,1
11239,Willamette Pnt Nr Valley,2,12.0,12.0,0.0,0.0,1
11240,Willamette Rsl Valley Oregon,29,10.758620689655173,11.0,1.8642342819849866,3.4753694581280787,1
11249,Joseph Carr Merlot Napa Vly,25,11.04,11.0,1.836663641860788,3.373333333333333,1
11259,Jaboulet Crozes Herm 10 Thal,4,9.75,10.0,2.217355782608345,4.916666666666667,2
11263,Sequoia Grove Chard,4,10.75,10.5,3.2015621187164243,10.25,1
11274,Nardi Brunello di Montalcino,1,9.0,9.0,,,1
11279,Cabreo Il Borgo Toscana,1,10.0,10.0,,,1
11280,Cabreo La Pietra White,2,10.5,10.5,0.7071067811865476,0.5,1
11296,Herzog Kosher Merlot,8,12.125,12.5,1.9594095320493148,3.8392857142857144,1
11306,Clos LaChance Cab Svgn,6,11.166666666666666,11.5,2.316606713852541,5.366666666666667,1
11310,Beaulieu Tapestry 05 Rsv,10,9.9,9.5,1.8529256146249728,3.433333333333333,1
11313,Taylor New York Marsala,6,11.0,11.0,2.3664319132398464,5.6,1
11319,Rosenblum Vntnrs Cv Cab Svgn,2,10.0,10.0,4.242640687119285,18.0,1
11320,Edna Valley Paragon Svgn Bl,53,11.226415094339623,11.0,1.9279473883058817,3.7169811320754707,1
11321,BV GDL Private Rsv Cab Svgn,10,10.1,9.5,1.5951314818673865,2.5444444444444443,1
11333,Herzog Kosher Cab Svgn,20,11.55,11.5,1.6375527311718612,2.6815789473684215,1
11336,Herzog Kosher Chenin Blanc,3,12.333333333333334,12.0,1.5275252316519468,2.3333333333333335,1
11337,Freemark Abbey Merlot Napa,35,11.371428571428572,11.0,1.6464884966946773,2.710924369747899,1
11340,Herzog Kosher Chard,15,12.466666666666667,13.0,1.4573295865416045,2.123809523809524,1
11341,Herzog Kosher Wh Znfdl,1,9.0,9.0,,,1
11353,Latour Meursault AC Blanc,29,11.448275862068966,11.0,1.7644547295441833,3.113300492610837,1
11354,Paso a Paso Tempranillo,45,11.466666666666667,11.0,1.7658374268832955,3.1181818181818177,1
11366,Two Oceans WestrnCape Shiraz,36,11.944444444444445,12.0,1.771914935791936,3.1396825396825405,1
11367,Two Oceans WstrnCape Svgn Bl,47,12.063829787234043,13.0,1.6991590671903476,2.887141535615172,1
11373,Cooks Grand Reserve,3,12.0,12.0,2.0,4.0,1
11385,Poggio Al Lupo Tenuta Pnt,2,10.0,10.0,2.8284271247461903,8.0,1
11395,Cadaretta Svgn Bl Semillon C,1,11.0,11.0,,,1
11396,Buried Cane Cab Svgn,28,11.142857142857142,11.0,1.9381985854431318,3.756613756613757,1
11397,Buried Cane Chard,19,11.578947368421053,12.0,1.952656010944074,3.8128654970760234,1
11414,Beringer Classic Moscato,50,10.6,11.0,1.8516401995451028,3.4285714285714284,1
11423,Ch Julien Merlot Mont Cnty,15,11.133333333333333,11.0,1.8464895909600494,3.4095238095238107,1
11424,Ch Julien Cab Svgn Mont Cnty,3,11.0,11.0,3.0,9.0,1
11426,Emerald Bay Cab Svgn Cnt Cst,1,11.0,11.0,,,1
11432,Undone Rsl,1,11.0,11.0,,,1
11433,Undone Pnt Nr,19,10.105263157894736,9.0,2.0788548354564305,4.321637426900583,1
11437,Schug Svgn Bl Sonoma Vly,3,11.666666666666666,12.0,1.5275252316519468,2.3333333333333335,1
11440,Peter Vella Sangria B/B,54,11.24074074074074,11.0,1.9125719637237402,3.6579315164220834,1
11441,Frei Bros Rsv Znfdl,48,11.1875,11.0,1.9423198456945043,3.7726063829787235,1
11443,Ravenswood Petite Sirah Vnts,39,11.35897435897436,12.0,1.5809254366248084,2.4993252361673415,1
11449,Cambridge & Sunset Pnt Nr,35,10.6,11.0,1.9128051467443736,3.658823529411765,1
11453,Hangtime Pnt Nr Cal,2,13.5,13.5,0.7071067811865476,0.5,1
11456,Burgess Cab Svgn Napa,53,11.471698113207546,11.0,1.8667513285106754,3.484760522496371,1
11460,Freemark Abbey Cab Svgn Napa,45,11.444444444444445,11.0,1.631446033927007,2.661616161616161,1
11468,Wild Horse Unbridled Chard,1,12.0,12.0,,,1
11480,Candia Vyds Noiret Vault RSV,31,9.096774193548388,9.0,1.640220284182939,2.6903225806451614,1
11488,C K Mondavi Cab Svgn,51,10.843137254901961,11.0,1.8694656885817174,3.4949019607843144,1
11489,C K Mondavi Cab Svgn,5,11.8,12.0,1.7888543819998317,3.1999999999999997,1
11499,C Krug Cab Svgn,47,10.957446808510639,11.0,1.8991696905262327,3.6068455134135067,1
11529,Benvolio Pnt Grigio Friuli,6,11.833333333333334,13.0,2.2286019533929036,4.966666666666666,1
11553,M by Michael Mondavi Cab Svg,10,11.9,12.0,1.728840330651992,2.988888888888889,1
11640,F Coppola Emerald Pnt Grigio,42,10.857142857142858,11.0,1.970160678991766,3.8815331010452963,1
11653,Mas Belles Eaux Les Cot Roug,1,11.0,11.0,,,1
11668,Taittinger Brut Francaise,1,10.0,10.0,,,1
11698,Lamberti Prosecco X Dry,48,10.9375,11.0,1.7793884916609186,3.166223404255319,1
11699,Lamberti Rose Sparkling,24,10.833333333333334,11.0,1.632993161855452,2.6666666666666665,1
11703,Macchia Mischievous Znfdl Lo,11,9.181818181818182,9.0,1.5374122295716146,2.3636363636363633,1
11743,Parducci Sustainable White,1,10.0,10.0,,,1
11744,Parducci Sustainable Red,1,10.0,10.0,,,1
11745,Colores del Sol Malbec Rsv,43,11.627906976744185,12.0,1.799778502429482,3.2392026578073088,1
11749,Almaden Pnt Grigio B/B,42,11.023809523809524,11.5,1.9691287566827338,3.877468060394889,1
11768,Carpene Malvolti Prosecco,1,11.0,11.0,,,1
11769,Carpene Malvolti Prosecco,1,11.0,11.0,,,1
11770,La Basttistina Gavi,1,10.0,10.0,,,1
11771,Palagetto Sottobosco Rosso,20,10.65,10.5,1.7554426642213128,3.081578947368421,1
11774,Diamond Crk Cab Svgn Volcanc,6,10.666666666666666,10.5,1.632993161855452,2.6666666666666665,1
11775,Diamond Creek Red Rock Cab S,6,11.333333333333334,11.5,1.632993161855452,2.6666666666666665,1
11776,Diamond Crk Gravelly Cab Svg,3,11.666666666666666,12.0,1.5275252316519468,2.3333333333333335,1
11801,Arabella Chard,1,7.0,7.0,,,1
11808,Arabella Shiraz,1,12.0,12.0,,,1
11819,Pacific Rim Vin de Glaci Rsl,13,12.076923076923077,13.0,1.800996874952798,3.243589743589744,1
11820,Scagliola Dolcesvago Moscato,1,9.0,9.0,,,1
11821,Slingshot Cab Svgn,52,11.846153846153847,12.0,1.764404197440513,3.1131221719457005,1
11825,Cupcake Cab Svgn,55,10.872727272727273,11.0,1.8564656329877602,3.4464646464646456,1
11826,Cupcake Chard,55,10.872727272727273,11.0,1.8564656329877602,3.4464646464646456,1
11827,Cupcake Merlot,54,10.907407407407407,11.0,1.8558273191314598,3.444095038434661,1
11828,Cupcake Svgn Bl,55,10.872727272727273,11.0,1.8564656329877602,3.4464646464646456,1
11854,Trivento Amado Sur Malbec,53,10.584905660377359,11.0,1.791367787089293,3.2089985486211905,1
11856,Albola Chianti,21,11.714285714285714,12.0,1.5856499343441839,2.5142857142857147,1
11868,Columbia Crest Two Vines Rsl,6,10.333333333333334,10.5,3.141125063837266,9.866666666666667,1
11873,Columbia Crest Svgn Bl Wash,1,14.0,14.0,,,1
11880,R Stemmler Carneros Chard,1,9.0,9.0,,,1
11881,R Stemmler Carneros Pnt Nr E,1,12.0,12.0,,,1
11888,Penfolds Koonunga Hills Shir,44,11.431818181818182,11.5,1.7836170106253098,3.1812896405919666,1
11891,Penfolds Bin 389 Cab/Shiraz,17,11.352941176470589,11.0,1.6934128435864448,2.867647058823529,1
11915,Sequoia Grove Cab Svgn,52,10.807692307692308,10.0,2.1147332056124855,4.4720965309200595,1
11917,Ch de Beaucastel Pape Rouge,1,10.0,10.0,,,1
11918,Ch de Beaucastel Pape Blanc,1,14.0,14.0,,,1
11926,The Crusher Cab Svgn,41,11.585365853658537,11.0,1.6729556144156599,2.798780487804878,1
11928,Finca Abril Malbec 1922,3,9.333333333333334,10.0,1.1547005383792517,1.3333333333333335,1
11932,Castello Banfi Belnero Prop,31,10.838709677419354,11.0,1.845657501516255,3.406451612903225,1
11939,Colimoro Montepul D'Abruzzo,1,13.0,13.0,,,1
11957,Souverain Cab Svgn N Cst,54,11.24074074074074,11.0,1.9125719637237402,3.6579315164220834,1
11970,Zaccagnini Montepulciano Rsv,55,10.763636363636364,11.0,1.895058255369948,3.5912457912457914,1
12005,Nino Negri Sforzato Valtl,1,11.0,11.0,,,1
12021,Jargon Pinot Nr CA,5,10.6,11.0,2.073644135332772,4.3,1
12024,Terre Rouge Syrah Les Cotes,31,9.806451612903226,10.0,1.8871381302333559,3.5612903225806463,1
12039,Dom de la Fruitiere Chard,12,11.75,12.0,1.764549903980152,3.1136363636363638,1
12052,Firesteed Rsl,5,9.6,9.0,2.3021728866442674,5.3,1
12067,Casalini Pnt Grigio,34,11.441176470588236,11.0,1.726639343481983,2.981283422459893,1
12069,Gnarly Head Pnt Grigio,54,10.62962962962963,11.0,1.8763301827176415,3.520614954577218,1
12073,Montevina Cab Svgn,1,11.0,11.0,,,1
12076,Chapoutier Hrmtage La Sizera,3,10.0,10.0,1.0,1.0,1
12078,F Coppola Votre Sante Pnt Nr,46,10.673913043478262,10.5,1.886258469694107,3.5579710144927543,1
12079,F Coppola Votre Sante Chard,24,10.875,11.0,1.9849980834510514,3.9402173913043477,1
12086,Candia Vyds Classic Cab Svgn,27,9.0,9.0,1.6870547845739468,2.8461538461538463,1
12089,Northstar Merlot Walla Walla,1,11.0,11.0,,,1
12090,Lombardo Marsala Fine IP 421,1,14.0,14.0,,,1
12097,Felino Vina Cobos Cab Svgn,6,11.666666666666666,12.5,1.7511900715418263,3.0666666666666664,1
12109,La Crema Pnt Nr Monterey,54,10.407407407407407,10.0,1.7213259316477407,2.9629629629629624,1
12110,La Crema Chardonnay Monterey,55,10.381818181818181,10.0,1.7158402443432033,2.9441077441077437,1
12111,LaBelle Winery Cranberry,53,9.867924528301886,10.0,1.7871091379984496,3.1937590711175616,1
12113,Peter Lehmann Layers White,9,11.0,11.0,1.6583123951777,2.75,1
12115,Long Lake Pnt Grigio Cal,1,13.0,13.0,,,1
12116,Lindemans Bin 85 Pnt Grigio,51,11.509803921568627,12.0,1.8041346847683832,3.2549019607843137,1
12117,Antinori Cervaro della Salla,2,12.0,12.0,2.8284271247461903,8.0,1
12123,Barefoot Cellars Rsl,54,11.24074074074074,11.0,1.9125719637237402,3.6579315164220834,1
12124,Gallo Family Vyds Sweet Red,6,13.0,13.5,1.2649110640673518,1.6,1
12125,Gallo Family Vyds Sweet Red,1,14.0,14.0,,,1
12133,Pro.mis.Q.ous White CA,1,13.0,13.0,,,1
12134,Pro.mis.Q.ous Red CA,3,12.333333333333334,13.0,1.1547005383792517,1.3333333333333335,1
12139,Silver Oak Cab Svgn Napa Vly,4,10.75,10.5,1.707825127659933,2.9166666666666665,1
12140,Natura Valle Svgn Bl Casabla,52,10.653846153846153,11.0,1.7588389149687491,3.0935143288084466,1
12146,A by Acacia Red Cal,1,6.0,6.0,,,1
12147,Sterling Vintners CA Meritag,55,10.290909090909091,11.0,1.9689509076581053,3.8767676767676766,1
12149,Hobbs Crossbarn Pnt Nr RRV,1,11.0,11.0,,,1
12154,Cousino Macul RSV Cab Svgn,29,11.655172413793103,12.0,1.6317357556769658,2.662561576354679,1
12155,Root 1 Carmenere,46,10.717391304347826,10.0,1.8216359372615332,3.3183574879227042,1
12165,Clayhouse Petite Sirah,7,11.714285714285714,13.0,1.7043362064926932,2.9047619047619047,1
12181,Cakebread Chard,52,10.75,10.0,2.0663029407948037,4.269607843137255,1
12188,Oak Leaf Svgn Bl Cal,3,9.0,9.0,2.0,4.0,1
12191,M & R Sparkling Rose,36,11.277777777777779,11.0,1.8300837000548225,3.3492063492063493,1
12192,Meander Cab Svgn Napa Vly,14,11.357142857142858,11.5,2.060886398434602,4.247252747252746,1
12199,Rochioli RRV Chard Cal,2,11.5,11.5,2.1213203435596424,4.5,1
12203,Cavit Prosecco Lunetta,54,10.944444444444445,11.0,2.050463975719464,4.204402515723271,1
12204,Dragani Mntplcno d'Abruzzo,17,11.117647058823529,11.0,1.6912404079985375,2.8602941176470593,1
12211,Black Box Rsl,54,11.333333333333334,12.0,1.682316462276133,2.8301886792452837,1
12212,Black Box Svgn Bl,47,11.297872340425531,12.0,1.692886570290665,2.8658649398704905,1
12213,Evodia Garnacha Old Vine,55,11.4,11.0,1.7277688459933478,2.985185185185185,1
12216,Da Vinci Pnt Grigio,54,11.24074074074074,11.0,1.9125719637237402,3.6579315164220834,1
12218,R M Woodbridge Moscato,10,11.7,12.0,1.3374935098492586,1.788888888888889,1
12220,Angeline Pnt Nr,55,11.4,11.0,1.7277688459933478,2.985185185185185,1
12224,Banfi Centine Bianco Toscana,24,10.583333333333334,11.0,1.9763089590064795,3.905797101449275,1
12227,Korbel Sweet Rose,52,10.961538461538462,11.0,1.9897929586013583,3.959276018099547,1
12234,Beringer Classic Svgn Bl,48,10.645833333333334,11.0,1.8275618373952622,3.3399822695035466,1
12235,Murrieta's Well The Spur,41,10.585365853658537,10.0,1.816254521757586,3.2987804878048776,1
12253,Cecchi Natio Organic Chianti,1,12.0,12.0,,,1
12256,Rex Goliath Pnt Grigio Free,1,14.0,14.0,,,1
12257,Rex Goliath Merlot,1,14.0,14.0,,,1
12258,Rex Goliath Cab Svgn Free Ra,3,13.333333333333334,13.0,0.5773502691896257,0.3333333333333333,1
12259,Rex Goliath Chard Free Range,8,11.75,12.0,1.164964745021435,1.3571428571428572,1
12268,Snap Dragon Cab Svgn,3,11.666666666666666,11.0,1.1547005383792517,1.3333333333333335,1
12269,Snap Dragon Chard,3,11.333333333333334,12.0,2.0816659994661326,4.333333333333333,1
12270,Wente Louis Mel Svgn Bl,47,10.893617021276595,11.0,1.9363125259019647,3.7493061979648465,1
12271,Caposaldo Prosecco Brut,31,11.03225806451613,10.0,2.073384848787797,4.298924731182796,1
12273,Beringer Classic Moscato,3,10.333333333333334,10.0,0.5773502691896257,0.3333333333333333,1
12304,Pigmentum Rose Malbec Vigour,10,11.3,11.5,2.002775851439974,4.011111111111112,1
12306,Jelu Malbec Rose San Juan,6,9.0,9.0,1.5491933384829668,2.4,1
12307,Avinyo Cava Brut,1,10.0,10.0,,,1
12310,Napa Cellars Pnt Nr Napa,35,10.2,10.0,1.9970566577134579,3.9882352941176475,1
12324,Conterno Fantino Barb Alba,1,12.0,12.0,,,1
12333,Dom Leflaive Merslt 07 d'Ane,1,11.0,11.0,,,1
12339,Volver Tempranillo,22,11.318181818181818,11.5,1.6442211540614613,2.7034632034632033,1
12340,La Atalaya Almansa Red,3,10.0,10.0,1.0,1.0,1
12343,Bota Box Znfdl,55,10.6,11.0,1.8718182881101744,3.503703703703704,1
12351,Mercer Cab Svgn,4,12.5,13.0,1.0,1.0,1
12353,Mercer Merlot,5,12.6,13.0,1.140175425099138,1.3,1
12354,Mercer Pnt Gris,1,13.0,13.0,,,1
12355,Mercer Rsl,1,13.0,13.0,,,1
12368,Vina Zaco Tempranillo Rioja,48,11.895833333333334,12.0,1.6915256028946848,2.861258865248227,1
12374,Zanetti Prosecco Frizzante,12,10.333333333333334,11.0,1.4354811251305468,2.0606060606060606,1
12378,Pacific Rim Organic Riesling,8,12.375,13.0,1.8468119248354136,3.4107142857142856,1
12387,Desert Wind Cab Svgn,20,11.0,11.0,2.0,4.0,1
12388,Cecchi Chianti Clsc Rsv Fami,1,11.0,11.0,,,1
12389,Volpe Rossa Pnt Grigio,30,11.233333333333333,11.0,1.9596504497122622,3.8402298850574716,1
12390,Volpe Rossa Pnt Grigio,8,11.875,12.0,2.100170061141308,4.410714285714286,1
12394,Argiolas SerraLori Rose 13,2,13.0,13.0,0.0,0.0,1
12401,Altos del Cuco Red,12,12.083333333333334,12.5,1.5642792899510294,2.446969696969697,1
12415,Callia Alta Pnt Grigio,29,10.689655172413794,11.0,2.0018464383067887,4.007389162561575,1
12416,Callia Alta Malbec,48,10.875,11.0,2.027733248644795,4.111702127659575,1
12428,Firesteed Citation Pnt Nr,5,11.6,13.0,2.4083189157584592,5.8,1
12429,F Coppola Diamnd Petite Sira,2,12.0,12.0,0.0,0.0,1
12443,Kim Crawford Svgn Bl Marlbro,39,11.435897435897436,12.0,1.6510741606422832,2.72604588394062,1
12449,St Clement Cab Svgn Orappas,2,9.5,9.5,0.7071067811865476,0.5,1
12450,Cellar No 8 Pnt Nr,36,10.666666666666666,11.0,1.9272482233188633,3.7142857142857153,1
12465,Cline Cashmere Red Cal,51,11.568627450980392,12.0,1.8574703438901448,3.450196078431373,1
12473,Ch Beauchene CDR White RSV,47,10.702127659574469,11.0,2.031436561915701,4.1267345050878825,1
12475,Ch Beauchene Prm Terroir CDR,1,11.0,11.0,,,1
12476,Ch Donjon Minervois Rose,1,13.0,13.0,,,1
12477,Ch Lancyre Languedoc Rose,15,11.133333333333333,11.0,2.133630931623591,4.552380952380953,1
12478,Commanderie Bargmn Prov Rose,32,10.4375,10.0,2.0625305471833664,4.254032258064516,1
12479,Geyser Peak Cab Svgn,53,10.79245283018868,11.0,1.915106851468062,3.667634252539914,1
12494,M D 20/20 Electric Melon Red,53,10.924528301886792,11.0,1.8692764602274652,3.494194484760522,1
12495,Cupcake Malbec,52,10.98076923076923,11.0,1.841678524835052,3.391779788838613,1
12496,Cupcake Petit Sirah Cal,5,11.2,11.0,0.8366600265340756,0.7000000000000001,1
12505,Angelini Pnt Nr Veneto,52,10.692307692307692,10.5,1.7991115622086922,3.2368024132730007,1
12506,Piazzo Barolo,3,11.333333333333334,11.0,0.5773502691896257,0.3333333333333333,1
12507,Piazzo Barbaresco,35,10.942857142857143,11.0,1.7647338933351153,3.114285714285714,1
12511,Angelini Sangiovese Pesaresi,6,11.666666666666666,11.5,1.2110601416389968,1.4666666666666668,1
12515,Jean Luc Columbo Syrah VDP,1,11.0,11.0,,,1
12517,Jean Luc Columbo CDR Red,1,11.0,11.0,,,1
12518,Raimat Vina 24 Albarino Whte,5,11.6,11.0,1.3416407864998738,1.7999999999999998,1
12519,Salmon Creek Pnt Nr Cal,6,11.666666666666666,12.0,1.8618986725025255,3.4666666666666663,1
12520,Pavao Vinho Verde Adegas Wh,54,11.444444444444445,11.0,1.7119630866531244,2.9308176100628933,1
12532,Grand Sigognac Medoc Bordx,1,8.0,8.0,,,1
12534,Ch Beaulieu Grand Vin Brdx,49,10.775510204081632,11.0,2.043947428001849,4.177721088435374,1
12536,La Garenne Entre Mer Wh,12,11.0,11.0,1.4142135623730951,2.0,1
12538,Ch La Croix du Duc Brdx,2,9.0,9.0,2.8284271247461903,8.0,1
12539,Croix de Basson Rose Organic,2,13.5,13.5,0.7071067811865476,0.5,1
12543,Ramon Bilbao Crianza Rioja,2,9.5,9.5,0.7071067811865476,0.5,1
12544,Ramon Bilbao Tempranillo Ltd,1,10.0,10.0,,,1
12561,Hahn SLH Pinot Noir,10,10.5,10.5,1.8408935028645435,3.388888888888889,1
12585,F Coppola Sophia Rsl,1,12.0,12.0,,,1
12586,C Y Toro Frontera Malbec,54,10.574074074074074,11.0,1.7761719686826587,3.1547868623340314,1
12589,Canyon Rd Pnt Grigio,46,11.282608695652174,11.0,1.8216359372615334,3.3183574879227056,1
12592,Ravenswood Big River Znfdl,3,12.0,12.0,2.0,4.0,1
12593,Ravenswood Belloni Znfdl,14,11.214285714285714,11.0,1.5281246137553166,2.3351648351648353,1
12595,Yellow Tail Svgn Bl,6,11.5,11.5,1.8708286933869707,3.5,1
12606,Sharpe Hill Chardonnay,1,11.0,11.0,,,1
12607,Ravenswood Teldschi Znfdl,7,11.714285714285714,12.0,1.2535663410560176,1.5714285714285718,1
12621,Tortoise Creek Cab Svgn,6,10.833333333333334,11.0,0.752772652709081,0.5666666666666667,1
12625,Tiamo Pnt Grigio,4,8.75,8.5,1.707825127659933,2.9166666666666665,1
12646,Blackbird Vyds Arise Red,7,10.142857142857142,10.0,1.3451854182690985,1.8095238095238095,1
12650,Harbor Town Svgn Bl,19,11.368421052631579,11.0,1.6736694986296652,2.801169590643275,1
12655,Merriam Cab Franc Windacre V,2,9.0,9.0,0.0,0.0,1
12656,Merriam Vyds Miktos Red,17,9.882352941176471,10.0,1.8331105033922692,3.360294117647059,1
12662,Castillo Monastrell Red,17,11.352941176470589,11.0,1.4552137502179978,2.1176470588235294,1
12663,Zin 91 Old Vine Znfdl CA,42,11.976190476190476,12.0,1.7177423532364238,2.9506387921022066,1
12665,Umberto Cesari Moma Red,1,13.0,13.0,,,1
12666,Carpineto Dogajolo Tuscan Wh,47,11.957446808510639,12.0,1.6279815030531126,2.650323774283072,1
12681,The Crusher Pnt Nr,25,11.68,12.0,1.3759844960366863,1.8933333333333333,1
12684,Kim Crawford Pnt Gr Marlboro,30,11.266666666666667,11.0,1.6174337556830538,2.6160919540229886,1
12685,Brazin Old Vine Znfdl Lodi,50,10.72,11.0,1.8956448474740997,3.5934693877551025,1
12690,Gramona Imperial Cava Gr Rsv,2,12.5,12.5,0.7071067811865476,0.5,1
12697,Tapiz Malbec Mendoza,17,11.058823529411764,11.0,2.2768011615887245,5.183823529411765,1
12747,Barefoot Cellars Pnt Nr,54,11.24074074074074,11.0,1.9125719637237402,3.6579315164220834,1
12757,Graffigna Centenario Pnt Gri,17,11.235294117647058,11.0,1.480262297901367,2.1911764705882355,1
12768,Castle Rock Pnt Nr Cal Cuvee,15,12.0,13.0,1.6903085094570331,2.857142857142857,1
12771,Joel Gott Cab Svgn 815,54,10.37037037037037,10.0,2.049356054373199,4.199860237596086,1
12772,Joel Gott Chard,54,10.37037037037037,10.0,2.049356054373199,4.199860237596086,1
12773,Joel Gott Znfdl,52,10.326923076923077,10.0,2.055324542343368,4.224358974358975,1
12774,Joel Gott Rsl Columbia Vly,1,10.0,10.0,,,1
12775,Joel Gott Svgn Bl,54,10.37037037037037,10.0,2.049356054373199,4.199860237596086,1
12783,Il Colle Prosecco Brut,1,12.0,12.0,,,1
12803,Ravenswood Vntrs Blend Znfdl,29,11.448275862068966,12.0,1.744096305019383,3.0418719211822647,1
12816,Donum Russian River Pnt Nr,1,10.0,10.0,,,1
12891,Santa Marta Pnt Grigio,1,10.0,10.0,,,1
12900,Madria Sangria,24,11.416666666666666,12.0,2.062431377865891,4.253623188405798,1
12901,Madria Sangria,54,11.24074074074074,11.0,1.9125719637237402,3.6579315164220834,1
12910,Drouhin Gevrey-Chambertin 13,1,11.0,11.0,,,1
12913,J Drouhin Vosne Romanee 13,1,9.0,9.0,,,1
12924,Cartlidge & Browne Pnt Nr,21,12.523809523809524,13.0,1.7210185245675775,2.961904761904761,1
12943,Middle Sister Drama Queen Pi,54,11.833333333333334,12.0,1.7988465906251634,3.235849056603774,1
12944,Middle Sister Rebel Red,52,11.884615384615385,12.0,1.8112269284728897,3.2805429864253384,1
12945,Middle Sister Mischief Maker,50,12.0,12.5,1.6903085094570331,2.857142857142857,1
12946,Middle Sister Smarty Pants C,49,11.959183673469388,12.0,1.7435498233186677,3.0399659863945576,1
12951,Purple Cowboy Red,40,11.95,12.0,1.6938803881120912,2.869230769230769,1
12963,Redtree Pnt Nr,27,10.444444444444445,10.0,2.0064000163579108,4.025641025641025,1
12994,Acrobat Pnt Gris Oregon,53,11.433962264150944,11.0,1.8345973563937898,3.3657474600870825,1
13045,Double Decker Red,2,11.5,11.5,2.1213203435596424,4.5,1
13052,Ch Ste Michelle Gewurz Colum,53,10.81132075471698,11.0,1.9518886689325066,3.809869375907112,1
13059,P Michael La Carriere Chard,1,10.0,10.0,,,1
13060,Peter Michael Belle Cote Cha,5,10.6,10.0,2.073644135332772,4.3,1
13061,P Michael Les Pavots Est Brd,7,11.285714285714286,11.0,2.1380899352993947,4.57142857142857,1
13062,P Michael Apres Midi Svgn Bl,4,12.5,13.0,1.0,1.0,1
13064,Peter Michael MaBelleFille C,2,10.5,10.5,0.7071067811865476,0.5,1
13065,P Michael L'Espirit Brdx,3,10.333333333333334,11.0,1.1547005383792517,1.3333333333333335,1
13081,Dom Ferret Pouilly Fuisse,42,10.69047619047619,10.0,1.9061913915896533,3.633565621370499,1
13082,Cakebread Chard Rsv,10,10.2,10.0,2.250925735484551,5.066666666666666,1
13086,Armand De Brignac Brut,31,11.935483870967742,12.0,1.7114415730794075,2.9290322580645167,1
13097,Menage a Trois Chard,52,10.384615384615385,10.0,2.0499052694884026,4.202111613876321,1
13113,Ch Beaucastel Coud Rouge,11,10.909090909090908,11.0,1.6403990645294486,2.6909090909090905,1
13122,La Cana Albarino,25,11.36,11.0,1.7291616465790582,2.99,1
13123,Colosi Nero D'Avola Sicilia,45,11.466666666666667,11.0,1.6868475169541985,2.8454545454545452,1
13124,Shaya Verdejo Old Vines Whit,13,12.23076923076923,13.0,1.4232501627054273,2.025641025641025,1
13129,Salmon Creek Cab Svgn Cal,2,12.5,12.5,0.7071067811865476,0.5,1
13132,F Coppola Rosso & Bianc Shir,3,11.666666666666666,12.0,1.5275252316519468,2.3333333333333335,1
13141,Noble Vines 181 Merlot Lodi,53,10.622641509433961,11.0,1.8935763385145827,3.585631349782294,1
13143,F Coppola Directors Chard,49,10.73469387755102,11.0,1.9661246803047363,3.8656462585034017,1
13144,Korbel Brut Rose,7,12.142857142857142,12.0,1.7728105208558367,3.142857142857143,1
13145,F Coppola Directors Cab Svgn,4,10.75,11.0,1.5,2.25,1
13147,F Coppola Directors Pnt Nr,46,10.804347826086957,11.0,1.8929056467345682,3.583091787439614,1
13153,Fess Parker Rsl,1,12.0,12.0,,,1
13154,Clayhouse Malbec Paso Robles,35,11.028571428571428,11.0,1.5808730701310418,2.499159663865546,1
13163,Barefoot Bubbly Moscato,54,11.24074074074074,11.0,1.9125719637237402,3.6579315164220834,1
13172,Two Vines Vineyard 10 Red,9,10.444444444444445,10.0,1.7400510848184252,3.027777777777778,1
13179,Cinquante-Cinq Viogn Lang Wh,2,9.5,9.5,0.7071067811865476,0.5,1
13181,Alpataco Pnt Nr,3,10.666666666666666,11.0,1.5275252316519468,2.3333333333333335,1
13183,Alpataco Malbec,3,11.666666666666666,12.0,1.5275252316519468,2.3333333333333335,1
13188,Jade Mountain Merlot,1,13.0,13.0,,,1
13215,Moet Nectar Imperial Rose,45,10.577777777777778,10.0,1.876758434701233,3.5222222222222217,1
13220,Le Sec Richettes Cote d Rhon,1,11.0,11.0,,,1
13224,Alphonse Dolly Pnt Nr,2,9.5,9.5,2.1213203435596424,4.5,1
13225,Alphonse Dolly Sancerre Cvee,49,9.816326530612244,10.0,1.703837205982366,2.903061224489796,1
13229,Cakebread Vine Hill Cab,1,12.0,12.0,,,1
13242,Cadet D'Oc Cab Svgn Rthschld,1,14.0,14.0,,,1
13251,Apaltagua Envero Gran Rsv,7,9.0,10.0,3.366501646120693,11.333333333333334,1
13255,Torre Migliori Monte d'Abruz,11,11.272727272727273,12.0,1.9540168418367887,3.8181818181818175,1
13258,ChocoVine,55,11.781818181818181,12.0,1.822604049673302,3.3218855218855206,1
13267,Tiamo Prosecco,4,11.5,11.0,1.0,1.0,1
13268,Backhouse Chard,47,10.74468085106383,11.0,1.8352595493065822,3.3681776133209995,1
13270,Backhouse Cab Svgn,1,11.0,11.0,,,1
13276,Finca Abril Rapsodia Malbec,1,8.0,8.0,,,1
13278,Sonoma-Cutrer Pnt Nr,48,10.8125,11.0,2.006969240400782,4.027925531914893,1
13301,Moobuzz Pnt Nr,1,11.0,11.0,,,1
13303,Plungerhead Znfdl Lodi,52,10.538461538461538,11.0,2.1553539217268867,4.6455505279034695,1
13310,C K Mondavi Scarlet Five Red,2,10.5,10.5,2.1213203435596424,4.5,1
13319,Collezione Chianti,1,12.0,12.0,,,1
13321,Collezione Monte d'Abruzzo,3,12.0,12.0,2.0,4.0,1
13329,Cinzano Prosecco,1,11.0,11.0,,,1
13338,C'est La Vie Pnt Nr/Syrh VDP,11,11.909090909090908,12.0,2.0225995873897262,4.09090909090909,1
13339,C'Est La Vie Chard/Svgn Bl,12,12.583333333333334,13.0,1.5050420310248864,2.265151515151515,1
13341,Terra d'Oro Deaver Vyd Znfdl,31,10.580645161290322,11.0,2.156759815840838,4.651612903225806,1
13344,Columbia Crest Two Vines Rsl,1,10.0,10.0,,,1
13358,Dry Creek Svgn Bl,1,11.0,11.0,,,1
13363,Newton Red Label Cab Svgn,41,10.487804878048781,10.0,1.9763849728672827,3.90609756097561,1
13375,Mionetto Organic Prosecco,1,13.0,13.0,,,1
13379,Pertinace Barbera D'Alba,3,13.0,13.0,0.0,0.0,1
13394,Debauchery Chard,3,11.0,10.0,2.6457513110645907,7.0,1
13395,Debauchery Svgn Bl,12,12.666666666666666,13.0,1.6143297699232972,2.6060606060606055,1
13397,Dom Seguinot-Bordet Chablis,51,9.823529411764707,10.0,1.7967290541752943,3.2282352941176473,1
13418,Pacifico Sur Rose Carmenere,2,10.0,10.0,0.0,0.0,1
13421,Liberty School Cuvee Red CC,1,13.0,13.0,,,1
13422,Gnarly Head Pnt Nr,53,10.641509433962264,11.0,1.892234531961551,3.5805515239477503,1
13424,Merriam Vyds Simoneau Chard,1,13.0,13.0,,,1
13427,Liberty School Cab Svgn,38,11.394736842105264,11.0,1.8532582510520388,3.4345661450924614,1
13430,Agua de Piedra Malbec Selccn,54,10.666666666666666,10.5,1.8119102814224903,3.2830188679245285,1
13433,C Y Toro Carmenere de Casa,40,10.625,11.0,1.7786122507341329,3.1634615384615383,1
13442,Puydeval VDP D'Oc Red Blend,5,10.6,11.0,1.51657508881031,2.3,1
13443,Villa des Anges Cab VDP D'Oc,17,10.529411764705882,10.0,1.7362908403700519,3.014705882352941,1
13445,Dom Pere Caboche Cote Rhone,52,10.692307692307692,10.5,1.7991115622086922,3.2368024132730007,1
13446,La Crema Pnt Nr Sonoma Coast,4,11.0,11.5,2.160246899469287,4.666666666666667,1
13447,Sutter Home Muscato,6,10.666666666666666,10.0,2.422120283277993,5.866666666666666,1
13451,Clifford Bay Svgn Bl Marlbor,46,11.369565217391305,11.0,1.7808698954558873,3.1714975845410627,1
13454,Eden Heirloom Blnd Ice Cider,45,9.955555555555556,10.0,1.9063954034626278,3.6343434343434358,1
13458,Ch Ste Michelle Harvest Rsl,55,10.818181818181818,11.0,1.954016841836789,3.818181818181819,1
13461,R M Woodbridge Moscato,54,11.333333333333334,12.0,1.682316462276133,2.8301886792452837,1
13478,Cantele Chard Salento,2,12.5,12.5,2.1213203435596424,4.5,1
13487,Brancaia Tre Rosso Toscana,39,11.205128205128204,11.0,1.8663147923604784,3.483130904183535,1
13489,Don Miguel Gascon Malbec Rsv,53,11.283018867924529,11.0,1.9052292259681796,3.629898403483309,1
13491,Barefoot Cellars Rsl,52,11.211538461538462,11.0,1.9436829651668865,3.77790346907994,1
13492,Barefoot Cellars Pnt Nr,54,11.24074074074074,11.0,1.9125719637237402,3.6579315164220834,1
13494,Altocedro Malbec Reserva,1,9.0,9.0,,,1
13497,Mohua Svgn Bl Marlboro,54,10.462962962962964,10.5,2.080574693493639,4.328791055206149,1
13498,Riva Rey Tempranillo,46,10.673913043478262,11.0,2.0769031200439536,4.313526570048309,1
13504,New Age Valentin Bianchi Whi,22,11.818181818181818,12.5,1.918242341221171,3.67965367965368,1
13505,C Y Toro Casillero Pnt Nr,32,10.6875,11.0,1.7859216469465444,3.189516129032258,1
13525,Stags Leap The Leap Cab Svgn,11,10.0,10.0,1.6733200530681511,2.8,1
13528,St Clement Carneros Chard,2,11.0,11.0,2.8284271247461903,8.0,1
13530,Home Ranch Sbragia Chard,35,11.542857142857143,12.0,1.8840328638144221,3.549579831932773,1
13539,Solar De Randez Rioja,1,7.0,7.0,,,1
13544,Lucky Duck Cab Svgn,2,11.0,11.0,0.0,0.0,1
13546,Lucky Duck Malbec,2,11.0,11.0,2.8284271247461903,8.0,1
13548,Lucky Duck Shiraz,1,11.0,11.0,,,1
13550,Z Znfdl Tom Eddy,2,11.5,11.5,3.5355339059327378,12.5,1
13552,Merry Edwards Pnt Nr Sonoma,24,11.708333333333334,12.0,1.6279933411536363,2.6503623188405796,1
13553,Merry Edwards Svgn Bl RRV,35,11.485714285714286,11.0,1.7883845581225233,3.1983193277310926,1
13557,Merry Edwards Flax Vyd Pnt N,2,13.5,13.5,0.7071067811865476,0.5,1
13558,Merry Edwards Pinot Noir RRV,26,11.692307692307692,12.0,1.7382573059068274,3.0215384615384613,1
13561,Stump Jump Shiraz,2,13.0,13.0,0.0,0.0,1
13567,Bila-Haut Cotes Roussillon,35,10.742857142857142,11.0,1.9454752503128463,3.784873949579832,1
13575,Brownstone Pnt Nr,4,9.75,10.0,2.217355782608345,4.916666666666667,1
13576,Columbia Winery Chard,16,12.1875,12.5,2.007278422807027,4.029166666666667,1
13581,Veuve Clicquot Rose Shop Bag,2,11.5,11.5,0.7071067811865476,0.5,1
13582,Merry Edwards Coopers Pnt Nr,1,13.0,13.0,,,1
13583,Twisted Cab Svgn Cal,7,10.0,10.0,1.632993161855452,2.6666666666666665,1
13590,Bliss Cab Svgn,2,9.5,9.5,3.5355339059327378,12.5,1
13592,Bliss Merlot,1,12.0,12.0,,,1
13594,Bliss Chard,22,10.409090909090908,10.0,1.868513310453525,3.491341991341991,1
13595,Palagetto Brunello d Montlcn,32,10.71875,11.0,1.6310371724962358,2.660282258064516,1
13602,Frescobaldi Mormoreto Cab Sv,11,12.454545454545455,13.0,1.694912172570388,2.8727272727272726,1
13603,Folonari Pnt Nr Venezie,50,10.92,11.0,1.75940620781036,3.095510204081632,1
13604,Folonari Pnt Grigio Venezie,1,10.0,10.0,,,1
13605,Neal Family Svgn Bl Napa Vly,15,10.6,10.0,2.1974010622941433,4.82857142857143,1
13606,Neal Petite Syrah Rutherford,2,10.5,10.5,2.1213203435596424,4.5,1
13614,Acrobat Pnt Nr Ore,47,11.595744680851064,12.0,1.861037280519109,3.463459759481961,1
13618,Terra d'Oro Znfdl Port,46,10.347826086956522,10.0,2.002414002085681,4.009661835748792,1
13619,Quinta do Noval Black Port,31,11.64516129032258,11.0,1.6441489611503008,2.7032258064516137,1
13620,Columbia Winery Cab Svgn,35,11.17142857142857,11.0,1.870604090625685,3.4991596638655458,1
13636,Charles Smith C Smith Cab Sv,37,10.486486486486486,10.0,2.116359841562625,4.478978978978979,1
13637,Charles Smith Eve WA Chard,45,10.644444444444444,10.0,1.8482861294078947,3.4161616161616166,1
13638,Charles Smith Velvet Dev Mer,52,10.673076923076923,10.5,1.987422745778413,3.949849170437407,1
13651,Fontanafredda Briccotondo,26,11.26923076923077,11.0,1.8667124536509059,3.484615384615385,1
13654,Alta Vista Malbec Mendoza,1,7.0,7.0,,,1
13661,Duckhorn Decoy Pnt Nr,53,11.452830188679245,11.0,1.8560300658192377,3.444847605224964,1
13662,Duckhorn Decoy Svgn Bl,47,11.46808510638298,11.0,1.8279361589768657,3.341350601295097,1
13663,Duckhorn Decoy Znfdl Napa Vl,48,11.604166666666666,12.0,1.8188093291729415,3.3080673758865253,1
13665,Josh Cellars Chard,55,11.436363636363636,11.0,1.8635254955935732,3.4727272727272727,1
13669,Folk Machine Pnt Nr,9,7.666666666666667,7.0,1.6583123951777001,2.7500000000000004,1
13670,Stellina di Notte Prosecco,16,11.3125,12.0,1.5370426148939398,2.3625,1
13688,Murphy-Goode Pnt Nr,6,13.166666666666666,13.5,0.9831920802501751,0.9666666666666668,1
13693,Toasted Head Untamed Red,36,11.194444444444445,11.5,1.6181019647271826,2.6182539682539683,1
13694,MacMurray Ranch Chard Sonoma,53,11.18867924528302,11.0,1.8918509838615412,3.579100145137881,1
13695,Red Rock Winery Malbec,51,11.156862745098039,11.0,1.9222127771878728,3.6949019607843145,1
13696,Barefoot Cellars Pnt Nr,24,11.125,11.0,1.701980943029264,2.8967391304347827,1
13697,Liberty Creek Vyds Moscato,7,11.428571428571429,11.0,2.2253945610567474,4.9523809523809526,1
13700,Liberty Creek Vyds Sweet Red,3,11.333333333333334,11.0,2.5166114784235836,6.333333333333334,1
13702,Barefoot Cellars Cab Svgn,27,11.148148148148149,11.0,1.9355719429767386,3.7464387464387467,1
13703,Barefoot Cellars Moscato,31,11.451612903225806,12.0,2.0950530570436534,4.389247311827957,1
13708,Bota Box Cab Svgn,54,10.62962962962963,11.0,1.8763301827176415,3.520614954577218,1
13709,Jam Jar Sweet Shiraz,48,11.458333333333334,11.0,1.7005422581139245,2.8918439716312054,1
13710,Stone Fruit Rsl,42,11.380952380952381,11.0,1.7101188227491746,2.9245063879210225,1
13711,Venta Morales Tempranillo,30,12.033333333333333,12.0,1.4015590662158885,1.9643678160919538,1
13716,Tisdale Vyds Pnt Nr,8,11.875,12.0,1.6420805617960927,2.6964285714285716,1
13718,Redwood Creek Malbec,35,11.342857142857143,11.0,1.8461861664914885,3.4084033613445377,1
13723,Big House Red,51,10.843137254901961,11.0,1.880133495468956,3.5349019607843144,1
13724,Big House White,9,10.11111111111111,10.0,1.0540925533894598,1.1111111111111112,1
13725,Fish Eye Pnt Nr,2,9.5,9.5,2.1213203435596424,4.5,1
13726,Fish Eye Pnt Nr,1,12.0,12.0,,,1
13731,Monkey Bay Svgn Bl,51,11.352941176470589,12.0,1.6226340241935604,2.6329411764705877,1
13734,Virginie Taunt Svgn Blanc,3,9.0,9.0,0.0,0.0,1
13744,W Hill Est Chard Cntrl Cst,54,11.24074074074074,11.0,1.9125719637237402,3.6579315164220834,1
13745,W Hill Cab Svgn Central Cst,39,11.564102564102564,12.0,1.9028354437643533,3.620782726045883,1
13766,Yealands Svgn Bl Marlborough,50,10.92,11.0,2.0186881980177933,4.075102040816326,1
13767,Catena Vista Flores Malbec,26,11.461538461538462,11.0,1.4207257083834088,2.0184615384615388,1
13779,Banfi Centine Rose Toscana,29,10.517241379310345,11.0,1.7852708809104016,3.1871921182266014,1
13784,Churchills 10 Yr Tawny Port,7,10.714285714285714,11.0,1.4960264830861911,2.2380952380952377,1
13791,The Chocolate Block Red,5,12.0,12.0,1.8708286933869707,3.5,1
13792,The Wolftrap Syrah Vio Mourv,52,10.442307692307692,10.5,2.080850707805575,4.329939668174962,1
13793,Yellow Tail Svgn Bl,54,11.481481481481481,11.5,1.8504537000090027,3.4241788958770076,1
13795,Yellow Tail Tree Free Chard,51,11.509803921568627,12.0,1.8041346847683832,3.2549019607843137,1
13796,Peter Paul Pnt Nr Mill Sta,2,12.0,12.0,1.4142135623730951,2.0,1
13805,Neal Family Vyds Znfdl Napa,18,10.666666666666666,11.0,1.970368732287556,3.8823529411764706,1
13807,Oh Schist Rsl,54,11.444444444444445,11.0,1.7119630866531244,2.9308176100628933,1
13808,Tiziano Pnt Gr Delle Venezie,6,12.666666666666666,13.0,1.505545305418162,2.2666666666666666,1
13823,Vistamar Svgn Bl,5,9.6,11.0,2.8809720581775866,8.3,1
13826,Hazlitt Vyds Red Cat Finger,1,9.0,9.0,,,1
13831,The Show Malbec Argentina,9,10.666666666666666,10.0,1.9999999999999998,3.9999999999999996,1
13832,Sutter Home Rsl,2,10.0,10.0,1.4142135623730951,2.0,1
13835,Down Under Cellars Shiraz,1,10.0,10.0,,,1
13836,R Mondavi Private Sel Pnt Nr,50,11.38,12.0,1.627443218232645,2.648571428571429,1
13837,C Y Toro Frontera Pnt Grigio,45,10.533333333333333,11.0,1.816590212458495,3.3,1
13854,Mark West Pnt Nr RRV,44,11.409090909090908,12.0,1.5894738315904362,2.526427061310782,1
13860,Calera de Villiers Pnt Nr,1,7.0,7.0,,,1
13867,Borealis Northern Whites,9,10.666666666666666,10.0,1.8708286933869707,3.5,1
13871,Yosemite Road Cab Svgn,10,11.4,11.0,1.7126976771553504,2.933333333333333,1
13872,Yosemite Road Chard,14,11.785714285714286,11.5,1.7177163475234933,2.9505494505494503,1
13875,Concannon Selct Petite Sirah,1,14.0,14.0,,,1
13887,Nicolis Amarone Valpo Clsc,12,9.666666666666666,10.5,1.6696942198734437,2.7878787878787876,1
13895,Mohua Pinot Noir,41,10.707317073170731,11.0,1.9267057694290584,3.7121951219512197,1
13899,Hogue Genesis Meritage,33,11.484848484848484,12.0,1.7699084037248247,3.1325757575757573,1
13916,Stellar Organics Shiraz,1,9.0,9.0,,,1
13918,Stellar Organics Cab Svgn,2,11.5,11.5,3.5355339059327378,12.5,1
13920,Live-A-Little Ravishing Red,10,10.9,12.0,2.685351208149711,7.211111111111112,1
13921,Live-A-Little Wicked White,6,9.833333333333334,9.5,2.48327740429189,6.166666666666666,1
13929,Kirkland Signature Cab Svgn,1,12.0,12.0,,,1
13930,Gallo Copperidge Pnt Grigio,52,11.25,11.0,1.85636161115569,3.446078431372549,1
13931,Ghost Pines Znfdl L Martini,48,11.229166666666666,11.0,1.9267388756745063,3.7123226950354606,1
13932,Canyon Rd Pnt Nr,49,11.224489795918368,11.0,1.8848663317156933,3.552721088435374,1
13933,Canyon Rd Pnt Grigio,53,11.18867924528302,11.0,1.8918509838615412,3.579100145137881,1
13940,Black Box Malbec,52,11.25,11.5,1.655353762321327,2.7401960784313726,1
13941,Dom du Grand Tinel Ch d Pape,2,11.5,11.5,0.7071067811865476,0.5,1
13942,Dom du Grand Tinel Establet,1,13.0,13.0,,,1
13948,Cade Cab Svgn Howell Mtn,28,11.75,12.0,1.9555239896442267,3.824074074074074,1
13949,Cade Cab Svgn Napa Cuvee,18,11.666666666666666,12.0,1.8786728732554485,3.5294117647058822,1
13950,Cade Svgn Bl Napa Cuvee,1,11.0,11.0,,,1
13956,Gouleyant Malbec Cahors,43,10.813953488372093,11.0,1.979126959443149,3.916943521594684,1
13958,Charles & Charles Red,55,10.345454545454546,10.0,2.038683142675427,4.156228956228955,1
13959,Charles & Charles Rose,3,12.333333333333334,12.0,1.5275252316519468,2.3333333333333335,1
13960,Vieux Clocher Cote du Rhone,2,9.5,9.5,0.7071067811865476,0.5,1
13963,Yellow Tail Pnt Nr,54,11.481481481481481,11.5,1.8504537000090027,3.4241788958770076,1
13967,Villa Sandi Il Fresco Prosec,28,12.107142857142858,13.0,1.6630914033428879,2.765873015873016,1
13968,Spellbound Chard,54,11.833333333333334,12.0,1.7988465906251634,3.235849056603774,1
13978,Jos Phelps Chard,46,11.782608695652174,12.0,1.7753002059527956,3.151690821256038,1
13979,Jos Phelps Pnt Nr,54,11.833333333333334,12.0,1.7988465906251634,3.235849056603774,1
13980,Dom de Victoires Quincy Whte,3,10.666666666666666,11.0,2.516611478423583,6.333333333333333,1
13981,Alverdi Pnt Grigio,47,11.914893617021276,12.0,1.7045946507070944,2.9056429232192413,1
13985,Luiano Chianti Clsc,20,12.3,13.0,1.4903196407411894,2.221052631578948,1
13990,Big Claw White,2,9.5,9.5,0.7071067811865476,0.5,1
13991,Colombo Cape Bleue Rose VdP,53,10.88679245283019,11.0,2.02541901988102,4.10232220609579,1
13993,Sartori Family Pnt Grigio,13,10.76923076923077,10.0,1.9644272343292228,3.8589743589743595,1
13994,Banfi Chianti Superiore,45,10.71111111111111,11.0,1.7789453236809902,3.1646464646464634,1
13997,Rivers Edge Pnt Nr Barrel,1,7.0,7.0,,,1
14004,Layer Cake Virgin Chard,54,11.481481481481481,11.5,1.8504537000090027,3.4241788958770076,1
14006,Apothic Winemakers Red Blend,54,11.24074074074074,11.0,1.9125719637237402,3.6579315164220834,1
14008,Cigar Box Malbec Mendoza,55,11.4,11.0,1.7277688459933478,2.985185185185185,1
14013,Joseph Mellot Sancerre White,5,11.0,11.0,1.5811388300841898,2.5,1
14031,Annabella Cab Svgn Napa,6,11.5,11.5,1.8708286933869707,3.5,1
14050,Baileyana Firepeak Cve Chard,1,8.0,8.0,,,1
14053,Seven Daughters Red,1,10.0,10.0,,,1
14054,Seaglass Rsl,54,10.37037037037037,10.0,2.049356054373199,4.199860237596086,1
14061,Shafer One Pnt Five Cab Svgn,9,11.666666666666666,13.0,1.6583123951777,2.75,1
14062,Shafer Red Shoulder Chard,9,11.88888888888889,11.0,1.4529663145135578,2.111111111111111,1
14078,Bota Box Malbec,55,10.6,11.0,1.8718182881101744,3.503703703703704,1
14082,Zinck Pnt Blanc,2,10.0,10.0,1.4142135623730951,2.0,1
14096,Citation Chard,5,10.4,9.0,1.9493588689617927,3.8,1
14097,Bonny Doon Clos de Gilroy Rd,2,9.5,9.5,0.7071067811865476,0.5,1
14099,Douglass Hill Merlot,2,10.0,10.0,0.0,0.0,1
14100,Douglass Hill Chard,12,11.25,11.0,1.6025547785276542,2.5681818181818183,1
14101,Douglass Hill Cab Svgn,3,10.333333333333334,10.0,1.5275252316519468,2.3333333333333335,1
14102,Douglass Hill Pnt Grigio,1,10.0,10.0,,,1
14105,Cakebread Dancing Bear Cab S,4,11.75,12.0,1.2583057392117916,1.5833333333333333,1
14110,Bodegas Numanthia Termes,7,11.142857142857142,11.0,1.9518001458970664,3.8095238095238098,1
14119,Zonin Prosecco Brut,24,11.791666666666666,12.0,1.9776834640705196,3.9112318840579707,1
14120,Antica Cab Svgn Napa Valley,7,10.285714285714286,10.0,1.9760470401187074,3.9047619047619047,1
14121,Antica Chard Napa Valley,4,10.0,9.0,2.8284271247461903,8.0,1
14124,Haras Estate Svgn Blanc,1,10.0,10.0,,,1
14126,Attitude 13 Rose Jolivet,4,10.75,10.5,1.707825127659933,2.9166666666666665,1
14129,14 Hands Hot to Trot Red,53,10.716981132075471,11.0,1.915296306565866,3.6683599419448476,1
14130,14 Hands Hot to Trot White,50,10.84,11.0,1.9934586905728466,3.9738775510204087,1
14133,Yellow Tail Tree Free Chard,4,10.5,10.0,2.516611478423583,6.333333333333333,1
14157,Solar de Randez Crianza,1,10.0,10.0,,,1
14169,GSM Le Grand Noir,2,11.5,11.5,0.7071067811865476,0.5,1
14174,Chalk Hill Estate Red,21,11.285714285714286,11.0,1.927248223318863,3.714285714285714,1
14184,Ch M Vert Lussac St Emilion,53,10.641509433962264,10.0,1.819703479888133,3.311320754716981,1
14190,Ch Haut Branda Brdx Rouge,2,11.5,11.5,0.7071067811865476,0.5,1
14191,Ch Fage Graves de Vayres,39,10.666666666666666,11.0,1.7371079009805703,3.0175438596491233,1
14194,Caparzo Brnllo di Montalcino,34,11.735294117647058,12.0,1.8308604291079755,3.3520499108734403,1
14195,Twomey Svgn Bl Napa,5,12.0,13.0,2.0,4.0,1
14207,Three Saints Steak House Red,1,9.0,9.0,,,1
14212,Allan Scott Svgn Bl,3,10.666666666666666,11.0,1.5275252316519468,2.3333333333333335,1
14217,Chevalier L'Aujardiere Chard,1,13.0,13.0,,,1
14219,Lucien Boillot & Fils Volnay,1,10.0,10.0,,,1
14235,Copa di Vino Cab Svgn,9,10.222222222222221,10.0,1.9220937657784662,3.694444444444445,1
14236,Copa di Vino Chard,8,10.125,9.5,1.8850918886280925,3.5535714285714284,1
14240,Ninety+Cellars Lot 2 Svgn Bl,54,10.296296296296296,11.0,1.6555182695279262,2.7407407407407396,1
14250,Ruta 22 Malbec,50,11.56,12.0,1.8752958950196503,3.5167346938775514,1
14279,Movendo Moscato,54,10.574074074074074,11.0,1.7761719686826587,3.1547868623340314,1
14280,Cupcake Shiraz,47,10.936170212765957,11.0,1.8928269095530672,3.582793709528215,1
14289,Uppercut Cab Svgn,18,10.944444444444445,11.5,1.7311071677235326,2.996732026143791,1
14293,Ch La Mission Haut Brion 07,1,13.0,13.0,,,1
14300,Masi Passo Doble,30,11.8,12.5,2.0068847019439238,4.027586206896552,1
14306,Dom les Pallieres Gigondas,4,11.25,11.5,2.0615528128088303,4.25,1
14316,R Stuart Big Fire Rose,1,8.0,8.0,,,1
14328,Palmaz Vyds Cab Svgn Napa,3,11.0,11.0,2.0,4.0,1
14329,Ty Ku Sake Junmai Ginjo,40,9.05,9.5,2.2526337861177024,5.074358974358974,1
14341,Grooner Gruner Veltliner,2,10.5,10.5,2.1213203435596424,4.5,1
14342,Cupcake Pnt Nr,55,10.872727272727273,11.0,1.8564656329877602,3.4464646464646456,1
14344,Sassy Bitch Pnt Noir,1,12.0,12.0,,,1
14347,De Martino Cab Svgn Estate,1,14.0,14.0,,,1
14348,De Martino Carmenere Estate,19,12.368421052631579,13.0,1.8622127314863737,3.467836257309941,1
14352,Coastal Vines White Zinfande,1,11.0,11.0,,,1
14357,Chilensis Pnt Nr,17,8.411764705882353,9.0,1.8727928185403933,3.50735294117647,1
14360,Redtree Moscato,1,11.0,11.0,,,1
14363,Educated Guess Cab Svgn Napa,53,11.547169811320755,12.0,1.8034799452495367,3.2525399129172716,1
14364,Penfolds Grange 2005,4,11.5,12.0,1.9148542155126762,3.6666666666666665,1
14369,Neirano Prosecco Sparkling,1,12.0,12.0,,,1
14370,Seven Deadly Zins Lodi Znfdl,4,11.25,10.5,1.8929694486000912,3.5833333333333335,1
14381,LaBelle Winery Riesling,41,9.829268292682928,10.0,1.8014222023777524,3.245121951219512,1
14382,LaBelle Winery Raspberry,35,9.857142857142858,10.0,1.8809080589041085,3.537815126050421,1
14383,LaBelle Winery Granite Red,47,9.76595744680851,10.0,1.8203292339269268,3.313598519888992,1
14385,Moillard Ch D'Eau Pnt Nr,2,10.0,10.0,1.4142135623730951,2.0,1
14386,Tarima Monastrell Jumilla,47,11.574468085106384,12.0,1.703508921520057,2.9019426456984276,1
14390,Il Cavaliere Pnt Grigio,9,10.555555555555555,11.0,1.7400510848184252,3.027777777777778,1
14393,Ch Montaud Cotes de Prov Rse,53,10.641509433962264,10.0,1.819703479888133,3.311320754716981,1
14398,Ch La Mondotte 07 St Emilion,1,9.0,9.0,,,1
14410,Liberty Crk Vyd Pnt Grigio,17,10.823529411764707,10.0,2.038237416177488,4.154411764705882,1
14411,Liberty Creek Vyd Pnt Noir,6,10.666666666666666,10.5,2.1602468994692865,4.666666666666666,1
14413,Tisdale Vyds Pnt Grigio,15,11.533333333333333,12.0,1.88477610139267,3.5523809523809526,1
14415,Peter Lehmann Layers Red,6,11.833333333333334,13.0,2.228601953392904,4.966666666666667,1
14416,J Lohr Falcons Perch Pnt Nr,48,11.375,11.0,1.8522556691315017,3.4308510638297873,1
14417,Jacobs Crk Moscato,8,11.375,11.5,1.9226098333849673,3.6964285714285716,1
14419,Livingston Cellars Pinot Nr,6,12.0,12.5,1.6733200530681511,2.8,1
14420,Livingston Clrs Pnt Grigio,5,12.0,13.0,2.345207879911715,5.5,1
14425,Ch Musar Rouge,17,9.764705882352942,10.0,1.480262297901367,2.1911764705882355,1
14432,Bully Hill NY Rsl,1,11.0,11.0,,,1
14433,F Coppola Rosso Bianco Chard,49,10.775510204081632,11.0,1.9713077947821103,3.8860544217687067,1
14436,Byron Santa Barbara Chard,12,11.833333333333334,12.0,1.7494587907710375,3.060606060606061,1
14437,Byron Santa Barbara Pnt Nr,39,11.435897435897436,11.0,1.6510741606422834,2.7260458839406203,1
14439,Barefoot Sweet Red,54,11.24074074074074,11.0,1.9125719637237402,3.6579315164220834,1
14457,Scagliola Mati Barbera,41,10.097560975609756,11.0,1.772073334385184,3.1402439024390243,1
14471,De Loach Merlot Cal,29,11.344827586206897,11.0,1.9323535255701143,3.7339901477832504,1
14474,Brownstone Moscato,2,10.5,10.5,0.7071067811865476,0.5,1
14475,Belcreme de Lys Chard,55,10.290909090909091,11.0,1.9689509076581053,3.8767676767676766,1
14483,Victor Hugo Hunchback Red,1,9.0,9.0,,,1
14485,Victor Hugo Cab Svgn,2,9.0,9.0,0.0,0.0,1
14493,Carmel Road Pnt Gris,1,11.0,11.0,,,1
14495,Quinta d Azevedo Vinho Verde,1,11.0,11.0,,,1
14502,Offley White Port,1,11.0,11.0,,,1
14505,Gazela Vinho Verde,1,11.0,11.0,,,1
14526,Girardin Bourg St Vncn Chard,1,9.0,9.0,,,1
14538,Ch St Michel Brdx Superur,6,10.666666666666666,10.0,1.7511900715418263,3.0666666666666664,1
14539,Dom de Dionysos La Deveze,48,11.5625,11.5,1.7853571071357126,3.1875,1
14542,Ch Haut-BrionPessac-Leo Gr C,1,11.0,11.0,,,1
14551,Cava Mistinguett Brut,32,10.40625,10.0,2.269849717918674,5.152217741935484,1
14552,Dom de Dionysos Cairanne Cig,37,11.54054054054054,12.0,1.8647995810481823,3.4774774774774766,1
14620,Bodega Elena de Mendoza Mlbc,1,12.0,12.0,,,1
14622,La Marca Prosecco,55,11.2,11.0,1.9187187082742176,3.681481481481482,1
14623,The Naked Grape Pnt Grigio,55,11.2,11.0,1.9187187082742176,3.681481481481482,1
14624,The Naked Grape Pnt Nr,51,11.196078431372548,11.0,1.928933465344383,3.72078431372549,1
14625,Bridlewood Pnt Nr,44,11.181818181818182,11.0,1.807899041129661,3.2684989429175473,1
14626,Carlo Rossi Sweet Red,1,10.0,10.0,,,1
14627,Carlo Rossi Sweet Red,22,10.318181818181818,9.5,1.8869568253158473,3.560606060606061,1
14628,Tisdale Vyds Sweet Red,5,12.6,13.0,1.1401754250991378,1.2999999999999998,1
14631,Dom Serene Yamhill Cv Pnt Nr,44,12.113636363636363,13.0,1.6170013747949614,2.614693446088795,1
14632,Dom Serene Evenstad 11 Pnt N,21,11.904761904761905,13.0,1.9724290077151547,3.89047619047619,1
14635,Marcarini Ciabot Camerano,1,12.0,12.0,,,1
14638,Bongiovanni Dolceo D'Alba,1,9.0,9.0,,,1
14647,Tierra Divina Malbec,1,10.0,10.0,,,1
14652,Cambria Katherine Vyd Chard,9,11.88888888888889,12.0,1.2692955176439846,1.6111111111111112,1
14654,Arrogant Frog Chardonnay,1,12.0,12.0,,,1
14655,Arrogant Frog Pnt Nr,13,11.692307692307692,12.0,1.7504578155735615,3.0641025641025643,1
14657,The Shepherd Svgn Bl,32,10.5625,10.0,1.9827888472813302,3.931451612903226,1
14663,Spellbound Merlot,49,11.857142857142858,12.0,1.7677669529663689,3.125,1
14666,Raymond Family Clsc Cab Svgn,30,11.566666666666666,12.0,1.7749858344909906,3.150574712643678,1
14670,Sutter Home Moscato,15,10.333333333333334,10.0,1.9148542155126762,3.666666666666667,1
14671,Riondo Prosecco,2,9.5,9.5,0.7071067811865476,0.5,1
14672,Duckhorn Decoy Cab Svgn,54,11.481481481481481,11.5,1.8504537000090027,3.4241788958770076,1
14675,Culpeo Malbec,2,6.5,6.5,0.7071067811865476,0.5,1
14676,Culpeo Pnt Nr,4,10.5,10.5,3.1091263510296048,9.666666666666666,1
14681,Shafer Hillside Cab Svgn 06,1,11.0,11.0,,,1
14682,CC Ranch Cab Svgn CC Ranch,2,12.0,12.0,0.0,0.0,1
14683,State Ranch 07 Cab Svgn Youn,4,10.0,9.5,1.4142135623730951,2.0,1
14684,Cherry Pie Stanly Pnt Nr,29,11.551724137931034,12.0,2.0973828401903933,4.399014778325122,1
14688,Ferrari-Carano RSV Chard,13,11.307692307692308,12.0,1.377474463442389,1.8974358974358976,1
14690,Bridlewood Pnt Nr Monterey C,41,11.268292682926829,12.0,1.9238553771515994,3.7012195121951224,1
14697,Ch Musar Jeune Rouge,1,7.0,7.0,,,1
14701,Cupcake Red Velvet,54,10.907407407407407,11.0,1.8558273191314598,3.444095038434661,1
14703,Casa Ferreirinha Esteva Doro,37,9.81081081081081,10.0,1.6639617690225845,2.7687687687687688,1
14704,Rex Goliath Free Range Red,40,11.15,11.0,1.5450499950420657,2.3871794871794876,1
14705,Rex Goliath Free Range Red,1,14.0,14.0,,,1
14706,Cupcake Prosecco,54,10.907407407407407,11.0,1.8558273191314598,3.444095038434661,1
14708,Conservancy Concannon Chard,2,8.0,8.0,0.0,0.0,1
14710,Ch Tanunda Gr Barossa Shiraz,21,11.0,11.0,1.4832396974191326,2.2,1
14711,Ch Tanunda Gr Barossa Rsl,9,10.555555555555555,11.0,1.740051084818425,3.0277777777777777,1
14712,Lucky Duck Riesling,2,10.0,10.0,1.4142135623730951,2.0,1
14716,Jeio Prosecco Bisol Desidero,2,12.0,12.0,1.4142135623730951,2.0,1
14717,Il Donato Pnt Grigio Daunia,5,11.4,11.0,2.073644135332772,4.3,1
14719,Alto Moncayo Veraton Garnach,15,11.866666666666667,12.0,1.2459458063579458,1.552380952380952,1
14724,Tozai Blossom of Peace,34,11.147058823529411,11.5,1.8607973680440828,3.462566844919786,1
14761,Ch Hermitage Mazeyres Pomerl,1,11.0,11.0,,,1
14782,Penfolds Bin 138 GSM,1,10.0,10.0,,,1
14799,A Bichot Pouilly-Fuisse,33,12.06060606060606,12.0,1.6571699131990423,2.746212121212121,1
14805,Ninety+Cellars Lot 23 Malbec,55,10.254545454545454,11.0,1.6690891485653443,2.785858585858586,1
14808,Ninety+Cellars Lot 21 Fusion,1,9.0,9.0,,,1
14810,Primaterra Prosecco,50,10.6,10.0,2.030381486221699,4.122448979591836,1
14811,Primaterra Pnt Nr,46,10.782608695652174,11.0,1.9540617922478054,3.8183574879227056,1
14818,Simi Pnt Nr Sonoma Cnty,38,11.526315789473685,12.0,1.589438828478053,2.5263157894736854,1
14826,My Big Fat Greek Red Wine,1,13.0,13.0,,,1
14833,Vinum Cellars Red Dirt Red,4,9.0,8.5,2.449489742783178,6.0,1
14834,White Elephant Vinum Cellars,5,8.6,8.0,3.4351128074635335,11.8,1
14835,Vinum Cellars Pnt Nr,5,9.8,11.0,2.588435821108957,6.7,1
14836,Vinum Cellars Chard,2,8.0,8.0,1.4142135623730951,2.0,1
14837,Vinum Cellars Petite Sirah,3,7.666666666666667,7.0,1.1547005383792517,1.3333333333333335,1
14838,Layer Cake Cab Svgn,53,11.50943396226415,12.0,1.8566164583563747,3.447024673439768,1
14846,Louro Do Bolo Godello White,1,11.0,11.0,,,1
14852,Mooiplaas The Bean Pinotage,48,10.0625,10.0,2.0149045698325057,4.059840425531915,1
14857,C K Mondavi Wh Znfdl,1,12.0,12.0,,,1
14883,Little Yering Pnt Nr Yarra V,1,13.0,13.0,,,1
14895,Vendange Pnt Grigio,46,11.217391304347826,11.5,1.645371197271787,2.707246376811594,1
14920,Broadbent Gruner Veltliner,42,10.047619047619047,10.0,1.766246964368385,3.1196283391405344,1
14922,Five Oaks Pnt Grigio Cal,12,10.833333333333334,10.0,2.1248885888797826,4.515151515151515,1
14923,Five Oaks Pnt Nr Cal,10,11.1,11.0,2.1317702607092643,4.544444444444444,1
14929,Yellow Tail Moscato,17,11.529411764705882,11.0,1.9078013215093812,3.639705882352941,1
14930,Yellow Tail Moscato,54,11.481481481481481,11.5,1.8504537000090027,3.4241788958770076,1
14935,J Lohr Tower Road Petite Sir,6,11.5,12.0,1.760681686165901,3.1,1
14939,El Jamon Tempranillo,1,11.0,11.0,,,1
14959,Tutunjian Cab Svgn,1,8.0,8.0,,,1
14961,Stone Barn Cab Svgn,6,11.666666666666666,12.0,2.338090388900024,5.466666666666666,1
14962,Stone Barn Chard,9,11.11111111111111,11.0,1.90029237516523,3.611111111111111,1
14964,Twisted Moscato,12,10.916666666666666,11.0,1.5642792899510294,2.446969696969697,1
14972,Nicolas Feuillatte Brut,45,11.0,11.0,1.834021909257456,3.3636363636363638,1
14973,Nicolas Feuillatte Brut Rose,3,11.666666666666666,12.0,2.516611478423583,6.333333333333333,1
14974,Mantane Primitivo Puglio,24,11.625,13.0,1.929462642021483,3.722826086956522,1
14975,Cavit Moscato,55,10.909090909090908,11.0,2.0482397797343443,4.195286195286195,1
14983,Ken Wright Clrs Willa Pnt Nr,46,10.934782608695652,11.0,2.0155194964523937,4.06231884057971,1
14988,Argiano Non Confunditur Rsso,2,10.5,10.5,2.1213203435596424,4.5,1
14991,Banshee Pnt Nr Sonoma Cnty,44,11.5,11.0,1.5626453420774271,2.441860465116279,1
14993,Neirano Prosecco,6,10.833333333333334,12.0,2.041241452319315,4.166666666666667,1
14997,The Offering Rhone,1,9.0,9.0,,,1
15001,Jubileo Meritage,1,9.0,9.0,,,1
15004,David Stone Pnt Nr,1,12.0,12.0,,,1
15006,B & G Pouilly Fuisse,1,12.0,12.0,,,1
15007,Sean Minor Carneros Pnt Nr,51,11.549019607843137,12.0,1.8145382386733664,3.292549019607843,1
15009,Sean Minor Cab Svgn,53,11.547169811320755,12.0,1.8034799452495367,3.2525399129172716,1
15010,Ninety+Cellars Lot 28 Pnt Nr,1,9.0,9.0,,,1
15020,Angeline Chard Cal,2,12.0,12.0,1.4142135623730951,2.0,1
15035,Morellino d Scansano Rsv,20,11.75,12.0,1.860248992954834,3.460526315789474,1
15036,Castello Banfi Excelsus,2,8.0,8.0,0.0,0.0,1
15037,Banfi Poggio Alle Mura Montl,9,9.666666666666666,9.0,1.4142135623730951,2.0,1
15043,Cuvee Aurora Rose Sparkling,30,10.766666666666667,11.0,1.5905612397739561,2.5298850574712644,1
15047,Zaccagnini Pnt Grigio,51,10.784313725490197,11.0,1.9423050789224237,3.7725490196078426,1
15054,C K Mondavi Moscato,1,12.0,12.0,,,1
15056,Cono Sur Vision Pnt Nr,14,9.428571428571429,9.0,2.2774576147127714,5.186813186813187,1
15057,Cono Sur Organic Cab Svgn,34,10.323529411764707,10.0,2.0702889307254897,4.286096256684491,1
15058,Cono Sur Organic Svgn Bl,11,10.090909090909092,10.0,2.256304299271065,5.090909090909091,1
15059,Cono Sur Organic Chard,23,10.782608695652174,12.0,2.2147546906871987,4.905138339920949,1
15063,Almaden Moscato,17,10.764705882352942,11.0,2.2784153419840365,5.191176470588235,1
15064,Sokol Blosser Pnt Gris,3,11.666666666666666,11.0,2.081665999466133,4.333333333333334,1
15065,Sokol Blosser Pnt Nr,3,11.0,10.0,2.6457513110645907,7.0,1
15070,Conquista Oak Cask Malbec IP,1,13.0,13.0,,,1
15076,Cigar Box Cab Svgn Valle Cen,38,11.447368421052632,11.0,1.6224334146342538,2.6322901849217644,1
15079,Anna de Codorniu Brut Cava,46,12.043478260869565,12.5,1.7121334545483233,2.931400966183576,1
15082,Project Paso Cab Svgn,2,11.5,11.5,2.1213203435596424,4.5,1
15084,Project Paso Lonely Oak Red,1,13.0,13.0,,,1
15085,Franzia Tap Pnt Grigio,52,10.903846153846153,11.0,1.881380546349142,3.539592760180996,1
15089,Mont Redon Cotes du Rhone,51,10.823529411764707,11.0,2.0948115175637274,4.388235294117647,1
15091,Double T Trefethen Red,1,14.0,14.0,,,1
15092,Anne Amie Pnt Nr,38,10.210526315789474,10.0,1.9612171446522568,3.8463726884779517,1
15094,Butter Chard,54,11.833333333333334,12.0,1.7988465906251634,3.235849056603774,1
15105,Kendall Jackson Avant Chard,52,10.307692307692308,10.0,1.6866077049888941,2.8446455505279045,1
15133,Nativa Terra Cab Svgn Orgnic,1,10.0,10.0,,,1
15136,Mionetto Moscato Dolce Spklg,1,10.0,10.0,,,1
15137,Black Stallion Chard Napa Vy,16,10.875,11.0,1.5438048235879214,2.3833333333333333,1
15138,Black Stallion Cab Svgn Napa,51,10.627450980392156,11.0,1.8757482167255335,3.518431372549019,1
15139,Massimo Malbec Mendoza,49,10.653061224489797,11.0,1.8769547633529875,3.522959183673469,1
15146,Achaval Ferrer Malbec,51,11.058823529411764,11.0,1.642093355517674,2.6964705882352944,1
15156,Yago Sant'Gria Red,54,10.833333333333334,11.0,1.9691009345805608,3.8773584905660377,1
15161,Groth Rsv Cab Svgn Napa Vly,24,11.75,11.5,1.4817733206914758,2.1956521739130435,1
15167,De Martino Svgn Bl Organic,1,13.0,13.0,,,1
15168,Durigutti Malbec Mendoza,46,10.869565217391305,10.5,1.950597579685363,3.804830917874396,1
15171,Cecchi Litorale Vermentino,10,11.6,12.0,2.011080417199781,4.044444444444445,1
15178,Tercos Torrontes,7,8.0,8.0,0.816496580927726,0.6666666666666666,1
15188,Las Valles Carinena Red,18,10.777777777777779,11.0,1.9570552775732024,3.8300653594771243,1
15189,Las Valles Viura-Chard,13,11.0,11.0,2.160246899469287,4.666666666666667,1
15192,Folonari Moscato,27,10.925925925925926,11.0,1.6853651949817403,2.8404558404558395,1
15193,Billecart-Salmon Brut Rsv,21,11.238095238095237,12.0,1.813966976126134,3.2904761904761903,1
15194,Billecart-Salmon Brut Rose,23,10.782608695652174,11.0,1.7826568970635437,3.1778656126482216,1
15205,Beringer Cab Svgn Napa Vly,31,10.838709677419354,10.0,1.6752467319482303,2.8064516129032255,1
15209,Writer's Block Pnt Nr,10,11.9,12.5,1.3703203194062978,1.877777777777778,1
15215,Migration Duckhorn Chard,9,11.88888888888889,11.0,1.4529663145135578,2.111111111111111,1
15222,Le Volte Red Toscana,2,12.5,12.5,0.7071067811865476,0.5,1
15228,Saldo Znfdl Cal,41,11.414634146341463,12.0,1.6729556144156597,2.7987804878048776,1
15229,The Prisoner Red Napa Valley,50,11.34,12.0,1.6364471221745813,2.6779591836734693,1
15230,Faust Cab Svgn Napa Valley,35,11.457142857142857,11.0,1.9454752503128463,3.784873949579832,1
15232,Flowers Pnt Nr Sonoma Coast,45,11.466666666666667,11.0,1.9021518914592017,3.6181818181818186,1
15233,Flowers Chard Sonoma Cst,42,11.357142857142858,11.0,1.8847452900491273,3.552264808362369,1
15234,J Lohr Cuvee Red St E,2,10.0,10.0,0.0,0.0,1
15235,Common Man Pnt Grigio,25,11.64,12.0,1.9765289440498124,3.9066666666666667,1
15247,Juve y Camps Brut Nature,37,10.513513513513514,10.0,1.7419915426128034,3.0345345345345347,1
15249,Colby Red,5,11.8,13.0,1.7888543819998317,3.1999999999999997,1
15251,Bota Mini Cab Svgn,50,10.68,11.0,1.8454577442234448,3.4057142857142852,1
15252,Bota Mini Chard,54,10.62962962962963,11.0,1.8763301827176415,3.520614954577218,1
15253,Bota Mini Merlot,4,11.0,11.0,2.449489742783178,6.0,1
15255,Bota Mini Pnt Grigio,54,10.62962962962963,11.0,1.8763301827176415,3.520614954577218,1
15259,Laguna Chard,23,11.434782608695652,11.0,1.9499670616453952,3.8023715415019765,1
15260,Barefoot Cellars Sweet Red,14,10.785714285714286,10.5,2.1187286256174924,4.489010989010988,1
15261,Barefoot Cellars Sweet Red,13,10.461538461538462,10.0,1.6132464481796023,2.602564102564102,1
15262,Bella Sera Moscato,17,10.941176470588236,11.0,1.919328926841818,3.683823529411765,1
15263,Bella Sera Moscato,51,11.392156862745098,12.0,1.8555692535990032,3.4431372549019614,1
15264,Bridlewood Cab Svgn,49,11.10204081632653,11.0,1.9283509574156843,3.7185374149659864,1
15265,The Naked Grape Cab Svgn,46,11.08695652173913,11.0,1.859821818902992,3.458937198067634,1
15266,The Naked Grape Chard,46,11.173913043478262,11.0,1.853577296006436,3.435748792270531,1
15272,Ch Montelena Znfdl Napa Vly,1,10.0,10.0,,,1
15289,Backhouse Pnt Grigio,1,12.0,12.0,,,1
15290,Backhouse Pnt Nr,50,10.64,10.5,1.8267848415023753,3.337142857142858,1
15291,Flip Flop Cab Svgn,39,11.025641025641026,11.0,1.884663581415715,3.55195681511471,1
15292,Flip Flop Chard,54,10.907407407407407,11.0,1.8558273191314598,3.444095038434661,1
15293,Flip Flop Merlot,1,9.0,9.0,,,1
15294,Flip Flop Moscato,9,10.0,10.0,1.5811388300841898,2.5,1
15295,Flip Flop Pnt Grigio,52,10.807692307692308,11.0,1.8153858936007976,3.295625942684766,1
15297,Flip Flop Rsl,6,11.5,11.0,1.224744871391589,1.5,1
15298,Fish Eye Moscato,4,11.0,10.5,2.160246899469287,4.666666666666667,1
15300,Riunite D'Oro Moscato,1,13.0,13.0,,,1
15303,The Usual Suspect Cab Svgn,3,13.0,14.0,1.7320508075688772,3.0,1
15314,Korbel Sweet Cuvee,45,10.844444444444445,11.0,1.9650995296972011,3.8616161616161615,1
15315,Middle Sister Sweet & Sassy,51,12.019607843137255,12.0,1.667215595877526,2.7796078431372546,1
15316,Purple Cowboy Cab Svgn,1,13.0,13.0,,,1
15319,Angoves Nine Vines Moscato,4,12.25,12.5,0.9574271077563381,0.9166666666666666,1
15321,Blufeld Rsl,52,11.423076923076923,12.0,1.6371442597706993,2.680241327300151,1
15322,Vinum Cellars Scrapper Cab F,9,8.444444444444445,9.0,1.2360330811826103,1.5277777777777777,1
15323,Vinum Cellars Cab Svgn Napa,1,7.0,7.0,,,1
15327,Rex Goliath Svgn Bl,1,14.0,14.0,,,1
15328,Rex Goliath Svgn Bl,4,12.5,12.5,1.2909944487358056,1.6666666666666667,1
15329,Rex Goliath Moscato,5,10.2,10.0,2.280350850198276,5.2,1
15330,Rex Goliath Moscato,1,14.0,14.0,,,1
15332,Whitehaven Svgn Bl,52,11.25,11.0,1.85636161115569,3.446078431372549,1
15333,Maso Canali Pnt Grigio Coll,24,11.5,11.5,1.841549442134554,3.391304347826087,1
15334,Brotte La Griveliere CDR,41,11.902439024390244,12.0,1.8139029473593742,3.290243902439024,1
15340,Caposaldo Moscato,1,8.0,8.0,,,1
15347,Bunraku Nihonjin No Wasuremo,3,10.0,9.0,2.6457513110645907,7.0,1
15349,Itami Onigoroshi Junmal Shu,26,11.846153846153847,11.5,1.7132964178403618,2.9353846153846153,1
15350,Kitaya Ai No Hime Sprkl Sake,15,12.733333333333333,13.0,1.486446705914413,2.2095238095238097,1
15355,Decoy Duckhorn Chard Sonoma,51,11.392156862745098,11.0,1.8663164937657173,3.4831372549019606,1
15356,Seaglass Pnt Nr,55,10.345454545454546,10.0,2.038683142675427,4.156228956228955,1
15357,Greystone Cellars Cab Svgn,35,11.514285714285714,12.0,1.7383465533361862,3.0218487394957982,1
15359,Dry Creek Mariner Meritage,1,10.0,10.0,,,1
15362,Gaia Notios Red,7,10.428571428571429,9.0,2.5727509827124,6.6190476190476195,1
15365,Alabaster 07 Tinta de Toro,1,11.0,11.0,,,1
15366,Vina Borgia Garnacha,4,12.5,12.5,1.2909944487358056,1.6666666666666667,1
15392,Cupcake Riesling,50,10.94,11.0,1.8671160780678826,3.4861224489795917,1
15393,Cupcake Pnt Grigio,54,10.907407407407407,11.0,1.8558273191314598,3.444095038434661,1
15399,Lobster Reef Svgn Bl,50,11.54,11.5,1.6928420734712042,2.8657142857142857,1
15401,Red Rock Pnt Nr,34,11.588235294117647,12.0,1.7601247727608047,3.0980392156862746,1
15402,Red Rock Winemakers Red,1,14.0,14.0,,,1
15404,Dom Serene Rose,10,13.0,13.0,0.9428090415820634,0.8888888888888888,1
15414,Best Foot Forward Chard,1,12.0,12.0,,,1
15415,In the Saddle Cab Svgn,1,12.0,12.0,,,1
15418,The First Lady Cab Svgn,4,10.5,10.5,1.2909944487358056,1.6666666666666667,1
15424,Santa Ema Cab Svgn Rsv,26,11.26923076923077,11.5,1.9911341955316284,3.964615384615385,1
15425,John Anthony Svgn Bl,6,12.166666666666666,13.0,1.3291601358251257,1.7666666666666664,1
15426,Voga Moscato Italia,15,11.4,11.0,1.7647338933351153,3.114285714285714,1
15428,Ruffino Prosecco Sparkling,53,11.30188679245283,12.0,1.6241554688322146,2.6378809869375908,1
15444,Riff Pnt Grigio,52,11.51923076923077,12.0,1.8522946512672118,3.430995475113122,1
15463,Antinori Tignanello,9,10.88888888888889,11.0,1.6914819275153699,2.861111111111111,1
15466,Mirassou Moscato,53,11.30188679245283,11.0,1.8768314712709224,3.5224963715529753,1
15470,Achaval Ferrer Quimera,9,11.333333333333334,12.0,1.9364916731037083,3.7499999999999996,1
15476,Vietti Barolo Castiglione,4,12.25,12.5,0.9574271077563381,0.9166666666666666,1
15477,Vietti Nebbiolo Perbacco DOC,2,13.0,13.0,0.0,0.0,1
15478,Vietti Barbera D'Asti Vigne,23,11.347826086956522,11.0,1.433644296322992,2.0553359683794468,1
15482,C Y Toro Frontera Carmenere,50,10.6,11.0,1.761261143705422,3.1020408163265314,1
15496,C Monaci Kreos Rosato,2,12.0,12.0,2.8284271247461903,8.0,1
15503,Opici Sangria,54,11.833333333333334,12.0,1.7988465906251634,3.235849056603774,1
15504,Mollydooker The Boxer Shiraz,13,10.615384615384615,11.0,1.894661866862684,3.5897435897435908,1
15505,Mollydooker Carnival of Love,9,8.88888888888889,9.0,1.9649710204252657,3.8611111111111103,1
15506,Mollydooker Velvet Glove Shi,5,10.0,10.0,1.224744871391589,1.5,1
15507,Mollydooker Blue Eyed Boy,8,9.5,9.0,2.449489742783178,6.0,1
15508,Mollydooker Enchanted Path,2,12.0,12.0,0.0,0.0,1
15509,Mollydooker Maitre D Cab Svg,18,9.722222222222221,10.0,1.9942728456774754,3.977124183006536,1
15510,Mollydooker Violinist Verdel,3,10.0,11.0,2.6457513110645907,7.0,1
15526,Planeta La Segreta Bianco,7,9.285714285714286,8.0,1.9760470401187074,3.9047619047619047,1
15527,Roscato Rosso,54,10.944444444444445,11.0,2.050463975719464,4.204402515723271,1
15528,Cannonball Chard,53,11.50943396226415,12.0,1.8566164583563747,3.447024673439768,1
15537,Ch Ducasse Brdx Blanc,1,8.0,8.0,,,1
15542,Tiziano Prosecco,6,11.333333333333334,11.5,1.632993161855452,2.666666666666667,1
15545,M Chiarlo Barolo Cerequio,1,11.0,11.0,,,1
15548,Seaglass Chard,55,10.345454545454546,10.0,2.038683142675427,4.156228956228955,1
15549,CastelGiocondo Brunello 07,9,11.777777777777779,12.0,2.223610677354389,4.944444444444445,1
15550,Talbott Pnt Nr Santa Lucia,35,11.2,11.0,2.011730305863441,4.0470588235294125,1
15552,Senda 66 Tempranillo,24,10.75,10.5,2.0483291175768223,4.195652173913044,1
15569,Agua de Piedra Malbec Selecn,7,10.285714285714286,10.0,1.7994708216848745,3.2380952380952377,1
15572,Seven Daughters Moscato IGT,16,11.3125,11.5,1.8154430129677255,3.2958333333333334,1
15575,Monte Faliesi Falanghina,14,11.642857142857142,11.5,2.097879620259204,4.4010989010989015,1
15582,Vieux Clocher Rose CDR,3,10.333333333333334,12.0,2.8867513459481287,8.333333333333332,1
15584,Ch Vrai Caillou Wh Brdx,34,10.529411764705882,10.0,1.8947342360637132,3.5900178253119424,1
15589,Right Hand Man Syrah,2,12.0,12.0,0.0,0.0,1
15605,La Mondotte 08 St Emilion,1,12.0,12.0,,,1
15618,Beringer Classic Red Moscato,4,10.25,10.0,1.2583057392117916,1.5833333333333333,1
15619,Beringer Classic Red Moscato,51,10.705882352941176,11.0,1.8362365604361417,3.3717647058823523,1
15620,C Y Toro Casillero Diab Malb,43,10.69767441860465,11.0,1.8712725962745531,3.501661129568107,1
15639,Secco Italian Bubbles,7,11.0,11.0,1.5275252316519468,2.3333333333333335,1
15643,Poseidons Vyd Molnar Pnt Nr,4,11.0,11.0,1.632993161855452,2.6666666666666665,1
15645,Obsidian Ridge Cab Svgn,1,14.0,14.0,,,1
15647,Tortoise Creek Znfdl,1,10.0,10.0,,,1
15650,Cuvee de Pena Rose,18,10.666666666666666,10.5,2.14201664188625,4.588235294117647,1
15651,Villa d Anges Old Vines Rose,13,10.923076923076923,11.0,1.9774368283857795,3.9102564102564106,1
15659,Chickadee CA Pnt Nr,1,11.0,11.0,,,1
15660,Chickadee Chard,1,11.0,11.0,,,1
15672,Chatom Vyds Cuvee Red CA,1,6.0,6.0,,,1
15675,Six Hats Shiraz,25,10.16,10.0,1.9933221850301406,3.973333333333334,1
15677,Six Hats Chenin Blanc,1,13.0,13.0,,,1
15688,Cheval Blanc St Emilion 08,2,10.0,10.0,1.4142135623730951,2.0,1
15717,Ch d'Yquem Sauternes,2,9.0,9.0,0.0,0.0,1
15720,Clos Rochette Faiveley 09,2,10.5,10.5,0.7071067811865476,0.5,1
15729,Copa di Vino Pnt Grigio,12,10.833333333333334,10.5,1.7494587907710375,3.0606060606060606,1
15731,Tiamo Chianti,4,9.75,9.5,1.707825127659933,2.9166666666666665,1
15737,Naked Ryan Patrick Vyd Chard,2,10.5,10.5,3.5355339059327378,12.5,1
15739,Vina Borgia Garnacha,31,11.483870967741936,12.0,1.6303571744035206,2.658064516129032,1
15743,Bodegas Izadi Tempranillo Rd,51,11.490196078431373,11.0,1.6416156556223243,2.6949019607843137,1
15744,Sandeman 30 Yr Tawny Port,5,11.8,13.0,2.588435821108957,6.7,1
15745,Sandeman 10 Yr Tawny Port,23,11.347826086956522,11.0,1.873467753372046,3.5098814229249014,1
15746,Snap Dragon Pnt Nr,12,10.416666666666666,11.0,2.0652243256245835,4.265151515151515,1
15747,BV Coastal Estate Red,4,9.75,9.5,2.5,6.25,1
15748,Rioja Vega Tempranillo Garna,26,11.23076923076923,11.0,1.6566880770426835,2.7446153846153845,1
15761,Cantine Maschio Prosecco Brt,38,10.263157894736842,10.0,1.8553678228802049,3.4423897581792313,1
15768,Sandeman Vau Vintage Porto,1,13.0,13.0,,,1
15774,Paul D Zweigelt Weinland,6,10.333333333333334,10.0,2.422120283277993,5.866666666666666,1
15775,Paul D Gruner Veltliner,1,10.0,10.0,,,1
15782,Macon Villages Eugene Blanc,1,7.0,7.0,,,1
15790,Humberto Canale Malbec Est,9,10.444444444444445,10.0,2.185812841434,4.777777777777778,1
15812,Diseno Torrontes Salta,3,13.0,13.0,1.0,1.0,1
15820,Mont Redon CdP Red,19,11.052631578947368,11.0,2.1466688460270076,4.608187134502924,1
15824,Nozzole Chianti Clsc RSV,51,10.941176470588236,11.0,2.063121564095362,4.2564705882352944,1
15825,Octave Vino Verde White,1,13.0,13.0,,,1
15827,Frisk Prickly Rsl,53,11.415094339622641,11.0,1.885511175987837,3.555152394775036,1
15832,Sunday Mtn Svgn Bl,10,10.1,9.5,1.4491376746189437,2.0999999999999996,1
15833,Je T'Aime Cremant de Limoux,6,11.333333333333334,11.5,2.6583202716502514,7.0666666666666655,1
15835,Ninety+Cellars Lot 33 Rose,2,10.0,10.0,1.4142135623730951,2.0,1
15837,Ninety+Cellars Lot 37 Shiraz,51,10.215686274509803,11.0,1.6650973003424885,2.772549019607843,1
15838,Ravines Finger Rsl Lakes,8,10.125,10.5,1.9594095320493148,3.8392857142857144,1
15844,Ch Charrier Brdx,1,9.0,9.0,,,1
15846,Merry Edwards Svgn Bl RRV,3,13.333333333333334,13.0,0.5773502691896257,0.3333333333333333,1
15850,Sextant Znfdl,3,11.666666666666666,13.0,2.3094010767585034,5.333333333333334,1
15851,Sextant Wheelhouse Znfdl,3,11.0,11.0,2.0,4.0,1
15859,Roland Lavantureux Chablis,7,12.571428571428571,13.0,1.511857892036909,2.285714285714286,1
15860,Merriam Vyds Rose of Pnt Nr,5,9.8,10.0,0.8366600265340756,0.7,1
15871,Cyan Toro Zamora,1,12.0,12.0,,,1
15875,Ranga Ranga Svgn Bl,53,10.735849056603774,11.0,2.0205763019897454,4.082728592162554,1
15876,3 Brooms Svgn Bl Marlborough,44,10.568181818181818,10.0,2.0161871368562303,4.065010570824524,1
15880,San Polo Brun di Montlcno 11,2,9.5,9.5,0.7071067811865476,0.5,1
15888,R M Woodbridge Malbec,10,10.9,11.0,1.728840330651992,2.988888888888889,1
15889,R M Woodbridge Malbec,54,11.333333333333334,12.0,1.682316462276133,2.8301886792452837,1
15891,Farnum Hill Dooryard Cider,6,9.333333333333334,9.0,1.8618986725025255,3.4666666666666663,1
15892,Red Guitar Sangria,54,11.333333333333334,12.0,1.682316462276133,2.8301886792452837,1
15899,Kosta Browne Pnt Nr Sonoma C,8,10.0,9.0,2.138089935299395,4.571428571428571,1
15900,Ch St Jean Svgn Bl Sonoma,47,10.72340425531915,11.0,1.8731759551926597,3.508788159111933,1
15901,Merry Edwards Georg Pnt Nr,2,11.5,11.5,2.1213203435596424,4.5,1
15902,Kosta Browne Pnt Nr RRV,6,10.333333333333334,9.5,2.6583202716502514,7.0666666666666655,1
15908,Mommy's Time Out Moscato,3,11.333333333333334,11.0,0.5773502691896257,0.3333333333333333,1
15911,Primal Roots Red Cal,49,11.408163265306122,12.0,1.7068290207640744,2.9132653061224487,1
15915,Simply Naked Cab Svgn,4,12.0,12.5,2.449489742783178,6.0,1
15916,Simply Naked Pnt Grigio,53,11.283018867924529,12.0,1.6568895614578312,2.745283018867924,1
15917,Simply Naked Chard,51,11.333333333333334,12.0,1.669331203406522,2.786666666666667,1
15922,Primo Amore Moscato,53,11.528301886792454,12.0,1.8355859846685898,3.3693759071117566,1
15923,Bota Mini Moscato,11,11.272727272727273,11.0,1.4206272622267315,2.0181818181818185,1
15929,Marcarini Barolo La Serra,1,12.0,12.0,,,1
15931,Fuligni Brun Montalcino DOCG,1,12.0,12.0,,,1
15940,Bongiovanni Barolo,1,12.0,12.0,,,1
15949,Kunde Cab Svgn Sonoma Cnty,5,11.4,12.0,2.4083189157584592,5.8,1
15951,Tenuta Sette Ponti Oreno,4,11.25,11.5,2.0615528128088303,4.25,1
15954,Jacobs Crk Moscato Rose,1,11.0,11.0,,,1
15968,Kunde Chard Sonoma Cnty,5,10.2,9.0,2.16794833886788,4.699999999999999,1
15970,Alexana Revana Vyd Pnt Nr,26,11.961538461538462,12.0,1.6608616855299956,2.758461538461538,1
15971,Revana Cab Svgn Napa Vly,5,10.8,11.0,1.3038404810405297,1.7000000000000002,1
15976,Hillinger Secco Sparkling,3,10.333333333333334,10.0,1.5275252316519468,2.3333333333333335,1
15977,Quattro Mani Barbera,9,10.11111111111111,10.0,1.4529663145135578,2.111111111111111,1
15979,Moonlight Meadery Wild,46,9.043478260869565,9.0,1.9431534706831624,3.7758454106280195,1
15980,Moonlight Meadery Apple Pie,50,9.3,9.0,2.0127146862293386,4.051020408163265,1
15981,Verde Sole Znfdl,24,12.333333333333334,13.0,1.2394482175782784,1.5362318840579712,1
16000,Drouhin Pouilly Fuisse,24,11.25,11.0,1.7997584378973221,3.239130434782609,1
16044,Entwine Cab Svgn,8,11.625,12.0,1.7677669529663689,3.125,1
16045,Entwine Merlot,5,11.2,12.0,1.6431676725154984,2.7,1
16046,Entwine Chard,1,12.0,12.0,,,1
16047,Entwine Pnt Grigio,3,12.666666666666666,13.0,0.5773502691896257,0.3333333333333333,1
16054,Il Borro Toscana,1,12.0,12.0,,,1
16061,Shannon Ridge 09 Cab Svgn,3,10.333333333333334,10.0,3.511884584284246,12.333333333333332,1
16069,Voila Cellars Pnt Nr,1,9.0,9.0,,,1
16071,Sasa VO Amarone del Valp Cla,3,10.0,10.0,1.0,1.0,1
16087,The Show Pnt Nr,1,11.0,11.0,,,1
16127,Lindemans Bin 90 Moscato,21,11.523809523809524,11.0,1.7210185245675775,2.9619047619047616,1
16129,Pol Roger Brut,36,10.805555555555555,11.0,1.8488520677041655,3.418253968253968,1
16140,Ravines Meritage,2,8.0,8.0,1.4142135623730951,2.0,1
16144,Fish Eye Moscato,6,10.833333333333334,11.5,1.9407902170679516,3.766666666666667,1
16146,Sean Minor Red Napa Vly,26,11.461538461538462,11.5,1.838059177083681,3.3784615384615386,1
16148,Cavit Alta Luna Pnt Nr,3,12.0,13.0,1.7320508075688772,3.0,1
16150,Blue Fish Sweet Rsl,2,12.0,12.0,1.4142135623730951,2.0,1
16151,Cavit Alta Luna Pnt Grigio,51,10.901960784313726,11.0,2.0518762337020653,4.210196078431372,1
16153,Villa Mount Eden Gran Rs Pnt,3,10.0,9.0,1.7320508075688772,3.0,1
16155,Joseph Phelps Insignia 08,4,12.25,12.5,0.9574271077563381,0.9166666666666666,1
16159,Gnarly Head Authentic Red,51,10.647058823529411,11.0,1.9164918931398036,3.6729411764705886,1
16163,Sutter Home Pnt Nr,9,9.88888888888889,10.0,2.088327347690278,4.361111111111111,1
16165,Garnet Pnt Nr Monterey Cnty,23,11.521739130434783,12.0,1.8554481256654882,3.4426877470355732,1
16166,Sutter Home Pnt Nr,5,9.8,10.0,1.3038404810405297,1.7,1
16170,Domino Moscato,2,13.0,13.0,1.4142135623730951,2.0,1
16172,Ch Lamothe de Haux Brdx Red,4,9.0,9.0,1.632993161855452,2.6666666666666665,1
16174,Inkblot Cab Franc,5,12.0,13.0,2.0,4.0,1
16175,The Naked Grape Moscato,54,11.24074074074074,11.0,1.9125719637237402,3.6579315164220834,1
16178,Lobstah White,4,8.25,8.0,1.2583057392117916,1.5833333333333333,1
16179,Perrier Jouet Blason Rose,45,10.977777777777778,11.0,1.6987815003285696,2.8858585858585855,1
16180,Skinnygirl Sangria,51,11.117647058823529,11.0,2.1132634367113763,4.465882352941176,1
16189,Frescobaldi Tenuta Castglni,18,12.11111111111111,13.0,1.8751906221184678,3.516339869281046,1
16190,Morande Edicion Limitada,2,13.5,13.5,0.7071067811865476,0.5,1
16195,Croft Fine Ruby Port,2,11.0,11.0,4.242640687119285,18.0,1
16196,Croft Tawny Porto,1,14.0,14.0,,,1
16199,Rickshaw Pnt Nr,9,11.222222222222221,11.0,1.6414763002993507,2.694444444444444,1
16200,Gramona Lustros Gr Rsva Cava,1,11.0,11.0,,,1
16202,Simple Life Chard,3,10.0,10.0,2.0,4.0,1
16203,Simple Life Pnt Nr,16,11.375,12.0,1.707825127659933,2.9166666666666665,1
16205,Sivas-Sonoma Cab Svgn,29,11.413793103448276,11.0,1.7220677226460377,2.965517241379311,1
16210,Inman Family Pnt Nr RRV Sono,1,12.0,12.0,,,1
16232,Blackstone Delectable Red,32,11.46875,12.0,1.6458035590065752,2.7086693548387095,1
16238,C'est La Vie Syrah-Grenache,1,9.0,9.0,,,1
16239,Domino Cab Svgn,23,11.217391304347826,11.0,2.08798558291632,4.359683794466403,1
16240,Domino Chard,31,10.548387096774194,11.0,1.9805505914167632,3.9225806451612906,1
16241,Domino Merlot,16,11.1875,11.0,1.8337120820892248,3.3625,1
16242,Domino Pnt Grigio,32,10.8125,11.0,1.7494238682971437,3.060483870967742,1
16245,Domino Cab Svgn,31,10.709677419354838,11.0,2.019794517388618,4.079569892473119,1
16246,Domino Chard,42,10.714285714285714,11.0,1.9541789403763548,3.8188153310104527,1
16247,Domino Merlot,17,10.529411764705882,10.0,2.124783726018472,4.514705882352941,1
16248,Domino Pnt Grigio,43,10.767441860465116,11.0,1.9252360313221901,3.7065337763012174,1
16256,Zonin Moscato,3,12.333333333333334,12.0,1.5275252316519468,2.3333333333333335,1
16257,Sutter Home Pink Moscato,7,10.857142857142858,10.0,1.6761634196950517,2.8095238095238098,1
16260,The Dreaming Tree Cab Svgn,54,11.333333333333334,12.0,1.682316462276133,2.8301886792452837,1
16261,The Dreaming Tree CC Chard,51,11.313725490196079,12.0,1.7028234914803282,2.899607843137255,1
16262,The Dreaming Tree Crush Red,54,11.333333333333334,12.0,1.682316462276133,2.8301886792452837,1
16264,Il Poggione Brunlo d Montlcn,9,11.222222222222221,11.0,1.7159383568311666,2.944444444444444,1
16266,Walnut Crest Malbec,1,12.0,12.0,,,1
16274,Vinum Cellars Chenin Blanc,4,8.25,8.0,1.5,2.25,1
16289,Barefoot Bubbly Pink Moscato,54,11.24074074074074,11.0,1.9125719637237402,3.6579315164220834,1
16290,Canyon Rd Moscato,32,11.6875,12.0,1.9250052366916621,3.7056451612903225,1
16309,Mollydooker Two Left Feet,7,10.0,10.0,1.9148542155126762,3.6666666666666665,1
16310,Mollydooker Scooter Merlot,6,10.0,10.0,1.7888543819998317,3.2,1
16311,Mollydooker Gigglepot Cab Sv,1,12.0,12.0,,,1
16312,Ramon Bilbao Valinas Albarin,1,10.0,10.0,,,1
16314,Line 39 Chard,50,10.5,10.0,1.7756861278080076,3.1530612244897958,1
16315,24 Knots Pnt Nr,26,10.461538461538462,10.0,1.6304789291682178,2.658461538461538,1
16317,Noble Vines 446 Chard Monter,52,10.692307692307692,11.0,1.8842844539689545,3.5505279034690806,1
16318,Noble Vines 667 Pnt Nr Mntry,54,10.592592592592593,10.5,1.8885805643044788,3.5667365478686235,1
16320,Ninety+Cellars Lot 42 Pnt Gr,54,10.296296296296296,11.0,1.6555182695279262,2.7407407407407396,1
16321,Atlas Peak Cab Svgn,3,10.0,9.0,2.6457513110645907,7.0,1
16325,Smoking Loon Red Loonatic,39,11.666666666666666,12.0,1.7371079009805706,3.0175438596491237,1
16326,Black Box Cab Svgn,54,11.333333333333334,12.0,1.682316462276133,2.8301886792452837,1
16327,Black Box Merlot,55,11.290909090909091,12.0,1.6961036751235687,2.8767676767676766,1
16328,Black Box Chard,54,11.333333333333334,12.0,1.682316462276133,2.8301886792452837,1
16329,Battle Axe Malbec Mendoza,48,11.645833333333334,12.0,1.6820653886312522,2.8293439716312054,1
16330,Cherry On Top Sweet White,1,8.0,8.0,,,1
16349,Cinsault Frick,3,8.333333333333334,7.0,2.3094010767585034,5.333333333333334,1
16351,Girls in the Vineyard Cab S,45,10.666666666666666,10.0,2.0780235364840838,4.318181818181818,1
16352,Girls in the Vineyard Svgn B,52,10.76923076923077,11.0,2.0254787341673337,4.102564102564104,1
16357,Mercer Canyons Rsl,1,11.0,11.0,,,1
16359,St Francis White Splash,1,10.0,10.0,,,1
16360,Columbia Winery Merlot,3,10.666666666666666,10.0,2.081665999466133,4.333333333333334,1
16369,Tiki Sound Svgn Bl,1,9.0,9.0,,,1
16370,Zinsane Znfdl Lodi,5,9.6,10.0,1.6733200530681511,2.8,1
16374,Jovly Chinon Cab Franc,1,11.0,11.0,,,1
16377,Ch Moncontour Vouvray Demi S,2,12.0,12.0,0.0,0.0,1
16378,Hob Nob Malbec VDP D'Oc,17,12.058823529411764,13.0,1.675954512930397,2.8088235294117645,1
16380,Duboeuf Bjls Nouveau 2014,8,10.875,10.5,1.807721533549109,3.267857142857143,1
16381,Merryvale Signature 07 Cab S,1,9.0,9.0,,,1
16389,R. Merlo Pnt Nr,3,8.666666666666666,9.0,2.516611478423583,6.333333333333333,1
16393,Alamos Red Mendoza,53,11.18867924528302,11.0,1.8918509838615412,3.579100145137881,1
16394,Ghost Pines Red L Martini,51,11.196078431372548,11.0,1.9495600308083592,3.8007843137254906,1
16398,Shane The Unknown Syrah No C,2,9.0,9.0,0.0,0.0,1
16399,Shane Judge Vyd Syrah Bennet,2,9.0,9.0,0.0,0.0,1
16400,Zum Rsl,38,10.736842105263158,11.0,1.7034814990597025,2.901849217638691,1
16424,Rex Goliath Pnt Nr,2,11.0,11.0,4.242640687119285,18.0,1
16425,Kirkland Signature Supr Brdx,1,13.0,13.0,,,1
16426,Yellow Tail Sweet Red Roo,15,11.133333333333333,11.0,2.1668498091095505,4.695238095238096,1
16427,Yellow Tail Sweet Red Roo,54,11.481481481481481,11.5,1.8504537000090027,3.4241788958770076,1
16428,HandCraft Artisan Coll Chard,41,10.634146341463415,10.0,2.0094289930347826,4.037804878048781,1
16429,HandCraft Artisan Coll Pnt N,48,10.583333333333334,10.5,1.8999813362278546,3.609929078014184,1
16430,HandCraft Artisan Coll Pet S,5,11.0,12.0,2.449489742783178,6.0,1
16431,HandCraft Artisan Coll Cab S,45,10.622222222222222,11.0,1.968950907658105,3.876767676767676,1
16440,Banshee Cab Svgn Napa Vly,15,12.133333333333333,13.0,1.9591057240729095,3.838095238095239,1
16441,Bota Box RedVolution,54,10.62962962962963,11.0,1.8763301827176415,3.520614954577218,1
16443,Sans Liege Cotes du Coast Wh,7,10.714285714285714,11.0,2.5634797778466227,6.57142857142857,1
16445,Sans Liege Groundwork Grenac,4,11.75,12.0,1.2583057392117916,1.5833333333333333,1
16453,Hillinger Eveline Pnt Nr,2,11.0,11.0,1.4142135623730951,2.0,1
16455,One Four Brut Rose 1/4,1,14.0,14.0,,,1
16458,Gerard Bertrand Corbieres Ro,48,11.375,11.0,1.6061716079057535,2.5797872340425534,1
16460,Gerard Bertrand Pnt Nr Rsv,38,11.526315789473685,11.5,1.6560591794044988,2.7425320056899016,1
16461,Gerard Bertrand Cab Svgn Rsv,7,12.857142857142858,13.0,1.7728105208558365,3.1428571428571423,1
16466,Gerard Bertrand Gr Terrier R,2,11.5,11.5,3.5355339059327378,12.5,1
16468,Gerard Bertrand Chard Rsv Sp,23,11.91304347826087,12.0,1.621252138941909,2.6284584980237153,1
16469,Menage a Trois Moscato,52,10.346153846153847,10.0,2.075861412358313,4.30920060331825,1
16472,Lock & Key Meritage,4,9.25,9.5,1.707825127659933,2.9166666666666665,1
16477,Cupcake Angel Food,52,10.98076923076923,11.0,1.841678524835052,3.391779788838613,1
16478,Poema Cava Rose,4,11.75,12.0,2.6299556396765835,6.916666666666667,1
16484,Layer Cake Centrl Cst Pnt Nr,49,11.673469387755102,12.0,1.7486632406646228,3.0578231292517004,1
16494,Tenuta di Arceno Chianti Cls,49,11.571428571428571,12.0,1.695582495781317,2.875,1
16503,Lafite Rsv Speciale Bl Brdx,2,10.5,10.5,2.1213203435596424,4.5,1
16520,Biagio Prosecco,1,11.0,11.0,,,1
16523,Calma Rioja,1,12.0,12.0,,,1
16525,Cortijo Tinto Rioja,3,9.0,9.0,2.0,4.0,1
16526,Flaco Tempranillo,37,10.702702702702704,11.0,1.898315991504998,3.603603603603604,1
16527,Vinyes Domenech Furvus,2,12.5,12.5,0.7071067811865476,0.5,1
16529,Naveran Cava Brut,3,11.333333333333334,11.0,1.5275252316519468,2.3333333333333335,1
16530,Castelo do Papa Godello,3,10.666666666666666,11.0,0.5773502691896257,0.3333333333333333,1
16531,Pazo de Galegos Albarino,1,9.0,9.0,,,1
16532,Zestos Blanco,11,10.818181818181818,11.0,1.9400093720485898,3.763636363636364,1
16537,Root 1 Pnt Nr,31,10.838709677419354,11.0,1.655229575085148,2.7397849462365595,1
16538,Catalpa Malbec,31,10.838709677419354,10.0,1.7719438326980228,3.139784946236559,1
16539,Catalpa Chard,27,10.925925925925926,10.0,1.752491104463892,3.0712250712250717,1
16540,Atamisque Malbec,47,10.72340425531915,11.0,1.8261640440096483,3.3348751156336722,1
16541,Atamisque Assemblage,20,10.85,11.0,1.5985190514644287,2.555263157894737,1
16553,Zestos Garnacha,31,10.67741935483871,11.0,1.8145173237749952,3.292473118279571,1
16555,Murrieta's Well The Whip Wh,44,10.727272727272727,11.0,1.9333503437807231,3.73784355179704,1
16556,The Transcendentalist,2,8.5,8.5,2.1213203435596424,4.5,1
16557,Arrowood Cab Svgn Sonoma Vly,7,11.857142857142858,12.0,1.2149857925879117,1.4761904761904763,1
16559,Badenhorst Secateurs Red,24,9.708333333333334,10.0,1.4884823513044847,2.2155797101449277,1
16560,Badenhorst Secateurs Chen Bl,33,9.848484848484848,10.0,1.679308118713108,2.8200757575757582,1
16568,Moonlight Meadery Sumptuous,36,9.277777777777779,9.0,2.21180096122221,4.892063492063492,1
16583,Pali Huntington Pnt Nr,6,10.5,10.5,2.8809720581775866,8.3,1
16584,Pali Winsdor Oaks Pnt Nr RRV,2,10.0,10.0,1.4142135623730951,2.0,1
16585,Pali Summit Station R Pnt Nr,3,9.333333333333334,9.0,0.5773502691896257,0.3333333333333333,1
16587,Pali Riviera Pnt Nr Sonoma,5,10.4,11.0,3.286335345030997,10.8,1
16592,B & G Sauternes,40,10.05,10.0,1.6478424121816428,2.715384615384615,1
16609,Leese-Fitch Chard,4,9.75,9.0,2.362907813126304,5.583333333333333,1
16610,Leese-Fitch Cab Svgn,55,10.50909090909091,11.0,2.159155590028857,4.661952861952862,1
16611,Leese-Fitch Merlot,2,12.0,12.0,1.4142135623730951,2.0,1
16612,McManis Barbera Jamie Lynn,1,14.0,14.0,,,1
16646,Cesari Jema Corvina Veronese,7,10.857142857142858,11.0,2.1157009420498154,4.476190476190476,1
16647,Cesari Lugana Cento Filari,3,12.666666666666666,13.0,1.5275252316519468,2.3333333333333335,1
16649,Cesari Valpo Classico,3,12.0,11.0,1.7320508075688772,3.0,1
16653,Quintessa Rutherford Red,9,11.666666666666666,12.0,1.5,2.25,1
16655,Dom Bousquet Cab Svgn Mendza,46,10.5,10.0,1.8589124658131582,3.4555555555555557,1
16656,Dom Bousquet Malbec Mendoza,51,10.647058823529411,10.0,1.9982345148832228,3.9929411764705884,1
16657,Dom Bousquet Chardonnay,25,10.64,11.0,1.9765289440498124,3.9066666666666667,1
16661,John Anthony Cab Svgn Napa,5,11.2,11.0,1.7888543819998317,3.2,1
16663,Astoria Prosecco 08,1,11.0,11.0,,,1
16664,Eden Northern Spy 09 Cider,1,9.0,9.0,,,1
16669,Sweet Baby Vyds Blueberry,53,9.924528301886792,10.0,1.6272801352584243,2.648040638606676,1
16670,Sweet Baby Vyds White Peach,53,9.924528301886792,10.0,1.6272801352584243,2.648040638606676,1
16678,Neal Fifteen Forty Cab Svgn,1,13.0,13.0,,,1
16679,Pennywise Petite Sirah,3,12.0,12.0,1.0,1.0,1
16680,Nicolas Potel Pnt Nr Bourgog,11,11.545454545454545,12.0,1.572490786213793,2.4727272727272727,1
16681,Nicolas Potel Wh Burgundy,1,12.0,12.0,,,1
16684,Sokol Blosser Evolution Red,19,11.421052631578947,11.0,1.7421503147829251,3.0350877192982453,1
16688,Ch Lestiac Cotes de Bordeaux,1,13.0,13.0,,,1
16690,Fayolle Fils et Fille Hermit,1,10.0,10.0,,,1
16692,Chartron Trebuchet Chard Bou,31,11.451612903225806,12.0,2.0467650846709198,4.189247311827957,1
16694,Adissat Cotes du Rhone,2,13.0,13.0,0.0,0.0,1
16695,Ch Hyot Brdx Castillon,41,11.658536585365853,12.0,1.8789592344907458,3.5304878048780495,1
16696,Alain Lorieux Chinon Express,2,13.5,13.5,0.7071067811865476,0.5,1
16703,Catena Padrillos Malbec,46,10.5,11.0,1.9972202905260323,3.988888888888889,1
16708,Bolla Valpo Ripasso Cls Sup,4,10.5,10.5,2.0816659994661326,4.333333333333333,1
16724,Ch Haut Gravet Saint-Emillon,3,12.0,13.0,1.7320508075688772,3.0,1
16725,Moonstone Asian Pear Sake,49,11.795918367346939,12.0,1.755700143303884,3.0824829931972784,1
16726,g Sake,4,11.5,12.0,1.9148542155126762,3.6666666666666665,1
16727,Bitch Grenache Aragon,51,11.450980392156863,11.0,1.8901187845233016,3.572549019607843,1
16728,Pine Ridge Forefront Cab Svg,16,11.125,11.0,1.7841898254763513,3.183333333333333,1
16749,Ninety+Cellars Lot 50 Prosco,43,10.325581395348838,11.0,1.6721945978201698,2.796234772978959,1
16752,Pennywise Cab Svgn,5,11.0,11.0,0.7071067811865476,0.5,1
16753,Pennywise Pnt Nr,25,10.44,11.0,2.083266665599966,4.340000000000001,1
16756,Cocchi Americano,8,11.25,11.5,1.9086270308410553,3.642857142857143,1
16757,Cardamaro Vino Amaro,25,10.72,10.0,2.131509637166422,4.543333333333333,1
16758,Dolin Sweet Red Vermouth,54,10.555555555555555,11.0,2.1514950191924833,4.628930817610064,1
16760,Plungerhead OV Dry Crk Znfdl,2,10.0,10.0,1.4142135623730951,2.0,1
16761,Dolin Dry White Vermouth,55,10.50909090909091,11.0,2.159155590028857,4.661952861952862,1
16762,Leese Fitch Svgn Bl,4,11.25,12.0,2.362907813126304,5.583333333333333,1
16773,Hartford Court Pnt Nr RRV,5,11.4,11.0,2.3021728866442674,5.3,1
16774,Hartford Court Chard RRV,2,12.0,12.0,1.4142135623730951,2.0,1
16775,Lucky Duck Moscato,5,10.0,9.0,2.0,4.0,1
16776,Amapola Creek Cab Svgn 10,1,11.0,11.0,,,1
16778,Lange Willamette Chard,32,11.71875,12.0,1.745674377499442,3.0473790322580645,1
16781,Mica Cab Svgn,8,11.125,11.5,2.2320714274285347,4.982142857142857,1
16782,Penner-Ash Willamette Pnt Nr,41,12.146341463414634,13.0,1.666747965496825,2.778048780487805,1
16786,Attrezzi 10 Moscato d'Asti,2,11.0,11.0,0.0,0.0,1
16791,Gallo Signature Series Cab S,2,14.0,14.0,0.0,0.0,1
16792,Gallo Signature Series Chard,17,10.529411764705882,10.0,1.9722337291388516,3.889705882352941,1
16793,Gallo Signature Series Pnt N,1,14.0,14.0,,,1
16794,Freakshow Cab Svgn,55,11.436363636363636,11.0,1.8635254955935732,3.4727272727272727,1
16795,Salon Brut Bl de Bl 97,3,11.666666666666666,13.0,3.214550253664318,10.333333333333332,1
16796,Delamotte Brut,3,11.666666666666666,12.0,1.5275252316519468,2.3333333333333335,1
16805,Las Rocas Spanish Red,7,11.857142857142858,12.0,1.9518001458970662,3.809523809523809,1
16806,Apothic Winemakers White,55,11.2,11.0,1.9187187082742176,3.681481481481482,1
16809,Flip Flop Chard,5,11.8,12.0,1.9235384061671346,3.7,1
16814,H3 Horse Heaven Hills Red Co,50,10.84,11.0,1.9625056869799313,3.851428571428572,1
16816,H3 Horse Heaven Hills Merlot,47,10.851063829787234,11.0,1.8879333467906498,3.5642923219241442,1
16817,H3 Horse Heaven Hills Chard,1,10.0,10.0,,,1
16819,H3 Horse Heaven Hills Cab Sv,54,10.851851851851851,11.0,1.9561939114380886,3.8266946191474487,1
16820,Covey Run Chard,1,12.0,12.0,,,1
16822,Simply Naked Unoaked Moscato,2,13.0,13.0,1.4142135623730951,2.0,1
16824,Adissat Lirac,9,12.0,13.0,2.0,4.0,1
16826,Simply Naked Unoaked Svgn Bl,48,11.1875,11.5,1.6328574353737435,2.666223404255319,1
16827,Cesari Bosan Amarone,1,11.0,11.0,,,1
16828,Korbel Organic Brut,54,10.88888888888889,11.0,1.9968528698048331,3.987421383647798,1
16829,C Y Toro Gran Reserva Cab Sv,51,10.666666666666666,11.0,1.773884626086676,3.1466666666666665,1
16830,C Y Toro Gran Rsva Carmenere,24,10.25,10.0,1.7257638510425513,2.9782608695652173,1
16837,Beringer Classic Pink Moscat,54,10.648148148148149,11.0,1.8239228654598991,3.326694619147449,1
16839,Le Gr Bouqueteau Chinon Roug,25,9.64,9.0,1.9765289440498124,3.9066666666666667,1
16843,Barefoot Cellars Red Moscato,54,11.24074074074074,11.0,1.9125719637237402,3.6579315164220834,1
16846,Uppercut Svgn Bl,2,11.0,11.0,2.8284271247461903,8.0,1
16851,R M Woodbridge Sweet White,12,12.0,12.0,1.348399724926484,1.8181818181818181,1
16860,Tikal Natura Malbec,36,10.63888888888889,11.0,2.192881701946131,4.808730158730159,1
16863,Pacifico Sur Cab Svgn Rsv,2,9.0,9.0,1.4142135623730951,2.0,1
16864,Pacifico Sur Merlot,2,9.5,9.5,2.1213203435596424,4.5,1
16868,Don & Sons Pnt Nr Sonoma Cst,22,11.727272727272727,12.0,1.4203225046854735,2.017316017316017,1
16869,Cupcake Chianti,2,10.0,10.0,0.0,0.0,1
16873,Tierruca Svgn Bl Rsva,2,9.0,9.0,1.4142135623730951,2.0,1
16877,Ninety+Cellars Lot 53 Cab Sv,54,10.296296296296296,11.0,1.6555182695279262,2.7407407407407396,1
16878,Goosebump Velvety Red,48,11.833333333333334,12.0,1.814050755035253,3.2907801418439715,1
16880,Chilcas Pinot Noir,1,11.0,11.0,,,1
16887,The Seeker Cabernet Svgn,1,10.0,10.0,,,1
16888,The Seeker Chard,2,11.5,11.5,3.5355339059327378,12.5,1
16889,The Seeker Malbec,38,11.052631578947368,11.0,2.078816820720612,4.321479374110954,1
16890,The Seeker Pinot Noir,12,10.75,10.0,2.0943647333651407,4.386363636363637,1
16891,The Seeker Svgn Bl,43,10.883720930232558,11.0,2.026130517179664,4.105204872646733,1
16894,El Nido 12 Tinto Jumilla,5,11.8,11.0,1.6431676725154984,2.7,1
16896,Nicolas Catena Zapata Mendza,10,11.4,11.0,1.505545305418162,2.2666666666666666,1
16912,Ch Julien Royalty Red,1,11.0,11.0,,,1
16916,R Mondavi Malbec Private Slt,1,10.0,10.0,,,1
16918,Villa Pozzi Moscato,51,11.549019607843137,12.0,1.7699008502195377,3.1325490196078425,1
16931,Caymus Spec Select Cab Svgn,9,12.11111111111111,13.0,1.536590742882148,2.361111111111111,1
16934,Manero Rosso di Toscana IGT,1,9.0,9.0,,,1
16939,Gallo Twin Vly Pink Moscato,7,11.857142857142858,13.0,2.544836041121407,6.476190476190475,1
16940,Gallo Twin Vly Pink Moscato,3,10.666666666666666,9.0,2.8867513459481287,8.333333333333332,1
16941,Gallo Pink Moscato Twin Vly,6,11.333333333333334,11.0,2.581988897471611,6.666666666666667,1
16947,Altadonna Nero D'Avola,4,12.0,13.0,2.70801280154532,7.333333333333333,1
16948,Rex Goliath Malbec,39,11.179487179487179,11.0,1.6201331146056597,2.6248313090418356,1
16950,Rex Goliath White,1,14.0,14.0,,,1
16955,Mapuche Svgn Blanc,6,9.333333333333334,9.0,1.0327955589886446,1.0666666666666669,1
16957,Circa Pinot Grigio,3,9.333333333333334,10.0,2.0816659994661326,4.333333333333333,1
16961,CastelGiocondo 10 Brun Montl,7,11.571428571428571,11.0,1.397276262011544,1.9523809523809528,1
16964,Magnolia Grove Cab Svgn,2,10.0,10.0,0.0,0.0,1
16967,Trentadue Merlot Alex Vly,1,12.0,12.0,,,1
16968,Trentadue Znfdl Alex Vly,28,10.642857142857142,11.0,1.985396419307475,3.9417989417989423,1
16971,Angeline Rsv Cab Svgn,48,11.5625,11.5,1.6746704979176485,2.804521276595745,1
16987,Trivento Birds & Bees Sw Red,2,11.0,11.0,0.0,0.0,1
16989,Red Diamond Malbec,38,10.68421052631579,11.0,2.028249986696623,4.113798008534851,1
16990,Santa Cristina Antinori Wh,44,11.0,11.0,2.0,4.0,1
16991,Ch Bellevue St-Emil 09 Gr Cr,1,10.0,10.0,,,1
16996,LaBelle Winery Americus,25,9.52,9.0,1.8284784202536637,3.3433333333333337,1
16998,Ch Rauzan Segla Margaux 09,1,10.0,10.0,,,1
17001,Martinshof Gruner Veltliner,36,9.36111111111111,9.0,1.929511822460768,3.7230158730158736,1
17010,Mas Sorrer Montsant Red,1,11.0,11.0,,,1
17011,La Maialina Gertrude Red,52,10.673076923076923,10.5,1.987422745778413,3.949849170437407,1
17015,Siegel Reserve Cab Svgn,17,11.117647058823529,12.0,1.9647631199834392,3.8602941176470584,1
17016,Picpoul d Pinet HB Languedoc,49,10.693877551020408,11.0,2.05349378735215,4.216836734693878,1
17017,Riebeek Cellars Chard,2,9.0,9.0,0.0,0.0,1
17018,Riebeek Cellars Pinotage,1,9.0,9.0,,,1
17019,Riebeek Cellars Cab Svgn,5,11.0,11.0,1.5811388300841898,2.5,1
17020,Maipe Malbec Mendoza,31,11.064516129032258,11.0,1.9137308043185828,3.66236559139785,1
17024,Marques de Caceres Albarino,34,10.294117647058824,10.0,2.096597702262809,4.39572192513369,1
17026,Pares Balta Brut Cava Pendes,6,10.0,10.5,1.2649110640673518,1.6,1
17033,Black Box Moscato B/B,2,12.0,12.0,2.8284271247461903,8.0,1
17039,Sutter Home Pink Bubbly Mosc,5,10.4,11.0,2.3021728866442674,5.3,1
17040,Sutter Home Pink Moscato,34,10.117647058823529,10.0,2.114376559483697,4.470588235294117,1
17041,Sutter Home Pink Moscato,55,10.345454545454546,10.0,2.038683142675427,4.156228956228955,1
17047,Murphy-Goode All In Claret,3,10.333333333333334,9.0,2.3094010767585034,5.333333333333334,1
17059,Murai Nigori Genshu Sake,26,12.153846153846153,13.0,1.6659485632469615,2.7753846153846156,1
17063,Ch Tanunda Gr Barossa Cab Sv,15,10.4,10.0,1.7647338933351153,3.1142857142857143,1
17065,Be. Bright Pnt Grigio,6,11.166666666666666,11.5,1.4719601443879744,2.1666666666666665,1
17069,Tangent Albarino,2,11.0,11.0,1.4142135623730951,2.0,1
17073,Tomaiolo Pinot Grigio,51,10.607843137254902,10.0,1.8229474087043656,3.3231372549019613,1
17084,Copain Tous Ensemble Pnt Nr,6,11.833333333333334,12.5,1.9407902170679516,3.7666666666666666,1
17085,Copain Les Voisins Pnt Nr,2,13.5,13.5,0.7071067811865476,0.5,1
17086,Harrison Clarke Syrah,1,13.0,13.0,,,1
17089,Hedges CMS Svgn Bl,1,8.0,8.0,,,1
17093,Guidobono Barbera D'Alba,5,10.2,10.0,1.7888543819998317,3.2,1
17094,Moscato Pink Bubbly 480 Plt,2,10.0,10.0,4.242640687119285,18.0,1
17100,Z-52 Znfdl Lodi Old Vines,3,11.0,10.0,2.6457513110645907,7.0,1
17101,Trimbach Gewurztraminer,41,11.097560975609756,12.0,2.130784809040797,4.540243902439024,1
17118,Heitz Martha's Vyd Cab Svgn,1,14.0,14.0,,,1
17119,Zaccagnini Cerasuolo Rose,39,10.974358974358974,12.0,1.9932409404519207,3.9730094466936574,1
17129,Simply Naked Undressed Red,8,12.25,12.0,1.2817398889233114,1.6428571428571428,1
17131,Murphy-Goode Liars Dice Znfd,5,12.2,13.0,1.0954451150103324,1.2000000000000002,1
17132,Murphy-Goode Cab Svgn Alex V,12,11.083333333333334,11.0,1.7816403745544227,3.174242424242424,1
17134,Ch Ste Michelle Indn Wls Red,43,10.767441860465116,11.0,1.9740845895699122,3.8970099667774085,1
17138,Steele Red Hills Cab Svgn,4,12.25,13.0,1.5,2.25,1
17142,Caposaldo Sweet Moscato,4,10.25,9.5,2.6299556396765835,6.916666666666667,1
17143,Caposaldo Pnk Merlot Moscato,2,12.0,12.0,2.8284271247461903,8.0,1
17144,Caposaldo Sweet Red Sprklng,2,12.0,12.0,2.8284271247461903,8.0,1
17145,Honeymaker Blueberry Mead,42,12.166666666666666,13.0,1.6066427147963327,2.5813008130081303,1
17146,Honeymaker Dry Mead,43,12.023255813953488,13.0,1.7250034105283505,2.975636766334441,1
17147,Honeymaker Lavender Mead,42,11.80952380952381,12.0,1.742413454310068,3.0360046457607437,1
17148,Insomnia Red,6,12.0,12.0,2.0,4.0,1
17159,Quattro Mani Montepulciano,3,10.0,9.0,1.7320508075688772,3.0,1
17161,Seaglass Pnt Grigio,30,10.433333333333334,10.0,1.9241358711314314,3.7022988505747123,1
17162,Menage a Trois Pnt Grigio,54,10.37037037037037,10.0,2.049356054373199,4.199860237596086,1
17163,Menage a Trois Cab Svgn,53,10.415094339622641,10.0,2.042189268936563,4.170537010159652,1
17167,Kendall Jackson Vntr RSV Zin,46,10.23913043478261,10.0,1.72800183395859,2.9859903381642505,1
17168,Kendall Jackson Vntrs Rsl Rs,53,10.377358490566039,10.0,1.7234403773840505,2.9702467343976786,1
17170,Zeitgeist Cab Svgn Napa Vly,3,12.333333333333334,13.0,1.1547005383792517,1.3333333333333335,1
17172,Riunite Sweet White,1,10.0,10.0,,,1
17175,Beringer Classic Cab Svgn,54,10.648148148148149,11.0,1.8239228654598991,3.326694619147449,1
17176,Beringer Classic Chard,53,10.641509433962264,11.0,1.8407182923087546,3.388243831640058,1
17177,Beringer Classic Merlot,54,10.648148148148149,11.0,1.8239228654598991,3.326694619147449,1
17182,Mimosa by St Clair Winery,1,10.0,10.0,,,1
17186,Columna Albarino,41,10.878048780487806,11.0,1.8192735081787388,3.309756097560976,1
17187,The Messenger Telegram Red 2,23,11.043478260869565,12.0,1.8703004345331848,3.49802371541502,1
17188,The Messenger Telegram Red 1,35,11.028571428571428,11.0,2.0362265314534524,4.1462184873949575,1
17194,Uvaggio Primitivo Lodi,4,11.0,11.0,1.1547005383792515,1.3333333333333333,1
17196,Cocchi Vermouth di Torino Sw,1,10.0,10.0,,,1
17200,Leese-Fitch Pnt Nr,30,10.833333333333334,11.0,2.2296332361660047,4.971264367816092,1
17202,Natura Malbec Ville de Rapel,40,10.65,11.0,1.6878145480822082,2.8487179487179484,1
17209,The Divining Rod Cab Svgn,45,10.8,11.0,1.949358868961793,3.8000000000000003,1
17216,Gerard Metz Pnt Gris,27,9.88888888888889,10.0,1.5525000516123697,2.4102564102564106,1
17218,Catena Malbec Mendoza,1,11.0,11.0,,,1
17219,Honoro Vera Garnacha Calatyd,41,11.341463414634147,11.0,1.6674794765987522,2.7804878048780486,1
17234,Earth 3.0 Tempranillo/Syrah,1,11.0,11.0,,,1
17235,B & G Vouvray,45,9.955555555555556,10.0,1.5514737210377452,2.407070707070707,1
17263,Lincourt Courtney's Chard,2,13.0,13.0,0.0,0.0,1
17265,Proximo Red Rioja,3,10.666666666666666,10.0,2.0816659994661326,4.333333333333333,1
17266,The Divining Rod Chard,1,12.0,12.0,,,1
17275,Sensi Tuscano Bianco,2,12.5,12.5,0.7071067811865476,0.5,1
17281,Ch Magrez Fombrauge 09,2,12.5,12.5,0.7071067811865476,0.5,1
17282,Ch Fugue de Nenin 09,2,10.0,10.0,1.4142135623730951,2.0,1
17289,Sella & Mosca Terre Rare,8,10.875,11.0,1.5526475085202969,2.4107142857142856,1
17292,Defesa Rose Alentejo,43,9.44186046511628,9.0,1.9432707526646107,3.7763012181616826,1
17293,Defesa Branco White Alentejo,24,9.25,9.5,1.8237562766229864,3.3260869565217392,1
17294,Defesa Tinto Red Alentejo,35,10.114285714285714,10.0,1.7281651026012357,2.9865546218487395,1
17296,Monte Velho Tinto Alentejo R,53,9.50943396226415,9.0,1.9177575196590935,3.6777939042089987,1
17297,Clos du Bois Rouge,43,11.604651162790697,12.0,1.6203987587381214,2.6256921373200446,1
17298,Anton Bauer Gmork Rose,1,8.0,8.0,,,1
17308,Novelty Hill Cab Svgn CV,38,11.789473684210526,12.0,1.757730335324846,3.089615931721195,1
17315,Damilano Cannubi Barolo,9,12.0,13.0,1.8708286933869707,3.5,1
17316,Damilano Lecinquevgne Barolo,40,11.625,12.0,1.7050077073289969,2.907051282051282,1
17320,The Messenger Telegram White,1,7.0,7.0,,,1
17322,Cortijo Rosado Rioja,1,8.0,8.0,,,1
17323,Stonestreet Est Cab Svgn,8,11.5,12.0,1.927248223318863,3.7142857142857144,1
17324,Acrobat King Est Rose Pnt Nr,16,10.75,10.0,2.016597794967223,4.066666666666666,1
17325,The Calling Dutton Chard RRV,9,12.11111111111111,13.0,1.6158932858054431,2.611111111111111,1
17326,The Calling Cab Svgn Rio Lgo,10,12.6,13.0,1.2649110640673518,1.5999999999999999,1
17329,Sean Minor 4B Paso Cab Svgn,29,11.275862068965518,11.0,1.8106145705678802,3.2783251231527095,1
17330,Sean Minor 4B Pinot Noir,49,11.489795918367347,12.0,1.8498023428147647,3.4217687074829928,1
17331,Sean Minor Four Bears Svgn B,1,10.0,10.0,,,1
17332,Sean Minor 4B Cntl Cst Chard,6,11.0,11.0,0.8944271909999159,0.8,1
17339,Chicken & Turkey Cotes du Rh,3,11.666666666666666,12.0,0.5773502691896257,0.3333333333333333,1
17340,Chops & Burgers Bordeaux,26,9.846153846153847,10.0,1.7364862842489184,3.0153846153846153,1
17341,Lobster & Shrimp Muscadet,40,10.125,10.0,1.3809602753342625,1.9070512820512822,1
17342,Salmon & Trout Bordeaux Blnc,1,12.0,12.0,,,1
17345,Bogle Essential Red,54,11.481481481481481,11.5,1.8504537000090027,3.4241788958770076,1
17346,Ridge Estate Merlot,3,12.0,12.0,1.0,1.0,1
17347,Ridge Lytton Petite Sirah,3,13.666666666666666,14.0,0.5773502691896257,0.3333333333333333,1
17348,Ty Ku Silver Junmai Sake,1,12.0,12.0,,,1
17349,Moonlight Meadery Desire,45,9.377777777777778,9.0,1.9919028007603101,3.967676767676768,1
17350,Moonlight Meadery Sensual,44,9.022727272727273,9.0,2.028731260798538,4.115750528541225,1
17351,Wine by Joe Pnt Nr,38,11.394736842105264,11.0,1.9664685549290875,3.866998577524894,1
17358,Ch de Bonhoste Red Brdx 09,1,9.0,9.0,,,1
17360,Chapelle-St-Arnoux CdR Rouge,1,12.0,12.0,,,1
17361,Grateful Red Redhawk Pnt Nr,17,9.823529411764707,10.0,1.7405205441780576,3.029411764705882,1
17367,Riebeek Clrs Svgn Bl Swartld,16,9.6875,9.0,1.9568256607747831,3.8291666666666666,1
17368,Emblem Cab Svgn Oso Vyd,6,10.833333333333334,11.0,1.6020819787597222,2.5666666666666673,1
17369,Gattinara Red,1,9.0,9.0,,,1
17371,Castelmaure Corbieres,3,10.0,10.0,1.0,1.0,1
17372,Mionetto Il Spriz,4,12.25,12.0,1.5,2.25,1
17375,Legacy Red Alexander Valley,3,10.666666666666666,11.0,1.5275252316519468,2.3333333333333335,1
17377,BV Beaurouge Red,7,9.285714285714286,9.0,1.7043362064926932,2.9047619047619047,1
17378,Terrazas Torrontes Rsv 10,27,10.925925925925926,11.0,2.0925862894794514,4.378917378917379,1
17384,20 Mile 09 Brdx Superior,2,12.0,12.0,1.4142135623730951,2.0,1
17385,Ch La Fleur Patris-Querre 09,1,9.0,9.0,,,1
17394,Ch La Mission 09 Blanc Pessc,4,11.5,11.0,1.7320508075688772,3.0,1
17405,Ch Haut-Bailly 09 Pessac Brd,1,11.0,11.0,,,1
17407,Ch La Mission 09 HB Pessac,1,11.0,11.0,,,1
17408,Ch Haut-Brion Pessac 09 Brdx,1,9.0,9.0,,,1
17409,Ch La Mondotte 09 St Emilion,1,9.0,9.0,,,1
17410,Ch Angelus 09 St Emilion,1,11.0,11.0,,,1
17413,Ch Leoville Barton 10 St Jul,2,10.5,10.5,0.7071067811865476,0.5,1
17431,Rhiannon Proprietor's Red,11,11.636363636363637,11.0,1.689540012709215,2.8545454545454545,1
17432,Predator Old Vine Znfdl Lodi,54,11.481481481481481,11.5,1.8504537000090027,3.4241788958770076,1
17433,Vino Pnt Grigio,43,10.581395348837209,11.0,1.966778343958354,3.868217054263565,1
17437,Thomas Goss Shiraz McLaren,2,11.5,11.5,0.7071067811865476,0.5,1
17444,D'Aquino Asti,1,8.0,8.0,,,1
17457,Skinnygirl White Wine,52,11.173076923076923,11.5,2.130278025177712,4.538084464555052,1
17458,Skinnygirl Rose Wine,50,11.1,11.5,2.1213203435596424,4.5,1
17459,Skinnygirl Red Wine,42,11.5,12.0,1.9785434406000448,3.9146341463414633,1
17462,Zacharias Cab Svgn,1,6.0,6.0,,,1
17463,Zacharias Chard,2,9.0,9.0,4.242640687119285,18.0,1
17464,Zacharias Merlot,3,9.333333333333334,10.0,3.055050463303893,9.333333333333332,1
17469,Zacharias Ambelos Phos Red,5,10.4,10.0,1.51657508881031,2.3,1
17470,Zacharias Ambelos Phos White,3,9.333333333333334,9.0,2.516611478423583,6.333333333333333,1
17471,Loukatos Mavrodaphne Patras,47,8.659574468085106,9.0,1.992121392152868,3.968547641073081,1
17473,Loukatos Retsina,21,8.523809523809524,9.0,2.315578709935113,5.361904761904762,1
17485,Barefoot Cellars Red Moscato,34,11.088235294117647,11.0,2.151358232835551,4.628342245989304,1
17486,Barefoot Cellars Red Moscato,17,11.294117647058824,12.0,1.9926334924652145,3.9705882352941178,1
17487,The Naked Grape Harvest Red,36,11.25,11.0,2.0053499872662055,4.021428571428571,1
17488,Solar de Randez White Rioja,1,14.0,14.0,,,1
17489,Ch St Pierre Rose,37,10.18918918918919,10.0,1.9125003680150383,3.6576576576576567,1
17490,Serbal Chardonnay,2,12.0,12.0,2.8284271247461903,8.0,1
17493,Cercius CdR Vielles V Rouge,3,10.0,9.0,2.6457513110645907,7.0,1
17500,Hob Nob Wicked Red,22,11.863636363636363,12.5,1.753783788201264,3.0757575757575757,1
17503,Montes Twins Red,17,11.882352941176471,12.0,1.6912404079985375,2.8602941176470593,1
17504,Butternut Chard,52,10.48076923076923,10.0,1.9452343436161392,3.7839366515837116,1
17507,Rainstorm Pnt Nr,34,12.294117647058824,13.0,1.6611316289716638,2.7593582887700534,1
17519,Barboursville Rsv Cab Franc,1,12.0,12.0,,,1
17528,Dom Serene Roadblock Syrah,1,14.0,14.0,,,1
17529,Dom Serene Evenstad Chard,7,11.714285714285714,13.0,2.288688541085317,5.238095238095237,1
17535,Ninety+Cellars Lot 66 Rsl Mo,46,10.41304347826087,11.0,1.5286317332325046,2.336714975845411,1
17595,Ch La Gordonne Rose,14,10.071428571428571,10.0,1.6854255666327542,2.840659340659341,1
17596,Pink Flamingo Rose,38,9.710526315789474,10.0,1.7995178744235478,3.2382645803698433,1
17601,Ch Palmer Margaux 09 Medoc,1,12.0,12.0,,,1
17611,True Myth Chard,30,9.833333333333334,10.0,1.8585001986832679,3.4540229885057463,1
17612,Tilia Malbec Syrah  Mendoza,36,11.5,11.0,1.7647338933351153,3.1142857142857143,1
17615,Bota Box Rsl,24,10.958333333333334,11.0,2.0103896803024695,4.041666666666666,1
17617,Nostor Tinto Priorat,25,10.32,10.0,1.7009801096230768,2.893333333333334,1
17621,Raymond Hill Cab Svgn,2,7.5,7.5,0.7071067811865476,0.5,1
17637,Laurent Reverdy Sancerre,2,10.0,10.0,1.4142135623730951,2.0,1
17671,Revelation Chard Pays D'Oc,1,8.0,8.0,,,1
17675,Albero Sparkling Wh Organic,1,8.0,8.0,,,1
17697,Pearls of Simplicity Junmai,2,11.0,11.0,0.0,0.0,1
17702,Gateway Vinho Verde,1,11.0,11.0,,,1
17706,Il Donato Vino Rosso Puglia,2,10.5,10.5,2.1213203435596424,4.5,1
17707,Smoking Loon Steelbird Chard,53,11.471698113207546,11.0,1.7164786581938132,2.9462989840348333,1
17741,Olivier Leflaive Bourg Al 12,1,12.0,12.0,,,1
17747,Penner-Ash Viognier,1,10.0,10.0,,,1
17748,Black Box Pnt Grigio,54,11.333333333333334,12.0,1.682316462276133,2.8301886792452837,1
17754,Chocolate Shop Red,51,9.823529411764707,10.0,2.1326592072147035,4.548235294117647,2
17756,Cline Cool Climate Pnt Nr,54,11.481481481481481,11.5,1.8504537000090027,3.4241788958770076,1
17758,Il Poggione Rosso Montalcino,6,10.666666666666666,10.0,1.751190071541826,3.0666666666666655,1
17759,Joseph Mellot Reuilly Svgn B,1,8.0,8.0,,,1
17814,Ruffino Chianti Clsc Rsv Gld,52,11.365384615384615,12.0,1.6333394896304085,2.6677978883861235,1
17816,Sauvignon Republic Svgn Bl,1,7.0,7.0,,,1
17837,Alverez de Toledo Mencia Rbl,25,10.88,11.0,1.7869900204906948,3.193333333333334,1
17838,Alverez de Toledo Godello,15,10.933333333333334,10.0,2.1201976547572388,4.495238095238095,1
17841,Dom de Nouelles Rose d'Anjou,5,9.6,10.0,1.1401754250991378,1.2999999999999998,1
17856,Charles Joguet Chinon Rose,1,13.0,13.0,,,1
17861,Dom du Gros Nore Antoinette,3,12.0,13.0,1.7320508075688772,3.0,1
17863,Tommasi Poggio Tufo Cab Svgn,2,11.5,11.5,2.1213203435596424,4.5,1
17864,Mermelada Sassy Red,1,14.0,14.0,,,1
17865,Ch St Jean Pnt Nr,49,10.673469387755102,11.0,1.8187421832826391,3.3078231292517013,1
17866,James Mitchell Cab Svgn,40,11.9,12.0,1.7511900715418263,3.0666666666666664,1
17867,Beringer Classic Wh Zin Mosc,53,10.622641509433961,11.0,1.8316282698771231,3.354862119013063,1
17869,La Joya Svgn Blanc,1,10.0,10.0,,,1
17875,Darkhorse Chard,55,11.2,11.0,1.9187187082742176,3.681481481481482,1
17876,Darkhorse Cab Svgn,55,11.2,11.0,1.9187187082742176,3.681481481481482,1
17880,Manabito Ginjo Sake,11,10.636363636363637,11.0,1.2862913567871994,1.6545454545454543,1
17882,Dewatsuru Kimoto Junmai Sake,19,10.789473684210526,11.0,1.6186052764450238,2.6198830409356724,1
17885,Dom de Durban Gigondas,1,10.0,10.0,,,1
17887,Trader Joe's Chard 720 Btls,1,8.0,8.0,,,1
17896,Ch L'Argentier Vignes Cin 09,1,10.0,10.0,,,1
17897,L'Argentier Rose d'Aramon,6,8.5,8.5,1.8708286933869707,3.5,1
17906,Kim Crawford Chard Unoaked,49,11.306122448979592,12.0,1.609918238512092,2.5918367346938775,1
17908,Rex Goliath Pink Moscato,4,11.75,12.0,2.0615528128088303,4.25,1
17909,Ravenswood Pickberry Red,13,12.307692307692308,12.0,1.1094003924504583,1.2307692307692308,1
17910,Estancia Unoaked Chard,51,11.313725490196079,12.0,1.6791687953083378,2.8196078431372547,1
17911,Blackstone Winemakers Malbec,1,12.0,12.0,,,1
17912,Thorny Rose Cab Svgn,35,11.285714285714286,12.0,1.5062893357603013,2.26890756302521,1
17914,Thorny Rose Red,24,11.25,11.5,1.5108304655560048,2.282608695652174,1
17915,Thorny Rose Svgn Bl NZ,35,11.4,12.0,1.6305899329419904,2.658823529411765,1
17916,Tenuta San Guido 09 Sassacia,1,9.0,9.0,,,1
17921,Raymond R Field Blend Lot 7,32,11.5625,12.0,1.8305208143074754,3.350806451612903,1
17927,La Crema Pnt Nr Anderson Vly,2,11.5,11.5,0.7071067811865476,0.5,1
17928,Prima Perla Prosecco Treviso,19,11.68421052631579,12.0,1.5653409844697797,2.450292397660819,1
17929,Giorgio & Gianni Lambrusco,1,11.0,11.0,,,1
17931,Gerard Bertrand Merlot Rsv,2,10.5,10.5,0.7071067811865476,0.5,1
17932,Camp Meeting Ridge Chard,1,13.0,13.0,,,1
17933,Camp Meeting Ridge Pnt Nr,1,11.0,11.0,,,1
17935,Butterfly Kiss Pnt Grigio,1,9.0,9.0,,,1
17937,Stark Raving Red,20,9.8,9.0,1.9358120830939742,3.7473684210526317,1
17938,Stark Raving White,7,11.0,11.0,1.7320508075688772,3.0,1
17940,Butterfly Kiss Chard,1,11.0,11.0,,,1
17941,Rose 'N' Blum Pink Moscato,3,9.666666666666666,10.0,1.5275252316519468,2.3333333333333335,1
17944,Beringer Fndrs Est Malbec,1,10.0,10.0,,,1
17945,Ch St Jean Soiree Red,37,10.675675675675675,11.0,2.0007506098969463,4.003003003003003,1
17948,Barco de Piedra Temp Red,2,11.5,11.5,0.7071067811865476,0.5,1
17949,OneHope Cabernet Sauvignon,1,12.0,12.0,,,1
17954,Drops of Jupiter Red,54,10.907407407407407,11.0,1.8558273191314598,3.444095038434661,1
17957,Bluebird Pinot Noir,30,9.8,10.0,1.7498768429570242,3.0620689655172417,1
17958,Bluebird Chardonnay,2,8.5,8.5,0.7071067811865476,0.5,1
17967,Banfi Principessa Gavia Gav,49,10.673469387755102,11.0,1.7723307994234692,3.1411564625850334,1
17978,Calling All Angels Chard,46,10.847826086956522,11.0,1.9546797555763207,3.8207729468599045,1
17979,California 37 Cab Svgn,1,11.0,11.0,,,1
17981,If You See Kay Red Blend,39,11.615384615384615,12.0,1.9003515549467849,3.611336032388663,1
17983,Coppo L'Avvocata,4,11.25,11.0,1.2583057392117916,1.5833333333333333,1
17984,Volpaia Citto Toscana,36,11.777777777777779,12.0,1.8222609364838285,3.32063492063492,1
17985,Ponzi Tavola Pnt Nr,48,11.479166666666666,11.5,1.8333736294733343,3.3612588652482267,1
17986,Mas la Chevaliere Chard,2,12.5,12.5,0.7071067811865476,0.5,1
17988,Porta Vita Blush Rosato,16,10.6875,10.5,1.7017148213885114,2.8958333333333335,1
17989,Porta Vita Bianco,8,11.875,13.0,2.295181287579947,5.267857142857143,1
17990,Porta Vita Rosso,41,10.878048780487806,11.0,2.0639176576503666,4.259756097560976,1
18000,Vendange Sweet White,3,10.666666666666666,9.0,2.8867513459481287,8.333333333333332,1
18001,Ruca Malen Malbec Rsv,32,12.03125,12.0,1.6359741105294363,2.6764112903225805,1
18002,Vendange Sweet Red,2,13.5,13.5,0.7071067811865476,0.5,1
18010,Cocobon Red,54,10.907407407407407,11.0,1.8558273191314598,3.444095038434661,1
18011,Bella Bolla Moscato,2,10.5,10.5,0.7071067811865476,0.5,1
18012,Bella Bolla Pink Moscato,3,10.666666666666666,11.0,2.5166114784235836,6.333333333333334,1
18013,Cecchi Sangiovese,54,11.851851851851851,12.0,1.7634379736956947,3.109713487071977,1
18014,Argyle Brut,32,11.40625,11.0,1.8813065981197834,3.5393145161290325,1
18017,Verde Sole Pnt Grigio,4,12.25,13.0,2.362907813126304,5.583333333333333,1
18027,Banfi Rosa Regale,54,10.574074074074074,11.0,1.7761719686826587,3.1547868623340314,1
18046,Ch La Louviere Pssc-Leg Roug,1,13.0,13.0,,,1
18066,Sutter Home Pnt Grigio,2,11.5,11.5,2.1213203435596424,4.5,1
18071,Novelty Hill Chard SWC,2,12.0,12.0,1.4142135623730951,2.0,1
18072,Mixed Up Red,1,11.0,11.0,,,1
18073,Debauchery Pnt Nr,1,14.0,14.0,,,1
18083,Madria Sangria Moscato,17,11.058823529411764,11.0,1.9516207442563642,3.808823529411765,1
18084,Madria Sangria Moscato,6,12.166666666666666,13.5,2.48327740429189,6.166666666666667,1
18089,Cavit Moscato,8,12.0,12.5,1.5118578920369088,2.2857142857142856,1
18093,Ch La Dom St Emil Gr Cru 09,1,13.0,13.0,,,1
18095,Layer Cake Garnacha,21,11.904761904761905,12.0,1.786190412715338,3.19047619047619,1
18096,Bolla Amarone Valpolicella,51,10.588235294117647,11.0,1.757002795538303,3.0870588235294116,1
18097,Shafer Relentless Syrah,3,12.333333333333334,12.0,1.5275252316519468,2.3333333333333335,1
18098,Shafer Hillside Cab Svgn,5,11.6,11.0,1.816590212458495,3.3,1
18099,Shafer Hillside Cab Svgn,3,11.666666666666666,13.0,2.3094010767585034,5.333333333333334,1
18102,Ruffino Greppone Mazzi Bru,22,11.318181818181818,12.0,1.6729319468230912,2.7987012987012982,1
18105,Ballatore Rose Moscato,3,11.666666666666666,12.0,2.5166114784235836,6.333333333333334,1
18106,Barefoot Cellars Pink Moscat,54,11.24074074074074,11.0,1.9125719637237402,3.6579315164220834,1
18107,Barefoot Cellars Pink Moscat,54,11.24074074074074,11.0,1.9125719637237402,3.6579315164220834,1
18108,The Naked Grape Malbec,2,11.5,11.5,3.5355339059327378,12.5,1
18109,Clos du Bois Unoaked Chard,18,11.555555555555555,12.0,1.5801050680710416,2.496732026143791,1
18110,Franciscan Est Cuvee Chard,5,12.4,13.0,1.816590212458495,3.3,1
18125,Laya Tinto Almansa,44,11.477272727272727,11.5,1.7585490367310597,3.0924947145877377,1
18126,Monte Velho White Alentejo,27,9.62962962962963,10.0,2.133039509680388,4.54985754985755,1
18127,Esporao Reserva Red Alentejo,1,7.0,7.0,,,1
18130,Castello Di Ama Chianti,2,10.0,10.0,1.4142135623730951,2.0,1
18131,Tortoise Creek Chard,4,9.75,9.5,0.9574271077563381,0.9166666666666666,1
18134,Joel Gott Alakai Red,40,10.575,10.5,2.0864335906529896,4.353205128205127,1
18137,Gallo Twin Vly Red Moscato,2,11.5,11.5,3.5355339059327378,12.5,1
18142,Banfi Brunello Montalcino,50,10.7,11.0,1.7641555764612098,3.1122448979591835,1
18150,O Pinot Pinot Noir,1,11.0,11.0,,,1
18152,Banfi Centine Mntcln Tscna,53,10.622641509433961,11.0,1.7565965244706294,3.0856313497822945,1
18157,Maggio Cab Svgn,3,11.666666666666666,11.0,1.1547005383792517,1.3333333333333335,1
18158,Maggio Chardonnay,1,13.0,13.0,,,1
18159,Maggio Petite Sirah,1,11.0,11.0,,,1
18164,Lyrarakis Okto White,1,6.0,6.0,,,1
18166,Lyrarakis Assyrtiko,2,10.0,10.0,2.8284271247461903,8.0,1
18167,Lyrarakis Okto Syrah Blend,30,9.133333333333333,9.0,1.9428619723691545,3.7747126436781615,1
18173,Seven Falls Chard,8,11.75,12.5,2.2519832529192065,5.071428571428571,1
18174,Seven Falls Merlot,12,11.0,11.0,2.593698657761292,6.7272727272727275,1
18175,Seven Falls Cab Svgn,36,10.916666666666666,11.0,1.7133926245067956,2.9357142857142855,1
18193,Joseph Phelps Insignia 09,3,12.0,11.0,1.7320508075688772,3.0,1
18199,Valandraud 09 St Emilion Cru,1,13.0,13.0,,,1
18203,Ninety Cellars Lot 75 Pnt Nr,1,9.0,9.0,,,1
18212,Pulenta Est Malbec Mendoza,2,12.5,12.5,2.1213203435596424,4.5,1
18232,Shatter Grenache VdP Catalan,6,10.166666666666666,10.5,2.316606713852541,5.366666666666667,1
18236,Marchesi Barolo Cannubi 11,4,11.0,11.0,1.632993161855452,2.6666666666666665,1
18237,M Abbona Dogliani Papa Celso,7,10.428571428571429,10.0,1.6183471874253743,2.6190476190476195,1
18239,Pol Roger Rose 02 Brut,2,11.5,11.5,3.5355339059327378,12.5,1
18240,Renacer Enamore Red,15,11.066666666666666,12.0,1.791514389985135,3.2095238095238097,1
18246,Churchill's Vintage Port 11,2,9.5,9.5,2.1213203435596424,4.5,1
18254,Jaboulet 09 Dom Terre Ferme,1,11.0,11.0,,,1
18261,Gravelly Ford Chard,1,9.0,9.0,,,1
18263,Gianni Gagliardo Dolcetto D',5,13.2,13.0,0.4472135954999579,0.19999999999999998,1
18265,Gianni Gagliardo Barolo S 07,2,13.5,13.5,0.7071067811865476,0.5,1
18267,Caprai Montefalco Passito 06,3,13.666666666666666,14.0,0.5773502691896257,0.3333333333333333,1
18268,Caprai Montefalco Rosso 09,3,12.0,12.0,1.0,1.0,1
18269,Masi Serego Alighieri Amaron,1,11.0,11.0,,,1
18270,Donnafugata Ben Rye,3,11.666666666666666,11.0,1.1547005383792517,1.3333333333333335,1
18271,Masi Campolongo di Torbe Ama,3,12.0,13.0,2.6457513110645907,7.0,1
18272,B & G Cotes du Rhone Red,1,10.0,10.0,,,1
18275,Sartori Valpolicella Cls,8,11.375,11.5,1.7677669529663689,3.125,1
18276,Cecchi Coevo Wood,6,13.5,13.5,0.5477225575051661,0.3,1
18278,Cecchi Nobile Montepulciano,29,11.448275862068966,11.0,1.91956481110678,3.6847290640394084,1
18284,Michele Chiarlo Arneis,2,13.0,13.0,1.4142135623730951,2.0,1
18299,Sartori Family Pnt Nr,14,10.428571428571429,11.0,1.5045717874984443,2.2637362637362637,1
18300,Vendange Sweet Pink Moscato,5,11.6,12.0,2.6076809620810595,6.8,1
18304,Satellite Svgn Blanc Marlbor,3,10.0,10.0,1.0,1.0,1
18309,Grandial Brut Blanc de Blanc,10,11.8,12.5,1.8135294011647258,3.2888888888888888,1
18332,Ch Daqueria Tavel Rose,34,10.617647058823529,10.0,1.9386766164507439,3.758467023172905,1
18337,Mile Marker Pnt Nr,24,10.125,10.0,2.07075915505905,4.288043478260869,1
18338,Mile Marker Pnt Gris,4,11.0,11.0,1.1547005383792515,1.3333333333333333,1
18344,Gnarly Head Authentic White,5,10.6,11.0,1.6733200530681511,2.8,1
18346,Kistler Pinot Noir RRV,4,10.5,10.5,2.3804761428476167,5.666666666666667,1
18347,Banfi Pnt Grigio San Angelo,53,10.622641509433961,11.0,1.7565965244706294,3.0856313497822945,1
18354,Bella Bolla Red Moscato,1,9.0,9.0,,,1
18357,Cavit Alta Luna Phases Rosso,4,11.5,12.5,2.3804761428476167,5.666666666666667,1
18359,Domaine de la Damase Rhone,7,8.285714285714286,7.0,1.6035674514745464,2.5714285714285716,1
18360,Dom de la Damase Grenache,3,9.666666666666666,10.0,2.5166114784235836,6.333333333333334,1
18363,Sutter Home Rsl,16,10.9375,11.5,1.94828984838841,3.7958333333333334,1
18364,Lost Angel Moscato,8,10.875,10.5,1.7268882005337975,2.982142857142857,1
18368,Sequin Delicately Pnt Grigio,52,10.634615384615385,11.0,1.9100235719092236,3.648190045248869,1
18369,Sequin Delicately Moscato,52,10.673076923076923,11.0,1.8757602782386127,3.518476621417798,1
18375,Antinori Villa Wh,49,10.83673469387755,11.0,1.972170322845602,3.889455782312926,1
18378,Stark Raving Cab Svgn,4,10.5,10.0,1.9148542155126762,3.6666666666666665,1
18380,Antinori Tenuta Marchese,42,10.880952380952381,11.0,1.965586624436818,3.863530778164925,1
18381,Block Nine Caiden Vyd Pnt Nr,54,11.444444444444445,11.0,1.7119630866531244,2.9308176100628933,1
18382,2 Copas Spain Red,1,11.0,11.0,,,1
18384,2 Copas Spain White,1,12.0,12.0,,,1
18385,B Side Napa Vly Red,4,12.0,13.0,2.0,4.0,1
18386,Sequin Delicately Rose,7,12.142857142857142,12.0,1.4638501094227998,2.1428571428571432,1
18394,Ravines Gewurztraminer,1,12.0,12.0,,,1
18396,The Tractor Guy Pnt Nr,3,10.0,11.0,2.6457513110645907,7.0,1
18414,M D 20/20 Habanero Lime Arit,28,11.178571428571429,11.5,1.9446711885935966,3.781746031746031,1
18419,Mark West Pnt Nr Santa Lucia,1,9.0,9.0,,,1
18423,F Coppola Diamond Red,46,10.826086956521738,11.0,1.9471272038123466,3.7913043478260873,1
18424,Poggio Altero Antico Brunllo,1,13.0,13.0,,,1
18427,Duckhorn Decoy Merlot Sonoma,22,11.454545454545455,11.5,1.8955404488096776,3.593073593073594,1
18428,Cocci Grifoni Tellus Red,2,12.0,12.0,1.4142135623730951,2.0,1
18430,Bertani Secco 09 Edition IGT,7,9.857142857142858,11.0,1.8644544714716087,3.476190476190476,1
18431,Bertani Villa Arvedi Amarone,1,10.0,10.0,,,1
18432,Bertani Amarone 1993,1,8.0,8.0,,,1
18433,Bertani Amarone 04,2,10.5,10.5,0.7071067811865476,0.5,1
18437,Charles Smith King Coal Red,1,13.0,13.0,,,1
18438,The Creator K Vintners Walla,2,12.0,12.0,1.4142135623730951,2.0,1
18448,Wild Horse Cheval Pnt Nr,3,12.666666666666666,14.0,2.3094010767585034,5.333333333333334,1
18449,R Mondavi Heritage Red,53,11.39622641509434,12.0,1.6330672255406322,2.6669085631349785,1
18450,Concannon Crimson & Clover,1,7.0,7.0,,,1
18452,Ninety+Cellars Lot 71 Malbec,1,9.0,9.0,,,1
18454,Ninety+Cellars Lot 77 Moscto,1,9.0,9.0,,,1
18458,Tussock Jumper Chard,1,14.0,14.0,,,1
18459,Tussock Jumper Malbec,1,12.0,12.0,,,1
18466,K Syrah The Deal,3,12.0,12.0,2.0,4.0,1
18467,K Vintners Cab Svgn Stonerid,1,9.0,9.0,,,1
18474,Ch Suau Cadillac Wh Brdx,1,12.0,12.0,,,1
18507,Cakebread Cab Svgn,46,10.804347826086957,10.0,2.0506862289638157,4.205314009661835,1
18515,Masroig Sola Fred Monstant R,1,11.0,11.0,,,1
18529,Cupcake Moscato,27,10.925925925925926,11.0,1.9399826709362027,3.763532763532763,1
18533,Candia Vyds Diamond,28,8.75,9.0,1.9930434571835665,3.9722222222222223,1
18534,Candia Vyds Black Ice,30,9.2,9.0,2.0910317532508795,4.372413793103448,1
18535,Candia Vyds Ice Storm,32,8.84375,9.0,1.779985048867981,3.1683467741935485,1
18536,Andrew Will Two Blondes WA,1,9.0,9.0,,,1
18538,Banknote The Vault Red,1,9.0,9.0,,,1
18539,Banknote Counterfeit,1,7.0,7.0,,,1
18540,El Enemigo Malbec Mendoza,2,12.0,12.0,1.4142135623730951,2.0,1
18548,Carol Shelton Wild Thing Zin,1,10.0,10.0,,,1
18551,Antigal Uno Malbec Mendoza,49,11.408163265306122,11.0,1.682240165014828,2.8299319727891157,1
18553,Menage a Trois Pnt Nr,2,10.0,10.0,1.4142135623730951,2.0,1
18556,Armonia Malbec,1,10.0,10.0,,,1
18561,Carlo Rossi Moscato Sangria,16,10.6875,10.5,1.8154430129677255,3.2958333333333334,1
18562,Jewell Towne Vyds So Hampton,48,9.625,10.0,1.8522556691315017,3.4308510638297873,1
18564,Northstar Cab Svgn,3,11.0,10.0,2.6457513110645907,7.0,1
18565,Red Diamond Pnt Nr,38,10.394736842105264,10.0,1.8821993128254428,3.542674253200569,1
18568,A by Acacia Unoaked Chard Ca,53,10.264150943396226,11.0,1.9626409150410888,3.8519593613933227,1
18569,Sterling Rsv Platinum Red,2,10.0,10.0,4.242640687119285,18.0,1
18571,Sterling Vyd Aromatic White,6,11.166666666666666,11.0,1.1690451944500122,1.3666666666666667,1
18572,Butterfly Kiss Moscato,14,10.785714285714286,11.0,1.6723346844167577,2.7967032967032965,1
18573,Mulderbosch Faithful Hound,1,11.0,11.0,,,1
18575,Sartori Amarone,42,10.69047619047619,11.0,1.7736292575737802,3.1457607433217185,1
18578,O'Shaugnessey Cab Svgn Howel,12,11.416666666666666,11.5,1.8319554050414564,3.3560606060606064,1
18579,Primo Amore Rsl,1,12.0,12.0,,,1
18583,Heidsieck Monopole Gold Top,20,9.4,9.0,1.729009451741235,2.9894736842105267,1
18584,Heidsieck Monopole Rose Top,14,9.285714285714286,9.5,1.7288756430151326,2.989010989010988,1
18585,James L'Escargot Svgn Blanc,13,11.307692307692308,11.0,1.702185623672077,2.897435897435898,1
18586,Eric Kent Small Town Pnt Nr,5,12.2,13.0,1.6431676725154984,2.7,1
18587,Eric Kent Chardonnay RRV,3,11.666666666666666,12.0,1.5275252316519468,2.3333333333333335,1
18589,Banshee Mordecai Proprietary,11,11.636363636363637,12.0,2.013590190318143,4.054545454545455,1
18592,Deadbolt Red,47,11.425531914893616,12.0,1.7288433033209105,2.988899167437558,1
18593,Barefoot Bubbly Red Moscato,51,11.196078431372548,11.0,1.8975732696593008,3.60078431372549,1
18594,Ninety+Cellars Lot 30 CDR,1,9.0,9.0,,,1
18595,Delamotte Bl de Bl Champagne,1,9.0,9.0,,,1
18597,Seghesio Rockpile Znfdl,1,13.0,13.0,,,1
18599,Bocelli Sangiovese,1,13.0,13.0,,,1
18600,Perrier Jouet Belle Epoque,31,11.03225806451613,11.0,1.7603763038574438,3.0989247311827954,1
18601,Bocelli Prosecco,16,11.25,10.5,1.9148542155126762,3.6666666666666665,1
18609,Hacienda Monasterio Crianza,4,11.25,10.5,1.8929694486000912,3.5833333333333335,1
18611,Stonehaven Svgn Bl,5,9.8,10.0,1.0954451150103324,1.2000000000000002,1
18613,Juve Y Camp Rose Brut Pnt Nr,39,10.564102564102564,11.0,1.9302968382973176,3.7260458839406208,1
18614,Ninety+Cellars Lot 78 Cab Sv,7,11.0,11.0,1.1547005383792515,1.3333333333333333,1
18615,Ruca Malen Cab Svgn Rsv,14,11.928571428571429,12.0,1.8590438284354558,3.4560439560439566,1
18617,Picket Fence Chard RRV,37,11.594594594594595,11.0,1.7710552325200466,3.1366366366366365,1
18618,Picket Fence Pnt Nr RRV,37,11.243243243243244,11.0,1.8619793143230585,3.466966966966967,1
18621,Villa Sandi Il Fresco Rose,3,11.666666666666666,11.0,1.1547005383792517,1.3333333333333335,1
18622,Bruno Giacosa Roero Arneisxc,1,13.0,13.0,,,1
18624,Donnafugata Mille una Notte,1,9.0,9.0,,,1
18627,Viberti Chard,1,12.0,12.0,,,1
18628,Viberti Bricco Airoli,1,14.0,14.0,,,1
18629,Viberti Langhe Nebbolio,8,11.75,12.5,1.8322507626258087,3.357142857142857,1
18632,Viberti Barolo Buon Padre,2,11.5,11.5,3.5355339059327378,12.5,1
18635,Castello d Cacchiano Chianti,7,9.857142857142858,9.0,2.115700942049815,4.476190476190475,1
18636,Castello di Cacchiano Rosso,23,10.652173913043478,10.0,1.9213796097448008,3.691699604743083,1
18637,Iris Vineyard Pnt Nr,25,11.96,12.0,1.619670748434179,2.6233333333333335,1
18638,Waterstone Cab Svgn,38,11.763157894736842,12.0,1.6995104307197346,2.8883357041251783,1
18640,Fetzer Quartz White Blend,7,12.142857142857142,13.0,2.115700942049815,4.476190476190475,1
18641,Yellow Tail Big Bold Red,55,11.436363636363636,11.0,1.8635254955935732,3.4727272727272727,1
18642,Yellow Tail Pink Moscato,54,11.481481481481481,11.5,1.8504537000090027,3.4241788958770076,1
18646,Castello del Poggio Rosato,4,11.75,12.0,1.2583057392117916,1.5833333333333333,1
18651,Alexana Pnt Nr Willamette,4,11.25,11.0,1.5,2.25,1
18653,Fuki Plum Wine,31,10.774193548387096,11.0,1.78343633508189,3.1806451612903235,1
18658,Samos High Peaks Muscat,1,11.0,11.0,,,1
18660,Gaia Ritinitis Nobile Retsna,4,10.25,10.0,2.9860788111948193,8.916666666666666,1
18662,Hatzimichalis Kapnias Red,1,14.0,14.0,,,1
18664,Corvo Moscato Siciliarvo,41,11.048780487804878,12.0,2.0118551080059808,4.047560975609756,1
18666,Rickshaw Chard Cal,1,13.0,13.0,,,1
18668,G Bertrand T Jeffrsn Cremant,1,13.0,13.0,,,1
18669,Parducci Small Lot Pnt Gris,1,13.0,13.0,,,1
18671,Martin Ray RRV Pnt Nr,2,12.0,12.0,1.4142135623730951,2.0,1
18684,Mount Veeder Cab Svgn Napa,2,10.5,10.5,2.1213203435596424,4.5,1
18686,Moillard Chard Tradition,2,10.0,10.0,1.4142135623730951,2.0,1
18721,Hermanos Malbec-Tannat,1,7.0,7.0,,,1
18732,Anarkos Puglia,1,8.0,8.0,,,1
18733,Antinori Villa Chianti Class,50,10.96,11.0,1.9790742012055917,3.916734693877551,1
18734,Little Black Dress Divalicio,36,10.75,11.0,1.746424919657298,3.05,1
18736,A Portela Mencia,4,10.25,11.0,2.217355782608345,4.916666666666667,1
18738,Oak Leaf Moscato,1,13.0,13.0,,,1
18739,Robert Sinskey POV Napa Red,10,10.9,11.5,2.282785822435191,5.211111111111111,1
18740,Robert Sinskey Aries Pnt Nr,3,11.666666666666666,13.0,2.3094010767585034,5.333333333333334,1
18741,Ca'Momi Pinot Noir Napa Vall,30,10.7,10.5,2.2765672888561093,5.182758620689655,1
18742,Ca'Momi Cab Svgn Napa,29,10.655172413793103,11.0,2.318802986594677,5.376847290640394,1
18743,Ca'Momi Merlot Napa Valley,46,10.608695652173912,10.5,2.0382809845506276,4.154589371980676,1
18744,Ca'Momi Chard Napa Vly,35,10.514285714285714,11.0,1.90002211398011,3.6100840336134454,1
18747,Ca'Momi Rosso di Napa,47,10.382978723404255,10.0,1.9059767721720022,3.632747456059205,1
18748,Ca'Momi Bianco di Napa,12,10.416666666666666,10.5,1.2401124093721456,1.537878787878788,1
18753,Yellow Tail Sweet White Roo,11,11.909090909090908,13.0,2.21153998175685,4.89090909090909,1
18754,Yellow Tail Sweet White Roo,3,11.333333333333334,12.0,1.1547005383792517,1.3333333333333335,1
18756,Yellow Tail Pink Moscato,13,11.076923076923077,11.0,1.9348358440936906,3.743589743589744,1
18757,Yellow Tail Big Bold Red,1,10.0,10.0,,,1
18758,Mouton Cadet Sauvignon Blanc,47,11.425531914893616,12.0,1.703508921520057,2.9019426456984276,1
18761,Eden Vermont Ice Cider,6,9.333333333333334,8.5,1.7511900715418263,3.0666666666666664,1
18762,Villadoria Barolo,1,12.0,12.0,,,1
18767,Cosentino The Zin,3,10.333333333333334,10.0,2.5166114784235836,6.333333333333334,1
18768,Cosentino The Franc,49,11.89795918367347,12.0,1.7588454778535794,3.093537414965986,1
18769,Vinum Cellars Znfdl Cal,3,7.0,7.0,0.0,0.0,1
18770,Enza Prosecco,1,10.0,10.0,,,1
18771,Cigar Zin Old Vine Zinfandel,5,12.2,13.0,1.0954451150103324,1.2000000000000002,2
18773,Ravines Cabernet Franc,1,10.0,10.0,,,1
18774,Rob Stuart Vignette Pinot Nr,11,11.090909090909092,11.0,2.0225995873897262,4.090909090909091,1
18775,Once Upon A Vine Red,5,11.6,12.0,1.1401754250991378,1.2999999999999998,1
18778,Once Upon A Vine Pnt Nr,39,10.384615384615385,11.0,2.0852285576530507,4.348178137651822,1
18779,Girl Go Lightly Chardonnay,1,11.0,11.0,,,1
18781,Girl Go Lightly Moscato,7,10.571428571428571,10.0,1.9023794624226837,3.619047619047619,1
18783,Herencia Altes Garnacha Negr,11,11.727272727272727,13.0,1.8488325554743508,3.418181818181818,1
18784,Clos Erasmus Laurel Priorat,2,11.0,11.0,0.0,0.0,1
18785,Tineta Tinto Fino Ribera Del,4,11.25,11.5,2.0615528128088303,4.25,1
18786,Avante Tinto Fino Ribera Del,3,13.333333333333334,13.0,0.5773502691896257,0.3333333333333333,1
18787,Rio Madre Rioja Graciano,50,11.52,11.5,1.7171404801504822,2.9485714285714284,1
18788,Triton Avante Mencia,3,12.666666666666666,13.0,1.5275252316519468,2.3333333333333335,1
18797,Hess Shirttail Crk Vyd Chard,17,10.823529411764707,11.0,1.94407092584244,3.779411764705882,1
18800,Haunting Whisper DeChaunac,22,8.545454545454545,8.5,1.8955404488096772,3.593073593073593,1
18801,Bolla Prosecco Extra Dry,50,10.6,11.0,1.7956864414252194,3.224489795918368,1
18806,Moet & Chandon Grand Vintage,47,10.617021276595745,11.0,1.9398923265655497,3.763182238667901,1
18807,C Y Toro Diablo Red,1,11.0,11.0,,,1
18811,Haunting Whisper Vyds Vignol,22,8.545454545454545,8.5,1.8186146670912195,3.3073593073593073,1
18812,Sweet Baby Vyds Strawberry,52,9.98076923076923,10.0,1.5902939007615533,2.529034690799397,1
18813,Sweet Baby Vyds Raspberry,46,10.08695652173913,10.0,1.5892148579516552,2.5256038647342995,1
18817,The Dreaming Tree Everyday,18,11.333333333333334,11.0,1.8470962903655979,3.4117647058823533,1
18822,Sterling Carneros Pnt Nr,22,9.863636363636363,10.0,2.007022303846803,4.028138528138529,1
18827,Carmel Road Chard Liberated,1,13.0,13.0,,,1
18829,Champ de Reves Pnt Nr,2,11.5,11.5,2.1213203435596424,4.5,1
18830,Salvatore Principe Rose Mosc,1,11.0,11.0,,,1
18831,Line 39 Merlot,3,11.333333333333334,11.0,0.5773502691896257,0.3333333333333333,1
18833,Sutter Home Red Moscato,1,11.0,11.0,,,1
18835,Don Miguel Gascon Colosal Rd,45,11.177777777777777,11.0,1.9919028007603103,3.9676767676767684,1
18836,Coppa La Rocca Gavi,33,11.909090909090908,13.0,1.893469638712824,3.5852272727272725,1
18837,Moonlight Meadery Red Dress,35,9.457142857142857,9.0,1.9903126733795187,3.9613445378151266,1
18838,Ty Ku Coconut Nigori,26,9.461538461538462,10.0,2.0828973902863144,4.338461538461538,1
18839,Mas Carlot Grenache Syrah,7,10.571428571428571,11.0,2.2253945610567474,4.952380952380953,1
18844,Alberto Furque Malbec Mendoz,7,9.714285714285714,9.0,2.288688541085317,5.238095238095237,1
18845,Lamiable Brut Grand Cru,1,11.0,11.0,,,1
18846,Dom de Pouy Ugni Blanc,3,9.0,8.0,1.7320508075688772,3.0,1
18851,Atalon Pauline's Cuvee Red N,2,13.5,13.5,0.7071067811865476,0.5,1
18852,Mirassou Sunset Red,7,11.857142857142858,12.0,2.193062655175134,4.809523809523809,1
18853,Barefoot Cellars Pink Moscat,30,11.2,11.0,2.123757243092112,4.510344827586208,1
18854,Barefoot Cellars Rich Red,5,12.0,12.0,1.8708286933869707,3.5,1
18855,Barefoot Cellars Rich Red,5,11.8,12.0,1.9235384061671346,3.7,1
18856,Barefoot Refresh Sweet White,51,11.215686274509803,11.0,1.9006706762634717,3.612549019607843,1
18857,Barefoot Refresh Crisp White,54,11.24074074074074,11.0,1.9125719637237402,3.6579315164220834,1
18859,Mercat Brut Nature,2,9.5,9.5,0.7071067811865476,0.5,1
18860,Barefoot Refresh Summer Red,54,11.24074074074074,11.0,1.9125719637237402,3.6579315164220834,1
18865,Mirafiore Barolo,43,10.627906976744185,11.0,2.081931976085051,4.3344407530454045,1
18866,Tariquet Sauvignon,10,10.0,10.5,1.9436506316151,3.7777777777777777,1
18868,Josh Cellars Merlot,54,11.481481481481481,11.5,1.8504537000090027,3.4241788958770076,1
18874,Jacobs Crk Sweet Red,1,10.0,10.0,,,1
18875,Di Padrino Dry Vermouth,54,10.74074074074074,11.0,2.039100663631416,4.157931516422082,1
18877,Di Padrino Sweet Vermouth,55,10.709090909090909,11.0,2.0337224333784927,4.136026936026937,1
18879,LaBelle Winery Seyval Blanc,46,10.0,10.0,1.8257418583505538,3.3333333333333335,1
18880,Piccini Memoro,9,12.444444444444445,13.0,1.4240006242195884,2.0277777777777777,1
18881,Middle Sister Pnt Nr Goodie,44,12.045454545454545,12.0,1.61323804749511,2.602536997885835,1
18884,Hess Treo Winemaker's Blend,40,11.4,11.5,1.8919532709576046,3.5794871794871788,1
18886,Marchesi di Barolo Barbaresc,1,11.0,11.0,,,1
18891,Churchill's Vintage Port 11,8,10.875,10.5,0.9910312089651149,0.9821428571428571,1
18893,19 Crimes Red,55,10.618181818181819,11.0,1.8205708210553397,3.314478114478114,1
18900,Anderra Cab Svgn,23,11.08695652173913,11.0,1.7815479346563372,3.1739130434782608,1
18901,Anderra Svgn Bl,30,11.233333333333333,11.0,1.7943077299853156,3.2195402298850566,1
18909,Cryptic California Red,33,11.696969696969697,12.0,1.4892290053255848,2.2178030303030307,1
18912,Tablas Creek Espirit Rouge,1,14.0,14.0,,,1
18920,Skinnygirl Moscato,1,13.0,13.0,,,1
18928,Ninety+Cellars Lot 83 Pnt Nr,4,11.25,12.0,1.5,2.25,1
18937,Yangarra Est Vyd 10 Shiraz,3,13.0,13.0,1.0,1.0,1
18938,Schmitt Sohne Funf Sangria,10,11.7,13.0,1.9465068427541912,3.788888888888889,1
18943,Cannonball Merlot,9,12.0,13.0,2.1213203435596424,4.5,1
18947,Austin Hope 10 Grenache,3,11.666666666666666,11.0,2.081665999466133,4.333333333333334,1
18948,Austin Hope 10 Syrah,5,11.4,12.0,1.816590212458495,3.3,1
18950,Schug Pnt Nr Carneros,18,11.277777777777779,11.0,1.8086574662067327,3.271241830065359,1
18951,Caymus Conundrum Red,52,11.51923076923077,12.0,1.873346430231777,3.5094268476621426,1
18952,J Lohr Falcon's Perch Pnt Nr,32,11.40625,12.0,2.0923728619795248,4.378024193548387,1
18962,Clos du Bois Chard Calcaire,2,12.0,12.0,2.8284271247461903,8.0,1
18963,Ruca Malen Yauquen Bonarda,1,14.0,14.0,,,1
18964,Sprinkle Cab Svgn,2,11.5,11.5,3.5355339059327378,12.5,1
18965,Sprinkle Chard,1,14.0,14.0,,,1
18967,Sprinkle Red Blend,1,14.0,14.0,,,1
18971,Tenuta Guado Al Tasso Bructo,42,10.857142857142858,11.0,1.970160678991766,3.8815331010452963,1
18972,Schug Pnt Nr Carneros,4,10.5,10.0,1.7320508075688772,3.0,1
18974,Pine Ridge Napa Vlly Cab Svg,26,11.5,12.0,1.9849433241279208,3.94,1
18976,Evolucio Fermint Tokaj,7,9.285714285714286,9.0,2.4299715851758235,5.904761904761905,1
18978,900 Grapes Svgn Bl,1,10.0,10.0,,,1
18979,Lillet Rose French Aperitif,10,11.0,11.0,1.7638342073763937,3.111111111111111,1
18988,Franzia Chillable Red Tap,54,10.907407407407407,11.0,1.8558273191314598,3.444095038434661,1
19000,L'Ardi Dolcetto D'Acqui,22,10.590909090909092,11.0,2.1080139809125895,4.4437229437229435,1
19001,Emblem Cab Svgn,39,11.948717948717949,12.0,1.7005992434358628,2.892037786774629,1
19003,Lange Pnt Gris Willamette,7,12.428571428571429,13.0,1.8126539343499315,3.285714285714286,1
19019,Save Me San Francisco Merlot,1,11.0,11.0,,,1
19034,Nicholson Ranch Pnt Nr Sonom,4,12.0,12.0,1.8257418583505538,3.3333333333333335,1
19035,Bollini Pinot Grigio,48,10.9375,11.0,2.0149045698325057,4.059840425531915,1
19036,Nicholson Ranch Est Chard,27,11.481481481481481,11.0,1.8053418676968802,3.2592592592592595,1
19037,Gunsight Rock Cab Svgn,29,9.89655172413793,10.0,2.176905201463223,4.738916256157635,1
19039,The Path Pnt Nr,35,10.085714285714285,10.0,2.020067392169767,4.080672268907564,1
19040,The Path Merlot,1,9.0,9.0,,,1
19041,The Path Cab Svgn,33,10.424242424242424,10.0,2.077111922693127,4.3143939393939394,1
19045,San Polo Mezzopane 06 Toscan,1,11.0,11.0,,,1
19054,Chateau Gazin Pomerol 10,1,9.0,9.0,,,1
19055,Wolf Blass Yllw Lbl Cab Svgn,37,10.72972972972973,11.0,1.850655269066858,3.424924924924925,1
19056,Wolf Blass Yellow Lbl Chard,3,12.333333333333334,13.0,2.0816659994661326,4.333333333333333,1
19058,Chateau Camensac 10,1,8.0,8.0,,,1
19059,Chateau Carlmagnus 10,1,9.0,9.0,,,1
19061,Ch Olivier Pessac-Leognan 10,3,8.666666666666666,9.0,0.5773502691896257,0.3333333333333333,1
19062,Ch Olivier 10 Blanc Pessac-L,3,9.666666666666666,9.0,1.1547005383792517,1.3333333333333335,1
19070,J Lohr Est Bay Mist Rsl,10,12.0,12.0,1.632993161855452,2.6666666666666665,1
19071,J Lohr Valdiguie Monterey,7,11.285714285714286,11.0,2.0586634591635513,4.238095238095238,1
19072,Astoria Sparkling Moscato,1,12.0,12.0,,,1
19074,Roaring Meg Pnt Nr,30,9.7,10.0,1.9502431324996554,3.8034482758620682,1
19077,Ornellaia Bolgheri 10,2,11.0,11.0,2.8284271247461903,8.0,1
19088,Lagar de Bezana Aluvion Red,5,10.4,10.0,1.1401754250991378,1.2999999999999998,1
19091,Gen5 Cabernet Sauvignon,7,12.142857142857142,13.0,1.6761634196950517,2.8095238095238098,1
19105,Rex Goliath Red Moscato,1,14.0,14.0,,,1
19108,Toasted Head BB Oaked Svgn B,2,11.0,11.0,2.8284271247461903,8.0,1
19109,Estancia Cal Moscato,1,14.0,14.0,,,1
19118,Gandia El Miracle Mariscal,1,10.0,10.0,,,1
19120,Bodegas Borsao Berola,46,11.521739130434783,11.5,1.6698520285047562,2.7884057971014493,1
19121,Liberty School Pnt Nr CC,12,11.0,10.5,1.7056057308448835,2.909090909090909,1
19122,Liberty School Merlot CC,43,11.55813953488372,12.0,1.9061595094074735,3.63344407530454,1
19124,Ch la Cour d'Argent Bordeaux,3,7.666666666666667,7.0,1.1547005383792517,1.3333333333333335,1
19125,Ch Poujeaux 10 Moulis,2,10.0,10.0,2.8284271247461903,8.0,1
19126,Delas Cotes du Rhone,52,10.76923076923077,11.0,1.905774348465732,3.6319758672699853,1
19127,Saracco Moscato d'Asti,47,10.808510638297872,11.0,1.9069472288398595,3.6364477335800194,1
19137,Gordon Est Cab Svgn Columbia,1,9.0,9.0,,,1
19148,Gerard Bertrand Picpoul Pint,11,11.818181818181818,11.0,1.250454462839956,1.5636363636363633,1
19150,Esclans Whispering Angel Ros,39,10.564102564102564,11.0,1.9840796858317191,3.936572199730093,1
19157,Inman Family Endless Crush,1,13.0,13.0,,,1
19158,Dom de La Petite Cassagne,15,9.933333333333334,10.0,1.334523278535216,1.7809523809523813,1
19160,Tommasi Tenuta Filo Prosecco,33,11.454545454545455,11.0,1.769373284013811,3.1306818181818183,1
19164,Tracia Malbec,42,11.976190476190476,12.5,1.787327958469457,3.194541231126597,1
19169,Anterra Chardonnay,4,12.75,13.0,1.2583057392117916,1.5833333333333333,1
19174,Cavicchioli Sw Italian Spkln,39,10.666666666666666,11.0,1.7065405655167962,2.9122807017543866,1
19175,Melini Chianti DOCG Riserva,35,10.82857142857143,11.0,1.7232956505369772,2.9697478991596635,1
19176,Sutter Home Red Moscato,6,10.833333333333334,10.5,1.9407902170679516,3.766666666666667,1
19179,Carnaval Red Moscato Sparklg,1,7.0,7.0,,,1
19189,Castello di Meleto Chianti,7,12.0,12.0,1.8257418583505538,3.3333333333333335,1
19190,Noble Vines 242 Svgn Bl,51,10.705882352941176,11.0,1.8792989932105941,3.5317647058823525,1
19191,Noble Vines 1 Red Blend,49,10.63265306122449,11.0,1.900590670807153,3.6122448979591835,1
19192,Tangent Svgn Bl,29,9.862068965517242,10.0,2.099730219593434,4.4088669950738915,1
19199,La Crema Pnt Gris Monterey,54,10.351851851851851,10.0,1.7173631324159173,2.9493361285814115,1
19201,Jadot 12 Steel Chard,5,12.0,12.0,2.1213203435596424,4.5,1
19204,Pinecroft Pnt Grigio,4,11.5,11.5,1.2909944487358056,1.6666666666666667,1
19215,Dom Vacheron Sancerre Blanc,47,11.51063829787234,12.0,1.6923400370818162,2.864014801110083,1
19216,Chronic Cellars Sofa King,10,10.6,10.5,2.0110804171997807,4.044444444444444,1
19217,Chronic Cellars Dead Nuts,3,10.333333333333334,10.0,2.516611478423583,6.333333333333333,1
19218,Veuve Clicquot Brut Grande,32,10.34375,10.5,1.9610625000321276,3.845766129032258,1
19219,Eppa White Sangria Organic,17,11.882352941176471,13.0,1.8668942438303942,3.485294117647059,1
19220,Veuve Clicquot Gold Label,47,10.638297872340425,11.0,1.9496435785179416,3.8011100832562446,1
19223,Trimbach Pnt Bl,52,10.942307692307692,11.0,2.004049444993532,4.016214177978884,1
19224,Miraval Cotes de Prvnce Rose,52,10.461538461538462,10.5,2.118652350624196,4.48868778280543,1
19228,San Callisto Montepulcno 09,2,10.5,10.5,2.1213203435596424,4.5,1
19231,Tasca D'Almerita Rosso 06,2,10.5,10.5,2.1213203435596424,4.5,1
19233,Tasca D'Almerita Leone 11,3,9.666666666666666,10.0,0.5773502691896257,0.3333333333333333,1
19236,Tasca D'Almerita Lamuri Nero,2,11.5,11.5,3.5355339059327378,12.5,1
19243,Simply Naked Unoaked Pnt Nr,6,12.0,12.0,1.4142135623730951,2.0,1
19244,Trimbach Riesling,46,10.956521739130435,11.0,2.0325847992601873,4.131400966183575,1
19245,Hidden Crush Chard Cntrl Cst,3,12.666666666666666,13.0,1.5275252316519468,2.3333333333333335,1
19246,Hidden Crush Cab Svgn C Cst,4,13.0,13.0,1.1547005383792515,1.3333333333333333,1
19247,Schug Sonoma Cnty Chard,1,13.0,13.0,,,1
19249,Educated Guess Chard,32,11.875,12.5,1.80947327926861,3.274193548387097,1
19251,Bonterra Pnt Nr,5,13.6,14.0,0.5477225575051662,0.30000000000000004,1
19252,Camp Cab Svgn Sonoma County,7,7.428571428571429,7.0,1.2724180205607036,1.6190476190476193,1
19253,Camp Chard Sonoma Cnty,8,7.75,7.0,2.5495097567963922,6.5,1
19254,Yosemite Road Moscato,9,11.666666666666666,12.0,1.5,2.25,1
19255,Yosemite Road Red,1,7.0,7.0,,,1
19258,The Beach House Chard,53,10.49056603773585,11.0,2.1628208211058535,4.677793904208999,1
19259,The Beach House Red,3,9.0,7.0,3.4641016151377544,12.0,1
19260,The Beach House Pinot Grigio,53,10.584905660377359,11.0,2.1611425242587896,4.670537010159652,1
19262,Eden Orleans Bitter,4,11.0,11.5,3.1622776601683795,10.0,1
19264,Dom de Marcoux 12 Nerf Rouge,2,13.0,13.0,0.0,0.0,1
19265,Tom Eddy Mt Veeder Cab S Rsv,2,14.0,14.0,0.0,0.0,1
19267,Tom Eddy Manchster Ridge Pnt,7,12.0,13.0,2.449489742783178,6.0,1
19269,Peter Paul Live Free or Die,40,10.65,11.0,1.8885620632287061,3.5666666666666673,1
19270,Veuve Clicquot Brut Yellow,53,10.641509433962264,11.0,1.9124525094419542,3.6574746008708283,1
19271,Veuve Clicquot Rose,19,10.842105263157896,11.0,1.9794263449218716,3.91812865497076,1
19275,Stones Currant Ginger Flavor,3,12.0,12.0,1.0,1.0,1
19276,Pali Tower 15 The Winery,11,9.909090909090908,10.0,1.7002673586554238,2.8909090909090915,1
19282,Penfolds Bin 8 Cab Svgn/Shir,38,11.368421052631579,11.0,1.699301170061339,2.8876244665718356,1
19283,Roscato Bianco,52,10.884615384615385,11.0,2.025851030601719,4.104072398190046,1
19284,The Curator White,1,7.0,7.0,,,1
19285,The Curator Red,3,9.666666666666666,10.0,1.5275252316519468,2.3333333333333335,1
19293,Robert Sinskey Pnt Nr,8,11.375,12.0,2.5035688811888406,6.267857142857143,1
19302,Tomaiolo Chianti Clsco Rsva,52,10.692307692307692,10.5,1.7991115622086922,3.2368024132730007,1
19304,Dalton Canaan Red,1,13.0,13.0,,,1
19312,Carmel Rd Liberated Rsl,3,11.666666666666666,12.0,1.5275252316519468,2.3333333333333335,1
19315,Rombauer Cab Svgn Diamond,6,11.833333333333334,12.5,2.316606713852541,5.366666666666667,1
19316,Lyric by Etude Pnt Nr,10,12.4,13.0,1.6465452046971292,2.711111111111111,1
19318,Ch Leoville-Barton Gr Cru 09,4,8.0,8.0,2.581988897471611,6.666666666666667,1
19320,Merriam Danielle Svgn Bl RRV,30,10.366666666666667,10.0,2.2358109434191085,4.998850574712644,1
19321,Goats Do Roam White,2,9.5,9.5,2.1213203435596424,4.5,1
19322,Kirkland Signature Chard,1,12.0,12.0,,,1
19329,Ca Del Monte Amarone Red,25,11.12,12.0,1.8101565309847287,3.276666666666667,1
19334,Amadeo Chianti,1,13.0,13.0,,,1
19336,Moletto Prosecco,51,9.980392156862745,10.0,1.6430483386490047,2.6996078431372545,1
19337,Robert Mondavi Chard Rsv,1,14.0,14.0,,,1
19340,Cannonball Svgn Bl,30,11.2,11.0,1.7888543819998322,3.200000000000001,1
19343,Tres Ojos Old Vines Garnacha,1,11.0,11.0,,,1
19344,Montebuena Rioja,2,12.5,12.5,2.1213203435596424,4.5,1
19345,Jip Jip Rocks Shiraz/CabSvgn,4,12.0,12.5,1.4142135623730951,2.0,1
19346,Mt Monster Cab Svgn,7,10.285714285714286,10.0,1.6035674514745464,2.5714285714285716,1
19347,The Royal Chenin Blanc,2,11.0,11.0,2.8284271247461903,8.0,1
19349,Trimbach Pnt Gris Rsv,4,10.25,10.0,2.0615528128088303,4.25,1
19353,Finca La Linda Rose Malbec,1,10.0,10.0,,,1
19356,C Y Toro Marques Cs Cab Svgn,47,10.702127659574469,11.0,1.7682574770343493,3.126734505087882,1
19357,Kendall Jackson Vntnr Rsv Ch,54,10.407407407407407,10.0,1.7213259316477407,2.9629629629629624,1
19360,Finca La Linda Cab Svgn,30,10.933333333333334,11.0,1.9286109586656033,3.719540229885057,1
19361,Finca La Linda Bonarda,1,14.0,14.0,,,1
19364,Luigi Bosca Chard,11,11.454545454545455,12.0,1.6348477827391983,2.672727272727273,1
19368,Luigi Bosca Malbec SV DOC,2,13.0,13.0,1.4142135623730951,2.0,1
19369,Luigi Bosca de Sangre,2,9.5,9.5,2.1213203435596424,4.5,1
19370,Barefoot Perfectly Pink,18,10.88888888888889,10.5,2.166289559942608,4.692810457516339,1
19372,Liberty Creek Pink Moscato,3,12.0,13.0,2.6457513110645907,7.0,1
19374,The Naked Grape Cab Svgn,6,11.333333333333334,11.0,2.3380903889000244,5.466666666666667,1
19375,The Naked Grape Chard,3,12.333333333333334,14.0,2.8867513459481287,8.333333333333332,1
19376,The Naked Grape Pnt Grigio,54,11.148148148148149,11.0,1.8974402559258163,3.600279524807827,1
19377,The Naked Grape Pnt Nr,1,14.0,14.0,,,1
19379,Mia Dolcea Pink Moscato,1,10.0,10.0,,,1
19380,O Wines Red,1,14.0,14.0,,,1
19381,O Wines Chard,42,10.904761904761905,11.0,2.0813870118619224,4.332171893147502,1
19382,Anew Rsl,44,10.863636363636363,11.0,2.018414172480512,4.073995771670191,1
19391,Ch Hyot Castillon Brdx,1,10.0,10.0,,,1
19392,Dom Virginie Thunevin Brdx,5,10.8,10.0,1.30384048104053,1.7000000000000004,1
19394,Dom du Gr Montmirall Gigonda,33,11.545454545454545,11.0,1.9379581569739368,3.755681818181818,1
19395,Adissat Gabrielle Ch du Pape,1,9.0,9.0,,,1
19396,La Petite Maison Ventoux Bl,2,13.5,13.5,0.7071067811865476,0.5,1
19397,Thunevin Calvet Cuvee Constn,23,11.217391304347826,11.0,2.0216222500108993,4.086956521739131,1
19398,Philippe Herard Bl de Blanc,2,13.0,13.0,0.0,0.0,1
19403,The Seeker Rose,2,11.5,11.5,3.5355339059327378,12.5,1
19406,Dow's 10 Yr Old Tawny Port,18,11.333333333333334,11.5,2.1143765594836976,4.470588235294118,1
19414,Rainstorm Pnt Gris,10,12.5,13.0,1.6499158227686108,2.7222222222222223,1
19417,Latour 11 Merslt-Blgny P Cru,1,11.0,11.0,,,1
19418,Latour 11 Corton-Chrl Bl AC,3,9.666666666666666,10.0,0.5773502691896257,0.3333333333333333,1
19419,Kendall Jackson Vnts RSV Cab,48,10.479166666666666,10.5,1.7380544678845173,3.020833333333333,1
19430,Taittinger La Francaise,9,10.555555555555555,10.0,2.242270674512285,5.027777777777778,1
19435,Jean Luc Colombo Ruchets 07,1,11.0,11.0,,,1
19443,Cave de Tain St Joseph Red,3,11.333333333333334,11.0,0.5773502691896257,0.3333333333333333,1
19444,Cave de Tain Syrah,2,9.0,9.0,0.0,0.0,1
19451,Souverain Svgn Bl No Coast,44,11.159090909090908,11.0,1.9282861630025407,3.718287526427061,1
19452,Trois Couronnes CdR Red,37,10.513513513513514,10.0,2.0223971148342974,4.09009009009009,1
19453,Wente Southern Hill Cab Svgn,54,10.796296296296296,11.0,1.8971640168363082,3.599231306778476,1
19454,J Vineyards Vin Gris Rose RR,7,10.857142857142858,10.0,2.2677868380553634,5.142857142857142,1
19458,Ruffino Unoaked Chard Toscna,41,11.365853658536585,12.0,1.6845785461202991,2.8378048780487806,1
19459,Verite La Muse Red Sonoma,1,11.0,11.0,,,1
19464,Flagstone Noon Gun White,8,11.125,12.5,2.6958963523950885,7.267857142857143,1
19465,Flagstone Longitude Red,6,10.166666666666666,9.5,1.9407902170679516,3.766666666666667,1
19484,Thorny Rose Pnt Grigio,2,11.5,11.5,3.5355339059327378,12.5,1
19485,R Mondavi Rsv Cab Svgn,7,11.714285714285714,12.0,1.889822365046136,3.571428571428571,1
19486,Franciscan Equilibrium White,40,11.525,12.0,1.7244471429179695,2.9737179487179484,1
19488,Ram Island Mead Iced Tea,22,11.818181818181818,13.0,1.9672645653622367,3.87012987012987,1
19489,Heavyweight Cab Svgn,26,10.76923076923077,10.5,1.9454087962727487,3.7846153846153845,1
19494,Lincourt Lindsays Pnt Nr,18,11.5,12.0,1.7904977947322853,3.2058823529411766,1
19497,Tintonegro Mendocino Malbec,14,10.357142857142858,10.5,1.9057460827371866,3.631868131868132,1
19502,Nostor Templari Priorat Red,4,10.25,10.0,0.5,0.25,1
19507,Geyser Peak Svgn Bl,45,10.733333333333333,11.0,1.911686547147689,3.6545454545454534,1
19511,DeMorgenzon DMZ Cab Rose,1,9.0,9.0,,,1
19513,SakeMoto Junmai Sake,37,11.91891891891892,12.0,1.8764383872168628,3.521021021021021,1
19518,Hugel Riesling,2,10.0,10.0,0.0,0.0,1
19522,Banshee 12 Marine Layer Pnt,2,11.0,11.0,0.0,0.0,1
19526,Rhone Roger Sabon 13 CDR Rou,1,9.0,9.0,,,1
19531,Claude Riffault Les Boucauds,38,11.342105263157896,11.0,1.615404154759667,2.609530583214794,1
19544,Freemark Abbey Viognier,2,13.0,13.0,0.0,0.0,1
19545,Darkhorse Red,53,11.20754716981132,11.0,1.8642227764492691,3.475326560232222,1
19547,Ch Ste Michelle Chard Mimi,4,10.75,10.5,2.5,6.25,1
19549,Opici White Sangria,53,11.79245283018868,12.0,1.7905573967347297,3.2060957910014523,1
19552,Tenuta Alzatura Sagrantino,7,10.428571428571429,9.0,2.5071326821120348,6.285714285714286,1
19553,Insomnia Pnt Grigio,2,11.0,11.0,2.8284271247461903,8.0,1
19554,Insomnia Cab Svgn,38,11.973684210526315,12.0,1.5851820955209441,2.512802275960172,1
19556,Zorvino Bacca Z Blackberry,53,9.867924528301886,10.0,1.8401268335159005,3.3860667634252546,1
19557,Zorvino Fragole Z Strawberry,52,9.807692307692308,10.0,1.950751102589306,3.805429864253393,1
19558,Verite La Joie Red Sonoma,2,10.0,10.0,1.4142135623730951,2.0,1
19559,Cardinale Cab Svgn Napa Vly,2,10.0,10.0,1.4142135623730951,2.0,1
19566,Contratto 08 Milesimato Brut,6,11.333333333333334,11.0,1.505545305418162,2.2666666666666666,1
19568,14 Hands Moscato,7,11.571428571428571,11.0,1.511857892036909,2.285714285714286,1
19571,Mt Brave Cab Svgn Mt Veeder,7,11.428571428571429,12.0,1.511857892036909,2.285714285714286,1
19572,Anakota Cab Svgn Helena Dako,2,12.5,12.5,0.7071067811865476,0.5,1
19574,Il Fauno Di Arcanum Toscana,1,12.0,12.0,,,1
19576,Quinta do Casal Monteiro,5,10.2,11.0,2.7748873851023212,7.699999999999999,1
19577,Forma de Art Red,32,10.5,10.5,1.8665130505147656,3.4838709677419355,1
19581,Girard Cab Svgn,47,11.53191489361702,12.0,1.8397904397416198,3.384828862164663,1
19583,Lokoya Mt Veeder Cab Svgn,5,11.2,11.0,1.0954451150103324,1.2000000000000002,1
19584,Ciacci 07 Piccolomino Brunlo,1,13.0,13.0,,,1
19586,Ch Godeau St Emilion 10 Cru,1,11.0,11.0,,,1
19588,Ch Lafaurie-Peyragey Saut 10,3,8.666666666666666,8.0,1.1547005383792517,1.3333333333333335,1
19590,Haut-Carles Fronsac 10,1,9.0,9.0,,,1
19591,Goulee Cos d'Estournel 10,2,10.0,10.0,2.8284271247461903,8.0,1
19592,Ch Fonroque St Emilion 10,1,12.0,12.0,,,1
19594,Ch Doisy Daene Gr Vin Sec 10,2,9.0,9.0,0.0,0.0,1
19595,Ch Doisy Daene Sauternes 10,2,10.0,10.0,1.4142135623730951,2.0,1
19597,Ch Coutet Sauternes-Barsc 10,1,9.0,9.0,,,1
19598,Ch Coufran Haut Medoc 10,2,7.0,7.0,2.8284271247461903,8.0,1
19603,Ch Jean De Gue Lalande 10,2,10.0,10.0,1.4142135623730951,2.0,1
19604,Ch Lacoste-Borie Pauillac 10,1,8.0,8.0,,,1
19606,Ch Fontenil Fronsac 10,1,9.0,9.0,,,1
19608,Ch Rollan de By Bourgeois 10,2,11.5,11.5,0.7071067811865476,0.5,1
19609,Ch Guiraud Sauternes 10,2,9.0,9.0,0.0,0.0,1
19610,Ch Rieussec Gr Cru 10 Sauter,3,8.333333333333334,9.0,1.1547005383792517,1.3333333333333335,1
19611,Veuve Clicquot Brut Yellow,52,10.634615384615385,11.0,1.8685093791979825,3.49132730015083,1
19612,Ch Petit Bocq Cru Borgeos 10,1,5.0,5.0,,,1
19617,Ch Suduiraut Sauternes 10,1,8.0,8.0,,,1
19618,Ch Lafon-Rochet St Estphe 10,5,8.6,9.0,1.1401754250991378,1.2999999999999998,1
19621,Ch Rol Valentin 10,3,8.333333333333334,8.0,0.5773502691896257,0.3333333333333333,1
19630,Ch Bernadotte 10 Haut Medoc,5,9.8,9.0,1.6431676725154984,2.7,1
19632,Ch de Pez 10 St Estephe Brdx,1,12.0,12.0,,,1
19635,Ch St Jean Pnt Nr Sonoma Cst,38,10.578947368421053,10.0,1.9120044519252766,3.655761024182077,1
19636,Ch St Jean Chard Sonoma Cst,45,10.422222222222222,10.0,1.8151995744130989,3.294949494949495,1
19637,Vincent Girardin Bour Bl 11,9,11.555555555555555,12.0,1.6666666666666667,2.7777777777777777,1
19645,Line 39 Pnt Nr,54,10.666666666666666,10.5,1.8119102814224903,3.2830188679245285,1
19646,JP Chenet Pnt Noir,35,10.628571428571428,10.0,1.895594184134455,3.5932773109243703,1
19647,JP Chenet Chard,1,11.0,11.0,,,1
19648,Dachshund Rsl,6,10.333333333333334,11.0,2.065591117977289,4.266666666666667,1
19652,Alias Chard,4,10.5,11.0,1.7320508075688772,3.0,1
19653,Alias Cab Svgn,6,9.833333333333334,9.5,2.136976056643281,4.566666666666667,1
19654,Manifesto! Znfdl,3,11.0,11.0,1.0,1.0,1
19655,Manifesto! Svgn Bl,1,9.0,9.0,,,1
19656,Manifesto! Chard No Cst,4,10.5,10.5,1.2909944487358056,1.6666666666666667,1
19657,Manifesto! Cab Svgn,5,11.6,12.0,1.816590212458495,3.3,1
19658,Hogwash Rose,3,11.666666666666666,11.0,2.081665999466133,4.333333333333334,1
19660,Red Sox Club Series Cab Svgn,11,10.272727272727273,11.0,1.8488325554743508,3.418181818181818,1
19661,Red Sox Club Series Chard Rs,6,10.0,10.0,0.8944271909999159,0.8,1
19662,Santa Rita 120 Svgn Bl,55,10.909090909090908,11.0,2.0482397797343443,4.195286195286195,1
19663,Silver Palm 12 Chard No Cst,4,11.75,11.5,0.9574271077563381,0.9166666666666666,1
19668,Gnarly Head Malbec,51,10.568627450980392,11.0,1.8682066476788302,3.490196078431373,1
19669,Murphy-Goode Homefront Red,13,11.153846153846153,11.0,1.6251232694862385,2.6410256410256414,1
19671,14 Hands Pinot Grigio,53,10.81132075471698,11.0,1.9518886689325066,3.809869375907112,1
19672,Ladera Stile Blocks Cab Napa,3,10.666666666666666,11.0,1.5275252316519468,2.3333333333333335,1
19673,Tavernello Pinot Grigio IGT,1,12.0,12.0,,,1
19680,Ch Certan De May de Certan,1,13.0,13.0,,,1
19684,Ch Magdelaine 10 St Emilion,1,12.0,12.0,,,1
19687,BT Termanthia 10 Toro Red,5,10.8,11.0,1.7888543819998317,3.2,1
19693,Fish Eye Moscato,5,11.4,11.0,1.1401754250991378,1.2999999999999998,1
19694,Ch Pichon Longueville Rsv Co,1,12.0,12.0,,,1
19695,Ch Bernadotte 10 Haut Medoc,2,11.0,11.0,1.4142135623730951,2.0,1
19699,Seratina Primitivo,8,10.75,10.5,1.9820624179302297,3.9285714285714284,1
19700,Heinrich Vollmer Riesling,4,11.75,12.0,1.5,2.25,1
19703,Round Hill Chard,1,13.0,13.0,,,1
19705,Ch Tuiliere White Brdx,2,10.5,10.5,4.949747468305833,24.5,1
19706,St Jean des Sources Picpoul,5,9.4,9.0,2.8809720581775866,8.3,1
19709,Soul Sister Pnt Nr,1,11.0,11.0,,,1
19710,JP Chenet Merlot/Cab,3,9.666666666666666,10.0,1.5275252316519468,2.3333333333333335,1
19713,Anne Pichon Gris Montagne Ro,1,6.0,6.0,,,1
19715,Slices Sangria Red,2,8.5,8.5,0.7071067811865476,0.5,1
19720,Cutler Creek Wh Znfdl,2,9.5,9.5,2.1213203435596424,4.5,1
19721,Cutler Creek Chard,3,11.0,11.0,2.0,4.0,1
19722,Taittinger Brut Millesime,1,13.0,13.0,,,1
19725,Cutler Creek Merlot,3,11.333333333333334,11.0,0.5773502691896257,0.3333333333333333,1
19732,Rib Shack Red,3,11.666666666666666,12.0,1.5275252316519468,2.3333333333333335,1
19735,Beringer Quantum Red Napa Vl,12,10.5,10.0,2.23606797749979,5.0,1
19736,Sledgehammer Zinfandel,2,9.5,9.5,0.7071067811865476,0.5,1
19737,Sledgehammer Forged Red,1,12.0,12.0,,,1
19739,Sledgehammer Cab Svgn,3,10.666666666666666,10.0,2.081665999466133,4.333333333333334,1
19740,Ch St Jean Alexander Cab Svg,41,10.512195121951219,10.0,1.6143412157829615,2.60609756097561,1
19746,Van Ruiten Family Cab Svgn,1,14.0,14.0,,,1
19747,Van Ruiten Family Chard,1,10.0,10.0,,,1
19748,Clos du Bois Chard,55,11.290909090909091,12.0,1.6961036751235687,2.8767676767676766,1
19750,Glory Days Merlot,1,12.0,12.0,,,1
19754,BV Coastal Estate Moscato,1,7.0,7.0,,,1
19755,Velvet Crush Red Blend,28,9.821428571428571,9.5,2.07370792308477,4.300264550264551,1
19757,Velvet Crush Cab Svgn,2,11.5,11.5,2.1213203435596424,4.5,1
19760,Rose'N'Blum Red Moscato,3,9.666666666666666,10.0,1.5275252316519468,2.3333333333333335,1
19762,Rex Goliath Pink Pnt Grigio,3,11.333333333333334,10.0,2.3094010767585034,5.333333333333334,1
19763,M D 20/20 Coco Loco,26,11.076923076923077,11.5,1.7871335019651313,3.193846153846154,1
19767,Smoking Loon Moscato,2,12.0,12.0,0.0,0.0,1
19768,B & G CDP Rose,20,10.55,10.0,1.6050905860647506,2.576315789473685,1
19769,Kismet Wine Papa's All-Black,1,11.0,11.0,,,1
19782,Marques de Caceres Gran RSV,45,10.555555555555555,11.0,2.0621651855574648,4.2525252525252535,1
19783,Penfolds Bin 169 Cab Svgn,1,10.0,10.0,,,1
19785,Warre's Vintage Port 2011,1,12.0,12.0,,,1
19786,Warre's Vintage Port 2011,2,12.0,12.0,0.0,0.0,1
19787,Bota Mini RedVolution,9,11.666666666666666,12.0,2.2912878474779204,5.250000000000001,1
19789,Atalon Svgn Bl Napa Valley,4,13.0,13.0,0.816496580927726,0.6666666666666666,1
19790,Anderra Carmenere,1,13.0,13.0,,,1
19796,San Zopito Montepulciano d'A,2,7.0,7.0,1.4142135623730951,2.0,1
19797,Lucanto Montepulciano d'Abru,1,10.0,10.0,,,1
19798,Jadot Beaujolais Villages,4,12.5,13.5,2.3804761428476167,5.666666666666667,1
19799,Belle Glos Dairyman Vyd PN,23,11.826086956521738,12.0,1.8986160967936496,3.604743083003953,1
19806,Exem Brdx,24,9.916666666666666,10.0,1.8862584696941067,3.5579710144927534,1
19807,Mont Gravet Colombard,7,10.0,11.0,2.0,4.0,1
19809,Ch Lassegue 07 St Emilion AC,5,11.0,11.0,1.8708286933869707,3.5,1
19814,Rodney Strong Charlottes Svg,50,11.46,11.5,1.886688060261869,3.5595918367346937,1
19817,Ninety Cellars Lot 92 Merlot,2,9.5,9.5,0.7071067811865476,0.5,1
19818,Ninety+Cellars Lot 90 Rosso,1,7.0,7.0,,,1
19821,Castello Chianti Classico,53,11.49056603773585,12.0,1.8669456906673283,3.4854862119013075,1
19822,Ch LaGrange 10 Brdx,3,10.666666666666666,11.0,1.5275252316519468,2.3333333333333335,1
19824,Ch Lalande Boire 10 Brdx,1,9.0,9.0,,,1
19825,Ch Monbousquet 10 Brdx,1,9.0,9.0,,,1
19827,Pomino Chard,16,11.5625,11.5,1.7114808402861736,2.9291666666666667,1
19831,Cesari Boscarel,41,11.829268292682928,12.0,1.8014222023777524,3.2451219512195117,1
19832,Altadonna Vermentino,1,14.0,14.0,,,1
19833,Terra di Montevero Toscana,3,9.666666666666666,9.0,1.1547005383792517,1.3333333333333335,1
19834,Sauska Tokaji Aszu,1,14.0,14.0,,,1
19835,Luiano Rosato,2,14.0,14.0,0.0,0.0,1
19836,Zorah Red,2,12.0,12.0,1.4142135623730951,2.0,1
19841,Ch Clos Fourtet 10 Brdx,1,12.0,12.0,,,1
19842,Ch Les Flefs de LaGrange 10,2,9.0,9.0,0.0,0.0,1
19845,The Rule Cab Svgn Napa Vly,4,11.75,12.0,1.5,2.25,1
19847,Nanna's Short Cake Znfdl,24,10.625,10.5,2.222659981037214,4.940217391304348,1
19848,Carnivor Cab Svgn,54,11.24074074074074,11.0,1.9125719637237402,3.6579315164220834,1
19849,Barefoot Cellars Malbec,24,11.458333333333334,11.0,1.793203755891931,3.215579710144928,1
19850,Barefoot Cellars Malbec,44,11.113636363636363,11.0,1.845370185222304,3.4053911205074003,1
19855,Davis Bynum Jane's Vyd Pnt,40,11.5,11.5,1.7831116564834573,3.1794871794871793,1
19860,Rex Goliath Red Moscato,4,12.5,13.0,1.9148542155126762,3.6666666666666665,1
19861,Rex Goliath Pnt Gri,1,14.0,14.0,,,1
19862,Rex Goliath American Chard,1,14.0,14.0,,,1
19863,Rex Goliath Cab Svgn,1,14.0,14.0,,,1
19865,Clarendelle Brdx Rouge,5,12.0,11.0,1.8708286933869707,3.5,1
19866,Clarendelle Brdx Blanc,2,12.0,12.0,1.4142135623730951,2.0,1
19867,Tierra de Antes Malbec Mndza,2,10.0,10.0,1.4142135623730951,2.0,1
19870,Yellow Tail Sangria,54,11.481481481481481,11.5,1.8504537000090027,3.4241788958770076,1
19871,Yellow Tail Sangria,2,10.0,10.0,0.0,0.0,1
19881,Pravis Pnt Grigio Vignetti,4,11.75,12.0,2.217355782608345,4.916666666666667,1
19887,Guasti Clemente Barolo Rsva,5,11.6,12.0,1.6733200530681511,2.8,1
19895,Skeleton Malbec,52,11.961538461538462,12.0,1.6915190813033334,2.861236802413273,1
19896,Masi Soave 2012 Classico,24,10.875,10.5,1.9849980834510514,3.9402173913043477,1
19906,The Pessimist Cab Svgn,1,9.0,9.0,,,1
19908,Ravenswood Besieged Red,35,11.142857142857142,11.0,1.647508942095828,2.714285714285714,1
19909,6 Degrees Chard,1,11.0,11.0,,,1
19914,Gum Drop Pink Moscato,6,11.333333333333334,11.0,1.632993161855452,2.6666666666666665,1
19925,Green Lip Svgn Bl,1,12.0,12.0,,,1
19926,Santa Rita RSV Svgn Bl,50,10.94,11.0,2.0445048300260873,4.18,1
19934,Perrin Cotes du Rhone RSV Rg,54,10.462962962962964,10.5,2.080574693493639,4.328791055206149,1
19935,Cielo Pnt Grigio,28,10.785714285714286,11.0,2.0431845669452318,4.174603174603174,1
19936,Prendo Pnt Grigio,7,8.714285714285714,9.0,1.8898223650461359,3.5714285714285707,1
19940,Bogle Petite Sirah,54,11.481481481481481,11.5,1.8504537000090027,3.4241788958770076,1
19942,Viu Manent Estate Rsv Malbec,6,10.0,10.0,3.40587727318528,11.6,1
19943,Viu Manent Rsva Svgn Blanc,1,8.0,8.0,,,1
19944,Cielo Pnt Grigio,13,9.846153846153847,10.0,2.2673829938997163,5.141025641025641,1
19945,Cocchi Americano Rossa,1,10.0,10.0,,,1
19946,Dolin Sweet White Vermouth,11,10.181818181818182,10.0,2.315952582337636,5.363636363636364,1
19947,Josh Cellars Svgn Bl,54,11.481481481481481,11.5,1.8504537000090027,3.4241788958770076,1
19948,Josh Cellars Pnt Nr,53,11.433962264150944,11.0,1.83459735639379,3.365747460087083,1
19949,Warre's Quinta Cavadinha,2,12.5,12.5,0.7071067811865476,0.5,1
19951,Warre's Vintage Port 2000,2,8.5,8.5,0.7071067811865476,0.5,1
19954,Ch Cos d'Estournel 10,2,12.5,12.5,0.7071067811865476,0.5,1
19955,Ch La Croix de Beaucailou 10,1,10.0,10.0,,,1
19960,La Noble Chard Unoaked,7,10.142857142857142,9.0,1.6761634196950517,2.8095238095238098,1
19961,Dom du Pegau Chntf du Pape R,3,10.666666666666666,9.0,2.8867513459481287,8.333333333333332,1
19962,St Francis Merlot,53,10.849056603773585,11.0,2.079166127368358,4.3229317851959355,1
19963,Penya Rouge Vin d Pays,31,10.548387096774194,10.0,2.110903592894432,4.455913978494623,1
19966,Ch Alter Ego 10 Brdx,1,12.0,12.0,,,1
19967,Ch Branaire Ducru 10 Brdx,1,12.0,12.0,,,1
19968,Ch Clerc Milon 10,1,12.0,12.0,,,1
19969,Ch D'Issan 10 Brdx,1,9.0,9.0,,,1
19970,Ch Ducru Beaucallou 10,2,12.5,12.5,0.7071067811865476,0.5,1
19971,Ch Le Bon Pasteur 10 Brdx,1,9.0,9.0,,,1
19972,Ch Montrose 10,4,11.25,11.5,1.707825127659933,2.9166666666666665,1
19977,Hideyoshi Namacho Honjozo Sa,25,10.52,10.0,1.8511257835886428,3.4266666666666663,1
19980,Tin Roof Cab Svgn,1,11.0,11.0,,,1
19988,Querceto Il Picchio Chianti,1,14.0,14.0,,,1
19989,Querceto Sangiovese,14,12.0,12.5,1.9611613513818404,3.8461538461538463,1
19990,Sauvion Rose d'Anjou,7,12.0,13.0,2.0,4.0,1
19995,Ravenswood Barricia Znfdl,12,11.583333333333334,12.0,1.928651593652148,3.71969696969697,1
19996,Inspired Red Blend CA,18,11.11111111111111,11.0,1.7452081921613043,3.045751633986928,1
20000,Soter Vyds Planet Oregon Pnt,2,13.0,13.0,0.0,0.0,1
20001,Soter Vyds North Vly Pnt Nr,1,11.0,11.0,,,1
20002,Soter Vyds Mineral Springs P,1,13.0,13.0,,,1
20008,Steele Out Kaste Lke Cty Red,3,12.0,13.0,2.6457513110645907,7.0,1
20016,Camelot Pnt Nr,1,11.0,11.0,,,1
20018,Camelot Cab Svgn,2,10.5,10.5,0.7071067811865476,0.5,1
20019,Camelot Chard,1,10.0,10.0,,,1
20023,Inglenook Cask Cab Svgn,5,10.8,12.0,2.6832815729997477,7.2,1
20024,Inglenook Rubicon 09,11,10.818181818181818,11.0,1.721521525754576,2.9636363636363634,1
20030,Trivento Rsv Cab Malbec,46,10.695652173913043,11.0,1.7367858592160828,3.0164251207729467,1
20038,Torii Mor Pnt Nr Deux Verres,2,11.0,11.0,0.0,0.0,1
20050,Occhio A Vento Vermentino,1,11.0,11.0,,,1
20055,Ch Haut Bailey 10 Brdx,1,13.0,13.0,,,1
20056,Ch Rauzan-Segla 10 Brdx,2,12.0,12.0,0.0,0.0,1
20057,Ch Lascombes 10 Brdx,4,10.5,10.5,1.2909944487358056,1.6666666666666667,1
20058,Ch Picon Longueville Comt 10,3,11.333333333333334,12.0,1.1547005383792517,1.3333333333333335,1
20060,Ch Troplong Mondot 10 Brdx,1,13.0,13.0,,,1
20061,Ch Pavie 10 Brdx,2,12.5,12.5,0.7071067811865476,0.5,1
20062,Ch Angelus 10 Brdx,2,12.5,12.5,0.7071067811865476,0.5,1
20063,Ch Cheval Blanc 10 Brdx,2,12.5,12.5,0.7071067811865476,0.5,1
20064,Ch Grand Leoville 10 Brdx,3,10.666666666666666,11.0,2.516611478423583,6.333333333333333,1
20066,Ch Pagodes de Cos 10 Brdx,1,13.0,13.0,,,1
20067,Ch Bellevue Mondotte 10 Brdx,1,12.0,12.0,,,1
20075,Rampolla Sammarco Toscna IGT,1,13.0,13.0,,,1
20082,Maison Nicolas Merlot,1,11.0,11.0,,,1
20088,Camp Merlot Sonoma Cnty,3,7.0,7.0,0.0,0.0,1
20091,Dos Minas Malbec,18,8.166666666666666,8.0,1.7235394498804248,2.9705882352941173,1
20092,Dos Minas Torrontes,2,8.0,8.0,5.656854249492381,32.0,1
20093,Ch Beausejour Pentimento,2,9.5,9.5,3.5355339059327378,12.5,1
20095,Ch Monestier La Tour Blanc,1,12.0,12.0,,,1
20096,Milestone Red,25,11.36,11.0,1.6041612554021287,2.5733333333333337,1
20097,Milestone Cab Svgn,1,14.0,14.0,,,1
20098,Milestone Chard,23,11.217391304347826,11.0,1.756973682711022,3.086956521739131,1
20102,Julia James Pnt Nr,14,11.857142857142858,12.5,1.9158104473902606,3.6703296703296706,1
20105,Jonathan Edwards Znfdl Lodi,1,9.0,9.0,,,1
20108,Sassacaia,6,10.833333333333334,10.5,2.3166067138525404,5.366666666666665,1
20114,Wolfgang Puck Chard,3,10.0,9.0,2.6457513110645907,7.0,1
20118,Love Oregon Rsl,3,10.333333333333334,10.0,0.5773502691896257,0.3333333333333333,1
20119,Love Oregon Pnt Nr,4,11.25,11.5,0.9574271077563381,0.9166666666666666,1
20124,Bagordi Cosecha Rioja,1,7.0,7.0,,,1
20130,Pommerey Brut Rose Champagne,2,9.0,9.0,2.8284271247461903,8.0,1
20132,Jos Phelps Insignia 2010 Red,2,10.5,10.5,0.7071067811865476,0.5,1
20133,Fancy Pants Cab Svgn,1,11.0,11.0,,,1
20134,Fancy Pants Chard,1,8.0,8.0,,,1
20144,Ninety Cellars Lot 96 Chard,2,10.0,10.0,1.4142135623730951,2.0,1
20146,Ch Le Ringue Brdx,2,7.0,7.0,0.0,0.0,1
20149,Bodegas Borsao Wh Campo Brja,2,12.5,12.5,0.7071067811865476,0.5,1
20152,La Cote Blanche Mcon V Chard,50,10.9,11.0,1.8210783977117089,3.316326530612245,1
20160,F Coppola Sophia Chard,43,10.767441860465116,11.0,1.9498132914562134,3.8017718715393123,1
20161,F Coppola Votre Sante Ch Red,2,12.5,12.5,0.7071067811865476,0.5,1
20162,Hess Select Pnt Nr,35,11.657142857142857,12.0,1.9088471596729784,3.643697478991597,1
20165,Bonal Apertif,2,10.0,10.0,2.8284271247461903,8.0,1
20167,Plungerhead Lodi Cab Svgn,43,10.813953488372093,11.0,2.038391218507851,4.155038759689923,1
20170,Piazzo Dolcetto,14,10.5,10.0,1.9115036368906426,3.6538461538461537,1
20174,Dom Bousquet Pnt Nr Rsv,5,10.2,9.0,1.6431676725154982,2.6999999999999997,1
20176,Dom Bousquet Malbec Gr Rsv,1,12.0,12.0,,,1
20177,Robert Sinskey Abraxas,5,10.4,9.0,1.9493588689617927,3.8,1
20178,Robert Sinskey Pnt Bl,3,8.666666666666666,9.0,1.5275252316519468,2.3333333333333335,1
20180,Rosatello Sw Sparkling Rose,43,11.488372093023257,12.0,1.5942171242345435,2.5415282392026577,1
20181,Ruffino Prosecco,21,10.952380952380953,11.0,1.745743121887939,3.0476190476190474,1
20182,Washington Hills LH Rsl,22,10.909090909090908,11.0,2.021529145617269,4.086580086580086,1
20184,Charles & Charles Chard,2,11.0,11.0,0.0,0.0,1
20189,Steele 09 Bien Nacido Pnt Nr,1,11.0,11.0,,,1
20192,Byrrh Apertif,4,10.0,10.0,1.8257418583505538,3.3333333333333335,1
20200,Sea Smoke Chard,2,10.0,10.0,2.8284271247461903,8.0,1
20204,Dibon Cava Brut Rsv,52,9.865384615384615,10.0,1.7825829040902281,3.1776018099547514,1
20205,Dibon Cava Rosado,7,9.285714285714286,10.0,1.6035674514745464,2.5714285714285716,1
20213,Casa Ferreirinha Papas Figos,2,11.5,11.5,0.7071067811865476,0.5,1
20216,Conti Zecca Negroamaro 10,5,12.8,13.0,1.0954451150103324,1.2000000000000002,1
20217,Fancy Pants Red Blend,3,11.0,11.0,2.0,4.0,1
20218,Chocolate Cuvee,8,10.25,10.0,1.7525491637693282,3.0714285714285716,1
20222,Nantucket Vyd Chard,1,11.0,11.0,,,1
20224,Tommaso Bussola Amarone Clsc,1,8.0,8.0,,,1
20234,Ch Marquis d'Alesme,1,8.0,8.0,,,1
20250,Alma Negra Gran Almanegra,1,9.0,9.0,,,1
20251,Round Pond Est Svgn Bl Napa,33,10.666666666666666,11.0,2.1015867021530816,4.416666666666666,1
20252,Round Pond Est Cab Rutherfrd,3,10.333333333333334,9.0,2.3094010767585034,5.333333333333334,1
20253,Round Pond Est Cab Svgn K&K,15,10.8,11.0,1.9346465162548798,3.742857142857143,1
20255,Breca OV Garnacha Calatayud,39,11.307692307692308,11.0,1.6247080086465764,2.6396761133603235,1
20257,Zerran Tinto Montsant,1,11.0,11.0,,,1
20265,Louis Jadot Nuits St Geo 11,1,13.0,13.0,,,1
20274,Louis Jadot Chmble-Musgny 11,1,11.0,11.0,,,1
20316,Smith & Hook Cab Svgn,4,11.25,11.5,2.5,6.25,1
20317,Jonathan Edwards Svgn Bl,2,7.0,7.0,1.4142135623730951,2.0,1
20319,Jonathan Edwards Chard,2,7.0,7.0,1.4142135623730951,2.0,1
20324,The Peach Chenin Bl/Viognier,28,9.642857142857142,10.0,2.0223617604046735,4.08994708994709,1
20333,Mommy's Time Out Delicious R,1,7.0,7.0,,,1
20334,Drouet Freres Svgn Bl,3,10.333333333333334,12.0,2.8867513459481287,8.333333333333332,1
20339,Pol Roger Brut 2004,4,10.5,10.5,0.5773502691896257,0.3333333333333333,1
20343,Milbrandt Traditions Cab Svg,22,10.818181818181818,11.0,2.174229226018436,4.7272727272727275,1
20345,Milbrandt Rsl Columbia Vly,4,10.0,10.5,2.160246899469287,4.666666666666667,1
20353,Quinta da Cosaboa TintaBoa,1,11.0,11.0,,,1
20357,Apothic Dark,54,11.222222222222221,11.0,1.9295777880799656,3.723270440251573,1
20363,Altitude Project Chard,2,10.0,10.0,2.8284271247461903,8.0,1
20364,Altitude Project Cab Svgn,1,12.0,12.0,,,1
20375,Duval-Leroy Femme de Chmpgne,4,12.75,12.5,0.9574271077563381,0.9166666666666666,1
20376,Duval-Leroy Prestige Rose,1,14.0,14.0,,,1
20377,Duval-Leroy Prestige Rose,1,14.0,14.0,,,1
20382,Fabrizio Dionisio Rose Syrah,5,10.6,10.0,1.51657508881031,2.3,1
20383,Fabrizio Dionisio Cast Syrah,19,10.052631578947368,10.0,2.013114894621608,4.052631578947369,1
20384,Fabrizio Dionisio Il Cast Sy,1,9.0,9.0,,,1
20387,Antico Colle Chianti Colli,2,9.5,9.5,0.7071067811865476,0.5,1
20388,Antico Colle Toscana Rosso,2,10.0,10.0,0.0,0.0,1
20395,Antico Colle Rosso di Montep,32,10.28125,11.0,2.0037766761148648,4.015120967741935,1
20398,I Lauri Bajo Montepul d'Abru,52,9.846153846153847,10.0,2.03291170862951,4.132730015082955,1
20400,Ilauri Le Pinciaie 10 Red,43,10.255813953488373,10.0,1.8138753994038754,3.290143964562569,1
20401,I Lauri Trebbiano d'Abruzzo,3,10.0,10.0,1.0,1.0,1
20402,I Lauri Tavo Pnt Grigio,35,9.971428571428572,10.0,1.9924226206203504,3.9697478991596644,1
20403,Tenuta Santo Pietro Imago 11,2,9.5,9.5,3.5355339059327378,12.5,1
20404,Tenuta Santo Pietro Pio Il C,32,10.15625,10.0,1.851056803645577,3.4264112903225805,1
20405,Tenuta Santo Pietro Viper Su,34,10.058823529411764,10.0,1.9531043893743179,3.8146167557932267,1
20406,Tenuta Santo Pietro Percept,31,10.161290322580646,10.0,1.9338523589551917,3.73978494623656,1
20407,Riondo Blu Prosecco,4,11.25,11.5,2.0615528128088303,4.25,1
20409,NxNW Red Columbia Valley,26,11.153846153846153,11.0,1.5412282813991625,2.3753846153846156,1
20410,Beringer Luminus Chard,24,10.875,11.0,1.962972457668527,3.8532608695652173,1
20413,Pepperjack Barossa Red,1,13.0,13.0,,,1
20416,Januik Cab Svgn Columbia Vly,3,11.0,11.0,2.0,4.0,1
20419,Spalletti Toscana Rosso Palz,38,10.657894736842104,10.0,2.233362702651133,4.987908961593172,1
20420,Vigne A Porrona Rosso,1,9.0,9.0,,,1
20422,M Chiarlo Barberesco Anni 09,4,12.25,13.5,2.8722813232690143,8.25,1
20424,Viberti Barolo Rsv 06 Volta,2,10.5,10.5,2.1213203435596424,4.5,1
20425,Fattoria Pagliaatura Verm 11,5,12.6,13.0,1.6733200530681511,2.8,1
20426,Fattoria Illario Rose,5,12.2,13.0,1.9235384061671343,3.6999999999999993,1
20427,Fattoria Heba Marellino 11,4,10.75,10.5,1.707825127659933,2.9166666666666665,1
20428,Fattoria Poggio Red 10,2,13.5,13.5,0.7071067811865476,0.5,1
20429,Carpineto Montepulciano 11,7,11.0,11.0,1.9148542155126762,3.6666666666666665,1
20431,Januik Muscat Canelli Champx,6,12.166666666666666,12.0,1.3291601358251257,1.7666666666666668,1
20439,Torremoron Tinto,3,11.0,11.0,1.0,1.0,1
20442,Vigna Magana Dignus,1,10.0,10.0,,,1
20443,Barefoot Bubbly Berry Fusion,1,9.0,9.0,,,1
20445,Barefoot Bubbly Tropical Fus,4,10.5,10.0,2.6457513110645907,7.0,1
20446,Barefoot Bubbly Brut Cuvee,54,11.24074074074074,11.0,1.9125719637237402,3.6579315164220834,1
20447,Barefoot Bubbly Pink Moscato,54,11.24074074074074,11.0,1.9125719637237402,3.6579315164220834,1
20448,Liberty Creek Chard Tetra Pk,3,12.333333333333334,14.0,2.8867513459481287,8.333333333333332,1
20449,Liberty Creek Merlot Tetra P,2,14.0,14.0,0.0,0.0,1
20450,Liberty Creek Cab Svgn Tetra,7,12.714285714285714,13.0,1.799470821684875,3.2380952380952386,1
20454,Simi Cab Svgn Alexander Vly,3,11.333333333333334,12.0,1.1547005383792517,1.3333333333333335,1
20456,Duck Commander Wood Duck,1,11.0,11.0,,,1
20457,Duck Commander Miss Priss,2,11.5,11.5,0.7071067811865476,0.5,1
20459,Hardys Nottage Hill Chard,11,11.0,12.0,1.8439088914585775,3.4,1
20465,Pali Wine Co Pnt Nr Durell,5,10.0,10.0,1.5811388300841898,2.5,1
20466,Pali Wine Co Pnt Nr Fiddlstx,1,9.0,9.0,,,1
20467,Pali Wine Co Chard Durell Vy,1,12.0,12.0,,,1
20471,Viu Manet Rsva Chard,2,10.5,10.5,3.5355339059327378,12.5,1
20472,Viu Manent Rsva Cab Svgn,5,10.8,11.0,3.271085446759225,10.7,1
20473,Viu Manet Rsva Merlot,3,11.0,11.0,3.0,9.0,1
20475,Hayes Valley Cab Svgn CC,48,10.416666666666666,11.0,2.1717071756426067,4.716312056737588,1
20477,Hayes Valley Chard Monterey,6,11.333333333333334,11.5,1.8618986725025255,3.4666666666666663,1
20483,Joel Gott Pnt Nr,49,10.46938775510204,10.0,2.0422826364993996,4.170918367346938,1
20491,Wild Oats Chard Cntrl Ranges,5,11.0,11.0,2.0,4.0,1
20492,Wild Oats Shiraz Cntrl Range,7,10.428571428571429,11.0,1.3972762620115438,1.9523809523809526,1
20498,Jacobs Crk Chard Rsv,3,10.0,9.0,1.7320508075688772,3.0,1
20503,Villa Cornaro Perl Anima,1,14.0,14.0,,,1
20504,Guenoc Cal Chard,6,11.333333333333334,12.0,1.505545305418162,2.2666666666666666,1
20506,Citran Haut-Medoc,3,9.666666666666666,9.0,3.055050463303893,9.333333333333332,1
20507,Ch la Pointe Pomerol,5,10.2,10.0,1.3038404810405297,1.7000000000000002,1
20508,Calaches Lanessan Haut-Medoc,1,13.0,13.0,,,1
20509,Ch Mylord Cuvee Milady,18,10.61111111111111,11.0,2.3298293017222096,5.428104575163399,1
20512,Lacoste Borie Pauillac,5,10.6,12.0,2.5099800796022267,6.3,1
20513,Petit Caillou St Julien,11,11.181818181818182,11.0,1.4709304414677,2.163636363636363,1
20514,Marquis de Calon St Estephe,2,13.0,13.0,1.4142135623730951,2.0,1
20515,Lions de Suduiraut Sauternes,2,9.5,9.5,3.5355339059327378,12.5,1
20516,Ch Le Gay Pomerol,2,12.0,12.0,1.4142135623730951,2.0,1
20517,Hauts de Smith Rouge Pessac,3,11.0,12.0,3.605551275463989,13.0,1
20519,La Croix de Carbonnieux Roug,4,11.5,11.5,1.2909944487358056,1.6666666666666667,1
20520,La Croix de Carbonnieux Blnc,1,9.0,9.0,,,1
20521,Croix de Beaucaillou St Juln,2,12.5,12.5,2.1213203435596424,4.5,1
20523,Lady Lola White,21,11.333333333333334,12.0,1.591644851508443,2.5333333333333337,1
20527,Christmas Traditions Pnk Mos,1,10.0,10.0,,,1
20528,Sileni Pnt Nr,1,11.0,11.0,,,1
20532,Bread & Butter Pnt Nr,49,10.755102040816327,11.0,2.1167055007418365,4.480442176870748,1
20533,Bread & Butter Chard,55,10.50909090909091,11.0,2.159155590028857,4.661952861952862,1
20534,Cielo Pnt Nr,15,9.8,9.0,2.1111946516469904,4.457142857142857,1
20537,The Pass Svgn Bl,4,6.75,7.0,1.5,2.25,1
20549,Fifty Shades Of Grey Wh Silk,2,11.0,11.0,0.0,0.0,1
20550,Fifty Shades Of Grey Red Sat,7,11.571428571428571,11.0,1.511857892036909,2.285714285714286,1
20551,Humble Pie Cab Svgn CC,3,10.666666666666666,11.0,1.5275252316519468,2.3333333333333335,1
20552,Cafaggio Basilica Chianti Cl,40,9.8,10.0,1.7276039432159747,2.9846153846153847,1
20553,Dom Perignon Oeno 96 Silver,1,7.0,7.0,,,1
20554,Franzia Moscato,27,10.814814814814815,11.0,1.9421842786099812,3.7720797720797727,1
20555,Red Newt Clrs Rsl Finger Lak,8,9.75,9.0,2.434865792722759,5.928571428571429,1
20557,The Other Red,54,10.537037037037036,11.0,2.169366162217017,4.706149545772187,1
20567,The Immortal Zin,6,9.666666666666666,9.0,2.581988897471611,6.666666666666667,1
20568,Ninety+Cellars Lot 94 Cab Sv,2,8.0,8.0,1.4142135623730951,2.0,1
20576,Peregrine Pnt Nr,2,10.0,10.0,2.8284271247461903,8.0,1
20592,Fritz Svgn Bl Dry Creek Vly,1,12.0,12.0,,,1
20594,Fritz Pnt Nr RRV,2,10.5,10.5,0.7071067811865476,0.5,1
20595,Fritz Znfdl Dry Creek Valley,1,8.0,8.0,,,1
20596,Aviary Cab Svgn,1,11.0,11.0,,,1
20598,Perez Cruz Cab Svgn Rsva,24,11.458333333333334,11.0,1.7932037558919307,3.2155797101449273,1
20600,Felino Vino Cobos Chard,2,13.0,13.0,0.0,0.0,1
20601,Pulenta Est Chard,1,9.0,9.0,,,1
20602,Pali Pnt Nr Rancho La Vina,4,10.0,10.0,1.8257418583505538,3.3333333333333335,1
20605,Viu Manent Cab Svgn La Capil,1,9.0,9.0,,,1
20608,Villa Fassini Sangio/Cab,1,13.0,13.0,,,1
20610,Cistum Grenacha,1,11.0,11.0,,,1
20614,Las Pizarras Garnacha,1,12.0,12.0,,,1
20625,Monte Degli Angeli,3,10.333333333333334,10.0,1.5275252316519468,2.3333333333333335,1
20626,Les Dauphins Cotes du Rhone,4,10.5,10.5,0.5773502691896257,0.3333333333333333,1
20627,Aichenberg Gruner Veltliner,1,11.0,11.0,,,1
20628,Clos Amador Brut Cava,2,10.5,10.5,0.7071067811865476,0.5,1
20629,Clos Amador Rose Tendre Cava,4,10.25,10.0,2.217355782608345,4.916666666666667,1
20632,Smoke Stack Svgn Bl,3,9.333333333333334,9.0,0.5773502691896257,0.3333333333333333,1
20637,Netzl Rosanna Rose,1,12.0,12.0,,,1
20639,Antigal Uno Cab Mendza,3,13.0,13.0,1.0,1.0,1
20646,Pleasures Chard,1,9.0,9.0,,,1
20648,Pleasures Pnt Nr,1,9.0,9.0,,,1
20650,Sho Chiku Bai Takara Sake,34,9.323529411764707,9.0,1.8540796660876369,3.4376114081996434,1
20653,Natale Verga Prosecco,1,9.0,9.0,,,1
20654,Notarious Cab Svgn,2,9.5,9.5,0.7071067811865476,0.5,1
20659,The Culprit Red,2,8.0,8.0,1.4142135623730951,2.0,1
20660,WillM Alsace Rsl,25,10.96,11.0,1.7194960502038574,2.9566666666666666,1
20661,Pali Pnt Nr Cargasacchi Vyd,2,10.5,10.5,0.7071067811865476,0.5,1
20662,Villa Jolanda Xmas Spumante,12,10.5,10.5,2.0225995873897262,4.090909090909091,1
20664,Fonseca Porto 11,1,14.0,14.0,,,1
20666,Taylor Fladgate 11 Port,1,14.0,14.0,,,1
20668,Taylor Fladgate 11 Port,1,14.0,14.0,,,1
20669,Croft Port 11,2,11.0,11.0,2.8284271247461903,8.0,1
20670,Catena Zapata Nicasia Vyd,2,12.0,12.0,1.4142135623730951,2.0,1
20674,Tolaini Al Passo Toscana,33,9.93939393939394,10.0,1.9515922015657168,3.8087121212121215,1
20682,A Bichot Chablis Vaucopins,2,11.0,11.0,2.8284271247461903,8.0,1
20684,A Bichot Clos Marechaudes,1,13.0,13.0,,,1
20685,A Bichot Ch Gris Nuits St Ge,1,13.0,13.0,,,1
20689,Charles Fournier Rsl,1,8.0,8.0,,,1
20693,Daou Cab Svgn,7,12.142857142857142,13.0,1.5735915849388862,2.476190476190476,1
20699,Fantini Monteplciano D'Abruz,50,11.56,11.5,1.8088219190107904,3.271836734693878,1
20700,J Lohr Flume Crossing Svgn B,32,11.5,11.5,1.796053020267749,3.225806451612903,1
20702,Sanford La Riconda Pnt Nr,1,13.0,13.0,,,1
20703,Sanford & Benedict Pnt Nr,2,11.5,11.5,2.1213203435596424,4.5,1
20706,A Proper Claret,19,11.368421052631579,11.0,1.6401397743888062,2.690058479532164,1
20715,Gonzalez Bypass Noe Sherry,2,10.0,10.0,0.0,0.0,1
20722,Ch Musar Hochar Red,2,9.5,9.5,3.5355339059327378,12.5,1
20723,Shannon Ridge Wrangler Red,6,12.333333333333334,12.5,1.3662601021279464,1.8666666666666665,1
20724,Spritz and Giggles,17,10.529411764705882,11.0,1.9722337291388516,3.889705882352941,1
20725,Chronic Cellars Purple Parad,49,10.714285714285714,11.0,1.7795130420052185,3.1666666666666665,1
20728,Villa Jolanda Cocnut Moscato,16,10.4375,10.0,1.8246004128758346,3.3291666666666666,1
20729,Villa Jolanda Peach Moscato,47,10.659574468085106,11.0,1.7603926901920994,3.0989824236817767,1
20730,Villa Jolanda Pineap Moscato,11,10.272727272727273,10.0,2.2401298663653,5.018181818181818,1
20731,Villa Jolanda Strwby Moscato,52,10.653846153846153,10.5,1.835217734420092,3.3680241327300156,1
20739,Paydirt Red Paso Robles,3,11.333333333333334,10.0,2.3094010767585034,5.333333333333334,1
20743,Churchill's Late Bottled 05,3,9.666666666666666,10.0,1.5275252316519468,2.3333333333333335,1
20744,Banshee Chard,2,12.0,12.0,1.4142135623730951,2.0,1
20745,Kono Svgn Bl,36,11.5,12.0,1.6647608150808246,2.7714285714285714,1
20748,Terrasole 07 Brunelo d Montl,3,11.333333333333334,12.0,2.081665999466133,4.333333333333334,1
20758,Feudo Zirtari Chardonnay In,1,12.0,12.0,,,1
20759,B & G Bistro Girls Night Out,1,7.0,7.0,,,1
20761,Lamole Grand Selezione Blk,8,10.625,11.0,1.8468119248354136,3.4107142857142856,1
20762,Lamole Chianti Clsco Racolto,44,10.795454545454545,11.0,1.9479213184834019,3.794397463002115,1
20763,Sassoregaule Maremma Toscana,18,11.0,12.0,1.7149858514250884,2.9411764705882355,1
20765,Furlan Malbec,2,7.5,7.5,4.949747468305833,24.5,1
20767,Chehalem Inox Chard Wlmt Vly,4,12.0,12.0,1.1547005383792515,1.3333333333333333,1
20770,Chehalem Pnt Nr Three Vyd,8,11.5,11.0,1.4142135623730951,2.0,1
20771,Chehalem Ridge Crest Vyds Pn,6,11.0,11.5,2.0976176963403033,4.4,1
20772,Dutton Goldfield Chard Dutto,2,11.0,11.0,1.4142135623730951,2.0,1
20776,JM Gobillard Tradition Brut,1,7.0,7.0,,,1
20781,Steele Clear Lake Merlot Cty,31,11.451612903225806,11.0,1.6296975113482328,2.6559139784946235,1
20784,Proemio Chard,1,8.0,8.0,,,1
20787,Proemio Malbec,1,10.0,10.0,,,1
20788,Mt Tabor Galilee Chard,18,11.555555555555555,12.0,1.8221584557629713,3.320261437908496,1
20789,Zin-phomaniac Znfdl,5,8.4,9.0,2.1908902300206643,4.8,1
20791,Belle Ambiance Pnt Grigio,50,10.6,11.0,1.8735538640862859,3.510204081632653,1
20792,Belle Ambiance Chard,3,11.333333333333334,11.0,2.516611478423583,6.333333333333333,1
20793,Belle Ambiance Cab Svgn,6,10.5,10.5,2.345207879911715,5.5,1
20795,Kracher Beerenauslese Cuvee,1,12.0,12.0,,,1
20800,Talamonti Moda Montepulciano,43,11.418604651162791,11.0,1.6508664123442645,2.725359911406423,1
20801,Catena Historic Rows Chard,12,11.666666666666666,11.5,1.497472618255253,2.242424242424242,1
20814,Tarkettle Chard RRV,1,11.0,11.0,,,1
20855,Cockburns Special RSV,52,9.365384615384615,9.0,1.793548855266915,3.216817496229261,1
20861,B & G Rose D'Anjou,1,12.0,12.0,,,1
20862,W Hill Est Cab Svgn No Cst,55,11.2,11.0,1.9187187082742176,3.681481481481482,1
20863,W Hill Est Chard N Coast,55,11.2,11.0,1.9187187082742176,3.681481481481482,1
20864,W Hill Est Merlot Cntrl Cst,54,11.148148148148149,11.0,1.8974402559258163,3.600279524807827,1
20880,Valmaggiore Nebbiolo d'Alba,1,10.0,10.0,,,1
20883,Quinta do Noval Port 11,5,12.0,13.0,1.8708286933869707,3.5,1
20884,Petrolo Inarno Toscana,1,12.0,12.0,,,1
20885,Rentas De Fincas Rioja,5,10.8,11.0,1.4832396974191324,2.1999999999999997,1
20887,The Great American Wine Chrd,1,13.0,13.0,,,1
20889,La Lecciaia Brunello di Mont,1,10.0,10.0,,,1
20891,Legend of the Vine Cab Svgn,4,10.0,10.0,1.8257418583505538,3.3333333333333335,1
20903,Delamotte Brut,3,9.666666666666666,9.0,2.081665999466133,4.333333333333334,1
20905,Gekkeikan Suzaku Sake,47,10.702127659574469,11.0,2.0314365619157004,4.126734505087882,1
20912,Whitehall Tre Leoni Red Napa,33,11.636363636363637,12.0,1.8844459036110226,3.5511363636363633,1
20913,Benton Lane First Class Pnt,2,8.0,8.0,0.0,0.0,1
20918,LAN Rioja Reserva,4,10.0,10.0,1.8257418583505538,3.3333333333333335,1
20921,Penfolds Bin 9 Cab Svgn,29,11.275862068965518,11.0,1.9620789215985377,3.8497536945812807,1
20931,Frey Vyds Bio Field Blend Rd,1,11.0,11.0,,,1
20932,Frey Vyds Organic Agrul Red,37,10.54054054054054,10.0,1.9943614209760172,3.9774774774774784,1
20935,Chehalem Ian's Chard Rsv,4,12.75,13.0,1.2583057392117916,1.5833333333333333,1
20941,Valdivieso Brut,1,14.0,14.0,,,1
20944,Valdivieso Cab Franc Rsva,26,10.923076923076923,11.0,1.7646093487925745,3.1138461538461537,1
20947,Catalpa Cab Svgn,10,10.7,10.5,1.4181364924121764,2.011111111111111,1
20948,Honig Bartolucci Vyds Cab Sv,25,10.92,11.0,1.6812693617224654,2.826666666666666,1
20950,Bouza Merlot Tannat 12,4,9.75,9.5,0.9574271077563381,0.9166666666666666,1
20952,Bouza Temp Tannat,2,8.0,8.0,5.656854249492381,32.0,1
20953,Cavit Chard,2,12.5,12.5,0.7071067811865476,0.5,1
20954,Moonlight Meadery Last Apple,3,8.666666666666666,7.0,2.8867513459481287,8.333333333333332,1
20955,Pacific Rim Dry Rsl,2,13.0,13.0,0.0,0.0,1
20959,Dylans Ghost Stags Leap Red,8,11.75,13.0,2.052872551885702,4.214285714285714,1
20960,Geyser Peak Tectonic Red,1,13.0,13.0,,,1
20963,Stags Leap Hands of Time Chr,10,10.6,10.5,1.577621275493231,2.488888888888889,1
20967,Ninety Cellars Lot 106 Pnt N,1,9.0,9.0,,,1
20968,Ninety+Cellars Lot 113 B Red,53,10.264150943396226,11.0,1.6542595763690497,2.736574746008708,1
20969,Ninety Cellars Lot 105 Chard,2,9.0,9.0,1.4142135623730951,2.0,1
20973,Lustau Pedro Ximenez San Emi,2,12.0,12.0,1.4142135623730951,2.0,1
20975,Belle Ambiance Pnt Nr,14,10.714285714285714,10.5,1.728875643015133,2.9890109890109895,1
20980,Valley of the Moon Blend 41,3,13.333333333333334,13.0,0.5773502691896257,0.3333333333333333,1
20985,Tarantas Tempranillo,6,12.0,13.0,2.0,4.0,1
20986,Pizzolato Fields Prosecco,1,14.0,14.0,,,1
20987,Pizzolato Cab Svgn,2,11.0,11.0,2.8284271247461903,8.0,1
20988,Pizzolato Merlot,1,13.0,13.0,,,1
20990,Biokult Gruner Veltliner,1,13.0,13.0,,,1
20991,Les Hauts de Lagarde Blanc,4,12.25,13.0,1.5,2.25,1
20992,Les Hauts de Lagarde Rouge,51,11.92156862745098,12.0,1.7982562359675216,3.2337254901960786,1
20995,Grape & Vine Merlot,2,11.5,11.5,0.7071067811865476,0.5,1
20997,Grape & Vine Pnt Grigio,1,8.0,8.0,,,1
21000,Bonpas Ch du Pape Rouge Rsv,6,10.833333333333334,10.5,1.4719601443879742,2.166666666666666,1
21001,Bonpas Cote du Rhone Rouge R,38,10.842105263157896,11.0,2.1875114305736716,4.7852062588904705,1
21002,Bonpas Blanc Rhone Vly,18,10.5,10.0,1.855040827202527,3.4411764705882355,1
21003,Bonpas Ventoux Rouge Rhone,12,10.666666666666666,11.5,1.8257418583505536,3.333333333333333,1
21004,Castle Rock Pnt Nr Carneros,15,11.333333333333334,12.0,1.7994708216848747,3.238095238095238,1
21006,Ch Lassegue 05 GC St Emilion,1,10.0,10.0,,,1
21007,Ch Vignot 05 St Emilion Red,1,14.0,14.0,,,1
21008,Cenyth Sonoma Red,3,12.0,12.0,1.0,1.0,1
21009,Galerie Naissance Svgn Bl,1,13.0,13.0,,,1
21010,La Jota Cab Svgn Howell Mtn,5,12.0,12.0,1.224744871391589,1.5,1
21013,WindRacer RRV Pnt Nr,1,13.0,13.0,,,1
21015,WindRacer RRV Chard,9,11.666666666666666,12.0,1.6583123951777,2.75,1
21016,WindRacer Anderson Vly Chard,4,12.25,12.0,1.5,2.25,1
21017,Estancia Monterey County GSM,9,11.555555555555555,12.0,1.8782379449307742,3.5277777777777777,1
21019,Black Box Pnt Nr,53,11.39622641509434,12.0,1.6330672255406322,2.6669085631349785,1
21025,Querceto Vin Santo Chianti C,2,12.5,12.5,0.7071067811865476,0.5,1
21027,Kinsella Est Cab Svgn 10,6,11.166666666666666,12.0,1.834847859269718,3.3666666666666663,1
21031,Shannon Ridge Chard HE Lake,2,14.0,14.0,0.0,0.0,1
21032,Taylor Fladgate 10-Yr Tawny,53,10.830188679245284,11.0,2.091519957577814,4.3744557329463,1
21033,Taylor Fladgate 20-Yr Tawny,49,10.918367346938776,11.0,2.0599022498438035,4.243197278911564,1
21034,Cyrus Cab Svgn Alex Vly,11,11.545454545454545,12.0,1.4396969378057567,2.0727272727272728,1
21039,Temptation Znfdl,2,9.5,9.5,2.1213203435596424,4.5,1
21041,Alexander Vly Vyds Merlot,30,10.533333333333333,10.0,1.851994885919306,3.429885057471264,1
21043,Alexander Vly Vyds Syrah,1,10.0,10.0,,,1
21045,Eden Ice Cider Honey Crisp,13,9.538461538461538,9.0,2.1061570302086774,4.435897435897435,1
21046,Eden Ice Windfall Orchard,2,11.0,11.0,1.4142135623730951,2.0,1
21055,Sandeman Imperial 20-Yr Taw,53,11.150943396226415,11.0,1.7474841961989718,3.0537010159651667,1
21057,DuCourt Brdx Blanc,4,10.75,11.0,2.0615528128088303,4.25,1
21058,Ayala Brut Majeur,13,11.615384615384615,12.0,1.7097008285302207,2.923076923076923,1
21060,Ayala Rose Majeur,2,11.0,11.0,2.8284271247461903,8.0,1
21076,Natura Pnt Nr,39,10.512820512820513,11.0,1.8334866823364149,3.3616734143049936,1
21078,Justin Obtuse,7,12.571428571428571,13.0,1.1338934190276817,1.2857142857142858,1
21080,Landmark Overlook Pnt Nr,8,12.125,12.5,1.3562026818605375,1.8392857142857142,1
21081,Martinelli Belle Vigna Pnt N,3,12.0,13.0,2.6457513110645907,7.0,1
21083,Wild Ridge Pnt Nr Sonoma Cst,1,13.0,13.0,,,1
21084,Glazebrook Svgn Bl Marlboro,3,11.666666666666666,12.0,0.5773502691896257,0.3333333333333333,1
21089,Quivira Znfdl Dry Creek Vly,1,11.0,11.0,,,1
21098,Rutherford Ranch Chard,41,11.536585365853659,11.0,1.845231164049775,3.4048780487804877,1
21100,Robert Hall 13 Syrah,29,10.689655172413794,11.0,2.189315748875859,4.793103448275863,1
21101,Niner Twisted Spur 10 Red,24,10.5,10.5,2.265046309153236,5.130434782608695,1
21102,Taylor New York Marsala,5,11.6,12.0,1.816590212458495,3.3,1
21103,Farnum Hill Dooryard Still,4,8.25,8.5,0.9574271077563381,0.9166666666666666,1
21105,Ken Volk Pnt Nr Cuvee St Mar,13,11.384615384615385,11.0,1.8946618668626836,3.5897435897435894,1
21109,Les Lauzeraies Tavel,3,11.666666666666666,11.0,2.081665999466133,4.333333333333334,1
21111,Light Horse Chard,3,13.0,13.0,0.0,0.0,1
21112,Wicked Bold Cab Svgn,4,13.25,13.0,0.5,0.25,1
21113,Wicked Soft Chard,4,11.75,12.0,2.217355782608345,4.916666666666667,1
21114,Wicked Juicy Grenache,4,11.75,12.0,1.5,2.25,1
21115,Wicked Smooth Merlot,18,12.055555555555555,12.5,1.7311071677235328,2.9967320261437913,1
21117,Wicked Bright Pnt Gr Veneto,22,12.136363636363637,12.5,1.67034226733424,2.7900432900432897,1
21119,Wicked Silky Shiraz,3,12.0,12.0,1.0,1.0,1
21123,Southern Right Svgn Bl,8,12.25,12.5,1.5811388300841898,2.5,1
21127,Fire Brix Chard,1,10.0,10.0,,,1
21129,St Supery Svgn Bl Napa,52,11.48076923076923,11.5,1.8837840996081936,3.5486425339366527,1
21131,Fire Brix Cab Svgn,1,11.0,11.0,,,1
21144,Cherry Tart Pnt Nr,40,11.475,11.0,1.782931898263687,3.178846153846154,1
21145,David Girard Vyds Code Rouge,17,9.705882352941176,10.0,1.9610171430393253,3.8455882352941173,1
21149,Graffigna Centenario Cab Svg,1,13.0,13.0,,,1
21151,Flight Song Svgn Bl,48,11.229166666666666,11.0,1.6915256028946848,2.8612588652482267,1
21155,Quinta do Crasto Douro S per,1,10.0,10.0,,,1
21156,Huber Hugo Red,5,11.0,11.0,1.5811388300841898,2.5,1
21157,Huber Hugo Gruner Veltliner,35,9.942857142857143,10.0,1.6439346119609992,2.702521008403361,1
21158,Huber Gruner Veltliner Trais,2,9.5,9.5,2.1213203435596424,4.5,1
21159,Nyers Vyds Sage Canyon Red,1,13.0,13.0,,,1
21160,Nyers Vyds Vista Luna Znfdl,5,10.6,10.0,1.51657508881031,2.3,1
21166,La Crema Pnt Nr Williamette,17,10.529411764705882,10.0,1.6247171699569563,2.639705882352941,1
21168,Honoro Vera Merlot Jumilla,5,12.0,12.0,1.224744871391589,1.5,1
21169,Honoro Vera Organic Jumilla,5,12.0,12.0,1.0,1.0,1
21171,Ornellaia Bolgheri 13,1,11.0,11.0,,,1
21172,Ornellaia Bolgheri 11,3,14.0,14.0,0.0,0.0,1
21178,Sensi Dalcampo Chianti Rsva,37,11.243243243243244,11.0,2.0194251850658094,4.078078078078078,1
21179,Amapola Creek 09 Cab Svgn,2,13.5,13.5,0.7071067811865476,0.5,1
21180,Amapola Creek Chard RR 14,2,11.5,11.5,2.1213203435596424,4.5,1
21181,Belaire Sparkling Rose,50,12.04,12.5,1.6777049435317943,2.814693877551021,1
21194,Paul Hobbs Beckstoffer Cab S,5,12.4,13.0,1.9493588689617927,3.8,1
21195,Paul Hobbs Las Piedras Cab S,3,11.666666666666666,13.0,2.3094010767585034,5.333333333333334,1
21196,Paul Hobbs Crossbarn Chard,3,10.0,10.0,1.0,1.0,1
21201,Bota Box Pnt Nr,54,10.62962962962963,11.0,1.8763301827176415,3.520614954577218,1
21208,Kendall Jackson Grand Rsv Ch,55,10.381818181818181,10.0,1.7158402443432033,2.9441077441077437,1
21213,Volcanes Summit Series Cab S,1,9.0,9.0,,,1
21216,Il Poggione Monalcino Rsv 07,1,10.0,10.0,,,1
21217,Copain Wentzel Pnt Nr,2,13.5,13.5,0.7071067811865476,0.5,1
21218,Heitz Znfdl Ink Grade Vyd,33,11.636363636363637,12.0,1.7996211722571958,3.2386363636363633,1
21223,Americano Petite Syrah,7,10.285714285714286,11.0,2.0586634591635513,4.238095238095238,1
21226,Tisdale Vineyards Moscato,1,14.0,14.0,,,1
21227,Livingston Cellars Moscato,3,12.333333333333334,14.0,2.8867513459481287,8.333333333333332,1
21228,The Naked Grape Box Harvest,1,14.0,14.0,,,1
21229,Barefoot Cellars Riesling,2,10.5,10.5,0.7071067811865476,0.5,1
21230,The Naked Grape Box Moscato,17,11.529411764705882,12.0,2.124783726018472,4.51470588235294,1
21231,La Marca Prosecco,55,11.2,11.0,1.9187187082742176,3.681481481481482,1
21232,Barefoot Bubbly Prosecco,55,11.2,11.0,1.9187187082742176,3.681481481481482,1
21233,Cavicchioli Prosecco,51,10.823529411764707,11.0,1.785563018803214,3.188235294117647,1
21250,Bodega Garzon Albarino,1,13.0,13.0,,,1
21251,Renwood Old Vine Zinfandel,49,11.551020408163266,12.0,1.8378114757526582,3.377551020408163,1
21252,Renwood BBQ Zinfandel,5,10.6,10.0,1.816590212458495,3.3,1
21254,Renwood Timberline Znfdl,15,11.333333333333334,12.0,1.9148542155126764,3.6666666666666674,1
21259,Paul Hobbs Crossbarn Rose PN,1,13.0,13.0,,,1
21260,Benvolio Toscana Rosso,3,12.333333333333334,13.0,1.1547005383792517,1.3333333333333335,1
21267,Latour 13 Cuvee Bourgog Blnc,5,11.4,11.0,2.073644135332772,4.3,1
21270,Kendall Jackson AVANT Svgn B,43,10.209302325581396,10.0,1.7259661136507443,2.9789590254706537,1
21271,Kentia Albarino Rias Baixas,44,11.363636363636363,11.0,1.6718032193497923,2.7949260042283295,1
21272,Comoloco Monastrell Jumilla,3,11.666666666666666,11.0,1.1547005383792517,1.3333333333333335,1
21273,Arindo Verdejo Rueda,4,12.25,12.0,1.5,2.25,1
21275,Honoro Vera Blanco Rueda,1,13.0,13.0,,,1
21277,Nicholson Ranch Chard Son Ct,11,11.090909090909092,11.0,1.5782614139961386,2.490909090909091,1
21280,Rodney Strong Bros Ridge Cab,1,10.0,10.0,,,1
21281,Rodney Strong Rsv Alex Vy CS,44,11.5,12.0,1.9229338050501508,3.697674418604651,1
21282,Lunetta Rose Brut,3,11.0,11.0,2.0,4.0,1
21284,Elk Cove Pinot Bl,3,10.666666666666666,11.0,0.5773502691896257,0.3333333333333333,1
21286,Elk Cove Five Mtn Pnt Nr,3,12.333333333333334,13.0,2.081665999466133,4.333333333333334,1
21287,Foley Johnson Cab Svgn,6,12.166666666666666,13.0,1.602081978759722,2.5666666666666664,1
21293,Clos du Bois Chard,3,11.333333333333334,12.0,3.055050463303893,9.333333333333332,1
21300,Clos LaChance Meritage,2,9.0,9.0,1.4142135623730951,2.0,1
21307,Chloe Chard,4,11.5,11.0,1.0,1.0,1
21308,Chloe Pnt Grigio,53,10.88679245283019,11.0,1.8673343542898726,3.4869375907111757,1
21309,Chloe Red,5,10.8,11.0,1.3038404810405297,1.7000000000000002,1
21311,Cakebread Clrs Two Creeks 12,18,11.277777777777779,11.0,2.136670184451541,4.565359477124184,1
21313,Kedem Concord Grape Kosher,17,12.470588235294118,13.0,1.4627733530362594,2.139705882352941,1
21317,Bartenura Moscato,53,11.547169811320755,12.0,1.8034799452495367,3.2525399129172716,1
21318,Barefoot Refresh Crisp Red,5,11.8,12.0,2.280350850198276,5.2,1
21319,Wlm Hill Est No Cst Svgn Bl,53,11.226415094339623,11.0,1.9279473883058817,3.7169811320754707,1
21320,Zion Dolev Muscato,6,11.166666666666666,11.5,2.041241452319315,4.166666666666667,1
21321,Rex Goliath Red Sangria,44,11.204545454545455,11.0,1.5488862533423207,2.399048625792812,1
21323,Rosatello Sweet Moscato,23,11.043478260869565,11.0,1.6916441939874305,2.8616600790513833,1
21324,Rosatello Sweet Rose,1,11.0,11.0,,,1
21325,Kim Crawford Pnt Gr Homstead,13,12.076923076923077,12.0,1.6563785025137654,2.743589743589744,1
21326,Kim Crawford Svgn Bl Sptfire,36,11.25,11.0,1.7133926245067956,2.9357142857142855,1
21328,Skinnygirl Chard,1,13.0,13.0,,,1
21329,Masi Campofiorin,52,11.865384615384615,12.0,1.7267088285470142,2.981523378582202,1
21333,Mas Carlot Marsanne Roussann,2,9.0,9.0,2.8284271247461903,8.0,1
21334,Ilauri Prosecco Extra Dry,1,12.0,12.0,,,1
21338,Vincent Delaporte Sancerre,8,9.875,9.5,2.5877458475338284,6.696428571428571,1
21339,Flowers Sonoma Cst Chard,1,13.0,13.0,,,1
21340,Flowers Sonoma Cst Pnt Nr,1,13.0,13.0,,,1
21341,Essenciel Paradis Prvnc Rose,44,11.636363636363637,12.0,1.8437942312034246,3.399577167019028,1
21342,Dom du Garde Temps Tour Rose,6,11.5,12.0,1.760681686165901,3.1,1
21343,Montecillo Rioja Crianza,1,11.0,11.0,,,1
21350,Candor Znfdl,1,12.0,12.0,,,1
21352,C Y Toro Don Melchr Cab Svgn,8,9.75,9.0,2.052872551885702,4.214285714285714,1
21353,Smoking Loon Malbec Carancho,46,11.391304347826088,11.0,1.6663767863850296,2.776811594202899,1
21355,Cantina Gabriele Dolc White,1,12.0,12.0,,,1
21359,Stephen Vincent Pnt Nr,2,13.5,13.5,0.7071067811865476,0.5,1
21363,Perez Cruz Carmenere Ltd Ed,2,9.5,9.5,0.7071067811865476,0.5,1
21364,La Caplana Gavi di Gavi,21,10.428571428571429,10.0,2.0873770280289228,4.357142857142858,1
21366,Tamaya Svgn Bl,13,10.307692307692308,9.0,1.8432134703923737,3.397435897435898,1
21367,KJ Est 12 Chard Camelot High,9,9.777777777777779,9.0,1.7873008824606014,3.194444444444444,1
21368,KJ Est 12 Pnt Nr Outland Rdg,7,11.285714285714286,11.0,1.1126972805283735,1.238095238095238,1
21369,Kendall Jackson Grand Pnt Nr,32,10.5625,11.0,1.9499793216438757,3.8024193548387095,1
21371,Nodus Red,2,11.0,11.0,0.0,0.0,1
21374,10 Span Chard CC,21,10.857142857142858,11.0,1.8244372909397104,3.328571428571429,1
21375,10 Span Cab Svgn CC,21,11.0,11.0,1.8973665961010275,3.6,1
21376,Tullia Prosecco,3,10.333333333333334,10.0,0.5773502691896257,0.3333333333333333,1
21377,Circa Rosso,1,10.0,10.0,,,1
21379,Alhambra Red Blend,1,10.0,10.0,,,1
21380,Bartenura Asti Spumante,10,11.8,12.0,1.9321835661585918,3.7333333333333334,1
21381,Barkan Clsc Cab Svgn,28,11.321428571428571,11.0,1.9823960703891086,3.92989417989418,1
21382,Barkan Clsc Merlot,22,11.772727272727273,13.0,1.8754508837386326,3.5173160173160176,1
21383,Barkan Clsc Chard,5,11.2,10.0,2.16794833886788,4.7,1
21384,Ch Ste Michelle Cold Ck Cab,19,10.68421052631579,11.0,2.23737523746384,5.005847953216374,1
21385,Ch Ste Michelle Cold Crk Cha,3,11.666666666666666,11.0,1.1547005383792517,1.3333333333333335,1
21386,Segal's Cab Svgn Spcl Rsv Ga,4,10.25,10.5,0.9574271077563381,0.9166666666666666,1
21392,Bodegas Jeromin Zesto Rosada,2,13.0,13.0,1.4142135623730951,2.0,1
21394,Stolpman Vyds L'Avion White,1,8.0,8.0,,,1
21397,Stolpman Vyds Hilltops Syrah,1,11.0,11.0,,,1
21406,Banshee Rose 14 Pnt Nr Sonom,1,11.0,11.0,,,1
21407,Bartenura Ovidia Est Chianti,8,11.75,12.0,1.9820624179302297,3.9285714285714284,1
21408,Ramon Cardova Garnacha,6,10.666666666666666,9.5,2.250925735484551,5.066666666666666,1
21409,Mumm Cordon Rouge Brut,6,11.333333333333334,11.5,1.632993161855452,2.6666666666666665,1
21410,Goose Bay Svgn Bl,23,11.478260869565217,11.0,1.6200326937607632,2.6245059288537544,1
21411,Segal's Fusion Chard/Colombd,15,11.533333333333333,12.0,1.9591057240729093,3.838095238095238,1
21412,Cesari Bardolino Chiaretto,10,12.3,13.0,1.70293863659264,2.9,1
21413,Ch de Berne Rose,1,10.0,10.0,,,1
21416,Round Hill Comm Man Wh Znfdl,10,11.4,11.5,1.9550504398153572,3.822222222222222,1
21418,G Bertrand CdRoses Blanc Lan,2,13.0,13.0,0.0,0.0,1
21419,Round Hill Comm Man Cab Svgn,22,12.227272727272727,13.0,1.6310037278231955,2.66017316017316,1
21420,Round Hill Common Man Chard,24,11.625,11.5,1.8371173070873836,3.375,1
21422,Beso Del Sol Sangria,30,11.633333333333333,12.0,1.6291172420994589,2.654022988505747,1
21424,Tons de Durum Douro Red,2,13.5,13.5,0.7071067811865476,0.5,1
21426,Szigeti Gruner Velt Skt Brut,2,12.5,12.5,2.1213203435596424,4.5,1
21427,Verde Sole Chard,5,12.2,13.0,1.6431676725154982,2.6999999999999997,1
21428,Verde Sole Petite Sirah,25,11.8,12.0,1.914854215512676,3.666666666666666,1
21431,Ch Pape Clement Pess leognan,4,10.5,10.0,1.9148542155126762,3.6666666666666665,1
21432,Ch Grande Pontet St Emilion,1,9.0,9.0,,,1
21435,Ch Phelan Segur St Estephe,1,11.0,11.0,,,1
21438,Ch Boyd Cantenac Margaux,6,10.5,10.5,1.378404875209022,1.9,1
21440,Cheval Blanc,1,11.0,11.0,,,1
21442,Chapoutier Cotes du Rhone R,30,11.466666666666667,11.5,1.8143742786394723,3.2919540229885054,1
21443,Ch L'Englise Clinet St Emiln,1,9.0,9.0,,,1
21444,Ch Palmer Margaux,2,10.0,10.0,1.4142135623730951,2.0,1
21445,Alto Ego De Palmer Margaux,1,9.0,9.0,,,1
21446,La Demoiselle Sociando Haut,2,12.5,12.5,0.7071067811865476,0.5,1
21447,Ch Leoville Barton St Julien,1,9.0,9.0,,,1
21449,Chateau d'Issan Margaux,1,7.0,7.0,,,1
21450,Le Petit Cheval St Emilion,1,11.0,11.0,,,1
21453,Ch Ducru Beaucaillau St-Juli,8,10.75,10.5,1.4880476182856899,2.2142857142857144,1
21455,Ch Leoville Las Cases St-Jul,2,11.5,11.5,0.7071067811865476,0.5,1
21458,Ch Langoa Barton St Julien,4,11.0,11.0,1.8257418583505538,3.3333333333333335,1
21459,Chateau Montrose St Estephe,7,10.142857142857142,10.0,1.2149857925879117,1.4761904761904763,1
21461,Ch Rayne Vigneau Sauternes,2,10.5,10.5,2.1213203435596424,4.5,1
21463,Chateau Pontet Canet Pauilac,4,9.0,9.0,1.632993161855452,2.6666666666666665,1
21465,Ch Haut Brion Pessac-Leognan,1,11.0,11.0,,,1
21466,Ch La Mission Haut Brion P-L,2,10.0,10.0,1.4142135623730951,2.0,1
21467,La Clarence de Haut Brion PL,8,11.125,11.0,1.5526475085202969,2.4107142857142856,1
21468,La Chapelle de la Mission Ha,2,10.0,10.0,1.4142135623730951,2.0,1
21469,St Supery Cab Svgn,50,11.44,11.5,1.8643814972657657,3.4759183673469387,1
21470,Ch Angelus Saint Emilion,3,9.0,9.0,2.0,4.0,1
21471,Ch Haut Marbuzet St Estephe,2,11.0,11.0,2.8284271247461903,8.0,1
21472,Ch Haut Bailly Pessac-Leogan,1,11.0,11.0,,,1
21473,Ch Malartic-Lagraviere Rouge,1,13.0,13.0,,,1
21475,Ch St Jean Cinq Cep Cab Svgn,1,12.0,12.0,,,1
21476,Cos d'Estournel St Estephe,2,10.0,10.0,1.4142135623730951,2.0,1
21477,Ch Canon Saint Emilion,3,9.666666666666666,9.0,1.1547005383792517,1.3333333333333335,1
21481,Chateau Giscours Margaux,1,12.0,12.0,,,1
21483,Ch Haut Bages Liberal Paulic,1,12.0,12.0,,,1
21485,Ch Lynch Moussas Pauilac,2,9.0,9.0,2.8284271247461903,8.0,1
21486,Twelfth Night Pnt Nr,2,7.0,7.0,0.0,0.0,1
21487,Twelfth Night Svgn Bl,2,7.0,7.0,0.0,0.0,1
21488,Twelfth Night Rsl,5,8.0,7.0,2.23606797749979,5.0,1
21489,El Petit Carlania Trepat,4,6.0,7.0,2.0,4.0,1
21491,Erre d Herrero Verdejo Rueda,2,7.0,7.0,0.0,0.0,1
21499,Napa River Chard Napa Cnty,1,8.0,8.0,,,1
21502,Cambridge Chard Carneros,1,11.0,11.0,,,1
21503,Cambrige Meritage Napa Vly,1,12.0,12.0,,,1
21504,Ponte Vinho Verde,5,11.2,11.0,1.9235384061671346,3.7,1
21505,Margaride's Chard Arinto,8,11.25,11.5,1.8322507626258087,3.357142857142857,1
21510,Mezzacorona Cab Svgn,49,11.795918367346939,12.0,1.8025397803832084,3.2491496598639453,1
21517,Riunite Lambrusco Cuties,40,10.675,11.0,1.8171194448695653,3.301923076923077,1
21519,Copain Monument Tree Pnt Nr,1,9.0,9.0,,,1
21520,Merriam Cuvee Pnt Nr RRV,1,9.0,9.0,,,1
21523,Merriam Gloeckner Cab Svgn,3,12.0,13.0,1.7320508075688772,3.0,1
21526,Listel Grain de Gris Rose,21,9.80952380952381,10.0,1.7210185245675775,2.9619047619047616,1
21528,Aviary Red Blend,23,10.956521739130435,11.0,2.184204886942223,4.77075098814229,1
21529,Ch St Sulpice Rose 13,3,11.333333333333334,12.0,1.1547005383792517,1.3333333333333335,1
21533,10 Span Pnt Nr CC,24,11.625,12.0,1.6632210760527557,2.766304347826087,1
21534,Broadbent Vinho Verde Rose,37,9.702702702702704,10.0,1.6810192818126226,2.8258258258258255,1
21536,La Merika Chard CC,1,14.0,14.0,,,1
21537,La Merika Pnt Nr CC,1,14.0,14.0,,,1
21538,La Merika Cab Svgn CC,4,11.75,12.5,2.8722813232690143,8.25,1
21552,Vindicated Cab Svgn,44,11.863636363636363,12.0,1.7198013553613536,2.957716701902749,1
21561,Talley Vyds Chard,23,11.521739130434783,12.0,1.9038135226050255,3.6245059288537558,1
21562,Talley Vyds Pnt Nr,7,11.571428571428571,11.0,2.0701966780270626,4.285714285714286,1
21564,Folk Machine Parts & Labor R,2,6.5,6.5,0.7071067811865476,0.5,1
21573,Casal Garcia Vinho Verde Ros,50,11.4,11.0,1.8735538640862859,3.510204081632653,1
21576,Chalk Hill Chard,54,11.481481481481481,11.5,1.8504537000090027,3.4241788958770076,1
21581,Epiphany Revelation,25,10.84,11.0,1.6753109164172084,2.8066666666666666,1
21583,The Big Easy Red,26,10.807692307692308,11.0,1.7667876107609712,3.1215384615384614,1
21584,Fess Parker Ashleys Chard,3,10.333333333333334,11.0,2.0816659994661326,4.333333333333333,1
21586,Celani Family Chard,1,10.0,10.0,,,1
21587,Celani Family Cab Svgn,2,9.0,9.0,1.4142135623730951,2.0,1
21590,Red Lace Luscious Red Blend,1,12.0,12.0,,,1
21592,Veuve du Vernay Brut Rose,6,10.5,11.5,2.4289915602982237,5.9,1
21593,Melini Orvieto Clsc Orzalume,1,13.0,13.0,,,1
21595,Veuve du Vernay Sprklng Brut,6,10.5,10.5,1.0488088481701516,1.1,1
21596,Siduri Pnt Nr Sonoma Cst,20,11.65,11.5,1.4608937423083819,2.134210526315789,1
21601,Candoni Moscato,4,11.75,12.0,1.2583057392117916,1.5833333333333333,1
21609,Josh Cellars Legacy Red,55,11.436363636363636,11.0,1.8635254955935732,3.4727272727272727,1
21614,Billette Bousquet Prov Rose,8,9.875,10.0,2.1671244937540095,4.696428571428571,1
21615,Moonstone Coc Lemongras Sake,37,12.243243243243244,13.0,1.6056394607999884,2.578078078078078,1
21616,Moonstone Plum Sake,3,12.333333333333334,13.0,1.1547005383792517,1.3333333333333335,1
21617,Querry Cider,2,11.5,11.5,2.1213203435596424,4.5,1
21619,Yosemite Road Pnt Grigio,12,12.0,12.0,1.651445647689541,2.727272727272727,1
21622,Lima Loureiro Vino Verde DOC,13,10.076923076923077,10.0,1.5525000516123697,2.4102564102564106,1
21625,Kirkland Signature Chard 12,1,12.0,12.0,,,1
21627,Ferrari Carano Pnt Grigio,45,10.755555555555556,11.0,1.9558252798377787,3.825252525252525,1
21628,Ironside Cab Svgn,4,10.5,10.5,1.2909944487358056,1.6666666666666667,1
21631,Shelburne Vyds Marquette Red,3,9.333333333333334,10.0,3.055050463303893,9.333333333333332,1
21632,Simi Chard Sonoma Cty,30,11.333333333333334,11.5,1.5610194134588469,2.4367816091954024,1
21633,Wild Horse Pnt Nr CC,3,11.666666666666666,12.0,2.5166114784235836,6.333333333333334,1
21634,Estancia Rsv Meritage Paso R,2,13.5,13.5,0.7071067811865476,0.5,1
21635,Franciscan Est Cab Svgn,2,11.5,11.5,0.7071067811865476,0.5,1
21643,Gruet Bl de Bl 25th Annivrsy,2,12.0,12.0,0.0,0.0,1
21645,Foxen Chard Block UU,4,11.5,11.5,1.2909944487358056,1.6666666666666667,1
21653,Pendulum Red,1,11.0,11.0,,,1
21654,Ch Valcombe Rose Ventoux,1,9.0,9.0,,,1
21672,Peachy Canyon Westside Znfdl,38,11.763157894736842,12.0,1.761973870504723,3.1045519203413945,1
21673,Juan Gil Dry Wh Muscat Jumil,6,11.833333333333334,11.5,1.4719601443879746,2.166666666666667,1
21684,Underwood Pnt Nr,16,11.0,11.0,1.8973665961010275,3.6,1
21685,Cameron Hughes Cam Col Cab S,18,10.11111111111111,10.0,2.0832352918107335,4.339869281045751,1
21686,Cameron Hughes Cam Coll Char,1,10.0,10.0,,,1
21690,Kenwood Chard 12,3,11.333333333333334,11.0,2.516611478423583,6.333333333333333,1
21691,Tracia Syrah,1,14.0,14.0,,,1
21693,Chalk Hill Pnt Nr RRV,2,10.5,10.5,0.7071067811865476,0.5,1
21696,Shelburne Vyds Lake View Wh,4,8.5,8.0,3.0,9.0,1
21698,Terra de Touros Red,4,11.75,12.5,2.8722813232690143,8.25,1
21699,Terra de Touros White,3,13.333333333333334,14.0,1.1547005383792517,1.3333333333333335,1
21700,Ram Island Lavender Lemonade,29,11.758620689655173,12.0,1.6830069266853704,2.832512315270936,1
21710,Farnese Edizone Cinque Autoc,1,11.0,11.0,,,1
21711,Shardana Valli Di Porto Pino,4,11.5,11.5,1.2909944487358056,1.6666666666666667,1
21712,Ferghettina Francia Mil Brut,1,10.0,10.0,,,1
21716,Terrilogio Primitivo,2,10.5,10.5,0.7071067811865476,0.5,1
21729,Santi Pinot Grigio Delle Ve,42,11.142857142857142,11.0,1.7189251969625126,2.954703832752613,1
21730,Ch Les Ormes Saint-Julien,3,11.666666666666666,11.0,1.1547005383792517,1.3333333333333335,1
21731,Ch Moulin de la Rose St-Juln,3,12.666666666666666,13.0,1.5275252316519468,2.3333333333333335,1
21732,Terre du Lion Saint-Julien,1,13.0,13.0,,,1
21733,Dom Fond Croze CdR Serra Grd,8,11.125,11.0,1.7268882005337975,2.982142857142857,1
21734,Gr Montmirail Muscat Venise,19,11.210526315789474,11.0,1.812884361343089,3.2865497076023398,1
21735,Millet Roger Sancerrre,47,11.553191489361701,12.0,1.8154950293694347,3.296022201665125,1
21737,Paul Hobbs Beckstoffer Cab S,2,12.5,12.5,0.7071067811865476,0.5,1
21743,Telmo Rodriguez Gaba do XII,1,11.0,11.0,,,1
21750,Santos Sangria,51,10.607843137254902,10.0,2.0305509732341025,4.123137254901962,1
21752,Flag Hill Cayuga White,53,10.20754716981132,10.0,1.894917194923524,3.590711175616837,1
21757,Jovino Pnt Nr Williamete Vly,2,10.5,10.5,0.7071067811865476,0.5,1
21761,Ch Riotor Rose Cotes de Prov,2,13.0,13.0,0.0,0.0,1
21767,Claude Riffault Noue Rose Sa,3,12.333333333333334,13.0,1.1547005383792517,1.3333333333333335,1
21769,Eden Sparkling Cider,8,10.625,12.0,2.8252686345094435,7.982142857142857,1
21771,Jamieson Ranch Cab Svgn,2,13.5,13.5,0.7071067811865476,0.5,1
21775,PopCrush White,4,11.0,10.5,2.160246899469287,4.666666666666667,1
21777,Ch La Rame Brdx Rouge,1,11.0,11.0,,,1
21781,TerraMare Rosso,2,12.5,12.5,0.7071067811865476,0.5,1
21783,Grape Time Winery Amarone,26,9.192307692307692,9.0,1.4427537771700554,2.081538461538462,1
21784,Grape Time Winery Rsl Granny,45,8.933333333333334,9.0,1.8997607504869947,3.609090909090909,1
21785,Ghostwriter Pnt Nr,1,7.0,7.0,,,1
21787,LiDestri Spicy Bloody Mary,1,11.0,11.0,,,1
21788,LiDestri Bloody Mary,1,11.0,11.0,,,1
21789,Carpene Malvolti Sprklg Rose,36,11.0,11.0,1.8973665961010275,3.6,1
21791,Michael David Svgn Bl,11,11.090909090909092,11.0,1.8140862964338522,3.2909090909090906,1
21795,Canyon Rd Cab Svgn,49,11.183673469387756,11.0,1.8783133989006724,3.528061224489796,1
21799,Ch Lafite Rothschild 10 Brdx,4,11.5,11.5,1.2909944487358056,1.6666666666666667,1
21812,Angeline Svgn Bl RRV,2,12.5,12.5,0.7071067811865476,0.5,1
21813,Canyon Rd Chard,52,11.192307692307692,11.0,1.9101222785872516,3.6485671191553544,1
21814,Hartford OV Znfdl RRV,7,11.571428571428571,12.0,1.6183471874253743,2.6190476190476195,1
21824,Taken Red Napa,49,10.428571428571429,10.0,2.101586702153082,4.416666666666667,1
21830,Buoncristiani Family Red OPC,1,9.0,9.0,,,1
21831,Buoncristiani Family Chard,2,10.5,10.5,0.7071067811865476,0.5,1
21832,Dom Bousquet Cab Svgn Rsv,20,10.45,10.5,1.79105966869954,3.2078947368421056,1
21833,Frey Vyds Organic Blanc,2,11.5,11.5,0.7071067811865476,0.5,1
21834,Meiomi Chard,55,11.290909090909091,12.0,1.6961036751235687,2.8767676767676766,1
21836,Merriam Pnt Nr Cuvee RRV,33,10.393939393939394,10.0,2.1497004724407818,4.62121212121212,1
21837,Gerard Bertrand Gr Teroir Rd,3,12.0,12.0,1.0,1.0,1
21841,Gerard Bertrand 13 Gris Blan,1,13.0,13.0,,,1
21849,Attems Pnt Grigio Ramato,30,12.1,13.0,1.7090025322311297,2.920689655172414,1
21854,Signorello's Cab Svgn Napa,2,13.5,13.5,0.7071067811865476,0.5,1
21856,Waterstone Chard Carneros,1,9.0,9.0,,,1
21857,Willamette Vly Tualatin Est,5,11.0,12.0,2.0,4.0,1
21858,Willamette Vly Elton Pnt Nr,4,11.25,11.5,2.0615528128088303,4.25,1
21859,Tiefenbrunner Pnt Grigio,54,10.796296296296296,11.0,1.8971640168363082,3.599231306778476,1
21860,Le Grande Courtage Brut,4,11.75,12.5,1.8929694486000912,3.5833333333333335,2
21861,Diseno Red Blend Mendoza,28,11.464285714285714,12.0,1.6212053782007012,2.6283068783068786,1
21864,Dom Carneros Brut,52,10.788461538461538,10.5,2.0516520216887533,4.209276018099548,1
21883,Chusclan Les Genets CDR,26,11.73076923076923,12.0,1.8667124536509059,3.484615384615385,1
21884,St Julien Rose CDR,4,11.75,12.0,2.6299556396765835,6.916666666666667,1
21924,BV Coastal Estate Svgn Bl,7,10.857142857142858,12.0,1.8644544714716087,3.476190476190476,1
21951,Ruffino Aziano Chianti Clsc,52,11.365384615384615,12.0,1.6333394896304085,2.6677978883861235,1
21957,Cooks Spumante,50,11.24,11.5,1.6849877368899124,2.8391836734693885,1
21958,Le Grande Courtage Rose,2,11.0,11.0,2.8284271247461903,8.0,1
21959,Le Grande Courtage Brut,24,10.708333333333334,10.5,1.5736738147920994,2.476449275362319,2
21960,Le Grande Courtage Rose,6,10.666666666666666,10.0,2.3380903889000244,5.466666666666667,2
21965,Marques de Caceres Blanco Wh,47,10.446808510638299,11.0,2.15495899929016,4.643848288621648,1
21975,Trim Cabernet Sauvignon,2,12.0,12.0,1.4142135623730951,2.0,1
21977,Massolino Barolo Margheria,4,8.5,9.0,1.0,1.0,1
21979,Massolino Dolcetto D'Alba,8,9.25,9.0,1.9820624179302297,3.9285714285714284,1
21980,Massolino Barolo Parussi,1,12.0,12.0,,,1
21981,Massolino Barolo Serralunga,4,11.75,12.5,1.8929694486000912,3.5833333333333335,1
21983,Massolino Barbera D'Alba,8,10.375,10.5,2.1339098923270936,4.553571428571429,1
21985,Menage a Trois Midnight,54,10.37037037037037,10.0,2.049356054373199,4.199860237596086,1
21992,Art of Eart Montepulciano d',10,10.6,10.5,2.3664319132398464,5.6,1
21997,Magnolia Court Merlot Paso R,3,12.333333333333334,12.0,1.5275252316519468,2.3333333333333335,1
22000,Cooks Brut,50,11.42,12.0,1.6424223027005458,2.6975510204081634,1
22004,Smashberry Red,2,12.0,12.0,1.4142135623730951,2.0,1
22007,Schmitt Sohne Auslese Michls,35,11.428571428571429,11.0,1.6500572946507803,2.722689075630252,1
22008,Schmitt Sohne Kabinett Mchls,24,11.208333333333334,11.0,1.6412923504696366,2.6938405797101446,1
22010,LiDestri Red Sangria,43,10.488372093023257,10.0,1.8175348692961628,3.3034330011074196,1
22011,LiDestri White Sangria,4,11.75,12.5,2.8722813232690143,8.25,1
22012,Vieux Clocher Chateauneuf Du,1,12.0,12.0,,,1
22014,Foss Marai Prosecco,31,9.903225806451612,10.0,1.7388662725978945,3.023655913978495,1
22016,Foss Marai Prosecco,13,10.307692307692308,10.0,1.7504578155735613,3.064102564102564,1
22017,Foss Marai Roos Spumante Bru,1,11.0,11.0,,,1
22019,Mumm Napa Brut Rose,53,11.150943396226415,11.0,1.7474841961989718,3.0537010159651667,1
22022,Lower East Side Cab Svgn,5,10.4,12.0,2.3021728866442674,5.3,1
22027,Jacobs Crk Cab Svgn,52,11.26923076923077,11.0,1.7276912466469736,2.9849170437405737,1
22028,Gramercy Clrs Grenache,2,11.5,11.5,0.7071067811865476,0.5,1
22030,Pulenta Est La Flor Malbec,24,11.458333333333334,11.5,2.021174145771767,4.0851449275362315,1
22032,Hob Nob Wicked Red Ltd Ed,2,11.0,11.0,1.4142135623730951,2.0,1
22038,Jam Cellars Toast,9,11.777777777777779,13.0,1.922093765778466,3.694444444444444,1
22039,Ghost Pines Pnt Nr L Martini,29,11.03448275862069,11.0,2.0438541781344948,4.177339901477832,1
22043,Five Oaks Wh Moscato,10,12.3,12.0,1.7669811040931427,3.122222222222222,1
22045,Woodwork Chard,1,8.0,8.0,,,1
22046,Woodwork Cab Svgn,1,13.0,13.0,,,1
22047,Woodwork Pnt Nr,41,10.21951219512195,10.0,1.89092827894068,3.575609756097562,1
22048,Maggy Hawk Afleet Pnt Nr,3,11.333333333333334,12.0,2.081665999466133,4.333333333333334,1
22050,Maggy Hawk Stormin Pnt Nr,2,12.0,12.0,1.4142135623730951,2.0,1
22052,Lokoya Howell Mtn Cab Svgn,3,10.666666666666666,10.0,2.081665999466133,4.333333333333334,1
22053,Lokoya Diamond Mtn Cab Svgn,1,11.0,11.0,,,1
22054,Lokoya Spring Mtn Cab Svgn,3,11.333333333333334,11.0,1.5275252316519468,2.3333333333333335,1
22055,The Girls in the Vineyard Wh,6,11.166666666666666,11.5,1.1690451944500122,1.3666666666666667,1
22057,Le Macchiole Bolgheri Rosso,1,13.0,13.0,,,1
22065,Dom Zind Humbrecht Rsl 12,4,10.5,10.5,2.0816659994661326,4.333333333333333,1
22067,Dom Zind Humbrecht Pnt Bl 12,4,9.25,9.0,1.2583057392117916,1.5833333333333333,1
22073,Opus One 11,1,14.0,14.0,,,1
22075,Kesselstatt Piesporter Gold,1,13.0,13.0,,,1
22077,C Y Toro Casa Diablo Chard,34,10.588235294117647,11.0,1.9712731935389023,3.8859180035650627,1
22079,C Y Toro Casa Diblo Cab Svgn,54,10.555555555555555,11.0,1.7874474967000065,3.1949685534591197,1
22080,Hacienda Zargon Merlot,1,7.0,7.0,,,1
22081,Hacienda Zargon Cab Svgn,1,7.0,7.0,,,1
22086,Queens Peak Cab Svgn Sonoma,11,12.090909090909092,13.0,1.9725387425622571,3.8909090909090907,1
22087,Juxtapoz Red North Cst,35,10.657142857142857,11.0,1.7479880391106655,3.0554621848739494,1
22091,Presswork Grenache Mclaren V,1,8.0,8.0,,,1
22092,Latour L'Ardeche Chard,4,12.0,13.0,2.70801280154532,7.333333333333333,1
22093,Trione Family Vyds Svgn Bl,1,11.0,11.0,,,1
22094,Trione Family Vyds Red Blend,1,10.0,10.0,,,1
22097,Hacienda Haro Lopez Cri Rsva,1,11.0,11.0,,,1
22098,LAN Rsva Rioja,2,11.0,11.0,0.0,0.0,1
22103,Nodus Cava Brut,1,11.0,11.0,,,1
22105,Castello Di Cacchiano Chiant,1,9.0,9.0,,,1
22107,Emmolo Merlot,3,12.666666666666666,14.0,2.3094010767585034,5.333333333333334,1
22108,Emmolo Svgn Blanc,1,13.0,13.0,,,1
22119,Don Simon Selecion Chard,5,11.6,12.0,1.6733200530681511,2.8,1
22120,Don Simon Selecion Shiraz,1,10.0,10.0,,,1
22138,Madame Fleur Rose Vin d Pays,1,11.0,11.0,,,1
22143,Simi Cab Svgn,54,11.333333333333334,12.0,1.682316462276133,2.8301886792452837,1
22149,Paso Robles Svgn Bl,1,11.0,11.0,,,1
22161,Santa Rita Organic Svgn Bl,1,14.0,14.0,,,1
22167,Dom de Reuilly Pnt Gris,1,12.0,12.0,,,1
22168,Tangent Pnt Gris,5,11.0,12.0,2.0,4.0,1
22169,Billecart-Salmon Brut Rsv,2,13.0,13.0,1.4142135623730951,2.0,1
22170,Bone Shaker Znfdl,33,10.666666666666666,11.0,1.6708281379802852,2.7916666666666665,1
22171,Lucienne Smith Vyd Pnt Nr,10,10.8,11.5,1.7511900715418263,3.066666666666667,1
22173,Lucienne Doctor's Vyd Pnt Nr,3,10.333333333333334,10.0,0.5773502691896257,0.3333333333333333,1
22174,QM Alvarinho White,12,9.833333333333334,10.0,1.4668044012461756,2.151515151515152,1
22178,Portal 40 Yr Old Tawny Port,1,11.0,11.0,,,1
22183,Ninety+Cellars Lot 112 Svgn,2,10.0,10.0,1.4142135623730951,2.0,1
22192,Placido Chianti,53,10.60377358490566,11.0,1.7687416500646551,3.1284470246734393,1
22194,Placido Pinot Grigio Venezi,54,10.555555555555555,11.0,1.7874474967000065,3.1949685534591197,1
22195,Placido Pinot Grigio Venezi,1,9.0,9.0,,,1
22201,Tormaresca Primitivo,2,9.0,9.0,1.4142135623730951,2.0,1
22206,MU Creamy Vanilla Latte,1,11.0,11.0,,,1
22207,Star Insolia Chard,1,12.0,12.0,,,1
22209,The Insider Cab Svgn,3,9.333333333333334,9.0,2.516611478423583,6.333333333333333,1
22220,Salted Caramel Martini Wine,1,13.0,13.0,,,1
22222,LaLuca Prosecco,39,11.794871794871796,12.0,1.7797026241761078,3.167341430499324,1
22223,Auspicion Cabernet Sauvignon,1,13.0,13.0,,,1
22225,Gifft Chardonnay,1,12.0,12.0,,,1
22226,Geyser Peak Pnt Nr,1,9.0,9.0,,,1
22227,Gifft Red Blend,6,7.666666666666667,7.5,1.2110601416389966,1.4666666666666666,1
22228,Luiano Ottantuno Chianti,4,11.0,11.0,2.943920288775949,8.666666666666666,1
22230,Glam Prosecco,9,11.444444444444445,11.0,2.455153310442706,6.027777777777779,1
22234,Casalini Monteplciano D'Abrz,11,11.363636363636363,11.0,1.3618169680781094,1.8545454545454543,1
22238,Seven Sisters Cab Svgn,1,12.0,12.0,,,1
22263,Volker Eisele Family Est Cab,1,9.0,9.0,,,1
22264,Cuttings Red,20,11.65,12.0,1.8144159564878983,3.292105263157895,1
22270,Markham Cab Svgn,20,11.1,11.0,2.125038699338017,4.515789473684211,1
22274,Complicated Chard,12,10.166666666666666,10.0,1.6422453217986943,2.6969696969696972,1
22275,Markham Merlot,45,11.488888888888889,12.0,1.816868212339602,3.3010101010101014,1
22276,Menage a Trois Prosecco,2,12.0,12.0,1.4142135623730951,2.0,1
22279,Cruz Garcia Real Sangria Rd,10,10.3,10.0,1.888562063228706,3.566666666666667,1
22282,Sycamore Lane Pnt Nr,3,10.666666666666666,11.0,1.5275252316519468,2.3333333333333335,1
22289,Pichot Dom Moriette Vouvray,51,10.431372549019608,10.0,2.1095487855063633,4.4501960784313725,1
22291,Locations E Red Spanish,38,11.210526315789474,11.0,1.8181947497277104,3.3058321479374113,1
22292,Locations F Red France,4,12.5,13.0,1.7320508075688772,3.0,1
22294,The Calling Pnt Nr RRV,7,12.0,13.0,1.8257418583505538,3.3333333333333335,1
22297,Zorvino Vyds Pearz,50,9.68,10.0,1.9737046901909192,3.8955102040816327,1
22298,Zorvino Vyds Sangiovese,38,9.552631578947368,10.0,1.8261962894564392,3.334992887624467,1
22318,Lecciaia Brunello M Reserve,27,10.851851851851851,11.0,1.9355719429767384,3.746438746438746,1
22324,Hillinger Leitheberg Blaufra,1,8.0,8.0,,,1
22326,Saved Red,35,11.114285714285714,11.0,1.5101894811273064,2.280672268907563,1
22327,Saved Rose,10,11.8,12.0,1.7511900715418263,3.066666666666667,1
22336,EnRoute Pnt Nr,9,11.666666666666666,11.0,1.8708286933869707,3.5,1
22337,Maison L'Envoye The Attache,3,10.0,10.0,1.0,1.0,1
22338,Maison L'Envoye Two Messenge,3,11.0,11.0,2.0,4.0,1
22339,Heartland Spice Trader Sh/CS,37,11.324324324324325,11.0,1.915638188612262,3.6696696696696685,1
22340,Gerard Bertrand Languedoc Rg,7,12.571428571428571,13.0,1.2724180205607036,1.6190476190476193,1
22344,Rioja Bordon Rsva Tempranllo,43,11.511627906976743,12.0,1.869200147545364,3.4939091915836102,1
22345,Rioja Bordon Gran Rsva Tempr,6,11.5,11.5,1.8708286933869707,3.5,1
22347,Capezzana Barco Reale d Carm,6,10.666666666666666,11.0,1.96638416050035,3.8666666666666663,1
22349,Callaway Svgn Bl Cellar Slct,1,9.0,9.0,,,1
22352,Terlato Fmly Vyd Angels Peak,1,13.0,13.0,,,1
22353,Dylan's Ghost Hell Hollow CS,8,11.625,11.5,2.065879266282796,4.267857142857143,1
22355,Wairau River Svgn Bl,2,13.0,13.0,0.0,0.0,1
22358,Seifried Nelson Svgn Blanc,2,11.0,11.0,1.4142135623730951,2.0,1
22361,Ecco Domani Prosecco,2,12.5,12.5,2.1213203435596424,4.5,1
22362,Barefoot Bubbly Peach Fusion,53,11.245283018867925,11.0,1.9305804266449396,3.727140783744557,1
22363,Andre Moscato,5,11.2,11.0,2.7748873851023212,7.699999999999999,1
22364,Andre Pink Moscato,3,12.333333333333334,14.0,2.8867513459481287,8.333333333333332,1
22367,Ch Massiac Viognier,5,10.2,10.0,1.6431676725154984,2.7,1
22384,Maimai Hawke's Bay Syrah,1,14.0,14.0,,,1
22385,Lake Chalice Cracklin Savie,1,13.0,13.0,,,1
22387,Gnarly Head Authentic Black,54,10.537037037037036,10.5,1.8296608920055244,3.3476589797344514,1
22389,Villa Cornaro Prosecco,46,11.391304347826088,11.0,1.8912460427461306,3.5768115942028986,1
22390,Ch Julien Chard,1,11.0,11.0,,,1
22392,Ch Julien French Kiss,1,11.0,11.0,,,1
22395,Allegrini La Poja,1,14.0,14.0,,,1
22396,Allegrini Dedicato A Walter,1,12.0,12.0,,,1
22397,Allegrini Solosole Vermentin,9,10.333333333333334,9.0,1.7320508075688772,3.0,1
22398,Allegrini Sondraia,2,12.0,12.0,2.8284271247461903,8.0,1
22399,Truchard Vyds The Shepard Rd,5,10.8,11.0,1.3038404810405297,1.7000000000000002,1
22402,Aska Bolgheri Rosso,3,12.333333333333334,13.0,1.1547005383792517,1.3333333333333335,1
22404,La Pettegola Vermentino,2,10.0,10.0,1.4142135623730951,2.0,1
22406,Three Wishes Cab Svgn,5,10.4,10.0,1.6733200530681511,2.8,1
22407,Three Wishes Chard,5,10.2,10.0,1.3038404810405297,1.7000000000000002,1
22408,Three Wishes Merlot,6,10.833333333333334,11.0,2.136976056643281,4.566666666666666,1
22412,Harthill Farms Chard,1,8.0,8.0,,,1
22413,Harthill Farms Cab Svgn,1,11.0,11.0,,,1
22416,Layer Cake Sea of Stones Red,44,11.590909090909092,12.0,1.7562934254259748,3.0845665961945037,1
22417,Elouan Pnt Nr Oregon,11,11.636363636363637,12.0,1.7477257950106058,3.0545454545454542,1
22418,Pizzolato Moscato,5,12.4,13.0,0.8944271909999159,0.8,1
22419,Farm Napa Vly Cab Svgn,1,14.0,14.0,,,1
22420,Farm Napa Vly Chard,4,13.25,13.0,0.5,0.25,1
22421,Marchesi di Barolo Monferrat,35,10.885714285714286,11.0,1.8112626173218402,3.280672268907563,1
22433,Dom Prieur Meurslt Mazray 13,2,10.0,10.0,1.4142135623730951,2.0,1
22438,Ch Fuisse Pouilly Fuisse 12,1,12.0,12.0,,,1
22439,S Aviron Cd Brouilly 12 Viel,2,11.0,11.0,1.4142135623730951,2.0,1
22440,S Aviron 12 Fleurie Madrieir,2,10.5,10.5,0.7071067811865476,0.5,1
22441,Omaka Springs Svgn Bl,46,11.804347826086957,12.0,1.808861707353136,3.271980676328502,1
22447,Pizzolato Pnt Grigio,10,11.3,10.5,2.002775851439974,4.011111111111112,1
22448,Jam Cab Svgn,34,11.970588235294118,12.5,1.7664429952916605,3.120320855614973,1
22449,Bota Brick Pnt Grigio,7,11.142857142857142,12.0,2.478478796128211,6.142857142857145,1
22450,Bota Brick Cab Svgn,6,11.5,11.5,1.6431676725154984,2.7,1
22451,Bota Brick Chard,5,11.0,10.0,2.8284271247461903,8.0,1
22456,L'Ecole No 41 Red Columbia V,5,11.6,12.0,0.5477225575051661,0.3,1
22457,L'Ecole No 41 Chard Columbia,2,12.0,12.0,1.4142135623730951,2.0,1
22458,Casa Lapostolle Canto Apalta,1,9.0,9.0,,,1
22459,Belcreme de Lys Pnt Nr,1,13.0,13.0,,,1
22460,Uppercut Chard,1,13.0,13.0,,,1
22470,Stellar Organics Merlot,3,10.333333333333334,11.0,3.055050463303893,9.333333333333332,1
22471,Dom Specht Rsl Alsace,2,10.5,10.5,2.1213203435596424,4.5,1
22472,Achaval Ferrer Cab Svgn,2,9.0,9.0,1.4142135623730951,2.0,1
22473,Cakebread Clrs Cab Svgn 11,1,13.0,13.0,,,1
22474,The White Doe White,1,10.0,10.0,,,1
22475,MSH Cellars Svgn Bl Napa Vly,3,12.666666666666666,13.0,1.5275252316519468,2.3333333333333335,1
22477,Mionetto IL Moscato,3,12.333333333333334,13.0,2.081665999466133,4.333333333333334,1
22478,Mionetto IL Lambrusco Sprklg,1,13.0,13.0,,,1
22490,Can Blau Tinto Montsant,1,13.0,13.0,,,1
22500,Chaman Petit Verdot,2,10.5,10.5,2.1213203435596424,4.5,1
22504,Dom Gres St Vincent CdR Vlgs,1,11.0,11.0,,,1
22508,Blindfold White,26,11.076923076923077,11.0,1.5211331808379418,2.3138461538461543,1
22509,Alderbrook Pnt Nr RRV,5,10.6,10.0,1.9493588689617927,3.8,1
22515,Justin Vyds 13 Svgn Bl C Cst,52,11.423076923076923,11.0,1.7303083012851292,2.9939668174962297,1
22516,J Lohr Cypress Brl Frm Chard,5,11.4,11.0,2.073644135332772,4.3,1
22517,J Lohr Cypress Cab Svgn,11,11.545454545454545,11.0,1.916436086262016,3.672727272727273,1
22524,Dry Creek Vyds Est Block 10,24,10.833333333333334,11.0,1.7362294645648622,3.014492753623188,1
22531,BV Coastal Estate Chard,44,10.318181818181818,11.0,1.8896625424431994,3.5708245243128967,1
22533,Jadot Marsannay Clos Roy 12,1,13.0,13.0,,,1
22534,Jadot Fixin 12,1,9.0,9.0,,,1
22539,Jadot Beaune Bressandes 12,1,13.0,13.0,,,1
22543,Jadot Santenay Clos Rous 12,1,13.0,13.0,,,1
22547,Jadot Savigny Narbantons 12,1,9.0,9.0,,,1
22549,Jadot Savigny Les Beaune 12,2,10.5,10.5,3.5355339059327378,12.5,1
22554,Jadot Pernand Croix Blanc 12,1,13.0,13.0,,,1
22556,Piccini Chianti,1,13.0,13.0,,,1
22560,Hoya de Cadenas Cava,1,11.0,11.0,,,1
22562,High Note 1100 Meter Red,2,11.5,11.5,0.7071067811865476,0.5,1
22565,Clayhouse Cab Svgn,1,12.0,12.0,,,1
22566,LaBelle Winery 2013 Dry Rsl,18,9.88888888888889,10.5,2.025975114210116,4.104575163398692,1
22567,Our Daily Red Cab Svgn,3,10.666666666666666,11.0,2.5166114784235836,6.333333333333334,1
22568,Beringer The Waymaker Red,12,10.5,10.0,1.7320508075688772,3.0,1
22569,Bota Box Svgn Bl,53,10.566037735849056,11.0,1.8345973563937898,3.3657474600870825,1
22572,Freeman Vyd Pnt Nr RRV,1,9.0,9.0,,,1
22579,Fox Brook Cab Svgn,3,9.666666666666666,8.0,2.8867513459481287,8.333333333333332,1
22581,Fox Brook Pnt Grigio,2,12.0,12.0,1.4142135623730951,2.0,1
22583,Cambria Julias Vyd Pnt Nr,41,11.21951219512195,11.0,1.6203733384925714,2.6256097560975613,1
22584,Cambria Katherines Chard,51,11.333333333333334,11.0,1.7397317800933185,3.026666666666667,1
22590,Ch Motte Maucourt Brdx,1,8.0,8.0,,,1
22591,Ch Manos Cadillac,4,9.0,9.0,1.8257418583505538,3.3333333333333335,1
22592,Brandborg Benchlands Pnt Nr,1,8.0,8.0,,,1
22593,The Divining Rod Red,46,10.73913043478261,11.0,1.9371775873241253,3.7526570048309194,1
22595,CK Mondavi Blonde Five,1,13.0,13.0,,,1
22596,Erath Leland Pnt Nr,2,9.5,9.5,0.7071067811865476,0.5,1
22597,Erath Prince Hill Pnt Nr,4,10.75,10.0,2.217355782608345,4.916666666666667,1
22598,Animo Cab Svgn,5,10.6,11.0,2.073644135332772,4.3,1
22599,Antica Fratta Franciacorta B,12,11.25,11.0,2.0056737702645644,4.0227272727272725,1
22600,Jos Phelps Insignia 11,1,14.0,14.0,,,1
22601,Jos Phelps Insignia 11,11,12.181818181818182,12.0,1.662418829187267,2.7636363636363637,1
22615,Freixenet Cordon Negro Brut,4,11.25,11.5,2.0615528128088303,4.25,1
22617,Viberti Barbera D'Alba Gemel,4,11.0,11.0,1.8257418583505538,3.3333333333333335,1
22619,Promesses de France CdRhone,1,11.0,11.0,,,1
22621,A Bichot Adelie Mercury,2,13.5,13.5,0.7071067811865476,0.5,1
22624,A Bichot Merc Champs M,1,14.0,14.0,,,1
22625,True Myth Cab,32,9.96875,10.0,1.942468914518574,3.7731854838709675,1
22626,Ryan Patrick Redhead Red,1,10.0,10.0,,,1
22629,Ryan Patrick Ryan's Rsl,7,9.571428571428571,10.0,1.9880595947760098,3.9523809523809526,1
22630,Ryan Patrick Rsv Cab,6,11.5,11.5,1.51657508881031,2.3,1
22632,Buil & Gine Montsant 17X1,4,9.25,9.0,0.5,0.25,1
22640,Crossbarn Cab Svgn,1,10.0,10.0,,,1
22643,Chartron Trebuchet Puligny,4,10.75,10.0,2.362907813126304,5.583333333333333,1
22644,Gaston & Ravaut Bourgn Chard,1,11.0,11.0,,,1
22645,Gaston & Ravaut Bourgog Vlg,17,11.0,11.0,1.9039432764659772,3.625,1
22646,Guillaume Vrignaud Chablis,3,11.0,11.0,1.0,1.0,1
22647,Guillaume Vrignaud Chablis 1,1,10.0,10.0,,,1
22648,San Felice Il Grigio Gr Sel,16,11.5,11.0,1.6733200530681511,2.8,1
22649,San Felice Campogiovanni Bru,16,11.3125,11.0,1.6214705259938174,2.629166666666667,1
22653,Esser Vyds Chard,3,8.333333333333334,8.0,1.5275252316519468,2.3333333333333335,1
22656,Iron Horse Est Pnt Nr,1,8.0,8.0,,,1
22657,Iron Horse Est Chard,3,9.666666666666666,10.0,2.516611478423583,6.333333333333333,1
22659,Iron Horse Wedding Cuvee,1,10.0,10.0,,,1
22661,Iron Horse Est Brut Rose,2,8.5,8.5,0.7071067811865476,0.5,1
22662,Trefethen Chard Napa,41,11.585365853658537,12.0,1.9101781298624683,3.648780487804877,1
22663,Iron Horse Ocean Rsv Nationa,4,9.25,9.0,2.217355782608345,4.916666666666667,1
22664,B & G Sancerre Svgn Bl,1,9.0,9.0,,,1
22665,Trefethen Cab Svgn,26,11.76923076923077,13.0,2.006144407717297,4.024615384615385,1
22671,Round Hill Chard,23,11.869565217391305,13.0,1.7659493410341118,3.118577075098814,1
22672,Mumm Brut Cve Napa,7,11.571428571428571,12.0,1.7182493859684491,2.9523809523809526,1
22675,For A Song  The Score,3,12.0,13.0,1.7320508075688772,3.0,1
22696,Delish Svgn Bl,38,11.394736842105264,11.0,1.5860791992121777,2.5156472261735425,1
22697,Girard Old Vine Znfdl,40,11.175,11.0,1.9333443854679675,3.737820512820513,1
22702,Peter Michael Danseuse Pnt N,1,14.0,14.0,,,1
22703,Carne Humana Red,2,11.5,11.5,2.1213203435596424,4.5,1
22711,Ilauri Bajo Montplc d'Abruzo,3,9.0,9.0,1.0,1.0,1
22725,Adelsheim Chard Willmete Vly,6,11.833333333333334,12.0,2.136976056643281,4.566666666666667,1
22737,Rotation Chard,1,7.0,7.0,,,1
22739,C&P Breton  Les Perrieres,1,10.0,10.0,,,1
22740,C&P Breton Chinon St Louand,1,12.0,12.0,,,1
22743,Austerity Pnt Nr,1,11.0,11.0,,,1
22744,Austerity Chard,3,11.333333333333334,11.0,0.5773502691896257,0.3333333333333333,1
22750,Franzia Refreshing White Ta,10,10.8,10.5,1.6193277068654826,2.6222222222222222,1
22756,LaMarca Prosecco,6,10.666666666666666,10.5,2.338090388900024,5.466666666666666,1
22757,Black Opal Cshmre Cab/Merlot,32,10.6875,11.0,1.8740589036083013,3.5120967741935485,1
22758,Copain Tous Ensemble 12 Chrd,34,11.441176470588236,11.5,1.7785110638615873,3.163101604278075,1
22763,Los Dos Moscato & Chard,1,13.0,13.0,,,1
22765,Renacer Red Mendoza,2,11.5,11.5,2.1213203435596424,4.5,1
22768,Stags Leap Hand of Time Red,15,11.466666666666667,11.0,1.5055453054181618,2.266666666666666,1
22776,Claudia Papayianni 08 Red,1,7.0,7.0,,,1
22778,Orestiadi Ludovico,9,12.0,11.0,1.7320508075688772,3.0,1
22781,Rage Znfdl,2,9.5,9.5,0.7071067811865476,0.5,1
22789,Bolla Prosecco 3pk/187mls,1,12.0,12.0,,,1
22793,Kenwood Yulupa Pnt Nr,10,11.4,12.0,1.8973665961010275,3.5999999999999996,1
22794,Kenwood Yulupa Cuvee Brut,12,11.666666666666666,12.0,1.3706888336846839,1.8787878787878787,1
22796,Raymond Generations Cab Svgn,1,13.0,13.0,,,1
22798,Elk Cove La Boheme Pnt Nr,4,12.5,13.0,1.7320508075688772,3.0,1
22799,Farmers of Wine Italian Red,4,12.0,12.5,2.160246899469287,4.666666666666667,1
22801,Fetzer Valley Oaks Cab Svgn,53,11.88679245283019,12.0,1.7722256471898068,3.1407837445573294,1
22808,Honeymaker Spiced Mead,1,14.0,14.0,,,1
22809,Opici Toscano Twist Neck 12,1,11.0,11.0,,,1
22811,Manischewitz Cream Peach,1,10.0,10.0,,,1
22813,Angels Landing Cab Svgn,20,10.1,10.0,1.1652874052533588,1.3578947368421055,1
22819,Rozes Infanta Isabel 10 Yr,9,9.666666666666666,10.0,2.345207879911715,5.5,1
22820,Rozes Vintage 2000 Old Port,3,10.0,10.0,1.0,1.0,1
22821,Corvo Pnt Grigio,22,10.636363636363637,11.0,2.1054454238712608,4.432900432900433,1
22822,Corvo Pnt Nr,36,10.36111111111111,10.0,2.0445436483867816,4.180158730158731,1
22823,Fincas de Ganuza 03 Rsva,1,9.0,9.0,,,1
22827,Taittinger La Francaise,1,13.0,13.0,,,1
22828,Beaux Freres Vyds Pnt Nr,2,9.5,9.5,0.7071067811865476,0.5,1
22830,Beaux Freres Pnt Nr Will Vly,3,11.333333333333334,13.0,2.8867513459481287,8.333333333333332,1
22831,Grady Family Vyds Znfdl,2,12.0,12.0,0.0,0.0,1
22833,Grady Family Vyds Cab Svgn,2,7.5,7.5,0.7071067811865476,0.5,1
22836,Veracruz Joven Verdejo,8,10.875,11.0,2.295181287579947,5.267857142857143,1
22838,Vinchio Vaglio Barbera,11,10.0,10.0,2.3664319132398464,5.6,1
22839,Tomada de Castro Albarino,1,9.0,9.0,,,1
22840,Banfi Poggio All'Oro Br Mont,7,10.714285714285714,11.0,2.138089935299395,4.571428571428571,1
22841,Banfi Poggio Alle Mura Rsva,3,10.0,9.0,2.6457513110645907,7.0,1
22842,Corral De Peidra Cab Svgn,35,10.685714285714285,11.0,1.6763305263621031,2.8100840336134456,1
22849,XO Pnt Nr,1,11.0,11.0,,,1
22853,Venta Morales Organic Tempra,2,12.5,12.5,0.7071067811865476,0.5,1
22854,Vega Sindoa Cab Svgn Navarra,7,11.142857142857142,11.0,1.9518001458970662,3.809523809523809,1
22857,Freedom Hill Vyd Pnt Nr,1,12.0,12.0,,,1
22858,Canary Hill Vyd Pnt Nr,2,10.5,10.5,2.1213203435596424,4.5,1
22860,Graham's Six Grapes Gift Pk,3,10.333333333333334,11.0,1.1547005383792517,1.3333333333333335,1
22861,K Vintners Syrah The Hidden,2,11.0,11.0,1.4142135623730951,2.0,1
22863,Vino Dious Gruner Veltlnr 13,18,8.166666666666666,8.0,1.8864844365675972,3.5588235294117645,1
22864,Vino Dious Chard 13,13,8.384615384615385,8.0,1.938146087479026,3.756410256410256,1
22865,Vino Dious Welch Rsl 13,15,7.6,8.0,1.8439088914585775,3.4,1
22866,Vino Dious Cab Svgn Rose 13,14,8.642857142857142,9.0,1.864945569720998,3.478021978021978,1
22867,Vino Dious Cab Svgn 11,18,8.222222222222221,8.5,1.9570552775732022,3.8300653594771235,1
22883,Citra Trebbiano D'Abruzzo,36,10.805555555555555,11.0,2.1087497236100345,4.446825396825397,1
22889,Le Petit Haut Lafitte Brdx,1,10.0,10.0,,,1
22895,Sutter Home Red Blend,1,11.0,11.0,,,1
22896,Sutter Home Red Blend,1,14.0,14.0,,,1
22898,Dona Paula Est Red Blend,5,10.8,11.0,2.2803508501982757,5.199999999999999,1
22899,Simi Svgn Bl,53,11.339622641509434,12.0,1.6977745187157747,2.88243831640058,1
22901,Hermann J Wiemer Dry Rsl,40,11.975,12.5,1.761227718644888,3.1019230769230766,1
22902,Hermann J Wiemer Semi Dry Rs,34,11.882352941176471,12.0,1.5128681546902678,2.288770053475936,1
22903,Banfi Sangiovese CollePino,40,10.8,11.0,1.7423826892785168,3.035897435897436,1
22904,Mercer Canyons Cab Svgn,1,13.0,13.0,,,1
22905,Mercer Canyons Chard,10,11.8,12.5,2.043961295567452,4.177777777777777,1
22906,Mercer Canyons Red,4,12.75,13.5,1.8929694486000912,3.5833333333333335,1
22914,Mount Veeder Cab Svgn,40,11.45,12.0,1.5681117176318653,2.458974358974359,1
22918,Blossom Hill Merlot,7,11.142857142857142,12.0,2.410295378065479,5.80952380952381,1
22919,Complicated Pnt Nr,24,10.416666666666666,10.0,1.998187584584692,3.9927536231884058,1
22922,Patricius Tokaj Furmint,5,11.0,10.0,2.345207879911715,5.5,1
22923,Patricius Tokaj Harslevelu,7,11.142857142857142,10.0,1.7728105208558365,3.1428571428571423,1
22924,Patricius Sarga Muskotaly,6,10.666666666666666,9.5,2.2509257354845507,5.0666666666666655,1
22927,Paydirt Svgn Blanc,4,11.25,12.0,2.217355782608345,4.916666666666667,1
22928,Desert Wind Ruah Red,2,11.5,11.5,0.7071067811865476,0.5,1
22930,La Puerta Alta Malbec Bonrda,1,9.0,9.0,,,1
22932,Dr Konstantin Frank Pnt Nr,1,11.0,11.0,,,1
22934,Carol Shelton Rocky Rsv Znfd,3,10.666666666666666,12.0,2.3094010767585034,5.333333333333334,1
22935,Adelsheim Bryan Creek Pnt Nr,1,14.0,14.0,,,1
22937,Tranzind Red Blend,11,11.363636363636363,11.0,1.5666989036012804,2.454545454545454,1
22938,Black Stallion Carnrs Pnt Nr,43,10.86046511627907,11.0,1.8718643030391515,3.503875968992248,1
22939,Lynch Bages 09 Pauillac,1,11.0,11.0,,,1
22940,Leoville Poyfre St Julien 09,1,10.0,10.0,,,1
22941,Haut-Bailly Pessc Leognan 06,3,10.333333333333334,10.0,1.5275252316519468,2.3333333333333335,1
22942,Clos de Marquis 09 St Julien,6,10.666666666666666,10.5,1.2110601416389968,1.4666666666666668,1
22943,D'Armailhac Pauillac 05,4,11.0,11.0,0.816496580927726,0.6666666666666666,1
22944,Talbot St Julien 10,5,10.2,10.0,1.4832396974191326,2.2,1
22950,Pierre Andre Chablis,7,10.285714285714286,10.0,2.138089935299395,4.571428571428571,1
22951,Pierre Andre Meursault,3,11.0,11.0,2.0,4.0,1
22957,Guigal Cote Rotie Br et Blnd,3,11.0,11.0,2.0,4.0,1
22958,Cavit Select Red Blend,2,10.0,10.0,4.242640687119285,18.0,1
22963,Phillipine de St-Cyrille CdP,51,10.72549019607843,11.0,1.8229474087043653,3.32313725490196,1
22966,Adelsheim Auxerrois Ribbon S,2,11.0,11.0,0.0,0.0,1
22967,Cambria Clone-4 Pnt Nr,3,11.0,11.0,2.0,4.0,1
22968,Klinker Brick Marisa Znfdl,4,11.25,11.0,1.2583057392117916,1.5833333333333333,1
22970,Bluegray Priorat DOQ,7,12.571428571428571,13.0,1.7182493859684493,2.952380952380953,1
22972,L.A. Cetto Cab Svgn,3,11.0,10.0,2.6457513110645907,7.0,1
22974,L.A. Cetto Svgn Bl,4,11.75,12.5,1.8929694486000912,3.5833333333333335,1
22995,Valckenberg Pinot Blanc,21,10.571428571428571,10.0,2.3145502494313788,5.357142857142858,1
23013,Marietta Clrs Christo Red,23,10.652173913043478,10.0,1.7217511078754548,2.964426877470356,1
23014,Marietta Clrs Angeli Cuvee,18,10.88888888888889,11.0,1.778594583599775,3.163398692810457,1
23015,Marietta Clrs ARME Red,20,10.65,11.0,2.007223796297028,4.028947368421052,1
23018,Fetzer Rsl Cal,2,11.5,11.5,2.1213203435596424,4.5,1
23021,Jarhead Red,14,10.357142857142858,10.5,2.060886398434602,4.247252747252746,1
23022,Jarhead Chard,11,10.818181818181818,11.0,1.3280197150781923,1.7636363636363632,1
23024,Louis de Sacy Brut Gr Cru,2,11.0,11.0,0.0,0.0,1
23025,Carlo Rossi Red Sangria Cal,31,11.225806451612904,11.0,2.060900732193812,4.247311827956991,1
23028,Gallo Twin Vly Cab Svgn Cal,7,10.0,9.0,2.0,4.0,1
23029,Cherri Rosso Piceno,1,11.0,11.0,,,1
23032,Zenato Cresasso,2,12.0,12.0,1.4142135623730951,2.0,1
23033,Jacobs Creek Two Lands Cab S,1,11.0,11.0,,,1
23035,Jacobs Creek Two Lands Shirz,1,13.0,13.0,,,1
23036,Jacobs Creek Two Lands Pnt G,7,10.571428571428571,10.0,1.511857892036909,2.285714285714286,1
23038,Zenato Lugana Brut,3,9.666666666666666,10.0,0.5773502691896257,0.3333333333333333,1
23039,Trombetta Family Wines Pnt N,2,8.0,8.0,1.4142135623730951,2.0,1
23040,Aquilon 06 Garnacha de Borja,1,11.0,11.0,,,1
23041,Spring Valley Katherine Cab,5,10.8,10.0,1.6431676725154984,2.7,1
23042,Nozzole Le Bruniche Chardon,1,10.0,10.0,,,1
23043,Bella Bolle Fusione Red,1,11.0,11.0,,,1
23044,Phantom Bay Svgn Bl,4,11.0,11.0,0.816496580927726,0.6666666666666666,1
23045,El Enemigo 11 Cab Franc Mend,9,11.444444444444445,11.0,1.5898986690282426,2.5277777777777777,1
23049,Benziger Svgn Bl N Cst,52,10.923076923076923,11.0,1.8874835809819968,3.5625942684766216,1
23050,Stonestreet Est Chard Sonoma,3,12.333333333333334,12.0,0.5773502691896257,0.3333333333333333,1
23060,Navarro Vyds Pnt Nr l'Ancien,3,11.0,11.0,1.0,1.0,1
23061,Navarro Vyds Chard,2,10.5,10.5,0.7071067811865476,0.5,1
23064,Liberty Creek Moscato,2,11.5,11.5,3.5355339059327378,12.5,1
23065,Liberty Crk Pnt Grigio,1,13.0,13.0,,,1
23066,Toad Hollow Risque Sparkling,6,12.666666666666666,13.0,1.3662601021279464,1.8666666666666667,1
23067,Perrier Jouet Grand Brut,38,11.236842105263158,11.0,1.746567452544373,3.0504978662873405,1
23068,Nicolas Perrin Cote Rotie 11,1,13.0,13.0,,,1
23069,Delamotte Bl de Bl Brut,3,9.666666666666666,9.0,3.055050463303893,9.333333333333332,1
23071,Rombauer Vyds Chard Carneros,4,11.0,11.5,2.160246899469287,4.666666666666667,1
23074,Madrigal Cab Svgn,7,11.428571428571429,13.0,1.9880595947760098,3.9523809523809526,1
23075,Madrigal Petite Sirah,3,11.666666666666666,12.0,1.5275252316519468,2.3333333333333335,1
23076,Madrigal Znfdl,6,11.166666666666666,11.5,2.041241452319315,4.166666666666667,1
23078,Sbragia Home Ranch Merlot,2,12.0,12.0,1.4142135623730951,2.0,1
23079,Bolla Torr'Alta Veronese Ros,6,11.166666666666666,12.0,2.228601953392904,4.966666666666667,1
23084,Villa Olmi Cabernet Svgn,1,7.0,7.0,,,1
23088,Villa Olmi Prosecco Ex Dry,1,12.0,12.0,,,1
23090,Angels Cup Cab Svgn,1,10.0,10.0,,,1
23095,Glen Ellen Cab Svgn RSV,54,10.907407407407407,11.0,1.8558273191314598,3.444095038434661,1
23098,DeLille Cellars Doyenne AIX,1,11.0,11.0,,,1
23101,Steelhead Red,1,13.0,13.0,,,1
23103,DeLille Cellars Gr Ciel Cab,7,11.428571428571429,12.0,1.8126539343499315,3.285714285714286,1
23105,DeLille Cellars D2,1,11.0,11.0,,,1
23107,Duckhorn Howell Mtn Cab Svgn,7,11.428571428571429,11.0,1.9880595947760098,3.9523809523809526,1
23109,DeLille Cellars Chaleur Blnc,1,11.0,11.0,,,1
23110,Duckhorn Estates Merlot,2,13.0,13.0,1.4142135623730951,2.0,1
23112,Patz & Hall Hyde Vyd Chard,1,14.0,14.0,,,1
23114,Patz & Hall Pnt Nr Sonoma Cs,12,11.75,12.5,2.050498830661811,4.204545454545454,1
23116,Patz & Hall Sonoma Cst Chard,15,11.733333333333333,12.0,2.1201976547572388,4.495238095238095,1
23117,Trackers Crossing Moscato,2,11.5,11.5,2.1213203435596424,4.5,1
23121,Steele Stymie Merlot Lake Cy,2,13.5,13.5,0.7071067811865476,0.5,1
23122,Innocenti Vignalsole Rosso,18,10.722222222222221,11.0,1.9645551975404016,3.8594771241830066,1
23123,Federico Ferrero Chard Langh,27,10.74074074074074,11.0,1.7886951108084912,3.1994301994302004,1
23126,Giorgio Carnevale Barbr Asti,32,10.3125,10.5,1.8740589036083013,3.5120967741935485,1
23129,Sensi 18K Prosecco,54,11.481481481481481,11.5,1.8504537000090027,3.4241788958770076,1
23130,Alexanders Crown Cab Svgn,4,11.5,12.0,1.9148542155126762,3.6666666666666665,1
23134,Carpano Bianco Vermouth,13,12.384615384615385,13.0,1.325296290046213,1.7564102564102562,1
23137,Circadia Cab Svgn Napa Vly,1,9.0,9.0,,,1
23138,Toschi Chard,2,9.0,9.0,0.0,0.0,1
23139,Toschi Pnt Nr,1,9.0,9.0,,,1
23143,Bogle Chard,55,11.436363636363636,11.0,1.8635254955935732,3.4727272727272727,1
23144,Ch Andron Blanquet St Esteph,3,10.666666666666666,11.0,1.5275252316519468,2.3333333333333335,1
23145,Ch de Chantegrive Graves Rou,2,11.0,11.0,2.8284271247461903,8.0,1
23146,Ch Dupray St-Emilion,4,9.0,9.0,1.632993161855452,2.6666666666666665,1
23147,Ch Floreal Laguens Brdx,7,9.571428571428571,9.0,1.1338934190276815,1.2857142857142854,1
23148,Jekel Rsl Monterey,27,12.407407407407407,13.0,1.4212469946997321,2.01994301994302,1
23149,Ch Fougere La Noble Rouge,14,9.928571428571429,9.5,1.6391501416322993,2.6868131868131866,1
23150,Jekel Cab Svgn Monterey,9,10.444444444444445,10.0,1.8782379449307742,3.5277777777777777,1
23151,Ch La Bouree Castillion Brdx,4,11.0,11.5,1.4142135623730951,2.0,1
23153,Butternut Pnt Nr Cal,26,10.653846153846153,10.5,2.0580050085907504,4.235384615384615,1
23155,Rocca Delle Macie Chianti C,51,11.03921568627451,11.0,2.049007411540773,4.198431372549019,1
23156,Bertani Amarone Valpolicell,12,10.25,10.5,2.137330535547045,4.568181818181818,1
23157,Champlain Orchards Sprklng C,9,12.222222222222221,13.0,1.7159383568311668,2.9444444444444446,1
23159,Champlain Orchards Ice Cider,39,11.564102564102564,12.0,1.6510741606422836,2.726045883940621,1
23160,Champlain Orchards Ice Cider,9,11.444444444444445,12.0,1.8104634152000358,3.2777777777777777,1
23161,Loft Cab Svgn,39,10.58974358974359,10.0,1.8312772177671766,3.353576248313091,1
23167,Loft Chard,7,9.857142857142858,9.0,2.115700942049815,4.476190476190475,1
23168,Blanc de Bleu Mousseux Brut,50,11.34,11.0,1.8473367481930547,3.4126530612244896,1
23170,Marchesi di Barolo Sarmsa 07,5,11.8,12.0,0.8366600265340756,0.7,1
23172,Castello Banfi Brun Montalcn,7,9.857142857142858,9.0,1.7728105208558365,3.1428571428571423,1
23173,Four Star Cab Svgn,1,12.0,12.0,,,1
23175,Taittinger Rose Cuve Presti,1,13.0,13.0,,,1
23182,Mark West Pnt Nr Willamette,2,11.5,11.5,3.5355339059327378,12.5,1
23185,Lee Family Farm Albarino Mon,2,9.0,9.0,0.0,0.0,1
23186,Morgan Winery Double L  Rsl,2,12.0,12.0,0.0,0.0,1
23188,Jean Dauvissat Chablis St Pi,25,9.4,9.0,1.632993161855452,2.6666666666666665,1
23189,Walt La Brisa Chard,3,11.666666666666666,11.0,2.081665999466133,4.333333333333334,1
23190,Walt La Brisa Pnt Nr,1,11.0,11.0,,,1
23191,Clos Pegase Svgn Bl Napa,26,11.653846153846153,12.0,1.8317708959868904,3.3553846153846147,1
23192,Martinelli Bondi Home Pnt Nr,2,12.0,12.0,1.4142135623730951,2.0,1
23193,Martinelli Vellu Ranch Znfdl,1,11.0,11.0,,,1
23194,Gary Farrell RRV Chard,14,11.0,11.0,2.0,4.0,1
23195,Gary Farrell RRV Pnt Nr,4,12.0,13.0,2.0,4.0,1
23196,Yellow Tail Sangria Bubbles,6,11.5,12.0,1.760681686165901,3.1,1
23197,Yellow Tail Sangria Blanco,53,11.49056603773585,12.0,1.8669456906673283,3.4854862119013075,1
23200,Natura Rose,4,12.0,12.0,0.816496580927726,0.6666666666666666,1
23201,Sterling Vntnr Coll Rose Ltd,7,10.428571428571429,11.0,1.618347187425374,2.619047619047619,1
23202,Truvee Chard,15,10.4,10.0,1.6388149028228556,2.6857142857142855,1
23203,Truvee Red,14,11.0,11.0,1.8810798862519205,3.5384615384615383,1
23204,Benvolio Prosecco Italia DOC,2,11.0,11.0,2.8284271247461903,8.0,1
23205,M & R Prosecco Frizzante,16,10.75,11.0,1.9148542155126762,3.6666666666666665,1
23209,Uppercut Meritage,2,11.0,11.0,2.8284271247461903,8.0,1
23211,Wild Horse Pnt Gris CC,19,11.473684210526315,12.0,1.3891812557774845,1.9298245614035088,1
23212,The Dreaming Tree Pnt Nr CA,52,11.346153846153847,12.0,1.6073924247799039,2.5837104072398187,1
23214,White Knight Viognier,1,13.0,13.0,,,1
23215,Carmel Road The Barrymore PG,2,12.0,12.0,1.4142135623730951,2.0,1
23218,Tangent Chard,7,11.0,12.0,2.0,4.0,1
23220,Parducci Pnt Nr,46,11.565217391304348,11.5,1.7081786780472545,2.917874396135266,1
23229,Ch St Jean Belle Terre Chard,30,10.533333333333333,10.0,1.5252661346824676,2.3264367816091958,1
23230,High Valley Svgn Bl 13 Lake,3,10.666666666666666,11.0,1.5275252316519468,2.3333333333333335,1
23231,Stags Leap The Investor Red,9,10.555555555555555,10.0,1.509230856356236,2.2777777777777777,1
23235,Mud House Svgn Bl,39,10.666666666666666,11.0,1.8400991582740052,3.385964912280702,1
23236,Scaggs Vyds Mt Vedeer Montag,1,11.0,11.0,,,1
23239,Hay Maker Svgn Bl,46,10.565217391304348,10.5,1.8336626845141695,3.362318840579711,1
23240,14 Hands Red Blend Ltd,3,10.333333333333334,11.0,1.1547005383792517,1.3333333333333335,1
23241,14 Hands Svgn Bl,47,10.787234042553191,11.0,1.8758901679720406,3.5189639222941707,1
23242,Columbia Crest H3 Svgn Bl,5,12.2,12.0,1.4832396974191326,2.2,1
23245,Torres Altos Ibericos Rioja,40,11.05,11.0,1.810935443213584,3.27948717948718,1
23246,Torres Celeste Crianza,46,10.717391304347826,11.0,1.8816428221490198,3.540579710144928,1
23249,Rosemount Gewurz/Rsl,41,11.707317073170731,12.0,1.8061547890342122,3.26219512195122,1
23250,Ch de Jarnioux Bjls,5,13.0,13.0,0.7071067811865476,0.5,1
23253,Summers Cab Svgn Rsv,26,10.115384615384615,10.0,2.1038426381632838,4.426153846153846,1
23255,Balletto Vyds Pnt Gris,29,10.172413793103448,10.0,1.9833047009841458,3.9334975369458123,1
23256,Robert Hall Cab Svgn,8,9.75,9.5,1.8322507626258087,3.357142857142857,1
23257,Jason Stephens Syrah,4,10.75,11.0,2.217355782608345,4.916666666666667,1
23258,David Bruce Pnt Nr Anderson,4,12.75,13.0,1.2583057392117916,1.5833333333333333,1
23259,Vegan Vines Chard,2,10.0,10.0,4.242640687119285,18.0,1
23260,Penny Wise Svgn Bl,2,8.5,8.5,2.1213203435596424,4.5,1
23265,Frescobaldi Monte Chianti Rs,8,12.25,13.0,1.7525491637693282,3.0714285714285716,1
23266,Ornellaia Ornus,1,11.0,11.0,,,1
23267,Siduri Pnt Nr 13 Clos Pepe,15,12.133333333333333,13.0,1.5522640914238173,2.409523809523809,1
23270,Campo Viejo Gr Cava Brut Rsv,46,11.304347826086957,11.0,1.7110044511584586,2.927536231884058,1
23271,Darkhorse Merlot,55,11.2,11.0,1.9187187082742176,3.681481481481482,1
23272,Columbia Winery Red Blend,8,11.75,12.0,2.3145502494313788,5.357142857142857,1
23273,Apothic Crush,45,11.044444444444444,11.0,1.9418308553288242,3.7707070707070725,1
23275,Black Ink Red Wine,46,11.521739130434783,12.0,1.8103299936725177,3.2772946859903382,1
23278,Turnbull Cab Svgn 11,3,10.333333333333334,10.0,1.5275252316519468,2.3333333333333335,1
23279,Turnbull Syrah 11,7,10.142857142857142,10.0,1.7728105208558367,3.142857142857143,1
23281,Ch Lafitite Rothschild Pa 11,1,13.0,13.0,,,1
23284,Ch Les Carruades 11 Lafitte,1,13.0,13.0,,,1
23286,Ch Pape Clement Bl Gr Cru 11,2,12.5,12.5,0.7071067811865476,0.5,1
23287,Ch Lynch Bages Paulliac 11,1,12.0,12.0,,,1
23289,Ch Mouton Rothschild 11 Paui,5,11.8,12.0,1.6431676725154982,2.6999999999999997,1
23290,Ch Brane Cantenac Margaux 11,1,9.0,9.0,,,1
23291,Ch Cantenac Brown Margx 11,1,12.0,12.0,,,1
23292,Ch La Mission Haut Brion 11,2,12.5,12.5,0.7071067811865476,0.5,1
23293,Ch Pavie Macquin St Emiln 11,2,11.0,11.0,1.4142135623730951,2.0,1
23295,Ch Giscours Margaux 11 Gr Cr,1,10.0,10.0,,,1
23296,Livingston Burgundy Calif,2,12.5,12.5,2.1213203435596424,4.5,1
23297,Fonterutoli Chianti Clsco,25,10.72,11.0,2.0108041509140895,4.043333333333333,1
23307,Ch St Sulpice,52,10.826923076923077,11.0,1.7570156722118873,3.08710407239819,1
23308,Ch Canon St Emilion Gr Cr 11,1,13.0,13.0,,,1
23323,Alter Ego de Palmer Mrgx 11,1,9.0,9.0,,,1
23324,Ch Angelus 11 Brdx,3,11.333333333333334,12.0,2.081665999466133,4.333333333333334,1
23325,Ch Bellevue-Mondotte 11 Emil,2,12.5,12.5,0.7071067811865476,0.5,1
23326,Ch Bernadotte Haut-Medoc 11,2,9.5,9.5,0.7071067811865476,0.5,1
23327,Ch Cheval Blanc St Emil 11,1,13.0,13.0,,,1
23328,Ch Clerc Milon Pauillac 11,1,9.0,9.0,,,1
23329,Ch Clos d'Estournel 11 Est,2,11.5,11.5,2.1213203435596424,4.5,1
23331,Ch Ducru Beaucaillou 11 Jul,1,12.0,12.0,,,1
23332,Ch Haut Beausejour 11 Esteph,1,12.0,12.0,,,1
23333,Ch Lagrange St Julien 11 GC,1,9.0,9.0,,,1
23334,Ch Lalande Borie 11 Julien,2,10.5,10.5,2.1213203435596424,4.5,1
23335,Ch Leoville Las Cases 11 Jul,1,12.0,12.0,,,1
23336,Ch Pavie St Emilion 11 Gr Cr,1,13.0,13.0,,,1
23337,Ch Pichon Longevile 11 Comts,2,13.0,13.0,0.0,0.0,1
23338,Ch Talbot St Julien 11 GC,2,10.5,10.5,2.1213203435596424,4.5,1
23340,Le Petit Mout Roths 11 Pauil,1,9.0,9.0,,,1
23341,Les Fiefs de Lagrange 11 Jul,1,12.0,12.0,,,1
23344,Gekkeikan Nama Sake,17,10.235294117647058,10.0,1.921243469888248,3.6911764705882346,1
23345,Neyers Vyd Chard Carneros,39,11.384615384615385,11.0,1.844128443628369,3.40080971659919,1
23349,Guigal Cotes du Rhone Rose,17,11.235294117647058,11.0,1.7863864281247313,3.1911764705882355,1
23350,Lapierre Raisins 14 Gaulois,3,11.333333333333334,11.0,1.5275252316519468,2.3333333333333335,1
23351,Renwood California Znfdl,3,11.333333333333334,11.0,1.5275252316519468,2.3333333333333335,1
23353,Parducci True Grit 11 Cab Sv,8,11.625,11.5,1.407885953173359,1.9821428571428572,1
23354,Paul Dolan Deep Red 09 Mendo,17,10.823529411764707,11.0,1.810914621042605,3.279411764705882,1
23355,Paul Dolan 12 Cab Svgn,9,12.0,12.0,1.3228756555322954,1.75,1
23356,Bacio Divino 12 Pazzo,49,11.53061224489796,12.0,1.6595938360575673,2.7542517006802716,1
23357,Saddleback Clrs 09 Cab Svgn,8,11.5,12.0,2.0,4.0,1
23359,Ferrari Carano Cab Svgn Rsv,3,12.333333333333334,12.0,0.5773502691896257,0.3333333333333333,1
23360,Ninety+Cellars Lot 35 Tempo,46,10.391304347826088,11.0,1.5983082843996888,2.5545893719806765,1
23361,Boundary Breaks Rsl Rsv #198,1,11.0,11.0,,,1
23362,Boundary Breaks Dry Rsl #239,2,10.5,10.5,0.7071067811865476,0.5,1
23364,Elderton E Series Shiraz/Cab,3,10.0,11.0,1.7320508075688772,3.0,1
23365,Elderton Barossa Shiraz,25,9.88,10.0,1.715614564327703,2.943333333333334,1
23366,DeWetshof Limestone Hl Chard,35,9.914285714285715,10.0,1.6868248727299773,2.8453781512605043,1
23373,M D 20/20 Banana Red,53,10.924528301886792,11.0,1.8692764602274652,3.494194484760522,1
23377,The Loop Svgn Bl,1,6.0,6.0,,,1
23379,Luiano Sangiovese,48,11.9375,12.5,1.7431476787086153,3.038563829787234,1
23381,Pacifica Cab Svgn/Merlot 11,4,11.0,11.0,2.943920288775949,8.666666666666666,1
23382,Haywood Chamizal Znfdl 09,31,11.451612903225806,11.0,1.8945308949256956,3.5892473118279566,1
23383,Vivanco Rioja Rsva 08,3,12.666666666666666,13.0,1.5275252316519468,2.3333333333333335,1
23384,Dom Fouassier Sancerre 13,2,13.0,13.0,0.0,0.0,1
23385,Dom Roux Bourgogne Chard,21,11.571428571428571,11.0,1.9892568605242655,3.957142857142857,1
23386,Dom Roux Bourgogne Pnt Nr,22,11.727272727272727,12.0,1.8304779022564983,3.3506493506493507,1
23387,Middle Sister Malbec,14,11.714285714285714,11.5,1.6837947722821907,2.8351648351648344,1
23388,Light Horse Cab Svgn,33,11.878787878787879,12.0,1.6911086555418267,2.859848484848485,1
23389,Opici Fish Bottle Bianco,50,11.9,12.0,1.7053337694733317,2.9081632653061225,1
23390,Conti Zecca Primitivo,5,11.8,13.0,2.3874672772626644,5.7,1
23391,Trombetta Family Pnt Nr Gaps,1,9.0,9.0,,,1
23392,Stonehedge Amador 12 Znfdl,5,12.4,13.0,1.816590212458495,3.3,1
23393,Havens Cab Svgn 11,3,13.333333333333334,13.0,0.5773502691896257,0.3333333333333333,1
23394,Couleurs Du Sud Viognier,3,12.333333333333334,13.0,1.1547005383792517,1.3333333333333335,1
23395,Pavilion St Pierre Cdu Rhone,2,12.0,12.0,1.4142135623730951,2.0,1
23397,Secoli 13 Prosecco Valdobbia,2,12.0,12.0,1.4142135623730951,2.0,1
23398,Treana Chard CC,3,11.666666666666666,11.0,2.0816659994661326,4.333333333333333,1
23399,Summers Est Cab S Andriana C,1,12.0,12.0,,,1
23400,Pico & Vine Cab Svgn Napa,2,13.0,13.0,0.0,0.0,1
23401,Bridlewood Slct Pnt Nr Lucia,3,11.666666666666666,12.0,1.5275252316519468,2.3333333333333335,1
23403,La Merika Pnt Grigio Montery,5,10.0,10.0,1.224744871391589,1.5,1
23404,Secoli 14 Pnt Grigio Venezia,1,11.0,11.0,,,1
23406,The Naked Grape Box Merlot,45,11.28888888888889,11.0,1.7789453236809907,3.1646464646464647,1
23414,Barefoot Cellars Rosa Red,3,12.0,12.0,2.0,4.0,1
23415,Darkhorse Svgn Bl,39,10.897435897435898,10.0,2.0621255231954985,4.252361673414308,1
23420,Dom D'Andezon CdRhone Red,30,11.533333333333333,11.5,1.6965143440419919,2.87816091954023,1
23423,Santa Rita RSV Chard,29,10.931034482758621,11.0,1.8309059912427161,3.352216748768473,1
23425,La Jota Howell Mtn Merlot,2,12.5,12.5,0.7071067811865476,0.5,1
23426,Mt Brave Malbec Mt Veeder,1,10.0,10.0,,,1
23430,Ninety+Cellars Lot 118 Svgn,1,9.0,9.0,,,1
23432,Perrusset Macon Villages,1,13.0,13.0,,,1
23434,Bruno Colin Chass-Mont Rouge,1,12.0,12.0,,,1
23436,Dom R Bouvier Marsny Rose 14,5,11.8,13.0,1.7888543819998317,3.2,1
23438,Frost Bitten Ice Rsl,48,10.416666666666666,10.0,1.8999813362278548,3.6099290780141846,1
23442,Sule Susumaniello IGP,1,9.0,9.0,,,1
23444,Quota 31 Primitivo IGP,2,6.5,6.5,0.7071067811865476,0.5,1
23445,Ma Terr Aglianico Vulture,1,9.0,9.0,,,1
23451,Terra Mia Lacryma Christi Wh,6,7.333333333333333,7.5,1.2110601416389966,1.4666666666666666,1
23452,Santa Rita Secret Rsv Red,40,11.025,11.0,2.0316407415101967,4.1275641025641026,1
23460,Marilyn Meritage Red,2,10.5,10.5,0.7071067811865476,0.5,1
23464,Kendall Jackson Pnt Gris VR,55,10.381818181818181,10.0,1.7158402443432033,2.9441077441077437,1
23466,R Merlo Blackbird Red,3,8.666666666666666,10.0,2.3094010767585034,5.333333333333334,1
23468,Il Poggione di Montalcino,1,9.0,9.0,,,1
23469,Hugel Les Amours Pnt Bl,28,11.535714285714286,12.0,1.452511053241372,2.10978835978836,1
23470,Bullet Proof Picasso Svgn Bl,2,11.0,11.0,0.0,0.0,1
23471,Three Wishes Pnt Grigio Colm,4,11.0,11.0,2.449489742783178,6.0,1
23472,Dom Vocoret & Fils Chabls 13,2,11.0,11.0,1.4142135623730951,2.0,1
23473,Auvigue Saint-Veran 13,2,11.0,11.0,1.4142135623730951,2.0,1
23474,Anew Rose,31,10.741935483870968,10.0,1.7695148475497242,3.131182795698924,1
23475,Ghostwriter Chard Santa Cruz,1,7.0,7.0,,,1
23477,Luna di Luna Prosecco,7,11.285714285714286,11.0,1.1126972805283737,1.2380952380952381,1
23479,Handcraft Pnt Grigio,43,10.651162790697674,11.0,2.045712367835673,4.184939091915836,1
23484,Ranch 32 Chard,1,7.0,7.0,,,1
23491,True Myth Chard Keg,1,12.0,12.0,,,1
23493,Ch Bouscaut Rouge 11 GCG,2,10.5,10.5,2.1213203435596424,4.5,1
23494,Ch Doisy-Daene Sauternes 11,1,9.0,9.0,,,1
23495,Ch Cantegril Sauternes 11,1,12.0,12.0,,,1
23496,Ch Reserve d La Cometesse 11,1,9.0,9.0,,,1
23497,Ch Gruaud Larose 11 St Julin,2,12.0,12.0,0.0,0.0,1
23498,Coste di Brenta Cerasuolo,2,10.5,10.5,0.7071067811865476,0.5,1
23508,Vino.e Falanghina Beneventno,2,8.5,8.5,2.1213203435596424,4.5,1
23510,Plantaze Vranac Montenegro,32,10.125,10.0,1.9797360527882695,3.9193548387096775,1
23511,Plantaze Cab Montenegro,26,10.0,10.5,2.078460969082653,4.32,1
23512,Plantaze Krstac Montenegro W,34,9.941176470588236,10.0,2.173409226281175,4.723707664884136,1
23513,Plantaze Merlot Montenegro W,21,10.095238095238095,10.0,2.1657507221460626,4.690476190476191,1
23514,Plantaze Vranac ProCorde Red,37,9.72972972972973,10.0,2.2564555372511976,5.091591591591591,1
23516,Chloe Pnt Nr,55,10.872727272727273,11.0,1.8564656329877602,3.4464646464646456,1
23517,Luiano Rosato,1,11.0,11.0,,,1
23518,Bolla Prosecco 2 Pk,1,13.0,13.0,,,1
23519,Slow Press Chard,13,10.692307692307692,10.0,2.015961945102775,4.064102564102565,1
23520,Slow Press Cab Svgn,11,11.363636363636363,11.0,1.689540012709215,2.8545454545454545,1
23521,Insurrection Cab/Shiraz,44,11.0,11.0,1.8552251790864307,3.441860465116279,1
23522,13 Celsius Svgn Bl,50,10.9,11.0,1.9086270308410551,3.6428571428571423,1
23523,19 Crimes Cab Svgn,54,10.648148148148149,11.0,1.8239228654598991,3.326694619147449,1
23524,Kesseler Rsl R Kabinett,1,13.0,13.0,,,1
23525,La Vieille Ferme Red B/B,3,11.666666666666666,11.0,1.1547005383792517,1.3333333333333335,1
23527,Santa Maria Alla Pieve Valpo,2,11.5,11.5,2.1213203435596424,4.5,1
23528,Santa Maria Alla Pieve Soave,9,11.11111111111111,11.0,2.260776661041756,5.111111111111111,1
23530,Santa Maria Alla Pieve Ripas,7,11.857142857142858,12.0,1.7728105208558367,3.142857142857143,1
23533,Yellow Tail Moscato Bubbles,2,12.5,12.5,0.7071067811865476,0.5,1
23534,Zenato Alanera Rosso Verones,20,10.9,11.5,1.8890264827766652,3.568421052631579,1
23535,Wente Pnt Nr Riva Ranch,28,10.857142857142858,11.5,1.8995961698386339,3.6084656084656084,1
23538,Vin Vault Cab Svgn,2,10.5,10.5,2.1213203435596424,4.5,1
23539,Vin Vault Chard,41,11.292682926829269,11.0,1.8472127982317628,3.412195121951219,1
23541,Vin Vault Malbec,1,14.0,14.0,,,1
23542,Vin Vault Pnt Nr,2,12.0,12.0,0.0,0.0,1
23543,Guillermo Mndza Kosher Malbc,3,9.0,9.0,0.0,0.0,1
23554,Riva Rose Brut,2,11.5,11.5,0.7071067811865476,0.5,1
23560,Flip Flop Chard,1,8.0,8.0,,,1
23561,Flip Flop Sangria,2,12.0,12.0,2.8284271247461903,8.0,1
23562,Flip Flop Crisp White,4,9.75,9.5,0.9574271077563381,0.9166666666666666,1
23563,Flip Flop Pnt Grigio,1,10.0,10.0,,,1
23565,10 Span Pnt Gris Monterey Cy,17,10.823529411764707,11.0,1.8109146210426053,3.2794117647058822,1
23566,Vin Vault Red,1,9.0,9.0,,,1
23568,Criterion Rioja,1,7.0,7.0,,,1
23579,Trader Joe's Pet Rsv Merlot,1,7.0,7.0,,,1
23587,The Cottage Svgn Blanc,4,8.5,9.0,1.7320508075688772,3.0,1
23592,Daou Soul of a Lion Red,1,11.0,11.0,,,1
23595,Almaden Burgundy B/B,54,10.907407407407407,11.0,1.8558273191314598,3.444095038434661,1
23596,Menage A Trois Znfdl,1,11.0,11.0,,,1
23603,Sidebar Svgn Bl,1,11.0,11.0,,,1
23616,.nparalleled Svgn Blanc,9,10.555555555555555,11.0,1.6666666666666667,2.7777777777777777,1
23618,Ornellaia Bolgheri 12,7,11.714285714285714,12.0,0.9511897312113418,0.9047619047619047,1
23623,Apimed Trnava Mead,2,10.5,10.5,0.7071067811865476,0.5,1
23624,Apimed Slovak Mead,4,9.75,10.5,1.8929694486000912,3.5833333333333335,1
23625,Apimed Old Slavic Mead Dark,4,10.75,11.0,0.5,0.25,1
23626,Apimed Old Slavic Mead Light,5,10.0,11.0,1.7320508075688772,3.0,1
23632,Firesteed Wines Rose Pnt Nr,14,10.785714285714286,10.5,1.625686668105863,2.642857142857143,1
23633,Chateau Simon Bordeaux Blanc,5,10.2,9.0,1.7888543819998317,3.1999999999999997,1
23635,Tortoise Creek Rose le Charm,37,9.675675675675675,10.0,1.764685273388463,3.1141141141141144,1
23644,Beringer Red Crush,2,12.0,12.0,2.8284271247461903,8.0,1
23647,Ponzi Pinot Noir Rose,12,11.916666666666666,12.5,1.8809249819912512,3.5378787878787885,1
23649,Tom Gore Cabernet Svgn CA,51,11.392156862745098,12.0,1.6861605068622503,2.843137254901961,1
23650,Tom Gore Chardonnay CA,35,11.17142857142857,11.0,1.6536183905341053,2.7344537815126047,1
23655,Tavernello Pnt Grigio,2,11.0,11.0,1.4142135623730951,2.0,1
23660,Chapoutier Bel Cotes Rhn Ros,12,12.083333333333334,12.5,1.9286515936521478,3.7196969696969693,1
23661,Bouvier Morey St Denis Rue d,1,13.0,13.0,,,1
23662,Dom Cachot Monot Ct Nuits,5,13.2,13.0,0.4472135954999579,0.19999999999999998,1
23663,Higher Ground Pinot Noir,16,11.6875,12.0,1.6214705259938174,2.629166666666667,1
23665,Cooks Brut,35,11.114285714285714,11.0,1.6228411645562086,2.6336134453781512,1
23666,Cooks Extra Dry Champagne,41,11.439024390243903,12.0,1.674048692359408,2.8024390243902437,1
23669,Clos Cant St Emilion Grand C,1,12.0,12.0,,,1
23679,A Bichot Secret de Fam PN,2,10.5,10.5,3.5355339059327378,12.5,1
23680,A Bichot Cremant Brut Rose,20,11.9,11.5,1.618966531951463,2.6210526315789475,1
23692,R Mondavi Merlot Napa,49,11.326530612244898,12.0,1.675656029515515,2.8078231292517004,1
23694,Dom Perignon Rose,4,9.0,9.0,1.632993161855452,2.6666666666666665,1
23712,Bell'Agio Chianti Flask,55,10.545454545454545,11.0,1.7724034928351222,3.1414141414141414,1
23739,Liberty School Cab Svgn,55,11.436363636363636,11.0,1.8635254955935732,3.4727272727272727,1
23745,Ch Angelus 12 St Emilion,2,10.5,10.5,0.7071067811865476,0.5,1
23746,Ch Brannon 12 Pessac-Leognan,2,12.5,12.5,2.1213203435596424,4.5,1
23747,Ch Cantemerie 12 Haut-Medoc,1,10.0,10.0,,,1
23750,Ch Clerc Milon 12 Pauillac,2,8.0,8.0,1.4142135623730951,2.0,1
23752,Ch Gloria St Julien 12,1,11.0,11.0,,,1
23753,Ch Grand Puy-Lacoste 12 Paul,1,13.0,13.0,,,1
23755,Ch Haut Brion 12 Pessac-Leog,3,11.0,11.0,2.0,4.0,1
23756,Ch La Mission 12 Haut Brion,3,9.0,9.0,2.0,4.0,1
23762,Ch Margaux 12 Margaux,3,9.666666666666666,9.0,1.1547005383792517,1.3333333333333335,1
23763,Ch Marquis de Terme 12 Mrgx,2,11.0,11.0,2.8284271247461903,8.0,1
23764,Cashmore Black Opal Shiraz,34,10.794117647058824,11.0,1.6473930142244466,2.7139037433155075,1
23768,Sociando Mallet 12 Haut-Medo,1,7.0,7.0,,,1
23769,Ch Pape Clement 12 Pess-Leog,4,8.75,9.0,1.2583057392117916,1.5833333333333333,1
23771,Ch Pichon Baron Pauillac 12,2,11.0,11.0,2.8284271247461903,8.0,1
23772,Ch Pontet Canet 12 Pauillac,5,9.8,9.0,2.2803508501982757,5.199999999999999,1
23777,Ch Smith Haut Lafitte 12 Whi,3,9.666666666666666,9.0,1.1547005383792517,1.3333333333333335,1
23778,M Chiarlo Barbera D'Asti,50,10.78,10.5,2.0828747794667772,4.338367346938775,1
23780,La Chapelle Mission Haut Bri,1,13.0,13.0,,,1
23781,Le Clarence de Haut Brion 12,2,9.0,9.0,0.0,0.0,1
23783,Pavillon du Ch Margaux 12 Ma,3,9.666666666666666,9.0,1.1547005383792517,1.3333333333333335,1
23784,Zolo Malbec Rsv,8,10.5,11.0,1.927248223318863,3.7142857142857144,1
23785,Pink Pegau Rose,13,10.923076923076923,11.0,1.9348358440936906,3.743589743589744,1
23791,Pio II Chianti 07,1,10.0,10.0,,,1
23792,Camila Malbec,1,13.0,13.0,,,1
23793,Les Embruns Rose,6,11.333333333333334,11.5,1.96638416050035,3.8666666666666663,1
23794,Anton Bauer Pnt Nr Rsv,1,11.0,11.0,,,1
23795,Casa Silva Carmenere,15,10.066666666666666,10.0,1.667618775665584,2.7809523809523813,1
23796,Mayu Pedro Ximenez,14,10.714285714285714,11.0,1.8575654633281302,3.4505494505494507,1
23797,Mayu Carmenere Syrah,24,10.791666666666666,11.0,2.105462185481552,4.432971014492753,1
23798,Aquitania Cab Svgn,12,10.75,11.0,2.220769727328383,4.931818181818182,1
23799,Casa Silva Svgn Gris,13,10.846153846153847,11.0,1.6251232694862383,2.641025641025641,1
23800,Boya Svgn Bl,9,10.333333333333334,11.0,1.6583123951777,2.75,1
23801,Boya Pnt Nr,16,9.9375,9.5,1.8062391868188443,3.2625,1
23805,Cappelletti Apertivoch,8,10.375,10.5,1.9955307206712847,3.982142857142857,1
23807,Couly-Dutheil Chinon Rose,1,11.0,11.0,,,1
23809,Angels Landing Chard,1,9.0,9.0,,,1
23810,Angels Landing Rsv Cab Svgn,4,9.75,9.5,0.9574271077563381,0.9166666666666666,1
23820,Le Mistral Red,12,12.083333333333334,12.5,1.6764862244009227,2.810606060606061,1
23823,Round Hill Cab Svgn,19,11.736842105263158,12.0,1.7269789055894333,2.9824561403508767,1
23825,Tortiose Crk La Charmel Mus1,31,10.03225806451613,10.0,1.7220892537407757,2.965591397849462,1
23827,Fattoria di Basciano Chianti,30,10.7,11.0,2.0869049843711385,4.3551724137931025,1
23828,Ermisch Pnt Nr Erendira Rise,1,11.0,11.0,,,1
23831,Manon Rose de Provence,2,10.0,10.0,1.4142135623730951,2.0,1
23832,Manon Rose de Provence,1,10.0,10.0,,,1
23840,Roth Est Red Heritage Sonoma,10,11.9,12.5,1.7919573407620817,3.2111111111111112,1
23841,Fantini Sangiovese,2,9.0,9.0,0.0,0.0,1
23843,Kistler Hyde Chard,1,12.0,12.0,,,1
23848,Dom Cherrier Sancerre,39,10.384615384615385,10.0,2.1103178186108744,4.453441295546559,1
23851,Louis M Martini Cab Svgn,36,11.38888888888889,11.5,1.8559214542766742,3.444444444444445,1
23852,Ferrari-Carano Pnt Nr AV,1,12.0,12.0,,,1
23853,Matrix Pnt Nr RRV,4,12.0,12.0,1.8257418583505538,3.3333333333333335,1
23854,Mazzocco Cab Svgn Sonoma,1,13.0,13.0,,,1
23856,Pezzi King Cab Svgn Dry Crk,1,13.0,13.0,,,1
23857,Pezzi King Chard Sonoma,3,12.0,13.0,2.6457513110645907,7.0,1
23858,Pezzi King Znfdl Dry Creek,25,11.8,12.0,1.632993161855452,2.6666666666666665,1
23860,Concannon Founder Cab Svgn,5,10.4,11.0,1.9493588689617927,3.8,1
23861,Concannon Founder Chard,30,10.966666666666667,11.0,1.9910720268468327,3.964367816091954,1
23862,Concannon Founder Petit Srah,2,11.5,11.5,0.7071067811865476,0.5,1
23863,Bisol Crede Prosseco Super V,1,14.0,14.0,,,1
23866,Landhaus Mayer Gruner Veltli,48,11.541666666666666,12.0,1.7130082203890813,2.934397163120567,1
23870,Col-di-Sasso Sangiovese/Cab,47,10.659574468085106,11.0,1.79705793069964,3.2294172062904716,1
23871,Duckhorn Chard Napa Vly,6,10.833333333333334,10.5,1.9407902170679516,3.7666666666666666,1
23873,Cloudy Bay 12 Te Koko,2,9.5,9.5,2.1213203435596424,4.5,1
23874,Ruinart Champagne Gift Box,29,10.517241379310345,11.0,1.9202062697081792,3.687192118226601,1
23875,Inglenook 1882 Cab Svgn,2,11.5,11.5,0.7071067811865476,0.5,1
23876,Love Lane Cab Svgn,12,12.25,13.0,1.5447859516333116,2.3863636363636362,1
23877,Love Lane Carmenere,24,11.916666666666666,12.0,1.5857152183236396,2.514492753623188,1
23878,Love Lane Svgn Bl,20,11.7,12.0,1.8945906376340316,3.589473684210526,1
23886,Cycles Gladiator Chard,31,10.741935483870968,11.0,2.0488654085531315,4.19784946236559,1
23887,Cycles Gladiator Pnt Nr,6,10.666666666666666,11.5,3.011090610836324,9.066666666666666,1
23888,Cycles Gladiator Petite Sira,7,11.142857142857142,12.0,2.410295378065479,5.80952380952381,1
23889,Corbett Canyon Wh Znfdl,53,10.924528301886792,11.0,1.8692764602274652,3.494194484760522,1
23890,Cycles Gladiator Merlot,4,9.75,10.5,2.8722813232690143,8.25,1
23891,Cycles Gladiator Cab Svgn,27,10.592592592592593,10.0,2.2059231324089392,4.866096866096866,1
23894,Lindemans Bin 45 Cab Svgn,4,11.5,11.5,1.2909944487358056,1.6666666666666667,1
23895,Lindemans Bin 50 Shiraz,49,11.591836734693878,12.0,1.8248101196533066,3.3299319727891157,1
23896,Riebeek Cellars Cape Rose,4,10.5,10.5,1.2909944487358056,1.6666666666666667,1
23897,Michel Chapoutier Vigne Rose,10,11.1,11.5,2.183269719175042,4.766666666666667,1
23898,Dr Konstantin Frank Rose,6,10.333333333333334,9.5,1.7511900715418263,3.0666666666666664,1
23899,Vino Rose,6,11.5,11.5,1.8708286933869707,3.5,1
23900,Salmon Run Rose,8,10.75,11.0,1.2817398889233114,1.6428571428571428,1
23902,Dom St Andrieu Rose CdP,9,10.0,10.0,1.6583123951777,2.75,1
23904,C Krug Chard,4,10.0,9.5,1.4142135623730951,2.0,1
23905,King Rabbit Malbec Pay D'Oc,1,8.0,8.0,,,1
23916,Anna de Codorniu Brut Rose,1,13.0,13.0,,,1
23917,Mionetto Prosecco DOC Brut,44,11.454545454545455,11.0,1.60601406716515,2.579281183932347,1
23919,J J Vincent Pouilly Fuisse,34,11.088235294117647,11.5,1.7297336817052702,2.9919786096256686,1
23920,Broadside Cab Svgn Paso Rob,2,12.0,12.0,1.4142135623730951,2.0,1
23921,Landmark 12 Overlook Chard S,4,12.25,13.0,2.217355782608345,4.916666666666667,1
23924,Cote Mas Rose Aurore,12,10.083333333333334,10.0,2.466441431158124,6.083333333333334,1
23925,Cote Mas Blanc Mediterrane,4,10.5,11.0,1.9148542155126762,3.6666666666666665,1
23926,St Paul's Pnt Nr Alto Aldige,5,10.4,10.0,2.073644135332772,4.3,1
23928,La Mura Rosso,11,9.545454545454545,9.0,2.018099916438052,4.072727272727272,1
23929,La Mura Blanco,14,10.0,10.0,1.8397324220155997,3.3846153846153846,1
23932,Morel Cru Bjls Brouilly,4,9.75,9.5,2.753785273643051,7.583333333333333,1
23933,Sequinot-Bordet Chablis Four,17,9.647058823529411,10.0,1.9345922202943777,3.74264705882353,1
23934,Talmard Macon Chard,2,9.0,9.0,2.8284271247461903,8.0,1
23935,Dom Sourdais Chinon,3,9.333333333333334,9.0,1.5275252316519468,2.3333333333333335,1
23936,Morel Bjls-Vlgs Emeringes,7,9.857142857142858,10.0,2.1930626551751344,4.80952380952381,1
23937,Caillot Bourgogne Rouge,1,11.0,11.0,,,1
23938,Alphonse Dolly Pouilly-Fume,6,9.5,8.5,2.073644135332772,4.3,1
23939,Alias Pnt Nr,2,11.5,11.5,0.7071067811865476,0.5,1
23943,Canella Bellini Fusion,35,11.485714285714286,12.0,1.8209795129420379,3.3159663865546216,1
23944,Ch du Courlat 10,3,10.666666666666666,11.0,0.5773502691896257,0.3333333333333333,1
23945,Ch Haut Piquat 09,1,9.0,9.0,,,1
23946,Ch La Cardone Medoc 09,3,9.666666666666666,10.0,0.5773502691896257,0.3333333333333333,1
23947,Ch Larose Trintaudon 09,42,10.904761904761905,11.0,1.7780439212321022,3.16144018583043,1
23948,Ch La Croix Lartigue 09,1,14.0,14.0,,,1
23949,Ch Valfontaine 10,8,10.5,10.0,1.6035674514745464,2.5714285714285716,1
23950,Ch Haut-Robert 10,7,11.0,10.0,1.5275252316519468,2.3333333333333335,1
23951,Ch Moulin de Pillardot 10,5,10.6,10.0,1.9493588689617927,3.8,1
23954,Notre Dame Luberon Rose,6,12.0,12.5,1.7888543819998317,3.2,1
23957,Angels & Cowboys Rose,12,12.0,13.0,1.9069251784911847,3.6363636363636362,1
23959,Thorn Napa Valley Merlot,20,11.4,12.0,1.759186414825121,3.094736842105263,1
23961,Ken Wright Cellars Pnt Nr,1,7.0,7.0,,,1
23962,Enzo Boglietti Dolcetto Alba,1,12.0,12.0,,,1
23964,La Font de Notre Dame Rastea,3,9.666666666666666,9.0,1.1547005383792517,1.3333333333333335,1
23965,Dom le Clos des Lumieres CdR,4,10.5,10.5,1.2909944487358056,1.6666666666666667,1
23966,Nortico Alvarinho,3,10.0,10.0,1.0,1.0,1
23968,Santa Julia Malbec,15,9.8,10.0,1.8973665961010275,3.6,1
23969,Bellafina Prosecco,7,9.714285714285714,9.0,1.7043362064926935,2.904761904761905,1
23973,Catena RSV Cab Svgn,51,11.450980392156863,11.0,1.6889490873344415,2.852549019607843,1
23974,Catena RSV Chard,44,11.545454545454545,12.0,1.6347184588626569,2.6723044397463003,1
23975,Ninety+Cellars Lot 123 Chard,2,9.0,9.0,0.0,0.0,1
23979,NinetyCellars Lot 122 Chard,7,9.857142857142858,10.0,1.3451854182690985,1.8095238095238095,1
23982,Earthshaker La Quete Lirac C,1,7.0,7.0,,,1
23983,King Estate Dom Pnt Nr 12,3,10.666666666666666,11.0,0.5773502691896257,0.3333333333333333,1
23984,Triennes Rose 2012,14,12.071428571428571,12.5,1.8590438284354556,3.4560439560439558,1
23987,Gerard Bertrand 14 Gris Bl,33,11.484848484848484,12.0,1.7521631652262746,3.0700757575757573,1
23988,Rio Madre 2014 Rose Rioja,2,10.0,10.0,1.4142135623730951,2.0,1
23989,Sierra Cantabria 14 Rose Rio,1,11.0,11.0,,,1
23990,Moncigale Rose Cd Provnce 14,1,10.0,10.0,,,1
23991,Martin Ray 14 Rose of Pnt Nr,9,11.444444444444445,11.0,1.130388330520878,1.2777777777777777,1
23996,Ch Muraires Cd Provence Rose,15,11.0,11.0,2.104417123236605,4.428571428571429,1
23997,Pascal Jolivet Sancerre Rose,5,11.8,12.0,1.4832396974191324,2.1999999999999997,1
23998,Belguardo Serrata Toscana,3,10.333333333333334,10.0,1.5275252316519468,2.3333333333333335,1
24001,Lee Family Farm Rio Tinto S,2,10.5,10.5,2.1213203435596424,4.5,1
24002,Corbett Canyon Chard,54,10.907407407407407,11.0,1.8558273191314598,3.444095038434661,1
24003,Corbett Canyon Cab Svgn,55,10.872727272727273,11.0,1.8564656329877602,3.4464646464646456,1
24004,Gerard Bertrand 12 Roses,3,11.0,10.0,1.7320508075688772,3.0,1
24005,Wild Thing Chard,1,7.0,7.0,,,1
24006,Jacopo Blondi Santi 10 Sasso,1,13.0,13.0,,,1
24012,Bertani Secco 11 Orig V Ed,3,11.0,11.0,1.0,1.0,1
24013,Heritance Cab Svgn,2,9.5,9.5,2.1213203435596424,4.5,1
24014,Au Contraire Chard RRV,15,10.466666666666667,11.0,1.9591057240729095,3.8380952380952387,1
24015,Mazzei Zisola Notto Rosso,6,11.5,11.5,2.073644135332772,4.3,1
24018,Fontanafredda Barolo Serralu,39,10.76923076923077,11.0,1.9663155293933887,3.8663967611336028,1
24020,Rosenblum Vntr Cve XXX Znfdl,37,10.27027027027027,11.0,2.090303654823712,4.36936936936937,1
24022,Fulchino Vyds 603 Red,26,8.692307692307692,9.0,2.0153258946231154,4.061538461538461,1
24023,Cavit Merlot Trentino,2,12.5,12.5,0.7071067811865476,0.5,1
24024,Fulchino Vyds Barbera Red,22,8.863636363636363,9.0,2.335960178750904,5.456709956709956,1
24026,Bella Bellina FrongoLata,3,10.333333333333334,11.0,2.081665999466133,4.333333333333334,1
24029,W Hill Est Cntrl Cst Pnt Nr,49,11.183673469387756,11.0,1.9544124158315364,3.8197278911564623,1
24030,Hugel Alsace Pnt Gr Classic,2,10.5,10.5,0.7071067811865476,0.5,1
24033,Canyon Rd Svgn Bl,37,11.35135135135135,12.0,1.946738243778498,3.7897897897897903,1
24035,Lamberti Prosecco Extra Dry,6,10.833333333333334,10.5,1.4719601443879744,2.1666666666666665,1
24040,Merieau 12 Les Hex PN VdP,5,12.4,13.0,1.3416407864998738,1.7999999999999998,1
24043,Dom de la Nobl Chinon Rose,1,13.0,13.0,,,1
24044,Dom LaFage Mira Cd Rousillon,1,10.0,10.0,,,1
24047,Kikkoman Plum Wine,44,10.477272727272727,10.0,2.085259856247204,4.348308668076109,1
24048,Ozeki Dry Sake,30,10.8,11.0,2.2034455776789916,4.855172413793104,1
24049,Ozeki Hana Awaka Sprkl Sake,40,10.975,11.0,2.031640741510197,4.127564102564103,1
24050,Choyomusubi Ryo Junmai Sake,34,10.588235294117647,10.5,1.9087937974387963,3.6434937611408205,1
24051,Genbei San Demonslayer Sake,8,10.75,10.0,2.052872551885702,4.214285714285714,1
24052,Poochi Poochi Sparkling Sake,11,9.636363636363637,9.0,1.7477257950106058,3.0545454545454542,1
24053,Ozeki Yamadanishiki Jun Sake,3,11.666666666666666,11.0,1.1547005383792517,1.3333333333333335,1
24054,La Volpe Prosecco,2,10.0,10.0,1.4142135623730951,2.0,1
24055,La Volpe Pnt Grigio,6,11.0,11.0,1.8973665961010275,3.6,1
24056,Honig Svgn Bl Rsv,31,10.67741935483871,11.0,1.7773969126073772,3.1591397849462366,1
24060,Robertson & Duke Napa Cab Sv,1,11.0,11.0,,,1
24062,Atelie Pink Moscato,3,11.666666666666666,11.0,2.081665999466133,4.333333333333334,1
24063,Atelie Prosecco,2,12.5,12.5,2.1213203435596424,4.5,1
24064,Austerity Cab Svgn,2,11.5,11.5,0.7071067811865476,0.5,1
24065,Camelot Cab Svgn,3,10.666666666666666,11.0,0.5773502691896257,0.3333333333333333,1
24066,Camelot Merlot,2,10.5,10.5,0.7071067811865476,0.5,1
24075,Bouvet Brut,8,11.125,11.5,2.2320714274285347,4.982142857142857,1
24086,Hess Select Chard,53,11.49056603773585,12.0,1.8669456906673283,3.4854862119013075,1
24088,Hess Select Cab Svgn,54,11.481481481481481,11.5,1.8504537000090027,3.4241788958770076,1
24090,Gour de Chaule Gigondas Trad,14,9.428571428571429,9.5,2.2434275189912047,5.032967032967032,1
24094,Gallo Copperidge Cab Svgn,53,11.18867924528302,11.0,1.8918509838615412,3.579100145137881,1
24095,Gallo Copperidge Cab Svgn,26,10.923076923076923,10.5,1.95802097890859,3.8338461538461535,1
24096,Gallo Copperidge Chard Cal,52,11.23076923076923,11.0,1.8850847447053847,3.553544494720965,1
24097,Gallo Copperidge Chard Cal,25,10.88,11.0,1.8101565309847287,3.276666666666667,1
24098,Gallo Copperidge Wh Znfdl,52,11.25,11.0,1.85636161115569,3.446078431372549,1
24099,Gallo Copperidge Wh Znfdl,18,11.277777777777779,11.5,2.1089600324094944,4.447712418300655,1
24101,Soli White Blend,1,13.0,13.0,,,1
24103,Filon Garnacha Calatayud,1,13.0,13.0,,,1
24104,Le Paradou Gren Vin de Franc,3,12.0,12.0,1.0,1.0,1
24106,Oliver Chanzy Rly 1 Cru Mar,3,12.666666666666666,14.0,2.3094010767585034,5.333333333333334,1
24109,Beringer KVR Cab Svgn,7,10.714285714285714,12.0,1.9760470401187074,3.9047619047619047,1
24111,Don Ramon Oak Aged 12 Tinto,12,10.166666666666666,10.0,1.9924098397912435,3.969696969696969,1
24118,Cecchi La Mora Morellino,21,12.095238095238095,13.0,1.757975025555309,3.0904761904761897,1
24119,Cecchi La Mora Vermentino,19,12.210526315789474,13.0,1.9882696935448687,3.9532163742690063,1
24121,Willamette Vly Dijon Chard,10,11.2,12.0,1.5491933384829668,2.4000000000000004,1
24123,Garnacha de Fuego 14 Rose Ar,11,11.727272727272727,12.0,1.7372915179041823,3.018181818181818,1
24124,Tarima 14 Blanco Alicante,5,11.0,11.0,1.5811388300841898,2.5,1
24125,Botani 13 Muscat Srra Malaga,7,10.714285714285714,11.0,1.4960264830861913,2.2380952380952386,1
24127,Three Thieves Chard,2,10.5,10.5,0.7071067811865476,0.5,1
24129,Three Thieves Cab Svgn,1,13.0,13.0,,,1
24130,Indigano Pnt Grigio,1,7.0,7.0,,,1
24132,Sutter Home Malbec Arg,1,13.0,13.0,,,1
24134,Newman's Own Common Good Red,1,9.0,9.0,,,1
24135,Chanson Vire Clesse,2,13.5,13.5,0.7071067811865476,0.5,1
24136,Chanson Le Bourgogne Pnt Nr,1,11.0,11.0,,,1
24139,Nobilo Icon Pnt Nr Marlboro,44,11.25,11.5,1.6583123951777,2.75,1
24142,Tablas Creek Patelin Blanc,1,9.0,9.0,,,1
24143,Ozeki Platnm Junmai Dai Sake,1,11.0,11.0,,,1
24144,Ozeki Junmai Reishu Sake,14,11.0,11.5,1.8810798862519205,3.5384615384615383,1
24145,Ozeki Nigori Unfiltered Sake,3,11.0,11.0,2.0,4.0,1
24146,Louis Latour 12 Marsannay Bl,8,10.125,10.0,1.1259916264596033,1.2678571428571428,1
24147,Toucas Vinho Verde DOC,7,8.285714285714286,7.0,2.1380899352993947,4.57142857142857,1
24148,Roncolato Valpo Super S Barb,2,7.5,7.5,0.7071067811865476,0.5,1
24149,La Monacesca Verd di Mattell,3,9.0,10.0,1.7320508075688772,3.0,1
24151,Mas Janeil Cotes Roussillon,32,11.8125,12.0,1.8567661794532155,3.4475806451612905,1
24152,Grape Time Super Tuscan,32,8.375,8.0,2.166459874333419,4.693548387096774,1
24153,Grape Time Wh Cranbery Pnt G,30,8.9,9.0,1.9887615276329897,3.955172413793103,1
24154,Ch La Gordonne Chapelle Rose,1,9.0,9.0,,,1
24156,NY Yankees Cab Svgn,4,11.25,11.5,1.707825127659933,2.9166666666666665,1
24158,Cambridge Pnt Nr RRV,2,12.5,12.5,2.1213203435596424,4.5,1
24159,Krupp Bros The Doctor Red,2,11.5,11.5,0.7071067811865476,0.5,1
24161,Krupp Bros Chard,1,7.0,7.0,,,1
24165,Enzo Boglietti Brl Case Nere,1,10.0,10.0,,,1
24166,Enzo Boglietti Barolo Fosati,1,9.0,9.0,,,1
24170,Adelsheim Caitlins Rsv Chard,1,11.0,11.0,,,1
24174,Marenco Strev Moscato D'Asti,1,11.0,11.0,,,1
24175,Stella Moscato,1,7.0,7.0,,,1
24178,Ch Alie d'Argent Mout-Rth 12,4,10.5,10.0,1.9148542155126762,3.6666666666666665,1
24180,Boscarelli Vino Nobile Monte,2,11.0,11.0,1.4142135623730951,2.0,1
24181,Constanti Brunello Montalcno,3,12.0,12.0,2.0,4.0,1
24182,Conterno Barolo Sori Gnestra,2,11.0,11.0,1.4142135623730951,2.0,1
24183,CaRome Barbaresco Chiarmanti,2,11.5,11.5,0.7071067811865476,0.5,1
24185,Conterno Fantino Barolo Mosc,1,12.0,12.0,,,1
24188,St Francis Cab Svgn Sonoma,54,10.814814814814815,10.5,2.0747727684088915,4.304682040531096,1
24191,Mirafiore Dolcetto D'Alba,1,9.0,9.0,,,1
24193,Ch Montaud Cotes de Provence,50,10.7,10.5,1.7408653724219914,3.0306122448979584,1
24195,Casa E Mirafiori Barb d'Alba,1,12.0,12.0,,,1
24197,Route 128 Est Viognier Yrkvl,1,12.0,12.0,,,1
24198,Route 128 Est Pnt Nr Santa B,2,10.5,10.5,2.1213203435596424,4.5,1
24200,Pacifico Sur Rsv Malbec,1,12.0,12.0,,,1
24202,Taylor Fladgate 40 Yr Tawny,3,12.0,13.0,2.6457513110645907,7.0,1
24203,Vega Sindoa 14 Garnacha Nava,3,12.0,13.0,2.6457513110645907,7.0,1
24205,Raeburn Chard RRV,8,12.25,13.0,1.6690459207925603,2.7857142857142856,1
24206,Flint & Steel Svgn Bl Napa V,1,13.0,13.0,,,1
24207,Calista Pnt Nr The Coast Ran,1,13.0,13.0,,,1
24208,R M Woodbridge Znfdl Cal,52,11.326923076923077,12.0,1.6416294373740659,2.6949472096530918,1
24211,Julius Treis Trocken Rsl,1,12.0,12.0,,,1
24216,Dom Ste Michelle Extra Dry,13,10.538461538461538,10.0,2.3669736167866557,5.602564102564102,1
24218,Aizpurua B,5,9.6,9.0,2.792848008753788,7.8,1
24222,Louis de Grenelle Rose,3,11.333333333333334,11.0,1.5275252316519468,2.3333333333333335,1
24227,Arca Nova Rose,2,11.5,11.5,0.7071067811865476,0.5,1
24237,Ironside Red Blend,2,9.5,9.5,0.7071067811865476,0.5,1
24241,Tenet Syrah Le Fervent,12,10.25,9.0,2.0056737702645644,4.0227272727272725,1
24243,Tenet Syrah The Pundit,8,11.75,12.0,1.9820624179302297,3.9285714285714284,1
24244,Ch Corconnac Svgn Bl,5,12.2,13.0,1.6431676725154984,2.7,1
24249,Montes Spring Harvest Svgn B,2,12.0,12.0,2.8284271247461903,8.0,1
24251,Barefoot Crisp White Spritz,7,10.714285714285714,10.0,2.4299715851758235,5.904761904761905,1
24252,Barefoot Summer Red Spritzer,8,10.375,9.5,2.326094212561969,5.410714285714286,1
24253,Franzia Dark Red Blend,45,11.088888888888889,11.0,1.8068332697419718,3.264646464646465,1
24260,Red Car Ritchie Vyd Chard,1,9.0,9.0,,,1
24265,Antinori Chianti Clsc Pepoli,26,11.23076923076923,11.0,1.7957214106356767,3.224615384615385,1
24273,von Buhl Jazz Rsl,1,11.0,11.0,,,1
24274,Armand Kabinett Rsl,2,12.0,12.0,0.0,0.0,1
24275,Becker Family Pnt Bl,1,13.0,13.0,,,1
24276,Paul Buisse Svgn Bl Touraine,8,13.125,13.0,0.9910312089651149,0.9821428571428571,1
24279,Fontanafredda La Rosa Barolo,1,14.0,14.0,,,1
24280,Mazzei Siepi,3,12.0,13.0,2.6457513110645907,7.0,1
24281,Col D'Orcia Brunello Montalc,1,8.0,8.0,,,1
24282,Paul Hobbs Nathan Coombs Cab,3,11.0,11.0,2.0,4.0,1
24285,Dom Clavel Languedoc,7,10.857142857142858,11.0,2.0354009783964297,4.142857142857143,1
24286,Kendall Jackson Gr RSV Cab S,53,10.452830188679245,10.0,1.7048126192527508,2.906386066763425,1
24287,Bollini RSV Pinot Grigio,2,7.5,7.5,0.7071067811865476,0.5,1
24288,Olivier & Lafont Ventoux Bl,20,11.65,12.0,1.7851728502481652,3.186842105263158,1
24289,Thierry Delaunay Tour Svgn B,46,11.630434782608695,12.0,1.7933047786100127,3.215942028985507,1
24290,Ch La Gr Metaine Entre Mers,37,11.378378378378379,11.0,1.7376764714754929,3.0195195195195192,1
24291,Dom Fond Croze La Croix Coq,12,11.416666666666666,11.0,1.5050420310248864,2.265151515151515,1
24292,Olivier & Lafont Ventx Rouge,32,11.40625,11.5,1.9486864889607216,3.7973790322580645,1
24294,La Gr Comtadine Vacqueyras C,37,11.756756756756756,12.0,1.8166728655155007,3.3003003003003,1
24295,Motto Znfdl Unabashed,2,11.5,11.5,0.7071067811865476,0.5,1
24297,Motto Cab Svgn Backbone,41,10.926829268292684,11.0,1.9025015624492798,3.6195121951219513,1
24298,Ty Ku Cucumber Sake,2,8.0,8.0,0.0,0.0,1
24299,Rosemount Diamond Merlot,43,11.604651162790697,12.0,1.8144858235838357,3.2923588039867107,1
24301,Mija Sangria,49,10.387755102040817,11.0,1.6048926045405167,2.5756802721088436,1
24303,Cupcake Black Forest,53,10.867924528301886,11.0,1.8814656301063295,3.539912917271408,1
24304,Muga 2014 Rose Rioja,4,11.75,12.0,1.5,2.25,1
24305,Marquis d Gelida Brut Rsv,4,11.75,12.0,1.5,2.25,1
24309,Point North Pnt Nr Oregon,1,10.0,10.0,,,1
24310,Hi! Prosecco,44,10.636363636363637,10.5,1.9894010912590625,3.9577167019027484,1
24311,Ch Calon 12 Segur St-Estphe,2,10.5,10.5,2.1213203435596424,4.5,1
24312,Ch Clos Fourtet 12 St-Emilin,1,10.0,10.0,,,1
24313,Ch Cheval Bl 12 St-Emilion,2,12.5,12.5,0.7071067811865476,0.5,1
24314,Ch Pez 12 St-Estephe,1,9.0,9.0,,,1
24319,Ch Leoville Barton 12 St-Jul,1,12.0,12.0,,,1
24322,Ch Phelan Segur St-Estphe 12,3,10.333333333333334,10.0,1.5275252316519468,2.3333333333333335,1
24323,Ch Pichon Long Comtesse L 12,5,12.0,12.0,1.224744871391589,1.5,1
24325,La Crema Chard Sonoma Cst,55,10.381818181818181,10.0,1.7158402443432033,2.9441077441077437,1
24327,La Crema Pnt Nr Sonoma Cst,55,10.381818181818181,10.0,1.7158402443432033,2.9441077441077437,1
24328,Ch Ducru Beaucaillou 12 St J,3,12.0,12.0,1.0,1.0,1
24329,Ch Cos d'Estournel St-Est 12,4,11.0,11.0,1.8257418583505538,3.3333333333333335,1
24330,Ch Reserve de la Comtesse 12,1,9.0,9.0,,,1
24331,Ch Talbot St-Julien 12 GCC,1,12.0,12.0,,,1
24332,Tortoise Creek Svgn Bl,2,11.5,11.5,0.7071067811865476,0.5,1
24334,Sea Pearl Svgn Bl,5,9.8,10.0,1.3038404810405297,1.7,1
24335,Gran Passione Gavi,32,9.875,10.5,1.862187406112465,3.467741935483871,1
24336,Meridian Cab Svgn Cal,3,10.666666666666666,10.0,3.055050463303893,9.333333333333332,1
24337,Gran Passione Rosso IGT,5,10.8,10.0,1.6431676725154982,2.6999999999999997,1
24341,Dom Henri Boillot Mersault,1,7.0,7.0,,,1
24346,Antinori Badia Chianti Clsc,2,10.5,10.5,2.1213203435596424,4.5,1
24347,Fess Parker Marcella's White,11,11.272727272727273,11.0,1.9540168418367887,3.818181818181818,1
24349,Fess Parker Pnt Nr Bien Naci,2,10.5,10.5,0.7071067811865476,0.5,1
24353,Diora Pnt Nr,16,10.5,10.0,2.0,4.0,1
24357,Bota Box Nighthawk Dark Red,53,10.641509433962264,11.0,1.8717981854421897,3.5036284470246737,1
24359,Stradanova Barolo,1,9.0,9.0,,,1
24361,JJ Prum Graacher Him Rsl Aus,5,11.2,12.0,2.4899799195977463,6.2,1
24363,Mommessin Les Gr Mises Amour,3,9.0,8.0,2.6457513110645907,7.0,1
24365,Mommessin Les Gr Morgon C Py,2,11.0,11.0,2.8284271247461903,8.0,1
24367,Ch de Pierreux Brouilly Bjls,1,9.0,9.0,,,1
24368,Navarro Vyds Late Harvest Ge,1,10.0,10.0,,,1
24369,Forefront Pine Ridge Znfdl,23,11.608695652173912,12.0,1.9006967725925863,3.6126482213438735,1
24370,Aviary Chard,1,14.0,14.0,,,1
24371,Tozai Typhoon Sake,1,14.0,14.0,,,1
24377,Bon Affair Svgn Bl Spritzer,33,10.666666666666666,11.0,2.174664725116648,4.729166666666666,1
24378,Napa Highlands Meritage,8,11.25,11.0,1.9820624179302297,3.9285714285714284,1
24379,Madison's Ranch Cab Svgn,13,11.923076923076923,13.0,1.9774368283857795,3.9102564102564106,1
24385,Dom Faiv Cham Clos De Beze,2,10.5,10.5,2.1213203435596424,4.5,1
24387,Steph Avrn Julienas Vielles,2,10.0,10.0,0.0,0.0,1
24388,Steph Avrn Chn Vielles Vig,1,11.0,11.0,,,1
24392,Ch Fuisse Pouilly Fuisse Tet,4,11.25,11.5,0.9574271077563381,0.9166666666666666,1
24393,Ch Fuisse Pouilly Fuisse Les,2,12.0,12.0,0.0,0.0,1
24396,Dom Prieur Corton-Bressandes,4,11.25,11.5,1.707825127659933,2.9166666666666665,1
24398,Fleur de Pnt Nr California,41,11.536585365853659,12.0,1.8587302248525706,3.4548780487804875,1
24404,Carpineto Valcolomba Verment,16,11.4375,11.5,1.8607794065928396,3.4625,1
24406,St Mayhem White Aged/Peppers,5,11.0,12.0,1.8708286933869707,3.5,1
24408,Chapelle de Bastion Picpoul,24,10.625,11.0,1.7398775569112552,3.027173913043478,1
24410,Marques de Grinon 10 Caliza,5,10.8,11.0,1.3038404810405297,1.7000000000000002,1
24411,Marques de Grinon 10 Cab Svg,1,12.0,12.0,,,1
24415,Hidalgo Gobernador Oloroso S,2,11.5,11.5,0.7071067811865476,0.5,1
24416,Hidlago Morenita Crm Sherry,35,10.6,11.0,1.8502781984784629,3.423529411764706,1
24417,Sutter Home Gewurz,1,11.0,11.0,,,1
24418,Hidlago Panesa Fino Sherry,19,10.526315789473685,10.0,1.8369183449048445,3.374269005847953,1
24419,Bonterra Mendocino Org Chard,54,11.833333333333334,12.0,1.7988465906251634,3.235849056603774,1
24422,Cade Rsv Cab Svgn,4,11.5,12.0,1.9148542155126762,3.6666666666666665,1
24423,Odette Est Cab Svgn,1,10.0,10.0,,,1
24424,Adaption by Odette Chard,2,11.0,11.0,0.0,0.0,1
24425,Adaptation by Odette Cab Svg,1,13.0,13.0,,,1
24426,Plumpjack Rsv Chard,3,12.333333333333334,12.0,1.5275252316519468,2.3333333333333335,1
24427,Plumpjack Est Cab Svgn,1,11.0,11.0,,,1
24429,Baracchi O'Lillo,6,11.666666666666666,12.0,2.3380903889000244,5.466666666666667,1
24430,Eden Ice Sprklng Cider Semi,4,11.25,11.0,2.217355782608345,4.916666666666667,1
24432,Tintero Langhe Arneis,3,11.333333333333334,11.0,1.5275252316519468,2.3333333333333335,1
24438,Quara Malbec,1,11.0,11.0,,,1
24439,Des Amis Rose,10,10.5,10.5,2.1213203435596424,4.5,1
24441,Underwood Cans Pnt Gris,6,11.333333333333334,12.0,2.422120283277993,5.866666666666665,1
24442,Underwood Cans Pnt Nr,7,11.571428571428571,12.0,2.2253945610567474,4.952380952380953,1
24447,TC Le Charmel Pnt Nr France,1,11.0,11.0,,,1
24449,Santa Barbara Winery Chard,1,11.0,11.0,,,1
24450,Santa Barbara Winery Pnt Nr,1,11.0,11.0,,,1
24451,Llopart Rose Cava Brut Rsva,5,10.2,10.0,1.3038404810405297,1.7,1
24452,Vega Sindoa 14 Chard Navarra,4,10.25,10.5,0.9574271077563381,0.9166666666666666,1
24453,Estancia Meritage,48,11.333333333333334,11.5,1.7422574416279017,3.0354609929078014,1
24454,Convento Las Claras 12 Tinto,4,10.75,10.5,1.707825127659933,2.9166666666666665,1
24455,Franciscan Cab Svgn Napa,54,11.333333333333334,12.0,1.682316462276133,2.8301886792452837,1
24456,Franciscan Est Chard Napa,51,11.372549019607844,12.0,1.6243248974724913,2.6384313725490194,1
24458,Franciscan Magnificat Red,36,11.277777777777779,12.0,1.6320208526523379,2.663492063492064,1
24465,Tenuta di Capraia 11 Chianti,4,12.0,11.5,1.4142135623730951,2.0,1
24476,Les Pasquets Entre Deux Mers,3,10.666666666666666,11.0,2.516611478423583,6.333333333333333,1
24478,ZIPZ Cab Svgn,1,8.0,8.0,,,1
24479,ZIPZ Pnt Grigio,1,12.0,12.0,,,1
24483,Daou Rsv Cab Svgn,2,10.5,10.5,0.7071067811865476,0.5,1
24486,Farmstead Long Meadow Chard,4,12.0,12.0,1.1547005383792515,1.3333333333333333,1
24487,Farmstead Long Meadow Pnt Nr,1,13.0,13.0,,,1
24489,Hunt & Harvest Cab Svgn,49,11.612244897959183,12.0,1.643374659689276,2.7006802721088436,1
24491,Long Meadow Ranch Cab Svgn,2,13.0,13.0,0.0,0.0,1
24492,Long Meadow Ranch Svgn Bl,1,13.0,13.0,,,1
24493,Buehler Cab Svgn Napa,46,11.434782608695652,11.5,1.8336626845141695,3.3623188405797104,1
24494,Buehler Wh Znfdl Napa,7,11.142857142857142,11.0,1.9518001458970662,3.809523809523809,1
24495,Ch Giscours Margaux 06,1,7.0,7.0,,,1
24496,Luce Brunello Montalcino 10,2,10.5,10.5,0.7071067811865476,0.5,1
24497,Killibinbin Seduction Cab Sv,44,11.727272727272727,12.0,1.7568952049281044,3.086680761099366,1
24498,Cuvaison Chard,37,11.27027027027027,11.0,1.7740200526338892,3.147147147147147,1
24503,Far Niente Chard Napa,41,11.341463414634147,11.0,1.8789592344907458,3.5304878048780495,1
24510,Tin Barn Svgn B Hi Vista Vyd,9,9.11111111111111,9.0,2.0275875100994063,4.111111111111111,1
24511,Tin Barn Znfdl RRV Gilsson,1,7.0,7.0,,,1
24512,Tin Barn Cab Svgn Sonoma Cty,6,7.666666666666667,7.0,1.0327955589886444,1.0666666666666667,1
24513,R8 Cab Svgn,4,8.25,8.0,1.5,2.25,1
24514,R8 Chard,3,8.666666666666666,9.0,1.5275252316519468,2.3333333333333335,1
24515,Cartlidge & Browne Chard,18,11.88888888888889,13.0,2.025975114210116,4.104575163398692,1
24516,Cartlidge & Browne Cab Svgn,1,12.0,12.0,,,1
24518,Ray's Station Cab Svgn,1,12.0,12.0,,,1
24520,I Lauri Spumante Brut Rose,32,10.03125,10.0,2.0077973005261263,4.03125,1
24525,Tablas Crk Patelin Tblas Ros,1,13.0,13.0,,,1
24527,Scott Family Est Chard Arroy,4,12.25,13.0,1.5,2.25,1
24528,Scott Family Est Pnt Nr Arro,3,10.666666666666666,10.0,2.081665999466133,4.333333333333334,1
24529,Joseph Drouhin Mersault,2,13.5,13.5,0.7071067811865476,0.5,1
24530,Joseph Drouhin Puligny-Montr,2,12.0,12.0,1.4142135623730951,2.0,1
24531,Joseph Drouhin Cote de Beaun,1,13.0,13.0,,,1
24532,Joseph Drouhin Cote de Nuits,2,9.5,9.5,0.7071067811865476,0.5,1
24534,Joseph Drouhin Nuits St Geo,1,9.0,9.0,,,1
24535,Giesen Svgn Bl,39,10.615384615384615,11.0,2.266638882103267,5.137651821862348,1
24539,Stonestreet Est Vyds Svgn Bl,3,13.333333333333334,13.0,0.5773502691896257,0.3333333333333333,1
24540,Signo 11 Bobal de Manchuela,4,10.75,10.5,1.707825127659933,2.9166666666666665,1
24545,Sileni Nano Pnt Nr,1,12.0,12.0,,,1
24546,Selini Nano Svgn Bl,21,11.0,11.0,1.8708286933869707,3.5,1
24548,Fenouillet Beaumes Terres Ve,11,9.727272727272727,10.0,2.2401298663653,5.018181818181818,1
24552,Gnarly Head 1924 Double Blac,50,10.64,11.0,1.9457960964550196,3.786122448979592,1
24553,Ch Lassegue 2/05-09-10 6 Pak,1,10.0,10.0,,,1
24554,Merieau L'Arpent des Vaudons,4,11.0,11.0,1.632993161855452,2.6666666666666665,1
24555,Claude Riffault Chass Sancer,2,12.0,12.0,1.4142135623730951,2.0,1
24556,Mas Alta Black Slate Priorat,1,11.0,11.0,,,1
24557,Dom La Fage Tess Carignan VV,8,11.625,11.0,1.5059406173077154,2.267857142857143,1
24558,Dom La Fage Cve Nicholas VdP,17,11.941176470588236,12.0,1.6759545129303972,2.808823529411765,1
24559,Dom Janasse Terre d'Argile,1,11.0,11.0,,,1
24560,Dom La Fage Tessellae CdRous,44,11.5,11.0,1.6774842736586513,2.813953488372093,1
24561,Ch St-Roch Chimeres CdRoussi,4,13.25,13.0,0.5,0.25,1
24563,Hey Mambo Sultry Red,1,11.0,11.0,,,1
24564,Chronic Cellars Suite Petite,5,11.2,11.0,2.3874672772626644,5.699999999999999,1
24566,Head to Head Red Toscana,4,10.75,10.0,2.217355782608345,4.916666666666667,1
24567,Ravenswood Mendocino OV Znfd,29,11.310344827586206,12.0,1.5377034888769792,2.3645320197044337,1
24568,PopCrush Sparkling Wine,1,12.0,12.0,,,1
24570,Oko Cab Svgn VdP L'Herault,1,13.0,13.0,,,1
24571,Oko Organic Prosecco,1,11.0,11.0,,,1
24572,Galerie Latro Cab S Knights,1,10.0,10.0,,,1
24573,Oko Malbec Mendoza Organic,2,11.5,11.5,0.7071067811865476,0.5,1
24574,Galerie Pleinair Cab Svgn NV,4,11.25,11.0,1.2583057392117916,1.5833333333333333,1
24575,Failla Pnt Nr Sonoma Cst,2,11.0,11.0,2.8284271247461903,8.0,1
24576,Failla Chard Sonoma Cst,1,7.0,7.0,,,1
24578,Jean Laurent Blanc de Noirs,2,11.0,11.0,2.8284271247461903,8.0,1
24579,Mt Beautiful Svgn Bl,41,10.634146341463415,11.0,1.8809053346856084,3.5378048780487807,1
24580,Mt Beautiful Pnt Nr,29,10.758620689655173,11.0,1.7658501071679955,3.118226600985221,1
24583,Moshin Vyds Pnt Nr Sonoma Cs,2,12.0,12.0,1.4142135623730951,2.0,1
24584,Moshin Vyds Pnt Nr Est Grown,1,7.0,7.0,,,1
24585,Moshin Vyds Pnt Nr RRV,6,11.166666666666666,11.5,1.4719601443879746,2.166666666666667,1
24586,Moshin Vyds Chard,2,12.0,12.0,1.4142135623730951,2.0,1
24587,Woodbridge Harvest Spice Red,6,11.666666666666666,12.0,1.8618986725025255,3.4666666666666663,1
24588,Boundary Breaks OLN Rsl,22,9.545454545454545,9.0,1.6540649128527984,2.7359307359307357,1
24589,Navardia Rioja Organic,2,11.0,11.0,0.0,0.0,1
24590,Dominios Rueda,3,11.333333333333334,11.0,0.5773502691896257,0.3333333333333333,1
24591,Dominios Ribera del Duero Cr,18,10.0,10.0,2.0291986247835694,4.117647058823529,1
24592,Vendange Cab Svgn,55,11.290909090909091,12.0,1.6961036751235687,2.8767676767676766,1
24593,Bodegas La Cartuja Priorat,37,11.216216216216216,12.0,1.8277967175922056,3.3408408408408414,1
24594,Torresella Prosecco Xtra Dry,51,11.431372549019608,11.0,1.8788816030903526,3.530196078431373,1
24595,Greg Norman Svgn Blanc Marlb,5,9.2,9.0,0.8366600265340756,0.7,1
24596,Pitagora Red Blend,3,11.666666666666666,12.0,1.5275252316519468,2.3333333333333335,1
24599,The Lost Colony Red Sonoma,5,12.2,12.0,0.4472135954999579,0.19999999999999998,1
24600,Manteo Red Blend Sonoma Cnty,1,9.0,9.0,,,1
24602,Terre del Barolo Barbrsco 10,6,10.833333333333334,10.5,1.4719601443879746,2.166666666666667,1
24603,Zeni 11 Amarone Classico,30,10.866666666666667,11.0,2.0465839213495345,4.188505747126437,1
24604,Dark Horse Pnt Nr,51,11.254901960784315,11.0,1.8744933956128196,3.513725490196079,1
24605,Fortant Chard,33,10.606060606060606,11.0,1.9029482707662133,3.621212121212121,1
24606,Fortant Cab Svgn,35,10.514285714285714,10.0,1.9759052813007685,3.9042016806722692,1
24612,Estancia Pnt Nr Monterey,53,11.339622641509434,12.0,1.6977745187157747,2.88243831640058,1
24615,Pieropan Soave La Rocca,2,14.0,14.0,0.0,0.0,1
24621,Cline Chard Sonoma Cst,44,11.409090909090908,11.5,1.88406021009528,3.54968287526427,1
24627,SMV SMV Blustery Blend White,3,8.666666666666666,10.0,2.3094010767585034,5.333333333333334,1
24631,Acumen Moutainside Red Napa,31,11.258064516129032,11.0,1.7695148475497244,3.1311827956989244,1
24634,Marques de Caceres RSV Red,52,10.442307692307692,10.5,2.108930232842825,4.447586726998492,1
24642,Red Fire OV Znfdl,1,10.0,10.0,,,1
24643,Kibo Junmai Sake,3,13.333333333333334,13.0,0.5773502691896257,0.3333333333333333,1
24645,Carmel Road Drew's Bl Pnt Nr,2,13.0,13.0,0.0,0.0,1
24646,Pierre Dupond Renjardire CdR,3,12.666666666666666,13.0,1.5275252316519468,2.3333333333333335,1
24647,Dom Perignon P2 Blanc 1998,11,10.727272727272727,11.0,2.195035721390843,4.8181818181818175,1
24648,Mumm Napa Bl de Blanc,49,11.224489795918368,11.0,1.8058389800225012,3.261054421768707,1
24650,Perrier Jouet BE Luxury Case,10,11.2,11.5,1.6865480854231356,2.8444444444444446,1
24655,Ch de Ruth CdR White,1,9.0,9.0,,,1
24662,Silver Totem Cab Svgn,29,11.586206896551724,12.0,1.9182812504075164,3.6798029556650245,1
24663,M Chiarlo Rovereto Gavi 13,7,11.857142857142858,13.0,2.4784787961282104,6.142857142857142,1
24664,M Chiarlo 10 Chiarlo Rosso,3,12.333333333333334,14.0,2.8867513459481287,8.333333333333332,1
24665,Nardi Casale 08 Bosco Brunel,4,10.25,9.0,2.5,6.25,1
24666,Salviano Orvieto 13 Clsco,2,11.5,11.5,3.5355339059327378,12.5,1
24668,Darioush Merlot Napa Valley,4,9.5,9.5,0.5773502691896257,0.3333333333333333,1
24669,Darioush Cab Franc Napa Vly,4,9.25,9.0,1.5,2.25,1
24670,Freemark Abbey Cab Svgn Ruth,7,12.285714285714286,13.0,1.7994708216848745,3.2380952380952377,1
24671,Palacios Bolo Godello Valdeo,2,12.5,12.5,0.7071067811865476,0.5,1
24672,Bolla Merlot,30,10.9,11.0,1.6681602503026065,2.782758620689655,1
24673,Bolla Pinot Grigio,51,10.588235294117647,11.0,1.757002795538303,3.0870588235294116,1
24678,Olivier Chanzy Chard VdFranc,5,10.8,10.0,2.16794833886788,4.699999999999999,1
24684,F Coppola Vendetta Cab/Malbc,14,11.214285714285714,12.0,1.5281246137553166,2.3351648351648353,1
24686,Barco Negro Douro,33,11.636363636363637,12.0,1.9496503182971976,3.8011363636363638,1
24691,Ch Vignot 09 St Emilion Gr C,2,12.5,12.5,0.7071067811865476,0.5,1
24692,Calmel & Joseph Chard,5,10.4,11.0,1.9493588689617927,3.8,1
24694,Cormons Schioppettino,2,8.5,8.5,0.7071067811865476,0.5,1
24697,Schmitt Sohne Relax Pink Ros,44,11.340909090909092,11.0,1.790714834765803,3.2066596194503174,1
24699,Alfred Gratien Champagne Bru,9,11.666666666666666,11.0,1.4142135623730951,2.0,1
24700,Cavas Hill 1887 Brut Cava,13,11.153846153846153,11.0,1.863963243832607,3.4743589743589745,1
24701,Gratien & Meyer Cremant Brut,1,13.0,13.0,,,1
24703,Kenwood J London Cab Svgn,46,11.08695652173913,11.0,1.5751696480982151,2.481159420289855,1
24704,Kenwood Chard Sonoma,23,11.08695652173913,11.0,1.8565129453374498,3.446640316205533,1
24705,Kenwood Merlot Sonoma,23,11.695652173913043,12.0,1.550213551526359,2.403162055335968,1
24706,Kenwood J London Znfdl,33,11.333333333333334,11.0,1.7260262647673315,2.9791666666666665,1
24710,Onix Classic Priorat,2,9.5,9.5,2.1213203435596424,4.5,1
24712,Ennuk Red Terra Alta,5,10.8,11.0,1.7888543819998317,3.2,1
24714,La Perla Rioja Blanca,2,11.0,11.0,0.0,0.0,1
24715,Banfi Summus Tuscany Red,2,10.5,10.5,2.1213203435596424,4.5,1
24717,Merum Monastrell Jumilla,2,9.0,9.0,2.8284271247461903,8.0,1
24720,Tenuta Sette Ponti Crognolo,3,9.666666666666666,10.0,1.5275252316519468,2.3333333333333335,1
24722,Feudo Saia Nero d'Avola 13,8,10.25,10.0,1.9820624179302297,3.9285714285714284,1
24723,Tenuta di Biserno Il Pino,1,10.0,10.0,,,1
24724,Nozzole La Forra Chianti Gra,1,8.0,8.0,,,1
24725,Nozzole Vineto Il Pareto,3,11.666666666666666,12.0,1.5275252316519468,2.3333333333333335,1
24727,Nardi Brunllo d Montlcino 10,3,9.0,9.0,1.0,1.0,1
24728,Nardi Rosso di Montalcino 13,2,8.5,8.5,0.7071067811865476,0.5,1
24732,Masi Serego Alighieri Vaio A,2,10.5,10.5,2.1213203435596424,4.5,1
24734,Dom Piquemal Cotes du Roussi,1,9.0,9.0,,,1
24736,Dumangin Champagne Cuvee 17,14,9.5,9.5,2.0662116951635836,4.269230769230769,1
24751,Lugny Macon Vllgs Vielle Rsv,1,9.0,9.0,,,1
24752,A Bichot Petit Chablis,3,11.333333333333334,13.0,2.8867513459481287,8.333333333333332,1
24753,Girl & Dragon Cab Svgn,31,12.161290322580646,13.0,1.771943832698023,3.1397849462365595,1
24754,Girl & Dragon Malbec,3,12.0,13.0,1.7320508075688772,3.0,1
24755,Sokol Blosser Evolution Pnt,10,10.9,11.0,1.728840330651992,2.988888888888889,1
24757,Domain Drouhin Pnt Nr Ore,28,11.357142857142858,11.0,1.850210913188122,3.4232804232804237,1
24759,Sokol Blosser Evolution Sprk,12,10.583333333333334,10.0,1.4433756729740645,2.0833333333333335,1
24766,Tenshen Red,6,12.333333333333334,13.0,1.6329931618554518,2.666666666666666,1
24768,Vinsacro Rioja,10,11.2,11.5,1.4757295747452437,2.177777777777778,1
24769,Bellefleur Malbec Brut Rose,1,11.0,11.0,,,1
24771,Les Darons Lang J Carrel Rou,46,10.478260869565217,10.0,1.952082994988602,3.81062801932367,1
24772,3 Ball Znfdl,42,11.380952380952381,11.0,1.5609937571535135,2.436701509872242,1
24773,Actum Sinister,1,11.0,11.0,,,1
24774,J Bouchon Canto Norte,20,10.3,10.0,2.3192557789991715,5.378947368421053,1
24775,J Bouchon Canto Sur,21,10.142857142857142,10.0,2.1514114968019085,4.628571428571428,1
24776,Amayna Chard,1,10.0,10.0,,,1
24777,Mayu Svgn Bl,10,10.1,9.5,1.8529256146249728,3.433333333333333,1
24778,Rocca Delle Macie Chianti C,54,10.944444444444445,11.0,2.050463975719464,4.204402515723271,1
24779,Straccali Chianti,54,10.944444444444445,11.0,2.050463975719464,4.204402515723271,1
24782,Casa Silva Los Lingues Cab S,10,10.3,10.5,1.7029386365926402,2.9000000000000004,1
24783,Bagordi Crianza Rioja,1,7.0,7.0,,,1
24784,Roncolato Pnt Grigio Veneto,4,7.75,7.0,1.5,2.25,1
24786,Opus One 12,22,11.727272727272727,12.0,1.804275825757042,3.2554112554112553,1
24787,Rodney Strong Chard Sonoma C,42,11.714285714285714,12.0,1.7981794897484278,3.233449477351916,1
24788,Gentleman's Collection Cab S,40,11.675,12.0,1.9267017120404204,3.7121794871794873,1
24789,Gentleman's Collection Red,1,8.0,8.0,,,1
24791,St Mayhem Red Coffee & Peppe,2,12.0,12.0,0.0,0.0,1
24792,St Mayhem Wh Peach & Ginger,6,11.0,12.0,2.5298221281347035,6.4,1
24793,Canyon Oaks Pink Moscato,1,8.0,8.0,,,1
24798,The Pinot Project Pnt Nr,45,10.666666666666666,10.0,2.0780235364840838,4.3181818181818175,1
24799,The Chard Project Chard,30,10.6,10.5,1.9930915164897591,3.972413793103448,1
24800,The Pinot Project Pnt Grigio,15,10.6,11.0,2.3543273227945907,5.5428571428571445,1
24804,Whitehall Lane Cab Svgn Leon,1,11.0,11.0,,,1
24805,Menage a Trois Silk Soft Red,54,10.37037037037037,10.0,2.049356054373199,4.199860237596086,1
24808,Buenas Tempranillo,2,12.0,12.0,1.4142135623730951,2.0,1
24812,Tortoise Creek Cal Pnt Nr,11,10.272727272727273,11.0,1.8488325554743508,3.418181818181818,1
24813,Looking Glass Cab Svgn,1,12.0,12.0,,,1
24816,Looking Glass Wh Znfdl,1,12.0,12.0,,,1
24817,Mirassou Pnt Nr,50,11.24,11.0,1.8245491475530973,3.328979591836734,1
24818,Rancho Zabaco Monte Rsso Znf,4,11.25,11.5,1.707825127659933,2.9166666666666665,1
24819,Brancaia Blu Rosso Toscana,2,11.0,11.0,1.4142135623730951,2.0,1
24820,Ch Bourbon La Chapelle Medoc,1,9.0,9.0,,,1
24825,Anakota 11 Helena Montana CS,2,12.5,12.5,0.7071067811865476,0.5,1
24826,J Phelps Insignia 2012,14,11.785714285714286,12.0,1.5776599725577716,2.4890109890109886,1
24827,J Phelps Insignia 2012,4,12.0,12.0,1.8257418583505538,3.3333333333333335,1
24829,Cecchi Chianti Classico,54,11.851851851851851,12.0,1.7634379736956947,3.109713487071977,1
24837,Wycliff Brut,54,11.24074074074074,11.0,1.9125719637237402,3.6579315164220834,1
24840,Honig Svgn Bl Napa,52,10.692307692307692,10.5,1.7991115622086922,3.2368024132730007,1
24841,Porta 6 Red,46,9.826086956521738,10.0,2.0363840264993347,4.1468599033816425,1
24842,Jacobs Crk Shrz/Cab Svgn,53,11.20754716981132,11.0,1.7580418583232986,3.090711175616837,1
24844,Mureda Tempranillo Organic,14,9.857142857142858,10.0,1.7478401113789142,3.054945054945055,1
24845,Mureda Svgn Bl Organic,11,10.272727272727273,10.0,1.6180796699117808,2.6181818181818177,1
24846,Franciscan Merlot Napa,53,11.320754716981131,12.0,1.6958499673485765,2.875907111756168,1
24847,Mureda Cab Svgn Organic,13,10.23076923076923,10.0,1.9215378456610457,3.692307692307693,1
24853,Cantine Cantena Fiano Avelno,2,8.0,8.0,1.4142135623730951,2.0,1
24854,Contramalini Valpo Clsco,1,7.0,7.0,,,1
24856,Cantine Cantena Taurasi,1,7.0,7.0,,,1
24857,Ch du Parc Brdx Rouge,4,10.25,10.0,1.5,2.25,1
24858,Ch Plaisance Cuvee Alix Roug,10,10.8,11.5,1.6193277068654823,2.622222222222222,1
24860,Mystos Longboard Vyd 13 Pnt,2,11.0,11.0,1.4142135623730951,2.0,1
24863,Double Canyon Heaven H Cab S,5,11.6,13.0,1.9493588689617927,3.8,1
24866,Villa Maria Pnt Nr Private B,7,10.571428571428571,11.0,2.878491668515698,8.285714285714286,1
24868,Ch St Sulpice Brdx Blanc,5,10.2,11.0,1.30384048104053,1.7000000000000004,1
24872,Soter Vyds Brut Rose,2,11.0,11.0,2.8284271247461903,8.0,1
24873,Fontana Candida Pinot Grigi,2,10.0,10.0,2.8284271247461903,8.0,1
24874,Benziger Merlot,43,10.906976744186046,11.0,1.9000495418149108,3.6101882613510528,1
24875,Glen Ellen Merlot RSV,55,10.872727272727273,11.0,1.8564656329877602,3.4464646464646456,1
24876,Wine & Soul Manoela Douro,3,11.333333333333334,11.0,1.5275252316519468,2.3333333333333335,1
24881,Monjardin El Cerezo Chard,2,11.0,11.0,2.8284271247461903,8.0,1
24882,Boones Strawberry Hill,34,11.911764705882353,12.0,1.602415734253519,2.5677361853832448,1
24883,Foz Arouce 11 Beira Atlantic,1,10.0,10.0,,,1
24885,Passadouro 12 Tinto Douro,4,12.5,13.0,1.7320508075688772,3.0,1
24887,Novelty Hill Svgn Bl,21,12.142857142857142,13.0,1.7968225924034427,3.2285714285714286,1
24888,Armand de Brignac Brut Rose,7,12.142857142857142,13.0,1.4638501094227998,2.142857142857143,1
24895,Pomino Benefizio Bianco,7,11.142857142857142,10.0,2.115700942049815,4.476190476190475,1
24896,Pomino Vinsanto,5,13.2,13.0,0.4472135954999579,0.19999999999999998,1
24897,Carpineto Rosso di Montalcno,8,11.625,12.0,1.5979898086569353,2.5535714285714284,1
24907,Bogle Old Vine Znfdl Cal,54,11.481481481481481,11.5,1.8504537000090027,3.4241788958770076,1
24913,Smith & Sons Cab Svgn,1,10.0,10.0,,,1
24921,Appolo Vyds Seyval,9,7.111111111111111,6.0,1.90029237516523,3.611111111111111,1
24922,Appolo Vyds China Girl,8,8.0,8.5,2.5071326821120348,6.285714285714286,1
24923,Sea Smoke Pinot Noir,1,14.0,14.0,,,1
24924,Sea Smoke Sea Spray Blanc,2,13.0,13.0,1.4142135623730951,2.0,1
24925,Immersion Red,1,9.0,9.0,,,1
24926,Herzog Kosher Znfdl,1,13.0,13.0,,,1
24928,Rive Droite Rive Gauche CDR,13,11.307692307692308,12.0,2.0970064133034736,4.397435897435898,1
24929,Corvo Nero d'Avola & Pnt Gr,15,10.466666666666667,10.0,1.8464895909600492,3.4095238095238094,1
24930,L'Ecole No 41 Cab 12 Walla W,5,10.0,10.0,2.23606797749979,5.0,1
24932,McGuigan Bin 3000 Merlot,1,10.0,10.0,,,1
24933,Lancaster Est Cab Svgn,9,12.0,13.0,1.5811388300841898,2.5,1
24934,T-Vine Zinfandel Napa,15,11.066666666666666,11.0,2.016597794967223,4.066666666666667,1
24935,T-Vine Grenache Napa,5,11.0,11.0,1.4142135623730951,2.0,1
24936,T-Vine Petite Sirah Napa,7,11.571428571428571,13.0,2.14919697074224,4.6190476190476195,1
24937,NH Winter Warmer Red,21,8.904761904761905,8.0,2.2782616597915593,5.19047619047619,1
24938,NH Barnett Hill Dry White,19,8.68421052631579,8.0,2.358262815882049,5.56140350877193,1
24939,NH 1761 Walpole Rose,18,8.833333333333334,8.0,2.1213203435596424,4.499999999999999,1
24942,Ch Poujeaux Brdx Rouge,1,14.0,14.0,,,1
24944,Sur de Los Andes Malbec Rsva,1,14.0,14.0,,,1
24951,Jackhammer Pnt Nr,14,10.285714285714286,10.0,1.85756546332813,3.4505494505494503,1
24952,Jackhammer Chard Monterey,16,10.4375,10.5,2.220172665957913,4.929166666666666,1
24953,Chloe Prosecco,43,10.976744186046512,11.0,1.8706807023498064,3.4994462901439647,1
24955,De Gregorio Rahana Chard DOC,1,10.0,10.0,,,1
24963,Ch Messile Aubert Montgne St,3,12.666666666666666,14.0,2.3094010767585034,5.333333333333334,1
24964,Ch Jean de Gue Lalande de Po,1,13.0,13.0,,,1
24965,Ch Haut Gravet Gr Chemin St,2,11.0,11.0,2.8284271247461903,8.0,1
24966,Rastignac Pineau des Charent,1,10.0,10.0,,,1
24967,Terra d'Oro Ch Bl/Viognier,14,10.571428571428571,11.0,2.064881658530644,4.263736263736264,1
24970,Hayes Ranch Red Blend,2,12.0,12.0,0.0,0.0,1
24971,Hugel Gentil White,49,10.959183673469388,11.0,1.7315597938644485,2.998299319727891,1
24975,Tenshen White,4,11.0,10.5,2.160246899469287,4.666666666666667,1
24977,Spring Mountain Cab Svgn 10,3,13.0,13.0,1.0,1.0,1
24980,Opici Homemade Barberone Bia,1,14.0,14.0,,,1
24981,Opici Homemade Barberone Red,1,12.0,12.0,,,1
24982,Molly Dooker Girl on the Go,1,10.0,10.0,,,1
24985,Bodega Zafado Malbec,1,9.0,9.0,,,1
24987,Rock Wall 12 Monte Rosso Znf,3,11.333333333333334,11.0,1.5275252316519468,2.3333333333333335,1
24990,Turnbull Cab Svgn Oakvile 12,1,8.0,8.0,,,1
24991,Ch Behere Courtin Pauillac,1,9.0,9.0,,,1
24992,Buglioni L'Amarone,2,13.0,13.0,0.0,0.0,1
24993,Tardieu Laurent Le Becs Fins,2,9.5,9.5,0.7071067811865476,0.5,1
24994,Couvent des Thorins Moulin,1,10.0,10.0,,,1
24995,Roth Est Svgn Bl Alex Vly,20,11.35,11.0,1.7252002172135512,2.9763157894736842,1
24996,Lincourt Steel Chard,25,11.36,11.0,1.7048949136725895,2.9066666666666667,1
24997,W Hill Merlot Napa,4,12.5,13.0,1.9148542155126762,3.6666666666666665,1
24998,Royal Tokaji Mad Cuvee,3,11.666666666666666,13.0,2.3094010767585034,5.333333333333334,1
24999,Schramsberg Mirabelle B Rose,9,11.777777777777779,12.0,2.1081851067789192,4.444444444444444,1
25001,Dom Fleurot-Larose Chass-Mon,1,10.0,10.0,,,1
25003,Tenuta Sette Cieli Indaco,3,11.0,10.0,2.6457513110645907,7.0,1
25004,Tenuta Sette Cieli Yantra,3,10.666666666666666,10.0,2.081665999466133,4.333333333333334,1
25005,Volpaia Chianti Clsco,42,11.619047619047619,12.0,1.807199436297823,3.265969802555169,1
25007,St Supery Elu Meritage Red,8,12.25,13.0,1.8322507626258087,3.357142857142857,1
25008,St Supery Dollarhide Svgn Bl,3,12.666666666666666,13.0,1.5275252316519468,2.3333333333333335,1
25009,St Supery Dollarhide Cab Svg,4,11.75,12.5,2.6299556396765835,6.916666666666667,1
25011,St Supery Rutherford Merlot,4,11.0,10.5,2.449489742783178,6.0,1
25012,Virtu St Supery White Blend,4,13.5,13.5,0.5773502691896257,0.3333333333333333,1
25015,Ch Graves de Pez St Estephe,1,13.0,13.0,,,1
25017,Ch Tertre de Viaud C d Bourg,4,11.0,10.5,1.4142135623730951,2.0,1
25018,L'Enclos de Viaud Lalande Po,1,10.0,10.0,,,1
25020,Ch de Pierreux Brouilly Rsv,1,12.0,12.0,,,1
25021,Mark West Black Pnt Nr,46,11.347826086956522,11.5,1.6359488080057574,2.6763285024154584,1
25027,KJ 12 Vintners Rsv Cab Svgn,1,9.0,9.0,,,1
25030,Cardinale 12 Cab Svgn Napa,2,11.5,11.5,2.1213203435596424,4.5,1
25036,Albola Pinot Grigio,54,11.481481481481481,11.5,1.8504537000090027,3.4241788958770076,1
25039,Sutter Home Svgn Bl,53,10.415094339622641,10.0,2.042189268936563,4.170537010159652,1
25043,Bully Hill Goat Wh Semi-Dry,45,10.822222222222223,11.0,1.9103651351233748,3.6494949494949505,1
25046,Bully Hill Love My Goat Rd,54,10.796296296296296,11.0,1.8971640168363082,3.599231306778476,1
25054,Jadot Clos Vougeot 13,2,13.5,13.5,0.7071067811865476,0.5,1
25055,Jadot Echezeaux 13,1,14.0,14.0,,,1
25056,Jadot Gevrey Chambertin 13,2,12.0,12.0,1.4142135623730951,2.0,1
25057,Jadot Marsannay Clos Roy 13,2,10.0,10.0,4.242640687119285,18.0,1
25058,Jadot Bourgogne Le Chapitre,2,13.0,13.0,0.0,0.0,1
25060,Jadot Gevrey Chambertin 13,3,11.666666666666666,11.0,2.081665999466133,4.333333333333334,1
25061,Jadot Vosne Romanee 13,2,12.0,12.0,1.4142135623730951,2.0,1
25062,Jadot Nuit St George 13,3,11.666666666666666,11.0,2.081665999466133,4.333333333333334,1
25063,Jadot Savigny 13 Clos de Gue,2,11.0,11.0,2.8284271247461903,8.0,1
25064,Jadot Beaune Bressandes 13,1,9.0,9.0,,,1
25069,Jadot Cote de Beaune Vlgs 13,3,10.333333333333334,10.0,2.5166114784235836,6.333333333333334,1
25070,Jadot Savigny les Beaune 13,3,11.333333333333334,13.0,2.8867513459481287,8.333333333333332,1
25071,Jadot Pommard 13,1,9.0,9.0,,,1
25072,Mastroberardino Radici Taura,3,11.333333333333334,12.0,2.081665999466133,4.333333333333334,1
25076,Jadot Monthelie 13 Sous Roch,2,13.0,13.0,0.0,0.0,1
25077,Jadot Mercurey 13,3,11.333333333333334,13.0,2.8867513459481287,8.333333333333332,1
25078,Jadot Savigny Bl Clos de Gue,1,9.0,9.0,,,1
25082,Jadot Bouzeron 13,3,11.333333333333334,13.0,2.8867513459481287,8.333333333333332,1
25083,Jadot Rully 13,3,10.0,9.0,2.6457513110645907,7.0,1
25084,Calera Ctrl Coast Pnt Nr,11,10.181818181818182,10.0,2.2279219832921355,4.963636363636363,1
25085,Jadot Marsannay 13,3,10.0,9.0,2.6457513110645907,7.0,1
25086,Jadot Pernand Vergelesses 13,2,13.0,13.0,0.0,0.0,1
25089,Jadot Saint Aubin 13,1,13.0,13.0,,,1
25090,Jadot Ch des Jacques Fleurie,2,11.0,11.0,2.8284271247461903,8.0,1
25091,Jadot Ch des Jacques La Roch,2,11.0,11.0,2.8284271247461903,8.0,1
25104,Nickel&Nickel Truchard Chard,1,9.0,9.0,,,1
25105,EnRoute Chard Brumaire RRV,7,10.714285714285714,10.0,2.0586634591635513,4.238095238095238,1
25109,Tomaiolo Toscana,32,10.6875,10.5,1.941690317821712,3.7701612903225805,1
25112,Voss Svgn Blanc Napa Vly,1,14.0,14.0,,,1
25113,Keller Est 13 Cruz Vyd Chard,1,13.0,13.0,,,1
25117,Zuccardi Q Malbec,2,11.0,11.0,0.0,0.0,1
25118,Foxglove Cab Svgn,5,9.8,10.0,1.6431676725154982,2.6999999999999997,1
25119,Foxglove Znfdl,2,11.0,11.0,0.0,0.0,1
25120,Foxglove Chard,3,9.333333333333334,10.0,2.081665999466133,4.333333333333334,1
25124,Jadot Burgundy Hills Wh 14,18,11.055555555555555,11.0,2.0428417986665255,4.173202614379085,1
25125,Zorvino Vyds Mango Magnifico,46,9.956521739130435,10.0,1.8373473843092436,3.3758454106280196,1
25126,Zorvino Vyds Peachez,46,9.826086956521738,10.0,1.9585067761615047,3.8357487922705307,1
25130,Stratus Cab Franc VQA,1,13.0,13.0,,,1
25133,Vendange Chard,5,11.4,12.0,1.9493588689617927,3.8,1
25137,Nicole Chanrion Cote de Brou,3,9.666666666666666,10.0,0.5773502691896257,0.3333333333333333,1
25138,Terlatto & Chapoutier Shiraz,20,11.35,11.0,1.7851728502481652,3.1868421052631577,1
25139,Chigard Fleurie Les Moriers,2,11.5,11.5,2.1213203435596424,4.5,1
25140,Nicole Chanrion Cote de Brou,1,10.0,10.0,,,1
25141,The Federalist 1776 Zinfande,45,11.311111111111112,11.0,1.8928360422467347,3.5828282828282827,1
25146,Barefoot Cellars Winter Red,11,10.818181818181818,11.0,2.1825756260978366,4.763636363636364,1
25147,Zinzilla Zinfandel,25,9.8,10.0,1.9148542155126762,3.6666666666666665,1
25148,McNab Ridge Petite Sirah,3,10.333333333333334,11.0,3.055050463303893,9.333333333333332,1
25150,McNab Ridge Cab Svgn,1,11.0,11.0,,,1
25151,Fred's Red Mendocino County,2,9.5,9.5,2.1213203435596424,4.5,1
25153,Veuve du Vernay Sparkling Ro,2,11.0,11.0,1.4142135623730951,2.0,1
25154,Vina Cobos Cocodrilo Corte,1,9.0,9.0,,,1
25156,Champagne Malard Grand Cru B,1,12.0,12.0,,,1
25157,M Lynch Bordeaux Blanc Grave,8,10.875,11.0,1.4577379737113252,2.125,1
25158,M Lynch Bordeaux Rouge Medoc,8,10.625,11.5,2.326094212561969,5.410714285714286,1
25159,L'Eglise Saint-Hilaire Borde,3,10.666666666666666,11.0,1.5275252316519468,2.3333333333333335,1
25160,Cinq les Pattes Bordeaux Bla,2,10.0,10.0,1.4142135623730951,2.0,1
25161,Baron La Rose Bordeaux Blanc,4,10.5,10.5,1.2909944487358056,1.6666666666666667,1
25162,D.des Senechaux CdP,5,11.0,12.0,2.345207879911715,5.5,1
25163,Colavita Pnt Nr,10,11.5,12.0,1.9578900207451218,3.8333333333333335,1
25171,Gardacho Garnacha,1,12.0,12.0,,,1
25176,Casas Del Bosque Sauv Bl,6,10.666666666666666,10.5,2.250925735484551,5.066666666666666,1
25179,Grahams 1977 Vintage Port,2,12.0,12.0,1.4142135623730951,2.0,1
25181,Grahams 2000 Vintage Port,2,11.0,11.0,2.8284271247461903,8.0,1
25184,Riglos Gran Cab Svgn,1,9.0,9.0,,,1
25185,Black Pearl Oro,28,11.75,12.5,1.8782379449307742,3.5277777777777777,1
25186,Jadot Ch d Jacques Morgon 11,5,11.8,12.0,1.9235384061671346,3.7,1
25187,Ch Bruni Brdx Superieur,7,11.428571428571429,12.0,1.8126539343499315,3.285714285714286,1
25188,Ch Les Granges Brdx,3,11.666666666666666,13.0,2.3094010767585034,5.333333333333334,1
25190,Sixto Chardonnay,4,11.25,11.0,2.6299556396765835,6.916666666666667,1
25191,Cousino Macul Cab Svgn,4,11.75,12.5,1.8929694486000912,3.5833333333333335,1
25192,K Vintners The Klein,1,12.0,12.0,,,1
25194,Ch Beaulieu Lalande de Pomer,4,9.0,9.0,1.632993161855452,2.6666666666666665,1
25195,Ch Brane-Cantenac Margaux 01,2,9.0,9.0,0.0,0.0,1
25196,La Pommeraie de Brown Pessac,2,9.5,9.5,0.7071067811865476,0.5,1
25197,Ch La Rousseliere St Estephe,6,10.333333333333334,9.5,1.7511900715418263,3.0666666666666664,1
25198,Ch Fombrauge Le Cadran de Fo,3,10.666666666666666,11.0,1.5275252316519468,2.3333333333333335,1
25199,Le Prelat CdR Blanc,8,10.625,11.5,2.065879266282796,4.267857142857143,1
25200,Le Prelat CdR Rouge,11,10.363636363636363,11.0,2.062654952856986,4.254545454545455,1
25201,Ch Croix de Jaugue St Emilio,5,9.8,9.0,2.280350850198276,5.2,1
25202,Rosenblum R Sauret Zinfandel,20,10.5,10.5,2.090076805438398,4.368421052631579,1
25203,Aveleda Follies,3,10.666666666666666,10.0,2.081665999466133,4.333333333333334,1
25204,Ch Rollan de By Medoc,4,11.5,11.5,1.2909944487358056,1.6666666666666667,1
25205,Silverado GEO Cab Svg,1,13.0,13.0,,,1
25206,Quinta do Noval 2013 Port,1,9.0,9.0,,,1
25210,Siduri Pnt Nr Williamette Vy,44,11.477272727272727,11.5,1.718417827790089,2.9529598308668077,1
25211,Ch de Carles Brdx,13,9.923076923076923,10.0,1.9348358440936906,3.743589743589744,1
25212,Mionetto Prosecco Extra Dry,41,11.268292682926829,11.0,1.7751674603245526,3.151219512195122,1
25216,Castello D'Alba Vinho Tinta,28,11.714285714285714,12.0,1.6745843676067218,2.8042328042328046,1
25220,Castelo do Sulco Tinto Rsva,3,10.333333333333334,9.0,2.3094010767585034,5.333333333333334,1
25221,Gnarly Head OV Zinfandel,1,14.0,14.0,,,1
25222,G Ferrer Etesian Pnt Nr Rose,2,13.5,13.5,0.7071067811865476,0.5,1
25224,G Ferrer Etesian Pnt Nr,1,10.0,10.0,,,1
25225,Ch Montelena Cab Svgn 2006,2,13.0,13.0,1.4142135623730951,2.0,1
25226,Il Molino di Grace Chianti C,3,10.666666666666666,10.0,2.081665999466133,4.333333333333334,1
25228,D Guillot Broux Bourgogne,1,10.0,10.0,,,1
25229,D Guillot Broux Blanc Les Ge,3,11.666666666666666,12.0,1.5275252316519468,2.3333333333333335,1
25236,Horseshoes & Handgrenades Re,35,9.885714285714286,10.0,2.040349286294882,4.163025210084035,1
25244,M Sullberg Cab Svgn,2,10.0,10.0,1.4142135623730951,2.0,1
25246,M Sullberg Chard,1,11.0,11.0,,,1
25250,TJ Lot #45 Zinfandel Tilting,1,11.0,11.0,,,1
25252,Hauts de Smith Rouge P-Le 12,3,9.0,9.0,2.0,4.0,1
25253,Ch du Levant Sauternes,4,10.75,10.5,2.0615528128088303,4.25,1
25254,Ch des Perligues Graves,3,9.0,9.0,2.0,4.0,1
25255,Calera Ctrl Coast Chard,13,10.307692307692308,9.0,1.8432134703923735,3.3974358974358974,1
25256,Ch St Louis Vieux Galvesse L,3,11.0,11.0,2.0,4.0,1
25257,Ch Boston Margaux,8,10.875,11.0,1.7268882005337975,2.982142857142857,1
25258,Ch Maine d'Arman Cote Bourg,3,9.0,9.0,2.0,4.0,1
25259,Ch Martinon Brdx Rouge,3,11.0,11.0,2.0,4.0,1
25260,Lavergne Brdx Rouge,23,10.782608695652174,11.0,1.7826568970635437,3.177865612648222,1
25262,Ziobaffa Organic Tuscan Red,14,10.5,10.5,1.7431183374807169,3.0384615384615383,1
25264,Pommery Falltime Extra Dry C,8,9.5,9.5,1.7728105208558367,3.142857142857143,1
25265,Brittan Vyds Chard Wlmete Vy,2,10.0,10.0,1.4142135623730951,2.0,1
25268,Cantine Maschio Sparkling Ro,6,10.833333333333334,11.0,2.041241452319315,4.166666666666667,1
25269,R Mondavi Cab Svgn Pvt Sel,55,11.290909090909091,12.0,1.6961036751235687,2.8767676767676766,1
25270,Cantine Maschio Sparkling Ro,4,11.75,12.0,1.2583057392117916,1.5833333333333333,1
25273,Kir-Yianni Paranga VdP Maced,2,11.0,11.0,2.8284271247461903,8.0,1
25275,Zoe Red by D Skouras,2,11.0,11.0,2.8284271247461903,8.0,1
25279,Pommery Cuvee Louise 2002,1,10.0,10.0,,,1
25280,Menage a Trois Merlot,1,9.0,9.0,,,1
25281,Ransom Dry Vermouth,30,11.366666666666667,11.5,1.8659070704090004,3.4816091954022985,1
25282,Ransom Sweet Vermouth,31,11.451612903225806,11.0,1.7670825235854974,3.1225806451612903,1
25283,Ransom Selection Pnt Nr,4,12.0,12.0,1.8257418583505538,3.3333333333333335,1
25284,Merryvale Cab Svgn,7,11.571428571428571,12.0,1.7182493859684491,2.9523809523809526,1
25285,A Bichot St-Amour Champlette,7,10.571428571428571,9.0,2.63673679998231,6.9523809523809526,1
25286,A Bichot Morgon Les Charmes,8,11.375,12.5,2.326094212561969,5.410714285714286,1
25288,A Bichot Ch Gris Nuits 13 Ge,1,10.0,10.0,,,1
25289,Notre Dame Cousignac Vent 14,36,11.944444444444445,12.0,1.771914935791936,3.13968253968254,1
25290,Notre Dame Cousignac CdR 13,27,11.777777777777779,12.0,1.908147174886057,3.6410256410256405,1
25291,Notre Dame Cousignac 13 Gigo,33,12.121212121212121,13.0,1.5960415047386722,2.547348484848485,1
25292,Ch Grand Renom Brdx Bl 14,3,12.333333333333334,13.0,1.1547005383792517,1.3333333333333335,1
25293,Croft Reserve Tawny,6,10.166666666666666,9.5,2.7868739954771304,7.766666666666666,1
25295,Stark Conde Cab Svgn,12,10.0,9.5,2.3741027013091993,5.636363636363637,1
25301,Barrique Pnt Nr,2,11.0,11.0,0.0,0.0,1
25302,Barrique Chard,5,8.6,8.0,1.816590212458495,3.3,1
25304,Cyprus Pnt Nr,1,11.0,11.0,,,1
25305,Cyprus Chard,2,10.0,10.0,1.4142135623730951,2.0,1
25306,Cyprus Cab Svgn,1,11.0,11.0,,,1
25310,A la Carte White,2,7.0,7.0,0.0,0.0,1
25317,Grammercy Cellars Cab Svgn,2,11.0,11.0,0.0,0.0,1
25319,Ch Deux Rocs Premices Red,4,12.0,12.0,1.8257418583505538,3.3333333333333335,1
25321,Capeside Cellars Svgn Blanc,1,11.0,11.0,,,1
25324,Gran Moraine Y-C Pnt Nr Oreg,1,13.0,13.0,,,1
25325,Gran Moraine Y-C Chard OR,1,13.0,13.0,,,1
25327,Siduri Pnt Nr RRV,3,11.666666666666666,11.0,1.1547005383792517,1.3333333333333335,1
25333,Garda Pinot Grigio,21,10.476190476190476,10.0,1.569045812557671,2.4619047619047616,1
25334,Masseria Prosecco,8,10.625,10.5,1.3024701806293193,1.6964285714285714,1
25335,George Wine Co Pnt Nr Sonoma,2,11.0,11.0,1.4142135623730951,2.0,1
25337,Ch Francs Brdx CdFrancs,8,10.25,10.0,1.3887301496588271,1.9285714285714286,1
25338,Ch Chantelune Margaux,2,11.0,11.0,2.8284271247461903,8.0,1
25339,Le Haut Medoc de Lascombes,3,11.333333333333334,11.0,1.5275252316519468,2.3333333333333335,1
25341,Bollinger R.D. 2002,3,12.0,13.0,1.7320508075688772,3.0,1
25348,Merlo Family Vyds Pnt Nr,1,6.0,6.0,,,1
25349,Merlo Family Vyds Chard,2,8.0,8.0,2.8284271247461903,8.0,1
25351,Cusumano Merlot,2,13.0,13.0,0.0,0.0,1
25352,Cecchi Chianti DOCG,20,11.65,11.5,1.8994459025837258,3.607894736842105,1
25353,Calmel & Joseph CdRoussillon,4,11.75,12.0,1.5,2.25,1
25354,Calmel & Joseph Terra Larzac,1,8.0,8.0,,,1
25355,Bench Chardonnay,1,11.0,11.0,,,1
25356,Bench Pnt Nr,2,10.5,10.5,0.7071067811865476,0.5,1
25357,Bench Cab Svgn,3,9.666666666666666,10.0,1.5275252316519468,2.3333333333333335,1
25358,Honig Late Harvest Svgn Bl,1,8.0,8.0,,,1
25360,Honig Cab Svgn,2,10.5,10.5,0.7071067811865476,0.5,1
25361,Honig Cab Svgn,2,9.5,9.5,2.1213203435596424,4.5,1
25364,Cyrus Alexander Vly,2,13.0,13.0,1.4142135623730951,2.0,1
25365,Alexander Vly Vyds Sin Znfdl,2,13.0,13.0,1.4142135623730951,2.0,1
25367,Alexander Vly Vyds Merlot,2,13.0,13.0,1.4142135623730951,2.0,1
25371,Alexander Vly Vyds Cab Svgn,1,11.0,11.0,,,1
25373,Sella & Mosca RSV Cannonau,51,10.980392156862745,11.0,1.9948954466681343,3.979607843137255,1
25374,Fratelli Urciuolo Fiano,2,13.0,13.0,0.0,0.0,1
25375,Sella & Mosca Vermentino Ca,41,11.024390243902438,12.0,2.127061410468076,4.52439024390244,1
25376,Artesa Rsv Pnt Nr,4,10.5,10.0,1.9148542155126762,3.6666666666666665,1
25378,Fratelli Urciuolo Greco di T,3,12.666666666666666,13.0,0.5773502691896257,0.3333333333333333,1
25381,Selbach-Oster Riesling,3,10.333333333333334,10.0,1.5275252316519468,2.3333333333333335,1
25382,Drouhin Laforet Red Bourgog,13,11.384615384615385,11.0,1.660244035197915,2.756410256410256,1
25383,Von Winning Riesling Pfalz,7,11.285714285714286,12.0,1.6035674514745464,2.5714285714285716,1
25386,Champagne Pommerey 04 Gr Cru,10,9.3,9.0,1.4944341180973264,2.2333333333333334,1
25387,G Vigouroux L Comtes Cahours,10,11.0,11.5,2.70801280154532,7.333333333333333,1
25389,Agiorgitiko Argilos Nemea,2,12.5,12.5,2.1213203435596424,4.5,1
25390,Xinomavro Naoussa Young Vine,2,12.0,12.0,2.8284271247461903,8.0,1
25401,Assyrtiko-Athiri Atlantis,1,11.0,11.0,,,1
25406,Moschofilero Mantinia Spirop,2,10.5,10.5,4.949747468305833,24.5,1
25411,Artesa Rsv Chard,4,9.75,9.5,0.9574271077563381,0.9166666666666666,1
25414,Falesco Tellus Cab Svgn IGT,3,12.666666666666666,13.0,0.5773502691896257,0.3333333333333333,1
25415,Schlosskellerei Gobelsburg,7,10.428571428571429,11.0,1.7182493859684493,2.952380952380953,1
25416,Gaston Chiquet Trad Brut 1er,5,11.2,12.0,2.588435821108957,6.699999999999999,1
25417,Kunde Cab Svgn Sonoma Valley,36,11.555555555555555,11.5,1.9189944456771315,3.6825396825396814,1
25418,Malamatina Retsina,24,10.5,10.5,2.284160962880643,5.217391304347826,1
25419,Kunde Chard Sonoma Valley,51,11.588235294117647,12.0,1.8240227036770709,3.3270588235294114,1
25423,Pol Roger 02 Sir W Churchill,6,10.666666666666666,10.5,1.2110601416389968,1.4666666666666668,1
25425,La Scolca Black Label Gavi,1,11.0,11.0,,,1
25426,Fattoire Barbi 13 MdScansano,4,9.75,10.0,1.2583057392117916,1.5833333333333333,1
25427,Fattoire Barbi 10 Brunello,4,10.5,11.0,1.7320508075688772,3.0,1
25428,Luigi Bosca Los Miradores Ma,2,11.0,11.0,0.0,0.0,1
25429,Ch Pesquie Quint Ventoux Red,1,13.0,13.0,,,1
25430,Schlink Haus Auslese,2,9.5,9.5,0.7071067811865476,0.5,1
25431,Schlink Haus Kabinett,5,8.6,9.0,2.073644135332772,4.3,1
25432,Schlink Haus Spatlese,1,10.0,10.0,,,1
25444,Calera Mt Harlan Chard,3,8.666666666666666,9.0,1.5275252316519468,2.3333333333333335,1
25445,Maynard's 10 Yr Tawny Port,30,10.633333333333333,10.5,1.884296874869689,3.550574712643677,1
25448,Taylor Fladgate 30 yr Tawny,4,12.75,13.5,1.8929694486000912,3.5833333333333335,1
25449,San Guido Sassacaia,2,11.5,11.5,3.5355339059327378,12.5,1
25457,GH Mumm Cordon Rouge,1,11.0,11.0,,,1
25458,Seven Hills Cab Svgn Columbi,2,12.0,12.0,1.4142135623730951,2.0,1
25459,Seven Hills Merlot Seven Hil,1,13.0,13.0,,,1
25462,Buehler Estate Cab Svgn Napa,3,10.666666666666666,10.0,2.0816659994661326,4.333333333333333,1
25464,Eden Rose Cider Keg,2,10.5,10.5,2.1213203435596424,4.5,1
25465,Benziger Tribute Estate Red,7,10.0,10.0,1.632993161855452,2.6666666666666665,1
25466,Zonin Prosecco,4,12.0,12.0,1.8257418583505538,3.3333333333333335,1
25467,Schug Cab Svgn,1,10.0,10.0,,,1
25468,Run Riot Pnt Nr,1,10.0,10.0,,,1
25478,Estro d Piona Sparkling Rose,3,7.0,7.0,0.0,0.0,1
25480,Boyle MacDonald Cab Svgn Nap,8,10.375,10.0,2.1998376563477846,4.839285714285714,1
25481,Angela Yamhill-Carlton Pnt N,1,10.0,10.0,,,1
25482,J. Ordonez Victoria Moscatel,1,13.0,13.0,,,1
25484,Finca Sandoval Tinto Manchue,7,11.285714285714286,11.0,1.704336206492693,2.9047619047619038,1
25493,Lunadoro Toscana Memoria IGT,2,8.0,8.0,1.4142135623730951,2.0,1
25494,Avante Mencia 09 Castilla Y,1,11.0,11.0,,,1
25496,Sierra Cantabria Unica Rsv 0,5,12.0,12.0,1.0,1.0,1
25497,Triga Alicante Tinto 11,1,13.0,13.0,,,1
25499,KJ Est Cab Hawkeye Mtn,1,14.0,14.0,,,1
25500,KJ Est Chard Santa Maria Vly,1,14.0,14.0,,,1
25502,Bouchaine Pnt Nr W Lindsay V,6,11.0,10.5,1.2649110640673518,1.6,1
25503,Bouchaine Terraces Vyd Pnt N,8,10.5,10.0,1.4142135623730951,2.0,1
25504,Renwood Clarion Red,20,11.4,11.0,1.7888543819998317,3.1999999999999997,1
25505,B Doon Not Drinking Any Merl,17,11.470588235294118,12.0,1.841115390830499,3.389705882352941,1
25506,B Doon The Heart Has Rieslin,16,11.5625,11.5,2.0966242709015206,4.395833333333333,1
25507,Masi Frescaripa Bardolino Cl,10,11.2,11.0,2.250925735484551,5.066666666666666,1
25508,Sbragia Zin Ginos Vyd- Dry C,18,11.555555555555555,11.5,2.120549934838553,4.49673202614379,1
25509,Lockwood Pnt Nr,8,11.5,11.5,1.7728105208558367,3.142857142857143,1
25510,K Volk Pnt Nr San Benito,23,11.217391304347826,11.0,1.7826568970635437,3.1778656126482216,1
25511,Schug Chard Carneros,31,11.161290322580646,11.0,1.827507851210648,3.3397849462365596,1
25512,Sbragia Cab Svgn Monte Rosse,3,12.333333333333334,13.0,2.0816659994661326,4.333333333333333,1
25513,Elvio Cogno Dolcetto D'Alba,5,11.6,11.0,1.51657508881031,2.3,1
25514,Elvio Cogno Barolo Cascina N,7,12.0,12.0,1.7320508075688772,3.0,1
25515,Bootstrap Red,4,9.75,10.0,2.217355782608345,4.916666666666667,1
25517,Match Book Lake Cnty Cab Svg,21,11.142857142857142,11.0,1.7687768170607137,3.128571428571429,1
25519,R.Mondavi PS Bourbon Barrel,15,11.066666666666666,10.0,1.6242214252050853,2.6380952380952385,1
25520,Nobilo Chard,32,11.46875,12.0,1.544696963704344,2.3860887096774195,1
25521,Z Alexander Brown Uncaged Pn,26,11.115384615384615,11.5,2.1968508930179684,4.826153846153846,1
25522,Sutter Home Clsc Cab Svgn,54,10.37037037037037,10.0,2.049356054373199,4.199860237596086,1
25523,Z Alexander Brown Uncage Red,1,14.0,14.0,,,1
25524,Z Alexander Brown Uncaged Ca,31,11.0,11.0,2.0330600909302543,4.133333333333334,1
25526,Frescobaldi Massovivo Vermen,5,11.8,13.0,2.3874672772626644,5.7,1
25527,Masi Mazzano Amarone 03,7,11.857142857142858,12.0,1.4638501094227998,2.142857142857143,1
25528,Masi Campo Torbe Amarone 00,5,11.4,12.0,2.3021728866442674,5.3,1
25531,BR Cohn Silver Cab Svgn Snm,52,11.98076923076923,12.0,1.6626270803900842,2.764328808446456,1
25532,BR Cohn Olive Hill Cab Svgn,1,10.0,10.0,,,1
25535,Ch de Reynaud Cotes du Bourg,5,10.0,10.0,0.7071067811865476,0.5,1
25537,R Stemmler 13 Pnt Nr,38,9.368421052631579,9.5,1.7617720291763208,3.103840682788051,1
25538,St Clement Svgn Bl,16,10.1875,10.5,2.1045585443666486,4.429166666666666,1
25539,Three Knights Svgn Bl,20,9.85,9.5,2.1343062474478063,4.5552631578947365,1
25540,Richard Grant Cuvee Rose Brt,24,9.916666666666666,9.5,2.33901998553959,5.471014492753623,1
25541,Masi Bonacosta Valpolicella,12,11.333333333333334,11.5,2.0150945537631877,4.0606060606060606,1
25542,Dom des Chasseignes Sancerre,2,12.5,12.5,2.1213203435596424,4.5,1
25544,Tilia Bonarda Mendoza,35,11.6,12.0,1.6485287558376194,2.7176470588235295,1
25545,Miolo  Lote 43,3,8.333333333333334,8.0,1.5275252316519468,2.3333333333333335,1
25548,Miolo Chardonnay,5,9.2,10.0,1.30384048104053,1.7000000000000004,1
25549,Alisios Pinot Grigio,1,11.0,11.0,,,1
25550,Alisios Tempranillo Touriga,6,9.166666666666666,9.5,1.4719601443879742,2.166666666666666,1
25553,Billecart-Salmon Blanc de Bl,3,11.333333333333334,11.0,0.5773502691896257,0.3333333333333333,1
25554,Brotte Espirit CdR,17,11.823529411764707,12.0,1.7405205441780576,3.029411764705882,1
25555,Brotte Optimum Chat du Pape,7,11.0,11.0,2.3804761428476167,5.666666666666667,1
25557,Kenwood Cab Svgn Sonoma,39,11.153846153846153,11.0,1.6942388686751213,2.870445344129555,1
25559,Marquis de la Tour Brut,1,11.0,11.0,,,1
25560,Piledriver Red Blend 13,22,11.318181818181818,11.0,1.7011582507043235,2.8939393939393936,1
25561,Stateland Cellars Cab Svgn 1,9,11.444444444444445,11.0,1.3333333333333333,1.7777777777777777,1
25562,Elvio Cogno Barolo Ravera,4,12.0,12.0,1.8257418583505538,3.3333333333333335,1
25563,Elvio Cogno Barbera D'Alba B,7,11.571428571428571,11.0,1.511857892036909,2.285714285714286,1
25564,Elvio Cogno Barolo Vignaelen,3,11.666666666666666,11.0,2.081665999466133,4.333333333333334,1
25565,Black Box Pnt Nr,41,11.512195121951219,12.0,1.645022054859937,2.7060975609756097,1
25566,Quivira 12 Znfdl Dry Creek V,13,10.923076923076923,10.0,1.6563785025137654,2.743589743589744,1
25567,Saddleback Clrs 11 Cab Svgn,9,10.777777777777779,10.0,1.563471919941143,2.444444444444444,1
25568,Shooting Star 12 Barbera Cnt,5,11.8,12.0,1.9235384061671346,3.7,1
25569,Steele 10 Pnt Nr Sangiacomo,7,12.285714285714286,12.0,1.4960264830861913,2.238095238095238,1
25570,Steele Wines Scarlet Lake Cn,15,10.866666666666667,11.0,1.6846647257229668,2.8380952380952387,1
25572,Vineyards Found 14 Chard Nap,15,11.066666666666666,11.0,1.8695555876298773,3.4952380952380957,1
25573,Louis Latour 12 Bourgogne Ga,12,11.916666666666666,12.0,1.7298624923456323,2.9924242424242427,1
25574,Simmonet-Febvre 12 Bourgogne,9,11.11111111111111,12.0,1.6158932858054431,2.611111111111111,1
25575,Louis Latour 14 St Veran Bla,16,11.3125,11.5,1.778341924377874,3.1625,1
25576,Simmonet-Febvre Cremant de B,10,11.7,12.0,1.766981104093143,3.1222222222222222,1
25577,Parducci 13 True Grit Cab Sv,18,10.777777777777779,11.0,1.6647047275914606,2.771241830065359,1
25578,Parducci 13 True Grit Chard,20,11.45,12.0,1.637552731171861,2.681578947368421,1
25581,BV Coastal Estate Merlot,51,10.215686274509803,10.0,1.9627911298984013,3.8525490196078427,1
25584,Rex Hill Seven Soils Chard,29,11.655172413793103,12.0,1.8760875335382239,3.519704433497536,1
25585,Rex Hill Williamette Pnt Nr,10,11.5,11.5,1.5811388300841898,2.5,1
25586,Rex Hill Williamette Pnt Nr,2,13.0,13.0,0.0,0.0,1
25587,Geyser Peak Znfdl,10,10.3,10.5,1.888562063228706,3.566666666666667,1
25588,High Valley Znfdl,22,10.909090909090908,11.0,2.1136538192269017,4.467532467532467,1
25589,Dalliance Chardonnay,21,10.952380952380953,11.0,2.085094493690645,4.347619047619048,1
25590,Cross Springs Pnt Nr Colusa,24,11.208333333333334,12.0,2.1463653132612386,4.606884057971015,1
25591,Sauska Aszu Essencia,2,13.0,13.0,0.0,0.0,1
25592,Writer's Block 12 Lake Count,5,11.6,12.0,1.1401754250991378,1.2999999999999998,1
25593,Virginia Dare Pnt Nr RRV,1,12.0,12.0,,,1
25594,Virginia Dare Chard Sonoma C,20,11.15,11.5,1.9540780569443943,3.8184210526315794,1
25596,Kettmeir Muller Thurgau Alto,8,10.875,10.5,1.6420805617960927,2.6964285714285716,1
25597,Kettmeir Pnt Grigio Alto Adi,9,11.333333333333334,11.0,2.0,4.0,1
25602,Ramey Cab Svgn Pedregal Vyd,7,11.571428571428571,12.0,1.6183471874253743,2.6190476190476195,1
25603,Verrazzano Chianti Clsc,53,10.981132075471699,11.0,2.052114913165438,4.211175616835994,1
25604,Ramey Annum Cab Svgn Napa,5,11.0,10.0,1.8708286933869707,3.5,1
25605,Frog's Leap Petite Sirah,1,13.0,13.0,,,1
25606,Hoopla Chardonnay,3,12.666666666666666,13.0,0.5773502691896257,0.3333333333333333,1
25607,Liparita Cab Svgv,3,11.666666666666666,13.0,2.3094010767585034,5.333333333333334,1
25608,Artesa Elements Cab Svgn,3,12.333333333333334,13.0,1.1547005383792517,1.3333333333333335,1
25609,Wilson Winery Znfdl,6,12.0,12.0,1.5491933384829668,2.4,1
25614,Bodega Chacra Barda,1,10.0,10.0,,,1
25618,W Hill Est Bench Blend Napa,17,11.058823529411764,10.0,2.1056646289026575,4.433823529411766,1
25621,Forest Glen Cab Svgn Cal,24,11.416666666666666,11.5,1.909169331471644,3.6449275362318843,1
25622,Forest Glen Chard,38,11.657894736842104,12.0,1.8050427230022679,3.258179231863442,1
25623,Forest Glen Merlot Cal,19,11.947368421052632,13.0,1.928548222268252,3.719298245614035,1
25625,Gran Pasas Monastrell,36,11.555555555555555,11.5,1.8889822572628805,3.5682539682539676,1
25628,Marchesi Barolo Gavi de Gavi,2,11.5,11.5,0.7071067811865476,0.5,1
25629,Marchesi Barolo Ruvei B Alba,2,11.0,11.0,1.4142135623730951,2.0,1
25630,Marchesi di Barolo Barb DOCG,4,10.5,11.0,1.7320508075688772,3.0,1
25633,David Girard Vyds Syrah Okei,1,7.0,7.0,,,1
25634,Trader Joe's Petit Rsv Znfdl,1,11.0,11.0,,,1
25637,Browne Family Vyds Cab Svgn,5,10.0,9.0,2.449489742783178,6.0,1
25638,Browne Family Vyds Tribute R,4,10.25,10.5,2.753785273643051,7.583333333333333,1
25640,Picket Fence Cab Svgn Alexan,11,11.545454545454545,11.0,1.9679246105293957,3.8727272727272735,1
25641,Fonseca Guimaraens Port,2,9.0,9.0,2.8284271247461903,8.0,1
25643,Kunde Magnolia Lane Svgn Bl,32,11.5625,12.0,1.8826457018540896,3.5443548387096775,1
25645,Marchesi Di Barolo Zagara Mo,12,11.25,11.0,2.0056737702645644,4.0227272727272725,1
25646,Marchesi Di Barolo Sbirolo N,1,13.0,13.0,,,1
25647,De Loach Russian River Chard,36,11.722222222222221,12.0,1.8915014612148144,3.577777777777778,1
25649,De Loach Chard Cal,52,11.557692307692308,12.0,1.8194317313484742,3.3103318250377067,1
25650,Long Barn Chardonnay,39,10.487179487179487,10.0,1.9983123784016887,3.9932523616734144,1
25651,Long Barn Pnt Nr,2,9.0,9.0,2.8284271247461903,8.0,1
25652,Red Autumn Red,8,10.5,10.5,2.138089935299395,4.571428571428571,1
25653,Ca'Momi Chard Rsv Napa,7,10.857142857142858,11.0,2.6095064302514777,6.80952380952381,1
25656,14 Hands Red Blend Stampede,42,10.666666666666666,11.0,1.9589278633946017,3.8373983739837394,1
25658,Kir-Yianni Akakies Yianakoho,1,9.0,9.0,,,1
25676,NxNW Cab Svgn Columbia Vly,1,9.0,9.0,,,1
25678,Ch Recougne Brdx Superieur,33,11.666666666666666,12.0,1.761864542655498,3.104166666666667,1
25684,Jekel Pnt Nr Monterey,11,11.727272727272727,12.0,1.8488325554743508,3.418181818181818,1
25688,Quinta dos Murcas Rsv Red Al,1,7.0,7.0,,,1
25689,Nisia 13 O V Verdejo Rueda,4,12.0,12.0,1.1547005383792515,1.3333333333333333,1
25690,Cepa 21 Ribera Duero 06 Tnto,8,11.25,11.0,1.6690459207925603,2.7857142857142856,1
25691,Tineta Avante 10 Tinto Fino,8,12.0,12.0,1.7728105208558367,3.142857142857143,1
25692,Carpineto Chianti Castldo 14,15,12.533333333333333,13.0,1.1254628677422756,1.2666666666666668,1
25693,SCV Gold Hills Chard 12,6,11.333333333333334,12.0,2.422120283277993,5.866666666666666,1
25694,Cornerstone Pnt Gris 13 Napa,4,11.25,12.0,2.362907813126304,5.583333333333333,1
25695,Carpineto Molin Vecchio,3,12.333333333333334,13.0,1.1547005383792517,1.3333333333333335,1
25696,Bonny Doon Vin Gris de Cigar,25,11.56,12.0,1.8046236911518887,3.2566666666666673,1
25697,Artesa Cab Svgn Estate Rsv,2,11.5,11.5,3.5355339059327378,12.5,1
25698,Masi Tupungato Corbec,1,13.0,13.0,,,1
25699,Havens Merlot Napa 13,20,11.9,12.0,1.651155894963793,2.7263157894736842,1
25700,Resonance Pnt Nr,2,13.5,13.5,0.7071067811865476,0.5,1
25701,Viberti Barolo Buon Padre,1,10.0,10.0,,,1
25702,Ruca Malen Petit Verdot,1,13.0,13.0,,,1
25703,Murphy-Goode Svgn Bl,51,11.431372549019608,11.0,1.711781551025531,2.9301960784313725,1
25704,Murphy-Goode Chard Sonoma,51,11.470588235294118,12.0,1.75901041698417,3.0941176470588236,1
25705,Cornerstone WV Pnt Nr 11,9,11.555555555555555,12.0,1.9436506316151,3.7777777777777777,1
25706,North by Northwest Rose,17,11.352941176470589,11.0,1.9666334327534272,3.867647058823529,1
25707,Schramsberg Brut Rose,3,10.0,10.0,1.0,1.0,1
25708,Schramsberg Blanc de Blancs,33,11.212121212121213,11.0,1.8499590495058222,3.422348484848485,1
25709,Hallowed Ground Proprtry Red,17,11.529411764705882,11.0,2.182820625326997,4.764705882352941,1
25710,Edna Valley Paragon Pnt Grig,26,11.153846153846153,11.0,1.9119060163576596,3.655384615384615,1
25711,Alexander Vly Vyd Cab Svgn,50,10.62,10.0,1.7715437750557492,3.138367346938775,1
25714,Grgich Hills Cab Svgn Napa,34,11.617647058823529,11.5,1.7924877901169538,3.2130124777183604,1
25715,Grgich Hills Fume Bl Napa,30,11.666666666666666,12.0,1.8257418583505538,3.3333333333333335,1
25716,Grgich Hills Chard Napa,42,11.452380952380953,11.5,1.8105703312786243,3.2781649245063877,1
25718,Penfolds 08 Grange,1,10.0,10.0,,,1
25723,Prophecy Pnt Nr,29,11.03448275862069,11.0,2.0785083700420777,4.320197044334975,1
25724,Storypoint Chardonnay,12,11.25,11.0,2.179449471770337,4.75,1
25725,Prophecy Svgn Bl,35,11.057142857142857,11.0,2.057166199680824,4.231932773109244,1
25726,La Marca Prosecco,10,11.1,10.5,2.2335820757001272,4.988888888888889,1
25727,Chappellet Cab Svgn Pritchrd,3,10.666666666666666,10.0,2.081665999466133,4.333333333333334,1
25728,Chappellet Signature Cab Svg,36,11.444444444444445,11.5,1.8117780445020528,3.2825396825396824,1
25729,Chappellet Mt Cuvee Napa,32,11.71875,12.0,1.8532338779688906,3.434475806451613,1
25730,Chappellet Chard Napa,5,11.4,11.0,2.073644135332772,4.3,1
25731,Sonoma Loeb Chard Sangiacomo,4,10.5,10.5,1.2909944487358056,1.6666666666666667,1
25732,Sonoma Loeb Pnt Nr Dutton Ra,5,10.6,11.0,1.6733200530681511,2.8,1
25733,Regusci Est SLD Merlot,2,9.0,9.0,0.0,0.0,1
25735,Hazana Vinas Viejas Rioja,3,12.0,12.0,1.0,1.0,1
25736,Moulin de Gassac Guilhem Red,7,12.571428571428571,13.0,1.2724180205607036,1.6190476190476193,1
25737,Mas De Daumas Gassac 15 Rose,4,12.5,13.0,1.7320508075688772,3.0,1
25738,Mas De Daumas Gassac Red 13,5,12.2,13.0,2.16794833886788,4.699999999999999,1
25739,Stemmari Pnt Grigio,43,11.790697674418604,12.0,1.8068406988954335,3.2646733111849384,1
25740,Oberon Chardonnay,15,11.6,12.0,1.7237832147426693,2.9714285714285715,1
25741,Cesari Recioto Valpolicella,3,11.666666666666666,12.0,1.5275252316519468,2.3333333333333335,1
25742,Jadot Combe Aux Jacques Bjls,1,8.0,8.0,,,1
25745,Riojana Chard,1,12.0,12.0,,,1
25746,Riojana Malbec,2,12.0,12.0,0.0,0.0,1
25747,Riojana Cab Svgn,5,8.6,8.0,2.4083189157584592,5.8,1
25748,Duca di Salaparuta Paso Mule,4,11.5,12.0,1.7320508075688772,3.0,1
25749,Duca di Salaparuta Platino I,2,10.5,10.5,2.1213203435596424,4.5,1
25750,Moulin Gassac Guilhm Rose 15,8,12.625,13.0,0.9161253813129043,0.8392857142857143,1
25751,Riunite Peach Moscato,1,13.0,13.0,,,1
25753,Barefoot Refresh Summer Red,34,11.088235294117647,11.0,2.1230002649027586,4.5071301247771824,1
25754,Barefoot Refresh Summer Whit,35,11.028571428571428,11.0,2.121122265185472,4.499159663865548,1
25755,Peter Vella Moscato Sangria,2,11.5,11.5,2.1213203435596424,4.5,1
25757,Stonehedge Meritage 13 Napa,15,11.933333333333334,13.0,1.791514389985135,3.20952380952381,1
25758,Angels Landing Svgn Bl,2,9.0,9.0,0.0,0.0,1
25759,Angels Landing Pnt Nr Sonoma,1,9.0,9.0,,,1
25761,Tellus Chardonnay,3,13.0,13.0,1.0,1.0,1
25765,Simi Cab Svgn Alexander Vly,2,11.0,11.0,4.242640687119285,18.0,1
25766,Simi Cab Svgn Alexander Vly,1,8.0,8.0,,,1
25767,Franciscan Est Cab Svgn Napa,2,10.0,10.0,2.8284271247461903,8.0,1
25768,Estancia Rsv Meritage Paso R,1,10.0,10.0,,,1
25769,R Mondavi Winery Cab Svgn Na,1,8.0,8.0,,,1
25770,Franciscan Est Cab Svgn Napa,1,10.0,10.0,,,1
25771,Juve y Camps Sweet Rsva Spar,4,10.0,10.5,2.449489742783178,6.0,1
25773,Anima Negra Quibia,4,10.0,9.0,2.0,4.0,1
25774,Ch Tourril Panatella Red,13,11.846153846153847,13.0,1.7722938923964167,3.141025641025641,1
25776,Canvasback Red Mtn Cab Svgn,5,11.4,11.0,1.51657508881031,2.3,1
25777,Ch Bonnet Red,28,11.928571428571429,12.5,1.7197883467659494,2.9576719576719577,1
25778,Duckhorn Migration Pnt Nr RR,5,10.8,11.0,2.0493901531919194,4.199999999999999,1
25779,Ch Bonnet White Entre-Deux-,1,10.0,10.0,,,1
25781,The Crusher 12 Sugar Beet Rd,1,14.0,14.0,,,1
25785,The White Knight Prosecco,2,12.5,12.5,2.1213203435596424,4.5,1
25789,Ch Pitot Brdx,8,11.25,12.0,2.3145502494313788,5.357142857142857,1
25790,Love Noir Pnt Nr,18,10.61111111111111,10.0,2.004080804079777,4.016339869281046,1
25791,Girasole Pnt Nr,2,8.5,8.5,3.5355339059327378,12.5,1
25792,Girasole Cab Svgn,2,7.0,7.0,1.4142135623730951,2.0,1
25793,Girasole Chard,1,11.0,11.0,,,1
25794,Girasole Hybrid Red,2,8.5,8.5,3.5355339059327378,12.5,1
25796,Grgich Hills Znfdl,23,11.652173913043478,12.0,1.8975749033526956,3.600790513833992,1
25797,GH Mumm Rose,14,10.857142857142858,10.5,1.6574838603294897,2.7472527472527473,1
25798,D. Cohn Cab Svgn Bellacosa,8,10.625,10.5,1.8468119248354136,3.4107142857142856,1
25800,Acacia Winery Chard Carneros,1,13.0,13.0,,,1
25801,Acacia Winery Pnt Nr Carnero,2,11.0,11.0,2.8284271247461903,8.0,1
25802,Dynamite Cab Svgn N Cst,51,10.392156862745098,11.0,1.9806911053725567,3.92313725490196,1
25807,Hoopes Oakville Cab Svgn,9,11.333333333333334,11.0,1.5,2.25,1
25808,Edna Valley Chard,55,11.2,11.0,1.9187187082742176,3.681481481481482,1
25809,Hoopes Napa Cab Svgn,4,12.5,13.0,1.0,1.0,1
25810,La Croix Belle Champ du Coq,6,13.0,13.0,1.0954451150103321,1.2,1
25811,La Croix Belle No 7 Rose 15,2,13.5,13.5,0.7071067811865476,0.5,1
25812,Ch Rombeau Elise 11,5,13.0,13.0,1.224744871391589,1.5,1
25813,Ch Rombeau L'Eleve 13,5,12.6,13.0,2.073644135332772,4.3,1
25814,Ch Albajan Picpoul 15,5,13.2,13.0,0.8366600265340756,0.7,1
25815,Dom Souyris Le Chemin 14,3,13.666666666666666,14.0,0.5773502691896257,0.3333333333333333,1
25816,Les Hauts Calas Chinian 14,3,13.666666666666666,14.0,0.5773502691896257,0.3333333333333333,1
25817,Guigal Chtnf du Pape,23,11.130434782608695,11.0,1.7136974334113455,2.9367588932806328,1
25818,Fitou Rsv 14,5,12.6,13.0,2.073644135332772,4.3,1
25819,Ch de Mattes Corbieres 13,1,14.0,14.0,,,1
25820,La Roche Trouee Red 14,3,13.666666666666666,14.0,0.5773502691896257,0.3333333333333333,1
25827,Angeline Cab Svgn California,31,11.32258064516129,11.0,1.7773969126073772,3.1591397849462366,1
25831,Dry Creek Chenin Blanc Dry,41,10.585365853658537,10.0,1.7316987289378247,2.998780487804878,1
25832,Dry Creek Fume Bl Sonoma,53,10.679245283018869,11.0,1.8268676945237798,3.33744557329463,1
25833,Ch Genins Brdx,6,10.666666666666666,10.5,0.816496580927726,0.6666666666666667,1
25834,Dry Creek Chard Sonoma Cnty,1,11.0,11.0,,,1
25837,Dry Creek Merlot,6,11.833333333333334,12.0,1.1690451944500122,1.3666666666666667,1
25838,Dry Creek Cab Svgn Sonoma,47,10.595744680851064,10.0,1.752756518075421,3.072155411655874,1
25841,Ch La Roseraie Brdx,9,10.11111111111111,10.0,0.9279607271383371,0.8611111111111113,1
25842,Ch Bois du Fil Brdx,1,10.0,10.0,,,1
25843,Ch Bois du Fil Brdx,8,10.125,10.0,0.9910312089651149,0.9821428571428571,1
25844,Ch Chaigneau Brdx,10,10.4,10.0,1.1737877907772671,1.3777777777777775,1
25846,Groth Svgn Bl Napa Valley,51,11.529411764705882,12.0,1.8259566388769541,3.3341176470588234,1
25852,Dom Serene Rose,7,11.142857142857142,11.0,2.0354009783964293,4.142857142857142,1
25853,Purple Heart Red,20,11.5,12.0,1.877848713148555,3.526315789473684,1
25857,Cline Merlot Sonoma Coast,17,11.294117647058824,11.0,1.4901638283404,2.2205882352941173,1
25859,Handsome Devil Cab Svgn,2,9.5,9.5,2.1213203435596424,4.5,1
25863,Locations OR Red,3,9.666666666666666,9.0,1.1547005383792517,1.3333333333333335,1
25866,Le Cirque Rouge,7,11.571428571428571,12.0,2.2253945610567474,4.9523809523809526,1
25867,D Cabirau CdRoussillon Rouge,3,11.666666666666666,12.0,2.5166114784235836,6.333333333333334,1
25868,Comm Bargemone d'Aix Blanc,5,10.0,9.0,2.6457513110645907,7.0,1
25870,Man Svgn Bl,16,10.0625,9.5,2.3514180118955172,5.529166666666667,1
25875,Ruffino Rose Sparkling,35,11.428571428571429,12.0,1.5771477286491564,2.4873949579831933,1
25876,The Dreaming Tree Svgn Bl,35,11.514285714285714,12.0,1.578745379974211,2.492436974789916,1
25877,Ravage Cab Svgn,37,11.432432432432432,12.0,1.6421622017013715,2.696696696696696,1
25879,Firestone Santa Ynez Rsl,16,11.8125,12.0,1.8697147732564272,3.495833333333333,1
25883,Honig Cab Svgn Napa,47,10.74468085106383,11.0,1.8114141137746138,3.281221091581869,1
25886,Storybook Mt Znfdl Mayacamas,3,11.333333333333334,11.0,1.5275252316519468,2.3333333333333335,1
25887,Joel Gott Merlot,16,10.0,9.5,2.0,4.0,1
25888,Neyers Vyd Pnt Nr Roberts Rd,2,12.0,12.0,2.8284271247461903,8.0,1
25890,Lila Rose 4 Pk Cans,1,12.0,12.0,,,1
25891,Lila Pnt Grigio 4 Pk Cans,15,10.733333333333333,11.0,1.3870146083619754,1.9238095238095239,1
25892,Lila Svgn Bl 4 Pk Cans,9,10.555555555555555,11.0,1.3333333333333333,1.7777777777777777,1
25893,MJ Candice Red 13 Roussillon,6,11.833333333333334,13.0,2.6394443859772205,6.966666666666666,1
25894,Deneufbourg White 14,3,13.666666666666666,14.0,0.5773502691896257,0.3333333333333333,1
25895,JeanJean Terrasses Larzac 13,2,13.5,13.5,0.7071067811865476,0.5,1
25896,JeanJean Mas de Lunes 12,4,12.25,13.5,2.8722813232690143,8.25,1
25898,Alexana Willamette Chard,1,13.0,13.0,,,1
25900,La Maldita Garnache Rioja,31,11.870967741935484,12.0,1.8392378037993704,3.382795698924731,1
25901,Cupcake Prosecco,21,10.571428571428571,10.0,1.9123657749350298,3.657142857142857,1
25904,Casal Garcia Sangria,31,11.774193548387096,12.0,1.7646468469990413,3.1139784946236575,1
25905,Miner Svgn Bl Napa,1,13.0,13.0,,,1
25907,Hess Cab Svgn Shirtail Ranch,5,10.6,10.0,1.51657508881031,2.3,1
25909,Merryvale Profile Napa,8,12.375,13.0,1.685018016012207,2.8392857142857144,1
25915,Hogue Cellars Chard Wash,2,13.5,13.5,0.7071067811865476,0.5,1
25917,Hogue Cellars WA Svgn Bl,14,11.285714285714286,11.0,1.5898026693500447,2.5274725274725274,1
25918,Hogue Cellars Rsl Wash,34,11.441176470588236,12.0,1.7441013396778162,3.0418894830659533,1
25919,Hogue Clrs Merlot Wash,4,11.75,11.5,1.707825127659933,2.9166666666666665,1
25926,Outlier Pnt Nr,1,11.0,11.0,,,1
25930,Bieler Pere et Fils Rose,2,10.0,10.0,1.4142135623730951,2.0,1
25932,Gabbiano Chianti Clsc,53,10.660377358490566,11.0,1.709064028894798,2.920899854862119,1
25934,Gabbiano Chianti,53,10.622641509433961,11.0,1.8316282698771231,3.3548621190130636,1
25935,Gabbiano Chianti Clsc RSV,13,10.846153846153847,11.0,2.154303980645638,4.641025641025641,1
25936,Roscato Rose Dolce,12,10.5,10.0,2.6457513110645907,7.0,1
25937,Cavit Select Red Blend,13,10.76923076923077,11.0,2.521700687824461,6.358974358974359,1
25940,Wine Cube Chard,3,10.333333333333334,10.0,0.5773502691896257,0.3333333333333333,1
25941,Wine Cube Cab Svgn,2,12.0,12.0,1.4142135623730951,2.0,1
25958,DarkHorse Rose,15,10.4,10.0,1.7647338933351153,3.1142857142857143,1
25963,Macrostie Carneros Chard,45,11.488888888888889,12.0,1.8043158136965811,3.255555555555556,1
25964,MacRostie Pnt Nr Sonoma Cst,30,11.466666666666667,11.5,1.8332810859848756,3.360919540229885,1
25966,Robert Sinskey Pnt Nr Carner,40,10.875,11.0,1.8836339673824432,3.548076923076923,1
25971,Zuccardi Q Cab Svgn,2,12.0,12.0,1.4142135623730951,2.0,1
25984,C Y Toro Casa Diablo Svgn Bl,46,10.608695652173912,11.0,1.7947857918557697,3.2212560386473426,1
25985,C Y Toro Casa Diablo Merlot,46,10.58695652173913,11.0,1.8687617642174097,3.4922705314009654,1
25988,Infamous Goose Svgn Bl,30,10.8,10.0,1.9546584497482966,3.8206896551724143,1
25989,Antech Limoux Emotion Sprklg,3,12.0,13.0,2.6457513110645907,7.0,1
25990,Antech Limoux Brut,5,12.2,13.0,1.6431676725154982,2.6999999999999997,1
25991,Vista Point Pnt Grigio/Col,7,11.142857142857142,12.0,2.193062655175134,4.809523809523809,1
25992,Murphy-Goode Cab Svgn Cal,53,11.433962264150944,11.0,1.7265955158842787,2.981132075471699,1
25993,Vista Point Merlot,4,11.25,11.0,2.217355782608345,4.916666666666667,1
25994,Rodney Strong Merlot Sonoma,52,11.461538461538462,11.0,1.841371382182083,3.390648567119155,1
25995,Gallo Cafe Znfdl Cal,53,11.30188679245283,11.0,1.8768314712709224,3.5224963715529753,1
25997,Vista Point Chard,7,10.285714285714286,10.0,2.2146697055682827,4.904761904761904,1
26000,Vista Point Cab Svgn,6,11.166666666666666,11.0,2.5625508125043424,6.5666666666666655,1
26003,Notorious Pink Grenache Rose,6,12.166666666666666,12.5,1.8348478592697182,3.366666666666667,1
26006,Clos De L'Obac 05 Priorat,4,12.75,13.0,1.2583057392117916,1.5833333333333333,1
26008,Silver Palm Pnt Nr CC,2,12.5,12.5,0.7071067811865476,0.5,1
26010,Byron Pnt Nr Nielson Vyd SMV,1,11.0,11.0,,,1
26012,Bodega Noemia D Patagonia 13,2,12.5,12.5,0.7071067811865476,0.5,1
26013,Toad Hollow Cab Svgn Lodi,13,11.23076923076923,12.0,1.6908501882113505,2.858974358974359,1
26016,Kuleto Native Son Napa Red,19,11.526315789473685,12.0,1.9823785111334085,3.929824561403509,1
26017,L'Excellence Blanc 2015,3,13.666666666666666,14.0,0.5773502691896257,0.3333333333333333,1
26020,Hirsch Gruner Veltliner,1,7.0,7.0,,,1
26021,Nigl Gruner Veltliner Freiht,2,7.0,7.0,0.0,0.0,1
26024,Ch le Pape Pessac Leo Rouge,3,12.0,12.0,1.0,1.0,1
26025,Ch Cru Godard Cd Brdx Rouge,4,11.0,11.5,2.943920288775949,8.666666666666666,1
26026,Ch Capbern Gasqueton St Este,2,10.5,10.5,2.1213203435596424,4.5,1
26027,Ch Beauchene CdPape Blanc,14,10.357142857142858,10.0,1.864945569720998,3.478021978021978,1
26028,Wines of Substance Cab Svgn,10,10.4,11.0,2.4585451886114362,6.044444444444443,1
26032,Ferrari Carano Prevail,1,12.0,12.0,,,1
26046,Dievole Chianti Classico,1,10.0,10.0,,,1
26047,Tamellini Soave DOC,1,12.0,12.0,,,1
26049,Simonnet-Febvre Bourgogne Br,3,11.0,10.0,2.6457513110645907,7.0,1
26050,Henry Fessy Bjls Vlgs Crus d,1,10.0,10.0,,,1
26051,Ch des Labourons Fleurie Rou,1,10.0,10.0,,,1
26052,Malabalia Canale Barbera D'A,1,9.0,9.0,,,1
26058,Matua Rose Wine,8,9.75,10.0,1.9086270308410553,3.642857142857143,1
26061,Centonze Frappato Rosso Sici,21,11.333333333333334,12.0,1.6227548592850782,2.6333333333333337,1
26062,Torres Garnacha 5G,13,11.307692307692308,12.0,2.250356097177192,5.064102564102564,1
26063,Columbia Crest Red Grand Est,12,10.666666666666666,11.0,2.015094553763188,4.060606060606061,1
26066,Bell'Agio Rosso Dolce,14,10.928571428571429,11.0,1.4917354742965405,2.225274725274725,1
26069,Sartori Bardolino Chiaretto,4,10.75,11.5,1.8929694486000912,3.5833333333333335,1
26075,Intrinsic Cab Svgn,5,10.8,10.0,2.588435821108957,6.699999999999999,1
26076,Earthshaker Svgn Bl/Semillon,3,10.666666666666666,11.0,1.5275252316519468,2.3333333333333335,1
26077,Ninety Cellars Lot 129 Znfdl,1,9.0,9.0,,,1
26078,Locations CA Red,1,9.0,9.0,,,1
26080,Nickel & Nickel Stiling Vyd,2,10.5,10.5,2.1213203435596424,4.5,1
26081,Nickel & Nickel Merlot Harri,1,12.0,12.0,,,1
26082,Casal Garcia Duoro Red,2,10.0,10.0,0.0,0.0,1
26084,Gravel Bar Cab Svgn Columbia,1,10.0,10.0,,,1
26085,Skyfall Cab Svgn,4,10.5,10.0,1.7320508075688772,3.0,1
26087,Ravage Knight Fall Dark Red,18,11.11111111111111,11.5,1.6409785061104063,2.6928104575163405,1
26088,R Mondavi Maestro Red Napa V,27,11.444444444444445,12.0,1.671787006431081,2.794871794871795,1
26089,Pietro Rinaldi di Como Dolce,2,11.0,11.0,1.4142135623730951,2.0,1
26090,Pietro Rinaldi Monpiano Barb,3,10.0,10.0,2.0,4.0,1
26091,Pacific Rim Rsl,52,11.961538461538462,12.0,1.7030714866639578,2.900452488687783,1
26092,Blackstone Merlot Cal,55,11.290909090909091,12.0,1.6961036751235687,2.8767676767676766,1
26093,Pietro Rinaldi Argante Nebbi,2,8.5,8.5,2.1213203435596424,4.5,1
26098,Champy Brut Sonoma Cnty,14,11.428571428571429,11.0,1.8277470669267508,3.3406593406593403,1
26102,Finca El Origen Rsva Malbec,5,11.8,12.0,1.7888543819998317,3.2,1
26104,Spottswoode Cab Svgn Napa,8,10.75,10.5,1.7525491637693282,3.0714285714285716,1
26105,Spottswoode Svgn Bl Napa Vly,7,12.857142857142858,13.0,1.0690449676496976,1.1428571428571428,1
26134,Clos du Bois Znfdl Sonoma,48,11.416666666666666,12.0,1.68640790771559,2.843971631205674,1
26142,Finca Valpiedra Rsv Rioja 08,6,10.333333333333334,10.5,1.3662601021279464,1.8666666666666667,1
26143,R Mondavi Pvt Sel Svgn Bl,45,11.4,12.0,1.6152680610632122,2.609090909090909,1
26145,Finca Montepedroso Verdejo,5,10.2,10.0,1.4832396974191326,2.2,1
26146,Montelvini CabMerlot,1,8.0,8.0,,,1
26153,Paul Dolan Svgn Bl 14 Potter,11,11.545454545454545,12.0,1.507556722888818,2.2727272727272725,1
26156,Pino Pnt Nr Oregon,1,13.0,13.0,,,1
26160,Eagle Glen Cab Svgn Napa Vly,1,14.0,14.0,,,1
26163,Lindemans Cawarra Shiraz/Cab,33,11.545454545454545,11.0,1.8723466073838515,3.5056818181818183,1
26166,Black Stallion Est Svgn B 15,25,10.76,11.0,2.146314670934033,4.6066666666666665,1
26167,KJ Jackson Est Cab Svgn Alex,3,10.666666666666666,11.0,1.5275252316519468,2.3333333333333335,1
26168,KJ Jackson Est Pnt Nr Anders,1,9.0,9.0,,,1
26169,Louis Latour 13 Pnt Nr Bourg,1,14.0,14.0,,,1
26175,Tom Gore Svgn Bl,28,11.607142857142858,12.0,1.52362350055011,2.321428571428571,1
26181,Jaume Serra Cristalino Brut,54,11.407407407407407,11.0,1.8684926678356049,3.4912648497554164,1
26183,Schucks North Cst Chard,1,5.0,5.0,,,1
26186,Binyamina Chard,4,10.75,11.0,1.2583057392117916,1.5833333333333333,1
26187,Binyamina Cab Svgn,6,11.5,11.5,1.6431676725154984,2.7,1
26197,American Thread Pnt Nr,12,10.333333333333334,10.0,2.188122205883115,4.787878787878788,1
26198,Chronic Cellars Pink Pedals,7,10.142857142857142,10.0,1.9518001458970666,3.80952380952381,1
26199,Chronic Cellars Eunice X,5,9.8,9.0,2.16794833886788,4.699999999999999,1
26201,Our Daily Chard,13,10.923076923076923,11.0,1.800996874952798,3.243589743589744,1
26203,Jas Des Vignes 15 Rose,2,11.5,11.5,0.7071067811865476,0.5,1
26204,Dom de La Foret 15 Rose,2,11.5,11.5,0.7071067811865476,0.5,1
26205,Memoires 15 Rose,2,11.5,11.5,0.7071067811865476,0.5,1
26211,Compilation Cab Svgn,3,11.333333333333334,13.0,2.8867513459481287,8.333333333333332,1
26219,Gloria Ferrer Carneros Chard,13,12.76923076923077,13.0,1.2351684199496946,1.5256410256410253,1
26222,Jarvis Cab Svgn Rsv Napa,1,12.0,12.0,,,1
26223,Jarvis Chard Finch Hollow Un,3,11.333333333333334,12.0,1.1547005383792517,1.3333333333333335,1
26224,Jarvis Chard Estate Napa,3,10.666666666666666,11.0,1.5275252316519468,2.3333333333333335,1
26225,Jarvis Cab Svgn Napa,4,11.25,12.0,1.5,2.25,1
26227,Jarvis Lake William Red Napa,2,12.0,12.0,0.0,0.0,1
26233,Varner Chard El Camino,2,11.0,11.0,0.0,0.0,1
26234,Varner Pnt Nr Los Alamos,2,11.0,11.0,0.0,0.0,1
26235,Margaret's Chard,1,11.0,11.0,,,1
26236,Marques de Caceres Rose,51,10.450980392156863,11.0,2.1289783981073747,4.532549019607844,1
26238,Margaret's Cab Svgn,1,11.0,11.0,,,1
26239,Sokol Blosser Rose of Pnt Nr,12,11.166666666666666,11.0,2.0375267241229382,4.151515151515151,1
26240,Pomelo Rose,7,11.428571428571429,11.0,1.7182493859684491,2.9523809523809526,1
26242,La Fleur d'Amelie Brdx Rose,4,10.25,10.5,0.9574271077563381,0.9166666666666666,1
26243,A Proper Pink,5,11.2,11.0,2.04939015319192,4.2,1
26246,Emphasis-Ktima Pavlidis-Syrh,2,8.0,8.0,1.4142135623730951,2.0,1
26247,Roederer Brut Premier,28,11.035714285714286,11.5,2.027261295390498,4.10978835978836,1
26248,Roederer Cristal,37,10.864864864864865,11.0,1.8282074122873317,3.342342342342342,1
26250,Roederer Est Brut,54,10.796296296296296,11.0,1.8971640168363082,3.599231306778476,1
26253,Harlaftis Chard,2,10.5,10.5,4.949747468305833,24.5,1
26254,Kalogeri Papagiannakos Cab S,2,10.5,10.5,4.949747468305833,24.5,1
26255,Pofyros-Spiropooulos,1,7.0,7.0,,,1
26256,Ornellaia Poggio Alle Gaz 14,1,11.0,11.0,,,1
26257,Luce Brunello Montalcino 11,1,11.0,11.0,,,1
26258,Ornellaia Bolgheri 13,1,11.0,11.0,,,1
26259,CastelGiocondo 11 Brun Montl,1,11.0,11.0,,,1
26260,Luce Della Vite Toscana,1,11.0,11.0,,,1
26266,The Divining Rod Pinot Noir,1,12.0,12.0,,,1
26268,Tasca Grillo Cavallo DOC,16,11.0,12.0,1.7888543819998317,3.2,1
26269,Dom Anderson Chard,1,12.0,12.0,,,1
26273,Field Stone Cab Svgn Alexand,2,11.5,11.5,0.7071067811865476,0.5,1
26274,Finca Alcayate Malbec 14,3,12.666666666666666,13.0,0.5773502691896257,0.3333333333333333,1
26275,Fathom Merlot 13,14,12.142857142857142,12.5,1.4064216928154862,1.9780219780219777,1
26277,Popcorn Chard,11,11.090909090909092,11.0,1.6403990645294488,2.690909090909091,1
26278,Freixenet Cordon Negro,2,9.5,9.5,0.7071067811865476,0.5,1
26280,Chalone Estate Grown Chard,22,11.545454545454545,11.5,2.0639138208123566,4.25974025974026,1
26281,Guigal Gigondas,4,11.0,11.0,0.816496580927726,0.6666666666666666,1
26283,Benton-Lane Est Pnt Nr Willm,3,12.333333333333334,12.0,0.5773502691896257,0.3333333333333333,1
26285,Moet & Chandon Imperial,53,10.660377358490566,11.0,1.9008439039462999,3.6132075471698104,1
26287,DeWetshof Bon Vallon Chard,1,11.0,11.0,,,1
26288,Spy Valley Rose,6,10.666666666666666,11.0,1.3662601021279464,1.8666666666666665,1
26290,Pratsch Organic Rose,11,9.363636363636363,10.0,1.6292775867068983,2.6545454545454543,1
26291,1000 Stories Znfdl,11,11.545454545454545,12.0,1.9679246105293955,3.8727272727272726,1
26298,Mont Gravet Rose,2,10.5,10.5,0.7071067811865476,0.5,1
26299,Excelsior Svgn Bl,19,11.578947368421053,11.0,1.464991068371871,2.146198830409356,1
26300,Brooks Rsl Willamette,1,11.0,11.0,,,1
26302,Brooks Janus Pnt Nr,3,9.666666666666666,11.0,2.3094010767585034,5.333333333333334,1
26303,Brooks Pnt Nr Willamette,2,10.5,10.5,0.7071067811865476,0.5,1
26304,Brooks Runaway Red,1,7.0,7.0,,,1
26314,OTWC Pnt Nr Willamete Vly,1,11.0,11.0,,,1
26315,Primarius Pnt Nr,2,11.5,11.5,0.7071067811865476,0.5,1
26316,Fish House Svgn Bl,2,12.5,12.5,2.1213203435596424,4.5,1
26317,House Wine Chard,30,10.9,10.5,1.953776184548871,3.817241379310344,1
26318,House Wine Cab Svgn,34,10.558823529411764,10.0,2.134722698201682,4.557040998217468,1
26319,Steak House Cab Svgn,18,10.555555555555555,10.0,2.006525302818201,4.026143790849673,1
26320,Ghost Block Cab Svgn Sngl Vy,2,11.0,11.0,4.242640687119285,18.0,1
26324,Elizabeth Rose Pnt Nr,1,9.0,9.0,,,1
26327,Cellier des Dauphines CdR,1,12.0,12.0,,,1
26328,Cristom Vyds Viognier Estate,1,13.0,13.0,,,1
26329,Cristom Pnt Nr Sommers Rsv,2,11.0,11.0,2.8284271247461903,8.0,1
26330,Cristom Pnt Nr Mt Jeffrson C,25,11.68,12.0,1.908751773629388,3.643333333333334,1
26331,Cristom Estate Pnt Gr Eola A,1,13.0,13.0,,,1
26335,Beran Znfdl Sonoma Cty,4,9.25,9.0,0.5,0.25,1
26336,Canella Rose Brut,2,10.5,10.5,0.7071067811865476,0.5,1
26339,Ch Castel Maures 15 Rose Cuv,8,10.875,11.0,2.100170061141308,4.410714285714286,1
26340,Avancia 15 Cuvee De O Rose M,7,11.142857142857142,11.0,1.3451854182690985,1.8095238095238095,1
26341,Balletto 15 Rose Pnt Nr RRV,9,10.88888888888889,10.0,1.7638342073763935,3.1111111111111107,1
26342,Ch Vincens 15 L'Instant M Rs,5,12.4,13.0,1.3416407864998738,1.7999999999999998,1
26344,A to Z Rsl,3,13.0,13.0,0.0,0.0,1
26345,A to Z Rose,4,13.25,13.0,0.5,0.25,1
26347,Charles & Charles Riesling,2,11.0,11.0,0.0,0.0,1
26348,Walt Pnt Nr Shea Vineyard,3,9.333333333333334,9.0,0.5773502691896257,0.3333333333333333,1
26349,Walt Gap's Crown Pnt Nr,1,9.0,9.0,,,1
26351,Cella Lambrusco,1,10.0,10.0,,,1
26352,Armas de Guerra Rosado Mncia,16,10.625,10.5,1.927865832122834,3.716666666666667,1
26353,Lago Rose,14,10.785714285714286,11.0,1.847183778644646,3.4120879120879124,1
26354,Le Cengle CdProvence Rose,5,11.4,11.0,1.6733200530681511,2.8,1
26355,Bleu de Mer Rose,11,10.272727272727273,10.0,2.572582713574399,6.618181818181817,1
26356,Le Val Grenache Rose,11,10.181818181818182,9.0,1.9400093720485896,3.7636363636363632,1
26357,Storypoint Cab Svgn,18,10.88888888888889,10.5,2.1112831027290677,4.457516339869279,1
26358,Prophecy Pnt Grigio,14,11.0,11.0,2.1838568563966754,4.769230769230769,1
26359,Fizz 56 Sparkling Red,11,11.272727272727273,11.0,1.8488325554743508,3.418181818181818,1
26361,Prophecy Red Blend,15,11.533333333333333,12.0,2.2635833370586393,5.123809523809525,1
26363,E&J Gallo Vyds Sweet Peach,1,9.0,9.0,,,1
26372,Anselmi San Vincenzo,6,11.166666666666666,11.0,2.228601953392904,4.966666666666667,1
26374,Orin Swift Papillon Red,13,11.538461538461538,11.0,1.6132464481796023,2.602564102564102,1
26376,Orin Swift Palmero Cab Svgn,5,10.6,10.0,1.816590212458495,3.3,1
26377,Orin Swift D66 Grenache Cata,7,11.0,10.0,1.632993161855452,2.6666666666666665,1
26378,Orin Swift Fragile Rose VDP,7,10.428571428571429,10.0,1.511857892036909,2.285714285714286,1
26379,Orin Swift Machete Red,11,11.545454545454545,12.0,1.507556722888818,2.2727272727272725,1
26380,Orin Swift Abstract Red,9,11.222222222222221,11.0,1.6414763002993507,2.694444444444444,1
26381,Orin Swift Mannequin Chard,3,12.666666666666666,13.0,0.5773502691896257,0.3333333333333333,1
26382,Gordo Monastrell & Cab Svgn,5,10.8,11.0,1.4832396974191324,2.1999999999999997,1
26383,Buehler Chard RRV,46,11.5,11.0,1.798147194568157,3.2333333333333334,1
26388,Ch Puybarbe Cd Bourg Merlot,1,10.0,10.0,,,1
26390,Pepperwood Grove Cab Svgn,41,11.414634146341463,11.0,1.5487996926022674,2.3987804878048777,1
26391,Pepperwood Grove Chard,37,11.324324324324325,11.0,1.6841426116384375,2.8363363363363367,1
26392,Pepperwood Grove Pnt Nr,45,11.488888888888889,11.0,1.6042871855554333,2.5737373737373734,1
26394,Trapiche Cab Svgn,3,9.666666666666666,9.0,2.081665999466133,4.333333333333334,1
26395,Trapiche Cab Svgn Oak Cask,53,10.962264150943396,11.0,1.8288527735561373,3.3447024673439762,1
26396,Trapiche Chard,20,10.95,10.5,1.932410548076104,3.7342105263157888,1
26398,Trapiche Malbec,4,11.5,11.5,2.3804761428476167,5.666666666666667,1
26399,Trapiche Malbec Mendoza Oak,54,10.907407407407407,11.0,1.8558273191314598,3.444095038434661,1
26402,Franciscan Est Rsv Merlot NV,1,11.0,11.0,,,1
26403,Mouton Cadet Ryder Cup Red B,14,11.5,11.5,1.3445044840729643,1.8076923076923077,1
26404,Wild Horse Cheval Sauvage Ch,1,10.0,10.0,,,1
26405,Simi Dry Rose Sonoma Cnty,2,14.0,14.0,0.0,0.0,1
26419,Roscato Rosso,29,10.724137931034482,10.0,2.1859380419290733,4.77832512315271,1
26420,Villa Russiz Pnt Grigio,2,11.0,11.0,2.8284271247461903,8.0,1
26421,Villa Russiz Les Enfants Bia,3,10.333333333333334,9.0,2.3094010767585034,5.333333333333334,1
26422,Royal Tokaji Szt Tamas,1,13.0,13.0,,,1
26423,Arnaldo Caprai Grecante Grec,1,13.0,13.0,,,1
26426,Pommery Brut Royale,46,9.76086956521739,10.0,1.7020873800352796,2.897101449275362,1
26427,Latour Pouilly Fuisse,53,11.358490566037736,11.0,1.7219660009893152,2.9651669085631345,1
26428,Latour Macon Village Chamery,51,11.607843137254902,12.0,1.6134240778239182,2.6031372549019607,1
26429,Bollinger Brut Special Cuve,35,11.542857142857143,11.0,1.8042899392486644,3.2554621848739496,1
26430,Contos de Valpiedra Rioja,1,10.0,10.0,,,1
26431,Harken Chard,23,10.826086956521738,11.0,2.0147676137831394,4.059288537549406,1
26434,Ch Gassier Pas du Moine Vict,7,11.0,10.0,1.9148542155126762,3.6666666666666665,1
26435,Savory & James Fino Sherry,7,10.0,9.0,2.449489742783178,6.0,1
26436,Savory & James Amontillado,20,9.2,9.0,1.7044832524535807,2.9052631578947365,1
26437,Ch le Borderon Haut-Medoc,6,11.166666666666666,11.0,2.1369760566432805,4.5666666666666655,1
26439,Chene Bleu Rose,1,13.0,13.0,,,1
26442,Fortant Heritage Lang Rouge,12,11.166666666666666,11.5,1.9462473604038073,3.7878787878787876,1
26443,Latour Grand Ardeche Chard,25,11.72,12.0,1.5416441439796236,2.3766666666666665,1
26445,F Boschendal Rose Garden,6,10.833333333333334,11.0,1.1690451944500122,1.3666666666666667,1
26450,Pere Anselme CDR Rose,7,11.857142857142858,12.0,1.9518001458970664,3.8095238095238098,1
26454,Luxury Edition Prosecco,8,10.375,10.0,2.2638462845343543,5.125,1
26456,Ravenswood Vntnrs Blnd Chard,47,11.25531914893617,12.0,1.6611688538938738,2.759481961147086,1
26457,Luxury Edition Pnt Nr Rose S,6,9.833333333333334,10.0,1.7224014243685082,2.966666666666666,1
26458,Groppello CaMaiol Red,1,9.0,9.0,,,1
26460,Golan Heights Yarden Cab Svg,7,11.0,11.0,1.5275252316519468,2.3333333333333335,1
26461,Golan Heights Yarden Chard,6,10.333333333333334,10.5,1.2110601416389968,1.4666666666666668,1
26462,Ravenswood Znfdl Sonoma,47,11.212765957446809,11.0,1.627697362811302,2.6493987049028678,1
26463,Ravenswood Vints Blend Znfdl,55,11.290909090909091,12.0,1.6961036751235687,2.8767676767676766,1
26464,Golan Heights Yarden Svgn Bl,17,11.058823529411764,11.0,1.9833868834425028,3.9338235294117645,1
26473,Ch Moulin Canon Fronsac,1,9.0,9.0,,,1
26478,Neveu Sancerre Cd Embouffant,3,10.333333333333334,10.0,1.5275252316519468,2.3333333333333335,1
26479,Ch Haut Lariveau Fronsac,1,9.0,9.0,,,1
26484,Apaltagua Rose Carmenere,9,11.333333333333334,11.0,2.1213203435596424,4.5,1
26485,Vivanco Rose,3,12.666666666666666,13.0,0.5773502691896257,0.3333333333333333,1
26490,Ch Beaulieu Rose Cote d Prov,3,12.333333333333334,13.0,1.1547005383792517,1.3333333333333335,1
26491,Ch Paradis Rose Cotes D Prov,6,12.166666666666666,12.5,1.9407902170679516,3.766666666666667,1
26492,Chene Bleu Rose,9,10.88888888888889,10.0,2.1473497877875207,4.611111111111111,1
26493,Mas la Chevaliere Rose,2,12.0,12.0,1.4142135623730951,2.0,1
26495,Buglioni Disperato Bianco,4,10.25,9.5,1.8929694486000912,3.5833333333333335,1
26496,Gosset Excellence Brut,1,13.0,13.0,,,1
26497,Ch Ste Michelle Canoe Rdg Me,22,11.227272727272727,11.0,1.8754508837386328,3.5173160173160185,1
26498,Gosset Grand Rose Brut,1,13.0,13.0,,,1
26499,Ch Gassier Espirit CdProvenc,9,10.777777777777779,10.0,1.9860625479688307,3.944444444444444,1
26500,Clau de Nell Anjou Cab Franc,1,13.0,13.0,,,1
26501,Rodney Strong Knotty Vn Znfl,29,11.586206896551724,11.0,1.8423052597088083,3.3940886699507393,1
26502,Laroche Chablis St Martin,1,11.0,11.0,,,1
26503,Leflaive Macon Verze,7,11.857142857142858,13.0,1.8644544714716087,3.476190476190476,1
26508,Ch Maycott Red,1,8.0,8.0,,,1
26510,Castorani Rose Ceraslo D'Abr,2,11.5,11.5,0.7071067811865476,0.5,1
26514,Villa Jolanda Prosecco,16,11.3125,11.0,1.9568256607747831,3.8291666666666666,1
26515,West Side Wine Co Cab Svgn,3,10.0,11.0,2.6457513110645907,7.0,1
26516,West Side Wine Co Chard,3,9.333333333333334,10.0,2.0816659994661326,4.333333333333333,1
26517,Altocedro Finca Tanos Malbec,10,10.6,10.0,1.3498971154211057,1.822222222222222,1
26518,Solimar Vinho Verde Branco,15,11.0,11.0,1.6903085094570331,2.857142857142857,1
26520,Albert I Noya Xarello Clsc,5,10.0,9.0,2.0,4.0,1
26521,Astraly Touraine Nobel Rose,1,8.0,8.0,,,1
26530,Corbett Canyon Merlot,53,10.943396226415095,11.0,1.8440663088739373,3.400580551523947,1
26534,Lazzaroni Dry Marsala,29,10.03448275862069,10.0,1.5694120514358612,2.463054187192118,1
26535,Lazzaroni Sweet Marsala,30,9.966666666666667,10.0,1.6501480254047292,2.722988505747127,1
26538,Gruet Sauvage Bl de Bl,17,9.764705882352942,10.0,1.7863864281247313,3.1911764705882355,1
26539,Regnard Macon Lugny Chard,1,12.0,12.0,,,1
26551,C R Clrs Fortissimo Red,53,10.81132075471698,11.0,1.9120730169271667,3.6560232220609574,1
26557,King Est Pnt Gris Ore,53,11.452830188679245,11.0,1.8560300658192377,3.444847605224964,1
26558,King Est Pnt Nr Ore,39,11.435897435897436,12.0,1.8179640404479056,3.304993252361674,1
26560,Castello di Bossi Chianti Cl,16,11.3125,12.0,1.6620770138594663,2.7625,1
26561,Zardetto Private Cuvee Glara,2,12.5,12.5,0.7071067811865476,0.5,1
26562,Zardetto Private Cuvee Glara,1,12.0,12.0,,,1
26567,Ninety+Cellars Lot 130 Chard,1,9.0,9.0,,,1
26568,Ninety+Cellars Lot 131 PN RV,1,9.0,9.0,,,1
26569,Ninety+Cellars Lot 132 Rose,2,10.0,10.0,1.4142135623730951,2.0,1
26570,Schlosskellerei Gobelsbrg Rs,2,12.5,12.5,2.1213203435596424,4.5,1
26571,Juniper Estate Cab Svgn,5,12.6,13.0,1.1401754250991378,1.2999999999999998,1
26575,Dr Tanisch Feinherb Rsl,2,9.0,9.0,2.8284271247461903,8.0,1
26580,Sullivan Toile Cab Svgn Napa,19,11.789473684210526,12.0,1.6186052764450238,2.6198830409356724,1
26583,Billecart-Salmon Brut 02 N F,5,11.0,11.0,1.5811388300841898,2.5,1
26586,Elk Cove Goodrich Pnt Nr,1,10.0,10.0,,,1
26591,Ninety+Cellars Lot 50 Prosec,5,10.0,9.0,1.8708286933869707,3.5,1
26592,Broadside Margarita 13 Cab S,3,10.333333333333334,11.0,1.1547005383792517,1.3333333333333335,1
26594,Felton Road Pnt Nr Calvert,3,11.0,12.0,1.7320508075688772,3.0,1
26596,Felton Road Chard Bannockbrn,3,11.0,12.0,1.7320508075688772,3.0,1
26606,Loredona Moscato Monterey,17,11.647058823529411,12.0,1.9981609191512903,3.9926470588235294,1
26611,Pull Eighty Pnt Nr,2,8.0,8.0,2.8284271247461903,8.0,1
26615,Turning Leaf RSV Cab Svgn,14,10.857142857142858,10.5,2.248320496491783,5.0549450549450565,1
26617,Brousko Dry Red,1,9.0,9.0,,,1
26620,Dom Paul Cherrier Sanc Rose,1,12.0,12.0,,,1
26621,Ghostwriter Cab Svgn Bates,1,7.0,7.0,,,1
26623,Marchesi Bassini Sangiovese,3,8.333333333333334,8.0,1.5275252316519468,2.3333333333333335,1
26624,Marchesi Bassini Chianti Rsv,3,9.0,10.0,1.7320508075688772,3.0,1
26625,Maz Caz Rose,5,9.2,10.0,2.16794833886788,4.7,1
26626,Maz Caz Rouge,2,5.5,5.5,2.1213203435596424,4.5,1
26627,Maz Caz Blanc,4,8.5,7.5,2.3804761428476167,5.666666666666667,1
26629,Nexo Rioja,1,8.0,8.0,,,1
26631,Vignaioli Casdoni Barolo,1,11.0,11.0,,,1
26632,R Mondavi Pvt Sel Znfdl,31,11.516129032258064,12.0,1.7101845464147132,2.9247311827956985,1
26645,Darting Rsl Kab,1,14.0,14.0,,,1
26646,Guenoc Petite Sirah N Cst,32,11.40625,11.5,1.9152928690394972,3.6683467741935485,1
26652,Arrowood Sonoma Est Cab Svgn,8,11.875,12.5,1.9594095320493148,3.8392857142857144,1
26654,CP Vini Salice Salentino Rsv,1,8.0,8.0,,,1
26655,Castignano Marche Sangiovese,1,7.0,7.0,,,1
26663,Benziger Pnt Nr Sonoma,6,11.0,11.5,1.7888543819998317,3.2,1
26666,C K Mondavi Merlot,1,12.0,12.0,,,1
26670,Gerard Bertrand Kosmos Rouge,2,11.5,11.5,3.5355339059327378,12.5,1
26671,Catena Zapata 3pk 09-10-11 R,1,10.0,10.0,,,1
26672,Tridente Tempranillo Castila,17,10.882352941176471,11.0,1.9326909006996071,3.7352941176470584,1
26673,Honoro Vera Jumilla Rose,1,11.0,11.0,,,1
26674,Lady Lola Pnt Grigio Del Ven,1,11.0,11.0,,,1
26677,Feudi D San Gregorio Serpico,13,11.692307692307692,12.0,1.7974340685458343,3.2307692307692313,1
26678,Fontanafredda Barolo Serralu,12,10.666666666666666,10.5,2.059714602177749,4.242424242424243,1
26679,Mazzel Castello Fonterutoli,5,10.8,11.0,1.9235384061671346,3.7,1
26680,S A Prum Luminance Rsl Mosel,9,10.88888888888889,11.0,2.0275875100994063,4.111111111111111,1
26681,Villa Novare Valpol Ripasso,4,10.75,10.5,1.707825127659933,2.9166666666666665,1
26682,Feudi d San Gregorio Patrimo,7,10.571428571428571,10.0,2.29906813420444,5.285714285714286,1
26683,Heritance Svgn Bl,13,10.692307692307692,10.0,1.887883090687176,3.564102564102564,1
26684,Mark West Pnt Grigio CA,24,11.416666666666666,12.0,1.5580552724098262,2.4275362318840576,1
26685,Ch Fuisse Pouilly Le Clos 14,1,14.0,14.0,,,1
26686,Dom Faiveley Chamber 14 Beze,1,10.0,10.0,,,1
26687,Dom Faiveley Nuits Porets 14,1,10.0,10.0,,,1
26688,Dom Faiveley 14 St George AC,1,14.0,14.0,,,1
26689,Faiveley Gevrey Chmbtn AC 14,1,14.0,14.0,,,1
26690,Dom Faiveley Mercry Rouge 14,4,11.75,12.0,1.5,2.25,1
26691,Dom Faiveley Corton-Charl 14,1,14.0,14.0,,,1
26692,Faiveley Meursault  4 Blagny,1,14.0,14.0,,,1
26693,Dom Billaud Simon Chablis 14,3,12.0,13.0,1.7320508075688772,3.0,1
26694,Dom Ch Moreau Chablis 14 Cls,1,14.0,14.0,,,1
26695,Dom Ch Moreau Chablis 14 Val,1,10.0,10.0,,,1
26696,O Leflaive Rully 14 Le Cloux,2,13.0,13.0,1.4142135623730951,2.0,1
26697,O Leflaive Ch-Mnt 14 St Marc,1,14.0,14.0,,,1
26699,JJ Vincent Bourgogne Blnc 14,3,12.0,13.0,1.7320508075688772,3.0,1
26701,O Leflaive Bourgne Setill 14,4,11.75,12.0,1.5,2.25,1
26702,Niner Wine Est Red Paso Robl,1,12.0,12.0,,,1
26704,Summers Calistoga Cab Svgn N,1,11.0,11.0,,,1
26705,Mazzei Castello Font Gr Slzn,1,10.0,10.0,,,1
26706,Feudi Di San Gregorio Tauras,1,10.0,10.0,,,1
26707,Faustino Gr Rsva Rioja,7,10.142857142857142,10.0,1.6761634196950514,2.809523809523809,1
26708,Monte del Fra Amarone Valpol,4,10.25,9.0,2.5,6.25,1
26709,Fontanafredda Arneis Langhe,4,11.0,10.5,1.4142135623730951,2.0,1
26710,Feudi Di San Gregorio Fiano,9,10.777777777777779,11.0,1.3944333775567925,1.9444444444444444,1
26713,Victor Hugo Les Mis Rose,2,10.0,10.0,1.4142135623730951,2.0,1
26716,Arpa Brunello di Montalcino,9,10.777777777777779,11.0,1.855921454276674,3.444444444444444,1
26717,Arpa Pnt Grigio,10,10.3,10.0,2.1628170930011112,4.677777777777778,1
26728,Santi Infinito Rose 14,2,12.0,12.0,1.4142135623730951,2.0,1
26729,Hecht & Bannier Cotes du Rou,2,12.0,12.0,1.4142135623730951,2.0,1
26730,Hecht & Bannier Langudc Rose,5,12.8,13.0,1.3038404810405297,1.7000000000000002,1
26732,Bonterra Cab Svgn Organic,54,11.833333333333334,12.0,1.7988465906251634,3.235849056603774,1
26735,It's a Headsnapper Prosecco,1,11.0,11.0,,,1
26739,Chalk Hill Chard RRV,29,11.344827586206897,11.0,1.7983298217466255,3.23399014778325,1
26740,Carpineto Rosso Toscano,1,13.0,13.0,,,1
26742,Bridlewood Viognier,12,10.833333333333334,10.5,2.0375267241229382,4.151515151515151,1
26744,Santa Lucia Sangvs Monte Ant,52,11.557692307692308,12.0,1.8194317313484745,3.310331825037707,1
26750,Baron de Seillac Brut Rose,2,6.0,6.0,4.242640687119285,18.0,1
26754,Dom Faiveley Mercurey 14 Bl,11,11.090909090909092,11.0,1.4459976109624426,2.0909090909090913,1
26755,Franzia Chianti Tap,53,10.924528301886792,11.0,1.8692764602274652,3.494194484760522,1
26756,A Innocenti Nonni Cab Svgn,5,11.4,12.0,1.3416407864998738,1.8,1
26760,Maal Biutifil Malbec,1,12.0,12.0,,,1
26762,Chalk Hill Pnt Nr Sonoma Cst,15,11.6,11.0,2.0632844828435215,4.257142857142857,1
26763,Marcarini Nebb Langhe Lasarn,1,12.0,12.0,,,1
26764,Kay Brothers Hillside Shiraz,1,9.0,9.0,,,1
26766,Neyers Vineyard Left Bank Rd,1,14.0,14.0,,,1
26767,Elk Cove Clay Court Pnt Nr,1,9.0,9.0,,,1
26768,Fire & Flood The Fire Pnt Nr,7,11.857142857142858,13.0,2.410295378065479,5.80952380952381,1
26769,Fire & Flood The Flood Pnt N,6,11.5,11.5,2.4289915602982237,5.9,1
26770,Cignale Colli Toscana Cntrl,1,12.0,12.0,,,1
26771,Conterno Fantino Rosso Langh,1,12.0,12.0,,,1
26772,Einaudi Barolo Terlo,1,12.0,12.0,,,1
26774,El Coto Blanco Rioja,25,11.36,11.0,1.7530925056406275,3.0733333333333337,1
26779,Stonehedge Cab Svgn Cal,37,12.027027027027026,13.0,1.73983534480336,3.0270270270270268,1
26781,Mer Soliel Reserve Chard SB,2,10.0,10.0,0.0,0.0,1
26787,Moet & Chandon Imperial,52,10.692307692307692,11.0,1.8946618668626838,3.58974358974359,1
26802,L Aubry Fils Rose Brut 1 Cru,1,14.0,14.0,,,1
26803,Gaston Chiquet Special Club,2,11.5,11.5,3.5355339059327378,12.5,1
26804,L Aubry Fils Brut 1er Cru,1,14.0,14.0,,,1
26811,Canyon Rd Merlot Cal,37,11.324324324324325,12.0,1.9586567683839697,3.836336336336336,1
26812,Louis Latour 14 Beaune Bl AC,1,9.0,9.0,,,1
26813,Simonnet-Febvre 14 Chablis,1,9.0,9.0,,,1
26814,Simonnet-Febvre 14 Chablis,1,9.0,9.0,,,1
26815,Louis Latour 14 Chass-Mont B,1,9.0,9.0,,,1
26816,Louis Latour 12 Beaune Vigne,1,9.0,9.0,,,1
26817,Ravenswood Vntrs Blnd Merlot,53,11.30188679245283,12.0,1.6241554688322146,2.6378809869375908,1
26818,Ravenswood Znfdl Napa,42,11.523809523809524,12.0,1.5179912149573107,2.3042973286875723,1
26820,Teruzzi Vernaccia Terre Tufi,6,11.666666666666666,12.5,2.250925735484551,5.066666666666666,1
26821,Estancia Merlot Central Cst,53,11.358490566037736,12.0,1.6881298211863092,2.84978229317852,1
26826,Pellegrino Marsala Sweet,6,11.166666666666666,11.0,2.228601953392904,4.966666666666667,1
26827,Cavit Merlot Trentino,55,10.909090909090908,11.0,2.0482397797343443,4.195286195286195,1
26833,Clemento VII Toscano,15,10.533333333333333,11.0,2.0655911179772892,4.2666666666666675,1
26834,Melsheimer Handwerk Mosel Rs,11,11.727272727272727,12.0,1.618079669911781,2.618181818181818,1
26835,Lagler Gr Velt Smaragd Stein,3,11.666666666666666,13.0,2.3094010767585034,5.333333333333334,1
26836,Lagler Rsl Smaragd Elmerberg,4,11.25,11.5,2.0615528128088303,4.25,1
26837,Landhaus Mayer Zweig Burgenl,8,11.125,10.5,2.03100960115899,4.125,1
26838,St Hilaire Cr de Limoux Rose,2,11.5,11.5,2.1213203435596424,4.5,1
26839,Bon Affair Svgn Bl Spritzer,1,9.0,9.0,,,1
26840,Josh Cellars Cab Svgn Paso R,7,11.142857142857142,11.0,1.7728105208558367,3.142857142857143,1
26842,Pierre Angulaire Brdx Blanc,5,9.4,10.0,1.9493588689617927,3.8,1
26844,Blue Current Junmai Ginjo,6,11.166666666666666,11.5,1.9407902170679516,3.766666666666667,1
26845,Stillman St Chard,1,10.0,10.0,,,1
26846,Josh Cellars Craftsman Chard,3,11.333333333333334,10.0,2.3094010767585034,5.333333333333334,1
26847,Josh Cellars Craftsman Cab S,12,11.5,11.5,2.0670576365276494,4.2727272727272725,1
26848,Speri Amarone Del Valpoicela,1,12.0,12.0,,,1
26849,Seven Daughters Pnt Nr 4 Pk,5,11.0,11.0,2.1213203435596424,4.5,1
26850,Seven Daughters Moscato 4 Pk,6,10.5,10.0,1.6431676725154984,2.7,1
26851,Eric Kent Stiling Vyd Pnt Nr,4,11.75,12.0,1.2583057392117916,1.5833333333333333,1
26852,Eric Kent Sascha Marie Pnt N,3,11.333333333333334,12.0,2.081665999466133,4.333333333333334,1
26853,Eric Kent Cuvee Renee Svgn B,3,12.666666666666666,13.0,0.5773502691896257,0.3333333333333333,1
26854,Eric Kent Green Acres Chard,3,11.666666666666666,12.0,1.5275252316519468,2.3333333333333335,1
26860,Lagar Da Condesa Albarino,2,12.0,12.0,1.4142135623730951,2.0,1
26861,Camigiliano Brunello Di Mont,2,12.0,12.0,1.4142135623730951,2.0,1
26862,La Quintinye Rouge Vermouth,2,12.0,12.0,1.4142135623730951,2.0,1
26864,La Quintinye Blanc Vermouth,2,12.0,12.0,1.4142135623730951,2.0,1
26865,Thunevin Calvet Constance Bl,2,9.5,9.5,0.7071067811865476,0.5,1
26866,Thunevin Calvet L'Amourette,2,11.5,11.5,3.5355339059327378,12.5,1
26867,Roger Didier Raimbault Sance,4,11.5,11.5,2.886751345948129,8.333333333333334,1
26868,Olivier Chanzy Nuits St Geor,3,12.333333333333334,14.0,2.8867513459481287,8.333333333333332,1
26869,Olivier Chanzy Les Morgeots,3,10.333333333333334,10.0,1.5275252316519468,2.3333333333333335,1
26870,Olivier Chanzy Meursault,5,11.4,10.0,2.4083189157584592,5.8,1
26871,Dom Dionysos Charline CdR Bl,5,12.8,14.0,2.16794833886788,4.699999999999999,1
26872,Dom Fond Croze Serre CdR Bl,2,12.0,12.0,2.8284271247461903,8.0,1
26876,Pol Roger Brut Vintage,4,10.75,11.0,1.5,2.25,1
26877,Argentiera Poggio Ginerpi Bo,1,7.0,7.0,,,1
26882,Trinchero BRV Cab Svgn Napa,1,10.0,10.0,,,1
26883,DBR Legende Brdx Rouge,10,11.0,11.0,1.5634719199411433,2.4444444444444446,1
26885,Jolivet Sancerre,50,10.94,11.0,1.7660055238317014,3.118775510204082,1
26886,Jolivet Pouilly Fume Pascal,4,12.0,12.0,1.632993161855452,2.6666666666666665,1
26889,Jaboulet Crozes Hermitage L,6,11.666666666666666,11.5,1.3662601021279464,1.8666666666666665,2
26890,Davis Bynum River West Chard,6,11.0,11.0,1.5491933384829668,2.4,1
26891,Predator Cab Svgn,19,11.842105263157896,12.0,2.0886773564663366,4.362573099415204,1
26892,Leyda Pnt Nr Leyda Vly,17,11.294117647058824,11.0,1.4476146708617308,2.0955882352941173,1
26896,19 Crimes Warden Red,3,10.666666666666666,11.0,2.5166114784235836,6.333333333333334,1
26913,Boen Pnt Nr RRV,3,11.666666666666666,11.0,2.0816659994661326,4.333333333333333,1
26919,Jimenez Landi Bajondillo Men,2,9.5,9.5,3.5355339059327378,12.5,1
26921,Tenuta la Favola Bianco,2,9.5,9.5,3.5355339059327378,12.5,1
26923,Rosso del Popolo Lange Rosso,2,9.5,9.5,3.5355339059327378,12.5,1
26935,Ramos Pinto Fine Ruby Red P,13,11.153846153846153,12.0,1.6756169931378437,2.8076923076923084,1
26939,Ramos Pinto 10-Yr Tawny Red,14,10.357142857142858,10.0,1.9848325973644325,3.9395604395604398,1
26943,Jordan Cab Svgn Alex Valley,6,11.5,11.5,1.8708286933869707,3.5,1
26944,Jordan Chard Sonoma,14,11.357142857142858,11.5,1.8232322463624386,3.3241758241758244,1
26945,Ferrari-Carano Fume Bl,55,10.763636363636364,11.0,1.895058255369948,3.5912457912457914,1
26947,Ferrari-Carano Merlot,35,10.6,10.0,1.9583906958640962,3.835294117647059,1
26948,Ferrari-Carano Chard,53,10.754716981132075,11.0,1.890316013236518,3.5732946298984034,1
26949,Sonoma-Cutrer Chard RRV,55,10.854545454545455,11.0,1.9946055195078491,3.978451178451177,1
26950,Firefly Ridge Chard,1,9.0,9.0,,,1
26966,De Loach Cab Svgn Cal,54,11.481481481481481,11.5,1.8504537000090027,3.4241788958770076,1
26983,Almaviva Rothschild & CyToro,1,9.0,9.0,,,1
26985,Pierre Andre Bourgogne Chard,2,10.0,10.0,1.4142135623730951,2.0,1
26990,Colavita Pinot Grigio,16,11.875,12.5,1.9958289839896939,3.9833333333333334,1
26992,Pierre Andre Gevry-Chambertn,2,10.0,10.0,1.4142135623730951,2.0,1
26994,Frank Family Vyds Chard,3,9.666666666666666,9.0,1.1547005383792517,1.3333333333333335,1
26995,Frank Family Vyds Cab Svgn,6,9.666666666666666,9.0,2.065591117977289,4.266666666666667,1
26996,Bleu de Mer Blanc,3,9.333333333333334,9.0,0.5773502691896257,0.3333333333333333,1
26997,Graffigna Gr Rsv Malbec,1,12.0,12.0,,,1
27005,Ghost Block Est Cab Svgn,3,9.0,9.0,1.0,1.0,1
27009,Bouchard Aine & Fils B Chard,4,8.5,9.0,1.0,1.0,1
27010,J Moreau & Fils Chablis,8,10.375,9.5,1.8468119248354136,3.4107142857142856,1
27011,Bouchard Aine & Fils Mersult,3,9.666666666666666,9.0,3.055050463303893,9.333333333333332,1
27012,Bouchard Aine & Fils B Pnt N,6,9.5,9.5,1.6431676725154984,2.7,1
27013,Bouchard Aine & Fils Fixin,1,9.0,9.0,,,1
27014,Jean-Claude Boisset Gev-Chmb,3,9.666666666666666,9.0,1.1547005383792517,1.3333333333333335,1
27015,Dom la Vougeraie La Justice,2,9.0,9.0,2.8284271247461903,8.0,1
27016,Bouchard Aine & Fils Chard,6,9.5,9.0,1.760681686165901,3.1,1
27017,Bouchard Aine & Fils Pnt Nr,7,9.428571428571429,9.0,0.9759000729485332,0.9523809523809524,1
27022,Barra Petite Sirah,1,10.0,10.0,,,1
27027,Leyda Lot 21 Pnt Nr,3,12.0,13.0,1.7320508075688772,3.0,1
27031,Opus One 2013,4,11.5,11.0,1.7320508075688772,3.0,1
27033,Penfolds B28 Shiraz/Kalimna,1,10.0,10.0,,,1
27042,Luna di Luna Chard/Pnt Grigo,53,11.50943396226415,11.0,1.6597340091508865,2.7547169811320753,1
27051,Killibinbin Sneaky Shiraz,1,11.0,11.0,,,1
27053,Ponte Vinho Verde Rose,2,8.5,8.5,3.5355339059327378,12.5,1
27056,Klinker Brick Cab Svgn Lodi,12,11.166666666666666,11.5,1.7494587907710375,3.0606060606060606,1
27061,A Bichot Chablis Les Clos 14,1,14.0,14.0,,,1
27062,A Bichot Chablis 14 Les Vauc,1,14.0,14.0,,,1
27063,A Bichot Montagny 1er Cru 14,2,13.0,13.0,1.4142135623730951,2.0,1
27064,A Bichot Morey St Denis 14 S,1,14.0,14.0,,,1
27065,David Bruce Pnt Nr Sonoma,37,11.54054054054054,12.0,1.8647995810481823,3.4774774774774766,1
27066,A Bichot Merc Champs Mart 14,1,14.0,14.0,,,1
27067,A Bichot Rochegres 14 Moulin,2,12.5,12.5,2.1213203435596424,4.5,1
27069,Medici Ermete Concerto Lmbrs,1,8.0,8.0,,,1
27071,Medici Ermete Solo Lambrusco,2,10.5,10.5,0.7071067811865476,0.5,1
27083,Santa Margherita Rose Brut,13,11.23076923076923,11.0,1.9644272343292228,3.8589743589743595,1
27089,Ch Perron Brdx Rouge,1,8.0,8.0,,,1
27091,Reverdy Sancerre Blanc,5,9.8,9.0,1.9235384061671343,3.6999999999999993,1
27092,Feast Agiorgitiko,6,10.5,10.5,2.4289915602982237,5.9,1
27093,Feast Moschofilero,3,11.0,11.0,1.0,1.0,1
27094,Corvo Terrae Dei Nero d'Avol,6,10.833333333333334,11.0,2.228601953392904,4.966666666666667,1
27095,Bertani Villa Arvedi Amarone,15,11.066666666666666,11.0,2.051712409068047,4.2095238095238106,1
27097,Vieux Telegraphe Chtnf Pape,9,10.666666666666666,10.0,1.5,2.25,1
27098,Grattamacco Bolgheri Rosso,1,13.0,13.0,,,1
27100,La Maialina Gilfredo Verment,11,10.909090909090908,12.0,2.385562636132007,5.69090909090909,1
27103,Apothic Inferno,13,10.692307692307692,10.0,2.015961945102775,4.064102564102564,1
27105,Lan Rioja 2011 Ltd Edition,2,13.5,13.5,0.7071067811865476,0.5,1
27106,Lavau 13 Red Rhone Gigondas,1,10.0,10.0,,,1
27111,Masi Amarone Costasera Valp,37,12.27027027027027,13.0,1.7896096509302533,3.2027027027027026,1
27121,Alessio Bianco Vermouth,1,13.0,13.0,,,1
27123,Alessio Chinato Vermouth,1,13.0,13.0,,,1
27124,Winemakers Secret Barrel Red,13,11.538461538461538,11.0,1.6641005886756872,2.7692307692307687,1
27131,Santi Amarone Proemio 06,1,11.0,11.0,,,1
27132,Luigi Bosca Malbec 13,1,11.0,11.0,,,1
27133,Fattoire Dei Barbi 08 T Monl,1,11.0,11.0,,,1
27134,Ca'Bianca Chersi Barbera 12,1,11.0,11.0,,,1
27135,Le Ragose Valpo Clsco 09,1,11.0,11.0,,,1
27136,Hugel Alsace Rsl 10 Grs Laue,1,11.0,11.0,,,1
27137,P Jolivet Ply Fume 14 Griott,1,11.0,11.0,,,1
27138,Korbel Brut,16,10.4375,10.5,1.9653244007033546,3.8625,1
27139,Hecht & Bannier Bandol 11 Re,1,11.0,11.0,,,1
27140,Coto de Imaz Red Gr Rsva 08,1,11.0,11.0,,,1
27141,El Coto Real Rioja Rsva  10,1,11.0,11.0,,,1
27142,Starmont Chard Carneros,9,11.11111111111111,11.0,1.90029237516523,3.611111111111111,1
27143,Bouchaine Chard Carneros,8,10.875,10.5,1.8850918886280925,3.5535714285714284,1
27144,Bouchaine Pnt Nr Carneros,8,10.875,10.5,1.8850918886280925,3.5535714285714284,1
27145,Schmitt Sohne QbA,53,11.50943396226415,11.0,1.6597340091508865,2.7547169811320753,1
27146,Codice Sierra Cantabria Red,32,11.75,12.0,1.7038855027411945,2.903225806451613,1
27157,Ch Graves Rabion St Emilion,3,11.333333333333334,12.0,2.0816659994661326,4.333333333333333,1
27158,Ch Lamonthe St Germain Brdx,1,13.0,13.0,,,1
27159,Ch du Moulin Entre-Deux-Mers,3,11.333333333333334,12.0,2.0816659994661326,4.333333333333333,1
27161,El Pundito 06 Gr Rsva Rioja,1,13.0,13.0,,,1
27162,Vatan 13 Tinta de Toro,2,10.5,10.5,2.1213203435596424,4.5,1
27163,Rio Madre 14 Rioja Tempranlo,2,9.5,9.5,0.7071067811865476,0.5,1
27164,Guillaume Vrignaud Chablis,1,11.0,11.0,,,1
27165,Jean-Paul & Benoit Droin 14,3,11.666666666666666,12.0,1.5275252316519468,2.3333333333333335,1
27166,Dom Giraud 14 CdR Rouge,4,11.25,11.0,1.5,2.25,1
27167,Dom De La Janasse 13 Ch Pape,1,10.0,10.0,,,1
27168,Finca Villacreces Pruno Ribe,3,11.666666666666666,12.0,1.5275252316519468,2.3333333333333335,1
27169,Mas Doix 12 Salanques Priora,3,10.666666666666666,10.0,1.1547005383792517,1.3333333333333335,1
27170,Damilano 11 Brunate Barolo,1,11.0,11.0,,,1
27171,Gagliole 13 Rubiolo Chianti,1,11.0,11.0,,,1
27172,Pecchenino 12 Siri d'Jermu D,3,11.666666666666666,12.0,1.5275252316519468,2.3333333333333335,1
27173,LeSalette 12 Amarone Valpo,1,13.0,13.0,,,1
27176,Peter Vella Delicious Red B/,53,11.18867924528302,11.0,1.8918509838615412,3.579100145137881,1
27178,Ridge Monte Bello Chard,1,14.0,14.0,,,1
27180,Sensi 18K Moscato Rose,15,11.533333333333333,11.0,2.263583337058639,5.123809523809524,1
27189,Jamieson R Double Lariat Cab,1,8.0,8.0,,,1
27191,Trefethen Rsv Cab Svgn,1,9.0,9.0,,,1
27192,DeLoach Est Vyd Chard,1,13.0,13.0,,,1
27193,Trefethen Dragon's Tooth Red,2,11.5,11.5,3.5355339059327378,12.5,1
27194,Buena Vista Champagne Vctoir,1,13.0,13.0,,,1
27195,JCB No 69 Sparkling Rose,6,12.166666666666666,13.0,2.136976056643281,4.566666666666667,1
27196,Buena Vista Cab Svgn Sonoma,1,13.0,13.0,,,1
27197,DeLoach Est Vyd Pnt Nr,1,13.0,13.0,,,1
27198,Buena Vista Ch Napa Vly Cab,2,13.0,13.0,0.0,0.0,1
27201,DeLoach OFS Chard,6,11.0,10.5,2.1908902300206643,4.8,1
27202,DeLoach Sonoma Cnty Chard,13,11.538461538461538,11.0,2.221687969967303,4.935897435897437,1
27203,DeLoach Ethans Vyd Znfdl,12,12.083333333333334,13.0,2.1933093855190746,4.8106060606060606,1
27204,Conundrum Sparkling 25th Ann,1,14.0,14.0,,,1
27206,Irony Black Monterey,1,9.0,9.0,,,1
27212,R Mondavi Cab Svgn Oakville,16,10.8125,10.5,1.682012683265696,2.8291666666666666,1
27214,Poggio Antico 14 Rosso Monta,2,9.0,9.0,1.4142135623730951,2.0,1
27219,Poggio Antico 11 Brun Altero,2,9.0,9.0,1.4142135623730951,2.0,1
27220,Poggio Antico 10 Rsva BdMont,2,11.0,11.0,1.4142135623730951,2.0,1
27221,Poggio Antico 11 Brunello Mn,2,9.0,9.0,1.4142135623730951,2.0,1
27233,Turning Leaf RSV Merlot Cal,52,11.192307692307692,11.0,1.9101222785872516,3.6485671191553544,1
27235,Dom du Touch Gascogne White,1,7.0,7.0,,,1
27243,Stars Like Ours Rose,6,10.5,10.5,1.8708286933869707,3.5,1
27250,Forestville Cab Svgn Cal,1,11.0,11.0,,,1
27251,Forestville Chard Cal,1,9.0,9.0,,,1
27255,D'Arry's Original Shrz/Grnch,10,11.2,11.0,2.3944379994757297,5.733333333333333,1
27259,Cooper & Thief Cellarmasters,16,11.1875,12.0,1.6007810593582121,2.5625,1
27262,Aviary Cab Svgn,1,12.0,12.0,,,1
27264,Red IQ,1,8.0,8.0,,,1
27267,Krupps The Water Witch Red,1,14.0,14.0,,,1
27269,Krupps Bros Synchrony,1,14.0,14.0,,,1
27273,Albatros Malbec Cahors,15,10.2,11.0,2.1111946516469904,4.457142857142856,1
27274,Jos Phelps Insignia 13,2,10.0,10.0,1.4142135623730951,2.0,1
27275,Jos Phelps Insignia 13,1,11.0,11.0,,,1
27276,Zaccagnini Rsl,9,9.11111111111111,8.0,1.6914819275153699,2.861111111111111,1
27279,Ch Canon St Emilion 07,2,10.5,10.5,0.7071067811865476,0.5,1
27284,Ch Giscours Margaux 07,3,10.0,10.0,1.0,1.0,1
27285,Ch Grand Puy-Lacst Pauilc 07,2,10.5,10.5,0.7071067811865476,0.5,1
27286,Ch Malartic-Lagraviere PL 07,2,10.5,10.5,0.7071067811865476,0.5,1
27287,Ch Rauzan-Segla Gr Cru 08 Ma,6,10.0,10.5,2.1908902300206643,4.8,1
27288,Gemma di Luna Sprkl Moscato,10,11.7,12.0,1.5670212364724212,2.4555555555555557,1
27289,Ch Plaisance Alix CdBrdx 12,1,10.0,10.0,,,1
27290,Ch Pape Clement Pess-Leo 13,1,13.0,13.0,,,1
27291,Waterbrook Chard Rsv Col Vly,1,13.0,13.0,,,1
27303,Wyndham Bin 555 Shiraz,46,11.065217391304348,11.0,1.7049232490127393,2.9067632850241547,1
27316,W Selyum Pnt Nr Eastside Rd,1,12.0,12.0,,,1
27318,W Selyum Pnt Nr Foss Vyd RRV,1,12.0,12.0,,,1
27319,W Selyum Pnt Nr Hirsch Vyd,1,9.0,9.0,,,1
27320,W Selyum Pnt Nr Sonoma Cst,1,12.0,12.0,,,1
27322,W Selyum Pnt Nr RRV,1,12.0,12.0,,,1
27325,Canoe Ridge Cab Svgn Col Vly,9,11.0,12.0,2.0615528128088303,4.25,1
27326,Canoe Ridge Red Columbia Vly,6,10.166666666666666,9.5,1.9407902170679516,3.7666666666666666,1
27327,Canoe Ridge Merlot Colum Vly,1,9.0,9.0,,,1
27328,Canoe Ridge Chard Colum Vly,7,10.857142857142858,10.0,2.193062655175134,4.809523809523809,1
27330,Hahn Cab Svgn Santa Lucia,44,10.909090909090908,11.0,1.7363176997122498,3.0147991543340384,1
27331,Hahn Chard Monterey,40,10.225,10.0,1.6090688500193409,2.5891025641025642,1
27332,Gilmanton Raspberry Merlot,5,8.0,8.0,1.5811388300841898,2.5,1
27333,Night Harvest Cab Svgn,2,12.0,12.0,2.8284271247461903,8.0,1
27334,Gilmanton Blueberry Surprise,5,8.2,8.0,1.7888543819998317,3.2,1
27342,19 Crimes The Banished Red,2,10.0,10.0,0.0,0.0,1
27348,J Drouhin CdBeaune Vlgs 14,1,13.0,13.0,,,1
27349,Murphy-Goode California Red,1,10.0,10.0,,,1
27350,Almaden Cab Svgn Cal B/B,54,10.907407407407407,11.0,1.8558273191314598,3.444095038434661,1
27351,Almaden Chard Cal B/B,55,10.872727272727273,11.0,1.8564656329877602,3.4464646464646456,1
27360,Cappezzana Trefiano Carmigno,1,10.0,10.0,,,1
27361,Borsao Campo de Borja Red,53,11.415094339622641,11.0,1.714575101706082,2.9397677793904213,1
27367,Ch Haut Bommes Sauternes 10,1,10.0,10.0,,,1
27368,Muga Rioja RSV,51,11.568627450980392,12.0,1.6643906027226218,2.7701960784313724,1
27369,Herencia del Padri Priorat,1,10.0,10.0,,,1
27370,Sierra Cantabria Crianza,5,10.2,10.0,1.3038404810405297,1.7,1
27371,Bernard Magrez Cab Svgn Napa,1,14.0,14.0,,,1
27393,Victor Vineyards Cab Svgn 13,6,12.166666666666666,12.5,0.9831920802501751,0.9666666666666668,1
27395,J Drouhin Hos de Bel Fleurie,1,14.0,14.0,,,1
27396,J Drouhin Pouilly Vinzelles,1,11.0,11.0,,,1
27398,Talley Vyds Stone Corral Pnt,1,14.0,14.0,,,1
27399,J Drouhin Hosp Bell Brouilly,1,14.0,14.0,,,1
27403,Dom du Touch Gasgogne Blanc,1,9.0,9.0,,,1
27404,J Drouhin Hos Bell Morgon,2,12.0,12.0,1.4142135623730951,2.0,1
27405,The Pessimist Red,1,11.0,11.0,,,1
27406,Hourglass Estate Svgn Bl,1,14.0,14.0,,,1
27407,Hourglass Blueline Est Merlt,1,14.0,14.0,,,1
27408,Hourglass Blueline Est Cab S,1,14.0,14.0,,,1
27409,Hourglass HG III Red,1,14.0,14.0,,,1
27410,Monte d Fra Valpo Sup Ripaso,1,9.0,9.0,,,1
27411,Talley Vyds Rincon Pnt Nr,1,11.0,11.0,,,1
27412,Peter Paul Bennett Vy Svgn B,8,10.875,10.5,2.03100960115899,4.125,1
27425,Proud Pour The Oyster Svgn B,3,10.666666666666666,10.0,3.055050463303893,9.333333333333332,1
27429,Grahams Six Grapes,51,11.411764705882353,11.0,1.7108649343327522,2.9270588235294124,1
27432,Emilio Lustau Amontillado S,31,11.67741935483871,12.0,1.7202150403209004,2.959139784946237,1
27433,Emilio Lustau Fino Sherry,19,11.894736842105264,13.0,1.7605156076213475,3.0994152046783623,1
27437,Mommessin Bjls Nouveau,4,10.75,11.0,1.5,2.25,1
27440,Achaia Cellars Retsina,3,11.666666666666666,12.0,0.5773502691896257,0.3333333333333333,1
27442,Renato Ratti Barb d'Asti Bat,2,14.0,14.0,0.0,0.0,1
27443,Renato Ratti Marcenasco Baro,4,12.0,12.5,2.449489742783178,6.0,1
27444,Renato Ratti Langhe Nebbiolo,3,12.333333333333334,14.0,2.8867513459481287,8.333333333333332,1
27460,Ecco Domani Merlot Venezie,53,11.18867924528302,11.0,1.8918509838615412,3.579100145137881,1
27461,Ecco Domani Pnt Grigio Venez,55,11.2,11.0,1.9187187082742176,3.681481481481482,1
27472,Secco-Bertani Verona,40,10.8,11.0,2.102501562547058,4.420512820512821,1
27473,BiancaVigna Spumante Rosa,1,13.0,13.0,,,1
27474,BiancaVigna Prosecco Brut,1,12.0,12.0,,,1
27480,Lanson Black Label Brut,1,13.0,13.0,,,1
27481,Lanson Extra Age Brut,1,13.0,13.0,,,1
27483,Lanson Rose Label Brut,1,13.0,13.0,,,1
27484,Clos Lanson Champagne,1,13.0,13.0,,,1
27488,Stival Pnt Grigio,17,9.941176470588236,10.0,1.3449251017851382,1.8088235294117645,1
27489,Ladoucette Comte Lafond Sanc,1,10.0,10.0,,,1
27491,Stival Pnt Grigio Veneto,2,10.0,10.0,1.4142135623730951,2.0,1
27492,F Coppola Cab S King Kong DC,1,10.0,10.0,,,1
27493,F Coppola Wizard of Oz Merlt,1,10.0,10.0,,,1
27494,F Coppola Derctor Jaws Chard,1,10.0,10.0,,,1
27496,Terra Viva Sangiovese,2,10.5,10.5,2.1213203435596424,4.5,1
27497,Vinecol Organic Malbec,2,11.5,11.5,0.7071067811865476,0.5,1
27499,Pot de Vin Rouge Organic,1,12.0,12.0,,,1
27501,Ch Ste Michelle Cold Crk Mer,3,11.666666666666666,11.0,1.1547005383792517,1.3333333333333335,1
27502,Ma Serenite Corbieres Langue,1,10.0,10.0,,,1
27503,Ch Ste Michelle Hrse Hvn Svg,54,10.851851851851851,11.0,1.9561939114380886,3.8266946191474487,1
27504,Mon Plaisir Minervois Charmi,1,10.0,10.0,,,1
27506,The Conductor Red,3,11.0,10.0,2.6457513110645907,7.0,1
27512,Warre's Late Bottled Vintage,49,10.428571428571429,10.0,2.150581316760657,4.625000000000001,1
27513,Garage Wine Co Cab Svgn,1,8.0,8.0,,,1
27514,Clos du Bois RSV Cab Svgn,44,11.386363636363637,12.0,1.6313200403341375,2.6612050739957716,1
27515,Clos du Bois RSV Chard RRV,53,11.339622641509434,12.0,1.6977745187157747,2.88243831640058,1
27516,Masseto 13 Red,1,11.0,11.0,,,1
27520,Vargas Rioja Crianza,1,11.0,11.0,,,1
27521,Seghesio Defiant Red,1,11.0,11.0,,,1
27522,Whitehall Lane Merlot,2,12.5,12.5,2.1213203435596424,4.5,1
27523,Opolo Cab Svgn,2,11.5,11.5,3.5355339059327378,12.5,1
27528,Bertani Due Uve White Venet,47,10.936170212765957,11.0,1.993513997280757,3.9740980573543014,1
27534,Kiona Est Sangio Red Mtn,1,7.0,7.0,,,1
27546,NinetyCellars Lot 50 Prosec,1,9.0,9.0,,,1
27549,Whitman Express Pnt Blanc,6,11.0,11.0,2.0,4.0,1
27551,Anne Amie Twelve Oaks Pnt Nr,1,11.0,11.0,,,1
27553,Hedges Family Estate Red Mtn,1,8.0,8.0,,,1
27556,Querceto Chianti Clsc RSV,35,11.685714285714285,12.0,1.7784895867235302,3.1630252100840335,1
27558,Donatella Cinelli Colombini,1,14.0,14.0,,,1
27562,Taylor Fladgate 1985 Porto,2,8.5,8.5,0.7071067811865476,0.5,1
27563,Croft Clsc Vintage Porto 11,2,11.0,11.0,2.8284271247461903,8.0,1
27566,Kiona Est Red Mountain Rsv R,1,7.0,7.0,,,1
27567,Zenato Pinot Grigio Veneto,50,10.86,11.0,1.9060590821088932,3.633061224489796,1
27569,Kiona Washington State Cab S,1,7.0,7.0,,,1
27572,Kiona Late Harvest Chenin Bl,1,7.0,7.0,,,1
27579,Zenato Amarone,9,10.0,9.0,1.5,2.25,1
27581,Zenato Valpolicella Clsc,50,10.94,11.0,1.845125956654008,3.404489795918368,1
27591,Righetti Amarone Valpo Clsc,42,12.0,12.5,1.6964812938808977,2.8780487804878048,1
27596,MezzaCorona Pnt Grigio,54,11.833333333333334,12.0,1.7988465906251634,3.235849056603774,1
27611,Dominus Napanook 13,1,12.0,12.0,,,1
27612,Dominus 13 Christian Moueix,1,12.0,12.0,,,1
27613,Dominus 12 Christian Moueix,1,12.0,12.0,,,1
27617,Trefethen Merlot Napa,1,11.0,11.0,,,1
27619,Opus One 2011,1,13.0,13.0,,,1
27626,LaBelle Winery Holiday 3 Pak,2,9.0,9.0,1.4142135623730951,2.0,1
27627,Hook or Crook Chardonnay,2,12.0,12.0,2.8284271247461903,8.0,1
27644,Cline Znfdl Cal,54,11.481481481481481,11.5,1.8504537000090027,3.4241788958770076,1
27650,Eden Ice Cider Heirloom Barr,2,10.5,10.5,0.7071067811865476,0.5,1
27679,Henkell Brut,32,11.34375,11.0,1.6773515029701225,2.813508064516129,1
27689,Loyal Dog Winery Naked Apple,3,10.333333333333334,11.0,2.081665999466133,4.333333333333334,1
27693,Gosset Grand Blanc de Blancs,1,13.0,13.0,,,1
27694,Grieve Estate Merlot,1,13.0,13.0,,,1
27695,Volpaia Coltassala Chianti,1,13.0,13.0,,,1
27696,Volpaia Chianti Classico RSV,1,13.0,13.0,,,1
27697,Volpaia Prelius Cab Svgn,1,13.0,13.0,,,1
27698,Double Eagle Red Wine,1,13.0,13.0,,,1
27699,Buglioni Bugiardo Ripasso,1,13.0,13.0,,,1
27700,Chene Bleu Abelard,1,13.0,13.0,,,1
27707,Daou Reserve Seventeen Forty,2,11.0,11.0,0.0,0.0,1
27708,Ch Puech-Haut Prestige Langu,1,10.0,10.0,,,1
27723,Mommessin Morgon Les Charmes,1,10.0,10.0,,,1
27724,Mommessin Moulin-A-Vent Gran,1,10.0,10.0,,,1
27735,Bogle Cab Svgn Cal,55,11.436363636363636,11.0,1.8635254955935732,3.4727272727272727,1
27746,Mayacamas 09 Cab Svgn Mt Vee,2,10.5,10.5,2.1213203435596424,4.5,1
27747,Mayacamas 14 Chardonnay Mt V,1,13.0,13.0,,,1
27749,Wind Gap 13 Syrah Sonoma,1,13.0,13.0,,,1
27750,Wind Gap 14 Pinot Noir Sonom,2,10.5,10.5,2.1213203435596424,4.5,1
27758,J Lohr S Ridge Ps Rbls Syrah,1,9.0,9.0,,,1
27763,Warre's Port 1970,1,7.0,7.0,,,1
27764,Warre's Port 2000,1,12.0,12.0,,,1
27765,Warre's Port 2003,2,7.5,7.5,0.7071067811865476,0.5,1
27769,Folie a Deux Pinot Noir,1,12.0,12.0,,,1
27773,Jadot Nuits St Georges Les B,1,13.0,13.0,,,1
27774,Jadot Marsannay Clos Roy 14,1,13.0,13.0,,,1
27775,Jadot Fixin 14,1,13.0,13.0,,,1
27778,Jadot Savigny les Beaune 14,1,13.0,13.0,,,1
27780,Jadot Beaune Les Greves 14,1,13.0,13.0,,,1
27781,Jadot Cote de Beaune Vlgs 14,1,13.0,13.0,,,1
27782,Jadot Savigny les Beaune 14,1,13.0,13.0,,,1
27783,Jadot Chorey Beaumonts 14,1,13.0,13.0,,,1
27784,Jadot Monthelle Les Sous 14,1,13.0,13.0,,,1
27785,Jadot Mercurey 14,1,13.0,13.0,,,1
27786,Jadot Chablis Fourchaume 14,1,13.0,13.0,,,1
27787,Jadot Corton Charlemagne Bl,1,13.0,13.0,,,1
27789,Jadot Puligny Montrachet 14,1,13.0,13.0,,,1
27790,Jadot Chass Mont Abbaye 14,1,13.0,13.0,,,1
27791,Jadot Bouzeron Blanc 14,1,13.0,13.0,,,1
27792,Jadot Rully Blanc 14,1,13.0,13.0,,,1
27793,Jadot Marsannay Blanc 14,1,13.0,13.0,,,1
27794,Jadot Pernand Verg Combottes,1,13.0,13.0,,,1
27797,Casa Lapostolle Merlot,9,11.0,11.0,2.0,4.0,1
27798,Casa Lapostolle Svgn Bl,26,11.615384615384615,12.0,1.7905736081361878,3.2061538461538466,1
27799,Ch de Sancerre Sancerre,44,11.613636363636363,12.0,1.7812447841249994,3.1728329809725158,1
27800,Jadot Meursault Blanc 14,1,13.0,13.0,,,1
27801,Moet & Chandon Nectar Imper,53,10.566037735849056,11.0,1.8554434879591886,3.4426705370101596,1
27802,Moet & Chandon Imperial,51,10.588235294117647,11.0,1.8886658845675726,3.567058823529411,1
27805,Jadot Puligny Montrachet Bl,1,13.0,13.0,,,1
27806,Jadot St Aubin Blanc 14,1,13.0,13.0,,,1
27807,Night Harvest Chard,30,11.133333333333333,11.5,1.8332810859848758,3.3609195402298853,1
27808,Blackstone Chard Monterey,49,11.46938775510204,12.0,1.6720999872456606,2.7959183673469385,1
27810,Ch des Jacques Gr Clos de Ro,1,13.0,13.0,,,1
27811,Dom Ferret Les Perrieres 14,1,13.0,13.0,,,1
27813,Warre's Warrior Port,53,10.471698113207546,11.0,2.0994850429506027,4.4078374455732945,1
27816,Jadot Ch des Jacques Flr 14,1,13.0,13.0,,,1
27817,Clos Pegase Carneros Chard,34,11.882352941176471,12.0,1.6835155475761074,2.834224598930481,1
27826,Jadot Chass Mont Morgeot Rou,1,13.0,13.0,,,1
27827,Jadot Cote de Nuits Vaucrain,1,13.0,13.0,,,1
27830,Silverado Svgn Bl Napa,50,11.56,12.0,1.8423587365889724,3.3942857142857146,1
27831,Wild Horse CC Chard,51,11.372549019607844,12.0,1.6243248974724913,2.6384313725490194,1
27835,Wild Horse CC Pnt Nr,54,11.333333333333334,12.0,1.682316462276133,2.8301886792452837,1
27849,Baglio di Grisi Nero d'Avola,1,11.0,11.0,,,1
27850,Bastianich Chardonnay,1,11.0,11.0,,,1
27851,Bastianich Vini Orsone Svgn,1,13.0,13.0,,,1
27852,Brandini Barbera d'Alba,1,11.0,11.0,,,1
27853,Brandini Dolcetto d'Alba,1,11.0,11.0,,,1
27854,F Coppola Black Label Claret,55,10.763636363636364,11.0,1.895058255369948,3.5912457912457914,1
27867,Vendange Merlot,55,11.290909090909091,12.0,1.6961036751235687,2.8767676767676766,1
27868,Chimney Rock Elevage SLD,1,10.0,10.0,,,1
27870,Flor Prosecco,1,11.0,11.0,,,1
27871,Flor Rose Brut,1,11.0,11.0,,,1
27872,Flora Springs Napa Red,1,11.0,11.0,,,1
27873,Poderi Le Ripi Amore e Folli,1,11.0,11.0,,,1
27874,Forefront by Pine Ridge Pnt,1,8.0,8.0,,,1
27878,Poderi Le Ripi Amore e Magia,1,10.0,10.0,,,1
27879,I Perazzi La Mozza Sangioves,1,11.0,11.0,,,1
27880,Pine Ridge Cab Svgn,1,13.0,13.0,,,1
27886,Roth Estate Pinot Noir,1,8.0,8.0,,,1
27900,Franzia Cab Svgn Cal,3,11.666666666666666,12.0,0.5773502691896257,0.3333333333333333,1
27901,Franzia Chard,1,12.0,12.0,,,1
27907,Sonoma-Cutrer Pierres Chard,2,10.5,10.5,3.5355339059327378,12.5,1
27911,Ruffino Chianti Clsc Santdam,29,11.137931034482758,11.0,1.663132541987183,2.7660098522167487,1
27924,Barone Ricasoli Casalferro,1,8.0,8.0,,,1
27925,Barone Ricasoli Castello,1,8.0,8.0,,,1
27926,Barone Ricasoli Rocca Guicci,1,8.0,8.0,,,1
27932,Marc Bredif Vouvray,40,10.9,11.0,1.8919532709576046,3.579487179487179,1
27934,Terruzzi & Puthod Vernaccia,1,11.0,11.0,,,1
27969,Fattoria le Pupille Poggio,1,11.0,11.0,,,1
27973,Litoral Sauvignon Blanc,1,9.0,9.0,,,1
27988,Bouchaine Anne Amie Block,1,10.0,10.0,,,1
27989,Hundred Acre Kayli Morgan,1,13.0,13.0,,,1
28005,Somerston Stornoway Red,1,8.0,8.0,,,1
28006,Priest Ranch Coach Gun Red,1,8.0,8.0,,,1
28007,Priest Ranch Sauvignon Blanc,1,8.0,8.0,,,1
28029,DLD Syrah -Les Gosses,1,8.0,8.0,,,1
28038,Andre Spumante Calif,15,11.066666666666666,10.0,1.8309508328682538,3.3523809523809525,1
28039,Canyon Rd Merlot,47,11.170212765957446,11.0,1.7854380650645134,3.1877890841813135,1
28050,Morgan Winery Albarino,1,12.0,12.0,,,1
28069,Sutter Home Merlot Cal,54,10.37037037037037,10.0,2.049356054373199,4.199860237596086,1
28070,Sutter Home Moscato Cal,54,10.38888888888889,10.0,2.031977071132955,4.128930817610062,1
28081,Gandia Hoya de Cadenas RSV,52,10.653846153846153,10.5,1.7476551841063892,3.054298642533937,1
28092,Cline Ancient Vin Znfdl,54,11.481481481481481,11.5,1.8504537000090027,3.4241788958770076,1
28114,Steele Chard Cal,39,11.538461538461538,12.0,1.729711777727173,2.9919028340080978,1
28122,Dom Carneros Pnt Nr Napa Vly,41,10.975609756097562,11.0,2.1504395466746886,4.62439024390244,1
28138,Columbia Crest Grand Chard,52,10.788461538461538,11.0,1.9436829651668865,3.77790346907994,1
28146,Kris Heart Rosso,18,10.38888888888889,10.0,1.9745107774984456,3.898692810457516,1
28147,Kris Pnt Grigio Alto Adige,55,10.763636363636364,11.0,1.895058255369948,3.5912457912457914,1
28148,Ciro Rosso Clsc Librandi Cl,1,12.0,12.0,,,1
28155,Sauvion Muscadet Ch de Cler,13,11.692307692307692,11.0,1.6525039276108335,2.7307692307692313,1
28156,Sauvion Vouvray,46,11.478260869565217,11.0,1.8103299936725177,3.2772946859903382,1
28162,Villa Maria Chard NZ,36,10.86111111111111,11.0,2.099697635072764,4.408730158730159,1
28163,Villa Maria Svgn Bl Pvt Bin,55,10.818181818181818,11.0,1.954016841836789,3.818181818181819,1
28214,Lagaria Venezie Pnt Grigio,54,11.481481481481481,11.5,1.8504537000090027,3.4241788958770076,1
28223,Ch Ste Michelle Canoe Rdge C,48,10.6875,11.0,1.969515006721738,3.8789893617021276,1
28238,Banfi Pnt Grigio Rime,33,10.515151515151516,11.0,1.7874774844947718,3.1950757575757573,1
28239,Fetzer Eagle Peak Merlot,50,11.94,12.0,1.7309900434757692,2.9963265306122455,1
28252,Steele Pacini Mendocno Znfdl,3,12.0,13.0,1.7320508075688772,3.0,1
28258,Nathanson Creek Cab Svgn,54,11.333333333333334,12.0,1.682316462276133,2.8301886792452837,1
28260,Nathanson Creek Chard,53,11.320754716981131,12.0,1.6958499673485765,2.875907111756168,1
28262,Nathanson Creek Merlot,54,11.333333333333334,12.0,1.682316462276133,2.8301886792452837,1
28266,Nathanson Creek Wh Znfdl,51,11.392156862745098,12.0,1.5884386216980375,2.523137254901961,1
28272,Gallo Fairbanks Cream Sherry,9,10.444444444444445,10.0,1.4240006242195884,2.0277777777777777,1
28275,Sheffield Very Dry Sherry,3,12.0,13.0,2.6457513110645907,7.0,1
28312,Gallo Copperidge Merlot Cal,53,11.18867924528302,11.0,1.8918509838615412,3.579100145137881,1
28313,Gallo Copperidge Merlot Cal,17,11.235294117647058,12.0,2.1945788822888628,4.816176470588235,1
28316,Livingston Nat Flvrs Chard,13,11.846153846153847,12.0,1.6756169931378437,2.8076923076923084,1
28317,Livingston Wh Znfdl Cal,9,11.0,10.0,2.1213203435596424,4.5,1
28323,M & R Bianco Vermouth,9,10.88888888888889,10.0,2.4209731743889917,5.861111111111111,1
28457,Clos Pegase Merlot Napa,20,11.55,12.0,2.1878853044122666,4.786842105263157,1
28474,Burgans Albarino Baixas Rio,54,11.444444444444445,11.0,1.7119630866531244,2.9308176100628933,1
28497,Warre's Fine Selected Ruby P,39,10.666666666666666,11.0,2.068985682499027,4.280701754385966,1
28538,Shooting Star Chard Lake Cny,3,12.0,13.0,1.7320508075688772,3.0,1
28548,St Francis Old Vines Znfdl,49,10.775510204081632,10.0,2.114092655278392,4.469387755102042,1
28565,Wolf Blass Ylw Lb Shiraz/Cab,1,13.0,13.0,,,1
28567,Marquis de Riscal Rueda Wh,3,9.666666666666666,9.0,2.081665999466133,4.333333333333334,1
28578,Stella Pinot Grigio Umbria,18,10.777777777777779,10.5,1.6647047275914606,2.7712418300653594,1
28579,R M Woodbridge Merlot Cal,54,11.333333333333334,12.0,1.682316462276133,2.8301886792452837,1
28580,Silverado Chard,42,11.547619047619047,12.0,1.7834247808350743,3.1806039488966324,1
28606,Cline Viognier Sonoma Count,48,11.583333333333334,12.0,1.8199056946964733,3.312056737588653,1
28639,Cadet d'Oc Chard Rothschild,1,14.0,14.0,,,1
28658,R Mondavi Pnt Nr Pvt Sel,55,11.290909090909091,12.0,1.6961036751235687,2.8767676767676766,1
28681,F Coppola Rosso Bianco Rosso,55,10.763636363636364,11.0,1.895058255369948,3.5912457912457914,1
28682,F Coppola Rosso Bianco Pnt G,54,10.796296296296296,11.0,1.8971640168363082,3.599231306778476,1
28690,Stonehedge Merlot Cal,39,11.897435897435898,13.0,1.8034305291344896,3.2523616734143053,1
28736,Turning Leaf RSV Pnt Grigio,52,11.23076923076923,11.0,1.8850847447053847,3.553544494720965,1
28753,Round Hill Common Man Merlot,18,11.5,11.5,1.823054966742557,3.323529411764706,1
28775,C K Mondavi Merlot,54,10.796296296296296,11.0,1.8971640168363082,3.599231306778476,1
28776,C K Mondavi Svgn Bl Cal,1,9.0,9.0,,,1
28856,Seghesio Znfdl Sonoma,54,11.481481481481481,11.5,1.8504537000090027,3.4241788958770076,1
28887,Livingston Nat Flvrs Chard,55,11.2,11.0,1.9187187082742176,3.681481481481482,1
28888,Livingston Clrs Wh Znfdl Cal,54,11.24074074074074,11.0,1.9125719637237402,3.6579315164220834,1
28889,Peter Vella Chard Cal B/B,55,11.2,11.0,1.9187187082742176,3.681481481481482,1
28890,Peter Vella Wh Znfdl Cal,54,11.24074074074074,11.0,1.9125719637237402,3.6579315164220834,1
28893,Hawk Crest Merlot,3,12.0,12.0,2.0,4.0,1
28919,Gallo Twin Valley Merlot Cal,49,11.224489795918368,11.0,1.8626292586293283,3.4693877551020407,1
28920,Gallo Twin Valley Merlot Cal,3,11.333333333333334,11.0,2.5166114784235836,6.333333333333334,1
28943,Round Hill Common Man Chard,13,10.76923076923077,10.0,2.047512562185564,4.192307692307693,1
28946,Silverado Merlot Napa,40,11.675,12.0,1.802953417490598,3.250641025641026,1
28947,R M Woodbridge Merlot Cal,55,11.290909090909091,12.0,1.6961036751235687,2.8767676767676766,1
28954,Anthology Conn Crk Cab Napa,16,10.8125,11.0,1.6418993066973788,2.6958333333333333,1
28980,Far Niente Cab Svgn Napa,7,12.0,13.0,1.8257418583505538,3.3333333333333335,1
28983,Edmeades Mendocino Znfdl,39,11.384615384615385,11.0,1.7713418139541413,3.1376518218623475,1
28984,Kendall Jackson Grand RSV Me,38,10.631578947368421,11.0,1.715132216660246,2.941678520625889,1
29039,Aszu Royal Tokaji 5 Puttony,29,11.586206896551724,12.0,1.7630582475450018,3.1083743842364533,1
29077,Pine Ridge Chn Bl/Viognier,51,11.509803921568627,12.0,1.8587366571906614,3.454901960784314,1
29081,Beringer Wh Znfdl/Chard LVS,43,10.69767441860465,11.0,1.7799797179279244,3.1683277962347733,1
29112,Perrin Gigondas,35,10.542857142857143,10.0,2.048569904948861,4.196638655462184,1
29118,Santa Rita RSV Merlot,33,11.242424242424242,12.0,2.0314758033001374,4.1268939393939394,1
29128,Sutter Home Merlot Cal,55,10.345454545454546,10.0,2.038683142675427,4.156228956228955,1
29129,Sutter Home Wh Merlot Cal,47,10.553191489361701,10.0,1.9650037132202762,3.8612395929694734,1
29130,Sutter Home White Merlot,3,9.666666666666666,10.0,1.5275252316519468,2.3333333333333335,1
29131,Sutter Home White Merlot Cal,10,11.1,11.5,2.378141197564929,5.655555555555555,1
29155,Gallo Merlot Cal,6,11.666666666666666,12.0,2.581988897471611,6.666666666666667,1
29169,Franzia Tap Merlot,55,10.872727272727273,11.0,1.8564656329877602,3.4464646464646456,1
29181,Cantele Primitivo Salento,1,11.0,11.0,,,1
29182,Cantele Salice Salentino Rsv,33,11.272727272727273,11.0,1.6445502286477767,2.7045454545454546,1
29192,Perrin Chtnf du Pape,36,10.25,10.0,2.0476467329246866,4.192857142857143,1
29201,La Terre Cab Svgn,3,10.333333333333334,9.0,3.214550253664318,10.333333333333332,1
29202,La Terre Chard Cal,4,11.5,11.5,2.3804761428476167,5.666666666666667,1
29203,La Terre Chard Cal,2,13.0,13.0,1.4142135623730951,2.0,1
29204,La Terre Merlot,2,13.0,13.0,1.4142135623730951,2.0,1
29205,La Terre Merlot,1,14.0,14.0,,,1
29207,La Terre Wh Znfdl,3,12.0,12.0,2.0,4.0,1
29212,R Mondavi Merlot Pvt Sel,55,11.290909090909091,12.0,1.6961036751235687,2.8767676767676766,1
29248,Toasted Head Chard,55,11.290909090909091,12.0,1.6961036751235687,2.8767676767676766,1
29352,Elk Cove Pnt Gris Ore,51,11.333333333333334,11.0,1.8726095873584185,3.5066666666666664,1
29353,Elk Cove Pnt Nr Ore,43,11.465116279069768,11.0,1.8561203420717343,3.445182724252492,1
29361,Brancott Estate 'B' Svgn Bl,1,14.0,14.0,,,1
29371,Merryvale Starmont Cab Svgn,22,11.818181818181818,12.0,1.651445647689541,2.7272727272727275,1
29400,Ch D'Arcins Haut Medoc,37,10.756756756756756,11.0,1.8166728655155007,3.3003003003003006,1
29407,Wild Horse CC Merlot,46,11.304347826086957,11.5,1.697966957110654,2.8830917874396134,1
29427,Gekkeikan Sake Calif,54,10.592592592592593,11.0,1.9668816284467794,3.8686233403214545,1
29431,Clos du Val Cab Svgn Napa,38,11.447368421052632,11.5,1.8700681938866905,3.497155049786629,1
29433,Clos du Val Carneros Chard,39,11.35897435897436,11.0,1.8422980427370064,3.3940620782726048,1
29434,Clos du Val Merlot Napa,23,11.521739130434783,11.0,1.9275411849718922,3.7154150197628466,1
29461,Sandeman Character Sherry,41,11.024390243902438,11.0,1.6656500964795815,2.7743902439024395,1
29469,Round Hill Merlot Cal,18,11.666666666666666,12.0,1.8149704259460602,3.2941176470588234,1
29470,Pahlmeyer Napa Red,4,11.5,11.5,1.2909944487358056,1.6666666666666667,1
29472,M & R X Dry Vermouth,7,10.857142857142858,11.0,2.734262327610589,7.476190476190477,1
29473,M & R Sweet Vermouth,6,12.333333333333334,12.5,1.632993161855452,2.6666666666666665,1
29477,R Mondavi Pvt Sel Rsl,49,11.326530612244898,12.0,1.6631766179768863,2.766156462585034,1
29489,Hess Collection Chard Napa,42,11.285714285714286,11.0,1.7430798966577534,3.0383275261324045,1
29554,Joseph Phelps Eisrebe Napa V,1,13.0,13.0,,,1
29558,Livingston Merlot Cal,6,11.833333333333334,12.5,2.316606713852541,5.366666666666667,1
29616,Kermit Lynch Cotes du Rhone,53,11.452830188679245,11.0,1.8560300658192377,3.444847605224964,1
29619,Schmitt Sohne Auslese,50,11.5,11.0,1.7053337694733317,2.9081632653061225,1
29620,Schmitt Sohne Kabinett,29,11.448275862068966,12.0,1.7026493409757402,2.8990147783251223,1
29621,Schmitt Sohne Spatlese,46,11.478260869565217,11.5,1.6698520285047562,2.7884057971014493,1
29646,Hartley & Gibson Amontillad,54,11.444444444444445,11.0,1.7119630866531244,2.9308176100628933,1
29648,Hartley & Gibson Fino Dry S,1,13.0,13.0,,,1
29649,St Hilaire Blanc de Blancs,52,11.365384615384615,11.0,1.692299122424482,2.8638763197586723,1
29650,C Y Toro Frontera Shiraz,42,10.5,11.0,1.8511697027265444,3.426829268292683,1
29676,Hartley & Gisbon Pedro Zimen,2,11.0,11.0,4.242640687119285,18.0,1
29691,Hahn Merlot Central Coast,47,10.48936170212766,10.0,1.7921609548437898,3.2118408880666043,1
29696,J Lohr Arroyo Seco Chard,10,12.2,13.0,1.8135294011647258,3.288888888888889,1
29714,Planeta La Segreta Rosso,5,9.2,8.0,2.16794833886788,4.7,1
29810,Fess Parker Chard,45,10.555555555555555,10.0,1.816034085026985,3.297979797979798,1
29835,Casal Garcia Vinho Verde Wh,54,11.481481481481481,11.5,1.8504537000090027,3.4241788958770076,1
29847,Terra D'Oro Znfdl,1,13.0,13.0,,,1
29902,Au Bon Climate Pnt Nr,7,11.285714285714286,11.0,1.4960264830861913,2.238095238095238,1
29942,Livingston Merlot Cal,54,11.24074074074074,11.0,1.9125719637237402,3.6579315164220834,1
29955,Lindemans Bin 99 Pnt Nr,38,11.31578947368421,11.0,1.8903061836629296,3.5732574679943094,1
29996,Wild Horse CC Cab Svgn,53,11.358490566037736,12.0,1.6881298211863092,2.84978229317852,1
30602,Zardetto Prosecco Conegliano,53,10.773584905660377,11.0,1.9078936173572139,3.640058055152395,1
30638,San Quirico Vernaccia,5,10.6,10.0,1.816590212458495,3.3,1
30656,Steele Pnt Nr,39,11.58974358974359,11.0,1.5511956121845045,2.4062078272604595,1
30713,Ferrari-Carano Siena Sonoma,34,10.705882352941176,10.5,1.9622098205031857,3.8502673796791447,1
30735,Sonoma-Cutrer Cutrer V Chard,53,10.88679245283019,11.0,2.0159019489137493,4.063860667634252,1
31045,Presidential 20-Yr Tawny Dec,25,11.28,11.0,1.7204650534085255,2.9600000000000004,1
31070,Treana Red Calif,45,11.444444444444445,11.0,1.816034085026985,3.297979797979798,1
31075,J Lohr Hilltop Cab Svgn,11,11.090909090909092,11.0,1.9725387425622574,3.8909090909090915,1
31083,Stags Leap Chard Napa,52,10.903846153846153,11.0,1.9529727504761978,3.8141025641025648,1
31086,Shooting Star Znfdl Lake Cty,5,12.0,12.0,1.0,1.0,1
31119,Beringer Chard Private RSV,32,10.84375,11.0,1.868402370838476,3.4909274193548385,1
31120,Groth Chard Napa,22,11.272727272727273,11.0,1.956231025937332,3.8268398268398265,1
31157,Livio Felluga Pinot Grigio,2,10.0,10.0,1.4142135623730951,2.0,1
31160,Monsanto Chianti Clsc RSV,53,11.415094339622641,11.0,1.7145751017060817,2.9397677793904204,1
31163,Bonterra Viognier Orgnic,54,11.833333333333334,12.0,1.7988465906251634,3.235849056603774,1
31172,Luna di Luna Chard/Pnt Grig,51,11.529411764705882,12.0,1.6894134032435113,2.854117647058823,1
31176,Penfld Bin 407 Cab Svgn Ausl,1,13.0,13.0,,,1
31186,Almaden Merlot Cal B/B,55,10.872727272727273,11.0,1.8564656329877602,3.4464646464646456,1
31194,Conn Crk Ltd Rls Np Cab Svgn,18,11.166666666666666,11.0,1.6890651782777917,2.8529411764705883,1
31195,Northstar Merlot Columbia,34,10.647058823529411,11.0,1.8403285764129758,3.3868092691622103,1
31200,Banfi Rosso di Montalcino,51,10.627450980392156,11.0,1.7884158835542194,3.1984313725490194,1
31201,Beringer Fndrs Est Cab Svgn,53,10.679245283018869,11.0,1.8268676945237796,3.3374455732946298,1
31202,Beringer Fndrs Est Chard,52,10.692307692307692,11.0,1.8207783461536502,3.3152337858220213,1
31203,Beringer Fndrs Est Merlot,51,10.686274509803921,11.0,1.794326570927727,3.2196078431372555,1
31204,Beringer Fndrs Est Svgn Bl,33,10.757575757575758,11.0,1.8713348015237519,3.5018939393939394,1
31231,Nobilo Svgn Bl MarlborougH,54,11.333333333333334,12.0,1.682316462276133,2.8301886792452837,1
31233,Di Majo Norante Sangiovese,46,10.782608695652174,11.0,1.824683150312354,3.329468599033816,1
31277,Landmark Overlook Chard,33,11.393939393939394,11.0,1.6190157878205267,2.6212121212121207,1
31318,Ch de la Ragotiere Muscadet,35,10.857142857142858,12.0,2.0312681802677037,4.126050420168068,1
31320,La Vieille Ferme Rose Vntoux,54,10.462962962962964,10.5,2.080574693493639,4.328791055206149,1
31323,Villa Maria Clr Slct Svgn Bl,2,12.5,12.5,2.1213203435596424,4.5,1
31345,Cecchi Cern Chianti Clsc RSV,14,11.571428571428571,11.5,1.9889806323953876,3.9560439560439558,1
31346,Florio Dry Marsala Italy,40,10.825,11.0,1.7524707832525614,3.0711538461538463,1
31347,Florio Sweet Marsala Italy,46,10.5,11.0,1.798147194568157,3.2333333333333334,1
31349,Big House Red Cal,55,10.872727272727273,11.0,1.8564656329877602,3.4464646464646456,1
31356,Justin Isosceles Paso Roble,19,11.473684210526315,11.0,1.4669856112538155,2.152046783625731,1
31384,Benton Lane Pnt Nr Ore,47,9.97872340425532,10.0,2.0693347145790777,4.282146160962072,2
31419,Sandeman Ruby Port,42,11.428571428571429,12.0,1.7550325845471644,3.0801393728222997,1
31452,Foxhorn SE Cab Svgn Australi,53,10.924528301886792,11.0,1.8692764602274652,3.494194484760522,1
31454,Foxhorn SE Chard Australia,54,10.907407407407407,11.0,1.8558273191314598,3.444095038434661,1
31456,Foxhorn SE Merlot Australia,53,10.924528301886792,11.0,1.8692764602274652,3.494194484760522,1
31458,Foxhorn Wh Znfdl Cal,54,10.907407407407407,11.0,1.8558273191314598,3.444095038434661,1
31465,Franzia Tap Chard,55,10.872727272727273,11.0,1.8564656329877602,3.4464646464646456,1
31466,Ch Carignan Brdx,49,11.489795918367347,12.0,1.8271385755190162,3.3384353741496597,1
31482,Treana White Table Central,1,13.0,13.0,,,1
31487,Barefoot Bubbly Brut Cve,54,11.24074074074074,11.0,1.9125719637237402,3.6579315164220834,1
31488,Barefoot Chard Cal,54,11.24074074074074,11.0,1.9125719637237402,3.6579315164220834,1
31489,Barefoot Chard Cal,54,11.24074074074074,11.0,1.9125719637237402,3.6579315164220834,1
31493,Barefoot Merlot Cal,54,11.24074074074074,11.0,1.9125719637237402,3.6579315164220834,1
31494,Barefoot Merlot Cal,55,11.2,11.0,1.9187187082742176,3.681481481481482,1
31496,Barefoot Svgn Bl Cal,13,11.615384615384615,12.0,2.0223114472661203,4.089743589743589,1
31497,Barefoot Svgn Bl Cal,53,11.18867924528302,11.0,1.8918509838615412,3.579100145137881,1
31500,Barefoot Wh Znfdl Cal,54,11.24074074074074,11.0,1.9125719637237402,3.6579315164220834,1
31501,Barefoot Wh Znfdl Cal,52,11.23076923076923,11.0,1.8850847447053847,3.553544494720965,1
31502,Barefoot Znfdl Cal,5,12.0,12.0,2.1213203435596424,4.5,1
31503,Barefoot Znfdl Cal,4,10.25,9.0,2.5,6.25,1
31522,J Vineyards Pnt Nr RRV,4,11.5,11.5,1.2909944487358056,1.6666666666666667,1
31524,Rosemount Pnt Nr Ausl,36,11.777777777777779,12.0,1.7906281597107774,3.2063492063492056,1
31541,Morgan Winery Highland Chard,36,10.61111111111111,10.5,1.9896557890072741,3.9587301587301584,1
31542,Morgan Winery Twelve Clones,49,10.693877551020408,10.0,1.9916919276569551,3.966836734693878,1
31558,J Lohr Los Osos Merlot,48,11.395833333333334,11.0,1.853571404169424,3.4357269503546104,1
31561,Fess Parker Snt Barbr Pnt Nr,36,10.777777777777779,11.0,1.7421023606323005,3.0349206349206344,1
31573,Martin/Weyrich Moscato Alleg,46,10.58695652173913,10.5,1.795996621582095,3.2256038647342993,1
31581,Ch Graville Lacoste Graves,45,11.533333333333333,11.0,1.7529196424044295,3.072727272727273,1
31618,Chartron La Fleur Brdx Whit,49,11.571428571428571,12.0,1.695582495781317,2.875,1
31621,Novellum Chardonnay RSV VDP,25,11.88,12.0,1.8330302779823362,3.3600000000000008,1
31787,Peter Vella Merlot Calif B/B,53,11.283018867924529,11.0,1.9052292259681796,3.629898403483309,1
31788,Livingston Cab Svgn Cal,3,13.0,13.0,1.0,1.0,1
31789,Livingston Cab Svgn Cal,2,12.0,12.0,2.8284271247461903,8.0,1
31790,Dominio de Eguren Protocolo,40,11.6,12.0,1.7216569240422332,2.964102564102564,1
31796,Gekkeikan Sake Haiku Prm Sel,43,10.674418604651162,11.0,1.9113810792518104,3.653377630121816,1
31847,Saintsbury Carneros Pnt Nr,36,11.5,11.5,1.889822365046136,3.5714285714285716,1
31866,F Coppola Diamond Merlot,53,10.81132075471698,11.0,1.9120730169271667,3.6560232220609574,1
31873,Peter Vella Cab Svgn Cal B/B,33,11.545454545454545,12.0,1.888963159561832,3.568181818181819,1
31909,Catena Lunlunta Malbec Argn,53,11.50943396226415,11.0,1.6597340091508865,2.7547169811320753,1
31910,Luna di Luna Merlot/Cab Ca'M,48,11.4375,11.0,1.6490648542786366,2.7194148936170213,1
31915,F Coppola Diamond Chard,52,10.788461538461538,11.0,1.9234011792995551,3.69947209653092,1
31971,Trinchero Main St Cab Svgn,54,10.37037037037037,10.0,2.049356054373199,4.199860237596086,1
32054,Greg Norman Lmstn Cab/Merlot,54,10.648148148148149,11.0,1.8239228654598991,3.326694619147449,1
32055,Greg Norman Eden Vly Chard,31,10.580645161290322,10.0,1.8757077517279905,3.518279569892473,1
32065,Rosemount Cab Svgn/Merlot,4,12.75,13.0,1.2583057392117916,1.5833333333333333,1
32074,Warre's Kings Tawny Porto,48,10.583333333333334,11.0,2.0611227402448913,4.24822695035461,1
32084,Heidsieck Brut Monopole Epe,52,9.76923076923077,10.0,1.766966877363964,3.1221719457013575,1
32090,Rutherford Ranch Cab Svgn,53,11.471698113207546,11.0,1.8667513285106756,3.484760522496372,1
32107,Erath Pnt Gris Ore,50,10.88,11.0,1.9445370888198348,3.7812244897959184,1
32108,Erath Pnt Nr Oregon,55,10.818181818181818,11.0,1.954016841836789,3.818181818181819,1
32136,Warre's 20-Yr Tawny Port,19,10.052631578947368,10.0,2.1466688460270076,4.608187134502924,1
32137,F Coppola Diamond Znfd,45,10.622222222222222,11.0,1.9222251415870866,3.694949494949495,1
32138,Bonterra Merlot Organic Mndc,51,11.980392156862745,12.0,1.7145284608711675,2.9396078431372548,1
32203,Rancho Zabaco Heritage Znfdl,48,11.25,11.5,1.9296124624698994,3.723404255319149,1
32263,Lindemans Bin 65 Chard,55,11.436363636363636,11.0,1.8635254955935732,3.4727272727272727,1
32294,Dom Chandon Brut,51,10.549019607843137,10.0,1.9111643099450772,3.652549019607843,1
32296,Clos du Bois RSV Merlot Alex,11,11.636363636363637,12.0,1.9116865471476894,3.6545454545454548,1
32303,Dynamite Merlot N Cst,16,10.6875,11.0,2.330057223903882,5.429166666666666,1
32338,Stags Leap Svgn Bl Napa,27,11.148148148148149,11.0,1.833527573237818,3.361823361823362,1
32367,Cavit Pinot Noir Delle Vene,52,10.884615384615385,11.0,2.0642032708258373,4.260935143288084,1
32368,Cavit Pinot Noir Delle Vene,55,10.909090909090908,11.0,2.0482397797343443,4.195286195286195,1
32479,Danzante Del Vnzi Pnt Grigio,53,11.90566037735849,12.0,1.7349811675257705,3.0101596516690856,1
32508,C Krug Merlot Napa,34,10.970588235294118,11.5,1.9769167012025977,3.908199643493761,1
32514,Hogue Cellars Genesis Merlot,1,14.0,14.0,,,1
32543,Villa Cornaro Pinot Grigio,6,12.5,13.0,1.378404875209022,1.9,1
32545,Artesa Carneros Chard,44,11.818181818181818,12.0,1.8460860832145605,3.408033826638477,1
32546,Artesa Carneros Pnt Nr,45,11.866666666666667,12.0,1.752919642404429,3.072727272727272,1
32592,Mionetto Frizzante Prosecco,11,12.090909090909092,12.0,1.3751033019046575,1.8909090909090913,1
32604,Kendall Jackson Vt RSV Syrah,50,10.42,10.0,1.7389886810019959,3.0240816326530613,1
32619,Schmitt Sohne Blue Rsl,50,11.58,12.0,1.6670883820209974,2.779183673469387,1
32648,Beringer Classic Wh Znfdl,54,10.61111111111111,10.5,1.8369033280164715,3.3742138364779883,1
32649,Beringer Classic Wh Merlot,54,10.648148148148149,11.0,1.8239228654598991,3.326694619147449,1
32650,Beringer Fndrs Est Pnt Nr,41,10.707317073170731,10.0,1.7065154912719718,2.9121951219512194,1
32652,Beringer Classic Wh Merlot,54,10.648148148148149,11.0,1.8239228654598991,3.326694619147449,1
32656,Turning Leaf RSV Pflz Pnt Nr,1,14.0,14.0,,,1
32669,Ch Ste Michelle Cold Crk Rsl,3,10.333333333333334,9.0,2.3094010767585034,5.333333333333334,1
32670,Columbia Crest Vns Merlot/Ca,44,10.863636363636363,11.0,1.9599585791886796,3.841437632135307,1
32675,Blackstone Cab Svgn Cal,54,11.333333333333334,12.0,1.682316462276133,2.8301886792452837,1
32679,Pepperwood Grove Merlot Cal,35,11.4,11.0,1.785563018803214,3.1882352941176473,1
32749,Brancott Svgn Bl Marlboro,55,11.145454545454545,11.0,1.7577150763312832,3.0895622895622887,1
32782,Hardys Whiskers Blake Tawny,1,8.0,8.0,,,1
32796,Warre's Otima 10-Yr Tawny,54,10.481481481481481,10.5,2.0626118333613555,4.254367575122291,1
32803,Truchard Carneros Chard,17,10.882352941176471,12.0,2.3420704766609943,5.485294117647058,1
32805,Truchard Carneros Pnt Nr,31,10.129032258064516,10.0,2.0775295502731277,4.316129032258065,1
32807,Flag Hill De Chaunac Red NH,3,10.333333333333334,11.0,1.1547005383792517,1.3333333333333335,1
32809,Flag Hill Marechal Foch NH,29,10.551724137931034,10.0,1.7234974179712872,2.970443349753694,1
32823,Beaucanon Merlot Napa,2,12.0,12.0,2.8284271247461903,8.0,1
32826,Rombauer Carneros Chard,55,11.436363636363636,11.0,1.8635254955935732,3.4727272727272727,1
32827,Rombauer Merlot Napa,23,11.521739130434783,12.0,2.04204810773603,4.169960474308301,1
32831,Carpineto Dogajolo Tuscan Rd,54,11.75925925925926,12.0,1.831951070298891,3.3560447239692524,1
32832,Cesari Valpolicella Clsc Am,27,11.851851851851851,12.0,1.747607236804384,3.0541310541310542,1
32835,Mionetto Prosecco Superiore,36,11.527777777777779,12.0,1.6985054120963627,2.884920634920635,1
32900,Sandeman Tawny 40-Yr Port,23,11.08695652173913,11.0,1.64905051133457,2.719367588932806,1
32906,Sterling Vintners Cab Svgn C,55,10.290909090909091,11.0,1.9689509076581053,3.8767676767676766,1
32907,Sterling Vintners Cltn Chard,55,10.290909090909091,11.0,1.9689509076581053,3.8767676767676766,1
32908,Sterling Vintners Cltn Merlo,54,10.277777777777779,10.5,1.9850066932700865,3.9402515723270435,1
32915,Kim Crawford Svgn Bl Marlbro,55,11.290909090909091,12.0,1.6961036751235687,2.8767676767676766,1
32924,Silverado Cab Svgn Napa,50,11.48,11.5,1.8652569993085102,3.4791836734693877,1
32968,Alice White Chard Ausl,54,11.24074074074074,11.5,1.670331400686761,2.7900069881201963,1
32969,Alice White Shiraz Ausl,46,11.347826086956522,12.0,1.6762045924494993,2.809661835748792,1
32988,Barefoot Cab Svgn Cal,54,11.24074074074074,11.0,1.9125719637237402,3.6579315164220834,1
32989,Barefoot Cab Svgn Cal,54,11.24074074074074,11.0,1.9125719637237402,3.6579315164220834,1
33028,Rombauer Cab Svgn Napa,24,10.958333333333334,10.5,1.8528278426483,3.4329710144927534,1
33032,Rombauer El Dorado Znfdl,52,11.5,12.0,1.8838841811117628,3.549019607843137,1
33035,Cape Indaba Chard S Africa,31,11.451612903225806,11.0,1.567135596716067,2.4559139784946233,1
33037,Beringer Fndrs Est Cab Svgn,55,10.618181818181819,11.0,1.8205708210553397,3.314478114478114,1
33038,Beringer Fndrs Est Chard,52,10.615384615384615,10.5,1.8487287222267423,3.4177978883861235,1
33039,Beringer Fndrs Est Merlot,53,10.584905660377359,11.0,1.7806001825675666,3.1705370101596513,1
33052,Gosset Grande RSV Brut,1,8.0,8.0,,,1
33055,Cape Indaba Svgn Bl S Africa,47,11.51063829787234,11.0,1.6268446443229474,2.646623496762257,1
33067,Montevina Pnt Grigio Cal,6,11.5,11.0,1.378404875209022,1.9,1
33075,Forest Glen Chard,49,11.448979591836734,11.0,1.8149979854189453,3.29421768707483,1
33076,Forest Glen Merlot Cal,1,13.0,13.0,,,1
33111,Marques de Gelida Cava Spai,5,11.0,12.0,1.8708286933869707,3.5,1
33115,Beringer Classic Chenin Blan,1,10.0,10.0,,,1
33143,Our Daily Red,50,10.74,11.0,1.7706219361615076,3.135102040816326,1
33147,Jura Bl de Bl Brut D'Argent,2,12.5,12.5,2.1213203435596424,4.5,1
33148,Alamos Ridge Chard Mendoza,49,11.244897959183673,11.0,1.865594322694714,3.4804421768707487,1
33149,Alamos Ridge Malbec Mendoza,55,11.2,11.0,1.9187187082742176,3.681481481481482,1
33204,Piero Broglia Gavi di Gavi,3,10.666666666666666,11.0,0.5773502691896257,0.3333333333333333,1
33206,Bodegas Faustino V RSV Rioj,26,10.653846153846153,11.0,2.243966268771573,5.035384615384615,1
33209,Sycamore Lane Cab Svgn Cal,14,10.642857142857142,11.0,1.9057460827371866,3.6318681318681314,1
33210,Sycamore Lane Cab Svgn Cal,55,10.345454545454546,10.0,2.038683142675427,4.156228956228955,1
33211,Sycamore Lane Chard Cal,14,10.785714285714286,11.0,1.9286731759891877,3.7197802197802208,1
33212,Sycamore Lane Chard Cal,53,10.339622641509434,10.0,2.056354094642853,4.228592162554427,1
33213,Sycamore Lane Merlot Cal,21,10.476190476190476,10.0,1.7498299237082333,3.0619047619047617,1
33214,Sycamore Lane Merlot Cal,51,10.254901960784315,10.0,2.0478587573844242,4.193725490196078,1
33215,Sycamore Lane Wh Znfdl Cal,3,9.666666666666666,11.0,2.3094010767585034,5.333333333333334,1
33216,Sycamore Lane Wh Znfdl Cal,44,10.409090909090908,10.0,2.060911762756698,4.247357293868921,1
33264,Churchills LBV Port,1,10.0,10.0,,,1
33265,El Coto de Rioja Crianza Re,41,10.975609756097562,11.0,1.7956587214452635,3.224390243902439,1
33267,El Coto de Rioja RSV Coto d,35,10.971428571428572,11.0,1.9476337722796784,3.7932773109243705,1
33278,Villa Cornaro Pnt Grigio LTD,46,11.5,11.5,1.834847859269718,3.3666666666666667,1
33307,Santa Rita Medalla Cab Svgn,36,10.972222222222221,11.0,2.021118659287632,4.0849206349206355,1
33325,Jacobs Crk Merlot,1,13.0,13.0,,,1
33326,Jacobs Crk Shiraz,46,11.282608695652174,11.5,1.7846635970370919,3.1850241545893714,1
33331,Moletto Prosecco Della Marc,21,10.19047619047619,10.0,1.600595127415038,2.5619047619047617,1
33333,Cavit Merlot Trentino,3,10.666666666666666,11.0,2.5166114784235836,6.333333333333334,1
33334,Cavit Pinot Grigio Delle Ve,54,10.944444444444445,11.0,2.050463975719464,4.204402515723271,1
33348,Greg Norman Limestone Shiraz,52,10.692307692307692,11.0,1.8421903154590302,3.393665158371041,1
33370,Whitehall Lane Cab Svgn Napa,40,11.475,11.5,1.7539333086756894,3.076282051282051,1
33425,Est! Est!! Est!!! Bigi Grfti,2,12.5,12.5,0.7071067811865476,0.5,1
33441,Etude Carneros Pnt Nr,29,11.482758620689655,12.0,1.9752158951649605,3.9014778325123163,1
33446,Takara Sake Sho Chiku Bai G,53,9.50943396226415,10.0,1.9177575196590935,3.6777939042089987,1
33513,Dom Ste Michelle Brut Rose,4,11.0,10.5,2.160246899469287,4.666666666666667,1
33573,Morgan Winery Svgn Bl Mont S,37,10.72972972972973,10.0,1.9528988232404192,3.8138138138138142,1
33574,Morgan Winery Syrah G-17 Mon,31,10.935483870967742,11.0,1.8962328245052567,3.5956989247311832,1
33578,Tommasi Pinot Grigio Le Ros,37,11.756756756756756,12.0,1.7062858527841727,2.9114114114114114,1
33579,Tommasi Valpo Clsc Supr Rafl,54,11.5,11.5,1.819703479888133,3.311320754716981,1
33581,Masi Modello Delle Venezie,24,12.375,13.0,1.582856526223617,2.505434782608696,1
33582,Villa Cornaro Prosecco Del,54,11.481481481481481,11.5,1.8504537000090027,3.4241788958770076,1
33586,Fattoria Del Cerro Vino Nob,1,9.0,9.0,,,1
33587,Produttori del Barbaresco P,50,11.48,11.5,1.7289846023322593,2.9893877551020407,1
33672,Toasted Head Merlot Cal,44,11.340909090909092,12.0,1.5692270622630395,2.462473572938689,1
33682,R Mondavi Pvt Slctn Cab Sv,53,11.283018867924529,12.0,1.6568895614578312,2.745283018867924,1
33683,R Mondavi Privt Slct Chard,54,11.333333333333334,12.0,1.682316462276133,2.8301886792452837,1
33684,R Mondavi Pvt Sel Merlot,50,11.34,12.0,1.6364471221745813,2.6779591836734693,1
33685,Montepulciano D'Abruz Sensi,2,11.5,11.5,2.1213203435596424,4.5,1
33706,Canaletto Mntplcno Abruzzo,27,9.666666666666666,10.0,1.8810798862519205,3.5384615384615383,1
33707,Canaletto Pnt Grigio Venezie,2,11.0,11.0,0.0,0.0,1
33717,Domaine Pallieres Gigondas R,10,10.7,10.0,2.110818693198342,4.455555555555556,1
33719,Dom Le Sang des Cailloux Va,2,10.5,10.5,0.7071067811865476,0.5,1
33731,Hopler Gruner Veltliner,51,10.72549019607843,11.0,2.0206774247518977,4.0831372549019616,1
33734,Hopler Pinot Noir Austria,9,10.666666666666666,11.0,2.449489742783178,6.0,1
33735,Hopler Trockenbeerenauslese,1,12.0,12.0,,,1
33765,Perrier Jouet Gr Brut,4,10.75,10.5,2.0615528128088303,4.25,1
33767,Sensi Chianti DOCG,38,11.394736842105264,11.0,1.8821993128254428,3.5426742532005693,1
33768,Sensi Sangiovese/Cab Svgn T,26,11.23076923076923,11.0,1.9658625039954816,3.8646153846153846,1
33819,Sokol Blosser Evolution Whit,51,11.509803921568627,12.0,1.8587366571906614,3.454901960784314,1
33873,Bella Sera Pnt Grigio Del,55,11.2,11.0,1.9187187082742176,3.681481481481482,1
33874,Bella Sera Pinot Grigio Del,54,11.24074074074074,11.0,1.9125719637237402,3.6579315164220834,1
33879,Gallo Twin Valley Wh Merlot,50,11.22,11.0,1.8983343934585803,3.603673469387756,1
33923,Calera Jensen Mt Hrln Pnt Nr,1,10.0,10.0,,,1
33930,Dom Chandon Etoile,6,10.333333333333334,10.0,1.0327955589886446,1.0666666666666669,1
33953,L Bernard Cotes du Rhone,28,11.571428571428571,12.0,1.8344152651674497,3.3650793650793647,1
33960,Allegrini Valpolicella Clsc,41,11.317073170731707,11.0,1.8899606396727404,3.5719512195121945,1
33961,Allegrini Amarone Clsc,19,11.421052631578947,12.0,2.1683529200674214,4.701754385964913,1
33963,Falesco Vitiano Umbria,29,10.724137931034482,12.0,1.925330244847397,3.706896551724138,1
33965,Castellare Chianti Clsc,43,10.581395348837209,10.0,1.9424157533920154,3.7729789590254708,1
33966,Prunotto Barbaresco,7,10.857142857142858,9.0,2.3401261667248794,5.476190476190477,1
33971,Zenato Valpolicella Clsc Ri,17,10.705882352941176,12.0,2.0237559722689187,4.095588235294117,1
33982,Lyeth Estate Meritage N Cst,45,11.4,11.0,1.826571552489427,3.336363636363636,1
33987,Cavit Cab Svgn,48,11.020833333333334,11.0,2.047204459571828,4.191046099290781,1
33988,Cavit Chardonnay Trentino,55,10.909090909090908,11.0,2.0482397797343443,4.195286195286195,1
34014,Hess Collection Cab S Mt Vee,34,11.735294117647058,12.0,1.8308604291079755,3.3520499108734403,1
34020,Champalou Vouvray Cuvee Fon,19,11.263157894736842,11.0,1.9675733859858355,3.8713450292397655,1
34021,Chanrion Cote de Brouilly,1,10.0,10.0,,,1
34022,Marcel Lapierre Morgon,1,13.0,13.0,,,1
34060,Cavit Pinot Grigio Bottega,45,10.866666666666667,11.0,2.0736441353327715,4.299999999999998,1
34074,Girard Artistry Napa Vly Red,2,10.5,10.5,0.7071067811865476,0.5,1
34082,Dom du Dupeuble Bjls,1,9.0,9.0,,,1
34101,Ch Ste Michelle Cab Svgn,5,10.2,9.0,2.3874672772626644,5.699999999999999,1
34123,Freixenet Cordon Negro Brut,40,11.65,12.0,1.915523627948966,3.669230769230769,1
34133,Turning Leaf RSV Cab Svgn,54,11.24074074074074,11.0,1.9125719637237402,3.6579315164220834,1
34134,Turning Leaf RSV Chard Cal,54,11.24074074074074,11.0,1.9125719637237402,3.6579315164220834,1
34135,Turning Leaf RSV Merlot Cal,19,11.526315789473685,12.0,1.71167302993402,2.9298245614035086,1
34136,Turning Leaf RSV Pnt Grigio,10,10.9,10.0,2.2335820757001272,4.988888888888888,1
34137,Fat Bastard Chard,52,10.673076923076923,10.5,1.7791951677506348,3.1655354449472095,1
34138,Fat Bastard Shiraz,37,10.702702702702704,11.0,1.6476391336438676,2.714714714714715,1
34144,Capanna Brunello Montalcino,3,12.333333333333334,12.0,1.5275252316519468,2.3333333333333335,1
34153,Capanna Rosso di Montalcino,6,10.333333333333334,10.5,2.1602468994692865,4.666666666666666,1
34175,Lindemans Bin 50 Shiraz,54,11.444444444444445,11.5,1.880050849038013,3.5345911949685536,1
34193,Kangarilla McLaren Vl Shiraz,1,11.0,11.0,,,1
34215,Chimney Rock SLD Cab Svgn,1,9.0,9.0,,,1
34219,Simi Merlot,44,11.454545454545455,12.0,1.6906658307821232,2.858350951374207,1
34333,Snoqualmie Cabernet/Merlot,1,14.0,14.0,,,1
34339,Snoqualmie Svgn Bl Columbia,1,14.0,14.0,,,1
34388,Kesselstatt Rsl RK QbA Mosel,30,10.3,10.0,1.822275954725961,3.320689655172413,1
34393,Valckenberg Gewurz Pfalz,52,10.653846153846153,10.5,2.0086539770196064,4.034690799396682,1
34395,Valckenberg Madonna Kabinet,1,11.0,11.0,,,1
34397,Valckenberg Madonna Spatlese,1,10.0,10.0,,,1
34427,Frei Bros RSV Cab Svgn Alex,54,11.203703703703704,11.0,1.9365367807002511,3.7501747030048924,1
34428,Frei Bros RSV Chard RRV,55,11.2,11.0,1.9187187082742176,3.681481481481482,1
34429,Frei Bros RSV Mendcno Merlot,52,11.288461538461538,11.5,1.9234011792995556,3.6994720965309207,1
34430,Frei Bros RSV Pnt Nr RRV,51,11.27450980392157,11.0,1.9087004099391713,3.6431372549019607,1
34431,Beaulieu Cab Svgn Napa,52,10.26923076923077,11.0,1.941450686788302,3.769230769230769,1
34439,Toad Hollow Mendocino Chard,55,11.4,11.0,1.7277688459933478,2.985185185185185,1
34460,Dr Loosen Rsl 'Dr L' M,54,11.481481481481481,11.5,1.8504537000090027,3.4241788958770076,1
34472,Carlo Rossi Chianti Cal,8,11.75,12.0,1.9820624179302297,3.9285714285714284,1
34473,Carlo Rossi Chianti Cal,12,11.75,11.5,1.9128750375000738,3.659090909090909,1
34474,Livingston Chianti Cal,5,12.8,12.0,1.0954451150103324,1.2000000000000002,1
34501,Gabbiano Pinot Grigio Delle,7,10.714285714285714,10.0,1.9760470401187071,3.9047619047619038,1
34504,Ca'Montini Pinot Grigio Tre,52,11.461538461538462,11.5,1.7429020025946862,3.0377073906485674,1
34507,Trinity Oaks Cab Svgn Cal,11,10.181818181818182,10.0,1.6624188291872668,2.7636363636363632,1
34508,Trinity Oaks Chard Cal,10,10.1,10.0,2.282785822435191,5.211111111111111,1
34509,Trinity Oaks Merlot Cal,7,9.285714285714286,10.0,1.7043362064926932,2.9047619047619047,1
34525,Neyers Merlot Napa,5,11.2,10.0,2.16794833886788,4.7,1
34532,Dom Fontsainte Corbieres Gr,11,11.909090909090908,12.0,1.513574937328539,2.290909090909091,1
34539,Ch Roumier-Lacoste Barsac W,1,11.0,11.0,,,1
34580,Luce Della Vite Lucente Tosc,8,12.5,13.0,1.4142135623730951,2.0,1
34628,Banrock Station Merlot Ausl,2,12.5,12.5,0.7071067811865476,0.5,1
34635,Riunite Lambrusco Rose,50,10.5,11.0,1.7985254731448816,3.2346938775510203,1
34646,Terrazas Alto Cab Svgn Argn,2,9.5,9.5,3.5355339059327378,12.5,1
34647,Terrazas Alto Malbec Argn,45,10.577777777777778,11.0,1.9127430194842847,3.6585858585858584,1
34674,Warre's Altano Douro Portuga,30,10.8,12.0,1.9896282792660476,3.958620689655173,1
34694,Valley of the Moon Pnt Bl,22,12.136363636363637,13.0,1.55212464354217,2.4090909090909087,1
34703,Valley of the Moon Znfdl,7,12.142857142857142,13.0,1.8644544714716087,3.476190476190476,1
34733,Lake Sonoma Cab Svgn AV,2,13.0,13.0,0.0,0.0,1
34735,Lake Sonoma Znfdl Dry Creek,7,12.142857142857142,12.0,1.5735915849388864,2.4761904761904763,1
34746,Hogue Clrs Pnt Gris Columbia,3,10.666666666666666,10.0,2.081665999466133,4.333333333333334,1
34752,Frogs Leap Svgn Bl Napa,45,11.311111111111112,11.0,1.7557984744350028,3.0828282828282836,1
34761,Meridian Pnt Grigio Cal,1,10.0,10.0,,,1
34763,Mas Donis Montsant Old Vines,30,11.366666666666667,11.0,1.7116907014619387,2.9298850574712634,1
34777,Bandol Dom Gros Nore,1,10.0,10.0,,,1
34792,Ch Thivin Cote de Brouilly,2,12.0,12.0,1.4142135623730951,2.0,1
34802,Dom Diochon Moulin-a-Vent,6,11.833333333333334,12.0,1.7224014243685086,2.9666666666666672,1
34803,Bregeon Muscadet Sevre et M,6,11.666666666666666,12.0,1.96638416050035,3.8666666666666663,1
34822,Alice White Chard Ausl,1,14.0,14.0,,,1
34825,J Vineyards Pnt Gris,53,11.18867924528302,11.0,1.8918509838615412,3.579100145137881,1
34841,Hopler Pnt Bl,12,10.75,11.5,1.9128750375000738,3.659090909090909,1
34842,Hopler Zweigelt Austria,1,12.0,12.0,,,1
34850,Bargetto Chaucer's Hney Mead,44,10.590909090909092,10.5,1.529830235576116,2.3403805496828745,1
34870,Arca Nova Vinho Verde,53,10.660377358490566,10.0,2.046980855819831,4.190130624092888,1
34893,Banfi Rosa Regale,3,12.666666666666666,13.0,0.5773502691896257,0.3333333333333333,1
34903,Smoking Loon Cab Svgn,55,11.4,11.0,1.7277688459933478,2.985185185185185,1
34904,Smoking Loon Chard,53,11.433962264150944,11.0,1.7265955158842787,2.981132075471699,1
34905,Smoking Loon Merlot,52,11.365384615384615,11.0,1.7267088285470142,2.981523378582202,1
34906,Smoking Loon Syrah,35,11.428571428571429,11.0,1.6321352720343028,2.6638655462184873,1
34907,Smoking Loon Viognier Cal,26,11.461538461538462,11.0,1.4486067577025652,2.0984615384615384,1
34947,M Chiarlo Moscato D'Asti Ni,52,10.903846153846153,11.0,2.04133381409635,4.167043740573153,1
34950,Ch Ste Michelle Col Solare R,8,11.875,13.0,1.8850918886280925,3.5535714285714284,1
34951,Ch Ste Michelle Eroica Rsl W,51,10.803921568627452,11.0,1.9495600308083592,3.8007843137254906,1
34971,Jermann Pinot Grigio Venezi,35,11.6,12.0,1.801959717510192,3.2470588235294113,1
34982,Baron K Kabinett,3,10.333333333333334,9.0,2.3094010767585034,5.333333333333334,1
34996,Carpineto Dogajolo Tuscan R,25,11.28,11.0,1.9043809142780934,3.626666666666667,1
34998,Luiano Chianti Clsc,41,12.048780487804878,13.0,1.6725910963561166,2.797560975609756,1
35048,Castell Del Remei Gotim Bru,41,11.487804878048781,11.0,1.6143412157829615,2.60609756097561,1
35049,Ch Pesquie Cotes du Ventoux,51,11.450980392156863,11.0,1.6889490873344415,2.8525490196078427,1
35075,Clos LaChance Chard,24,10.041666666666666,10.0,2.3121449982113194,5.346014492753622,1
35088,Newport Vyds Great White RI,50,10.6,10.0,1.7728105208558367,3.142857142857143,1
35103,Ruffino Chianti Superiore,53,11.283018867924529,12.0,1.6568895614578312,2.745283018867924,1
35104,La Crema Russian Rive Pnt Nr,2,10.5,10.5,2.1213203435596424,4.5,1
35123,Terrabianca Campaccia,21,11.380952380952381,11.0,1.8021151593666394,3.2476190476190476,1
35130,C Back Goats Do Roam Rouge,53,10.50943396226415,11.0,2.0719986775076893,4.293178519593614,1
35180,Vendange Shiraz,2,13.0,13.0,1.4142135623730951,2.0,1
35266,Vieux Telegraphe Pigeoulet,7,12.142857142857142,13.0,2.115700942049815,4.476190476190475,1
35290,Vampire Transylvania Merlot,1,9.0,9.0,,,1
35294,Mionetto Prosecco Brut,54,11.444444444444445,11.0,1.7119630866531244,2.9308176100628933,1
35318,Jewell Towne Marechal Foch,41,9.414634146341463,9.0,1.8024373741700093,3.248780487804878,1
35319,Jewell Towne Rsl NH,39,9.692307692307692,10.0,1.9351845574143725,3.74493927125506,1
35358,Cataldi Madonna Malandrino,2,10.5,10.5,0.7071067811865476,0.5,1
35365,Ravenswood Dickerson Znfdl,15,11.333333333333334,11.0,1.543033499620919,2.3809523809523805,1
35375,Hess Allomi Cab Svgn,53,11.547169811320755,12.0,1.8034799452495367,3.2525399129172716,1
35380,Liberty School Chard Cntrl C,25,11.4,11.0,1.848422751068236,3.4166666666666665,1
35392,Tohu Chard Marlborough NZ,25,11.08,11.0,1.4977761292440648,2.2433333333333336,1
35393,Tohu Svgn Bl Marlboro,54,11.444444444444445,11.0,1.7119630866531244,2.9308176100628933,1
35407,Blue Nun Rsl,2,9.5,9.5,0.7071067811865476,0.5,1
35411,Yellow Tail Chard Ausl,53,11.49056603773585,12.0,1.8669456906673283,3.4854862119013075,1
35412,Yellow Tail Chard Ausl,54,11.481481481481481,11.5,1.8504537000090027,3.4241788958770076,1
35413,Yellow Tail Shiraz Ausl,54,11.481481481481481,11.5,1.8504537000090027,3.4241788958770076,1
35414,Yellow Tail Shiraz Ausl,55,11.436363636363636,11.0,1.8635254955935732,3.4727272727272727,1
35430,Planeta Chardonnay di Sicil,17,10.941176470588236,11.0,2.1351401662213574,4.558823529411765,1
35442,Borsao Tres Picos Garnacha,51,11.490196078431373,11.0,1.6777669566373972,2.8149019607843138,1
35464,Stags Leap Artemis Cab Svgn,54,10.851851851851851,11.0,1.9561939114380886,3.8266946191474487,1
35471,R M Woodbridge Pnt Grigio,54,11.333333333333334,12.0,1.682316462276133,2.8301886792452837,1
35472,R M Woodbridge Pnt Grigio,55,11.290909090909091,12.0,1.6961036751235687,2.8767676767676766,1
35480,Prinz Salm Der Weib,5,9.6,9.0,2.1908902300206643,4.8,1
35490,Sierra Cantabria Rioja Tint,28,11.392857142857142,11.0,1.6852142563920733,2.839947089947089,1
35577,Laboure-Roi Pouilly Fuisse,1,12.0,12.0,,,1
35578,Alamos Ridge Cab Svgn Mendza,51,11.254901960784315,11.0,1.8957123964874203,3.5937254901960785,1
35581,Frogs Leap Merlot Napa,34,11.264705882352942,11.0,1.9118264078895195,3.6550802139037435,1
35589,Cape Mentelle Sem/Svgn Bl,8,10.0,10.0,2.0,4.0,1
35590,Tiziano Chianti,37,11.675675675675675,12.0,1.6508256192660766,2.725225225225225,1
35605,Castle Rock Paso Ro Cab Svgn,48,11.645833333333334,12.0,1.8158824515959684,3.2974290780141846,1
35606,Castle Rock Chard Cntrl Cst,49,11.510204081632653,12.0,1.8721917745830223,3.5051020408163267,1
35607,Castle Rock Merlot Cal,45,11.377777777777778,11.0,1.9222251415870864,3.6949494949494945,1
35644,Grenache/Shirz Stump Jump,1,13.0,13.0,,,1
35646,D'Arenberg Footbolt Shiraz,39,11.564102564102564,11.0,1.7136429615675763,2.936572199730094,1
35650,Penley Est Phoenix Cab Svgn,26,11.884615384615385,12.5,1.7737400728838049,3.1461538461538456,1
35663,Redwood Creek Cab Svgn Cal,6,11.333333333333334,11.5,1.7511900715418263,3.0666666666666664,1
35664,Redwood Creek Cab Svgn Cal,53,11.18867924528302,11.0,1.8918509838615412,3.579100145137881,1
35665,Redwood Creek Chard Cal,2,12.0,12.0,2.8284271247461903,8.0,1
35666,Redwood Creek Chard Cal,54,11.24074074074074,11.0,1.9125719637237402,3.6579315164220834,1
35667,Redwood Creek Merlot Cal,4,9.75,9.5,1.707825127659933,2.9166666666666665,1
35668,Redwood Creek Merlot Cal,54,11.24074074074074,11.0,1.9125719637237402,3.6579315164220834,1
35670,Redwood Creek Svgn Bl Cal,54,11.24074074074074,11.0,1.9125719637237402,3.6579315164220834,1
35709,Colosi Sicilia Dry Red,30,11.6,12.0,1.6733200530681513,2.8000000000000007,1
35714,Miner Chard Napa,2,11.0,11.0,1.4142135623730951,2.0,1
35716,Miner Gary's Vyd Pnt Nr,2,13.5,13.5,0.7071067811865476,0.5,1
35747,Zenato Lugana Doc San Bened,37,10.864864864864865,11.0,1.9026613256489238,3.62012012012012,1
35755,Ken Wright Canary Hill Pnt N,3,10.333333333333334,12.0,2.8867513459481287,8.333333333333332,1
35756,Ken Wright Freedom Hill Pnt,7,11.571428571428571,12.0,1.618347187425374,2.619047619047619,1
35757,Ken Wright McCrone Ore Pnt N,1,12.0,12.0,,,1
35759,Ken Wright Shea Ore Pnt Nr,2,12.5,12.5,0.7071067811865476,0.5,1
35795,Penfolds Koonunga Cab/Merlot,1,10.0,10.0,,,1
35800,Penfolds T Hyland Shiraz,20,11.55,12.0,1.79105966869954,3.2078947368421056,1
35801,Penfolds Rawsons Shiraz/Cab,25,11.6,12.0,1.7320508075688772,3.0,1
35837,Franzia Rhine Tap,5,10.2,10.0,1.3038404810405297,1.7,1
35855,Botromagno Gravina,1,12.0,12.0,,,1
35860,Stella Merlot Veneto,1,10.0,10.0,,,1
35862,Allegrini Palazzo Della Tor,54,11.25925925925926,11.0,1.885247445699482,3.554157931516422,1
35864,Stella Pinot Grigio Umbria,7,10.285714285714286,10.0,1.6035674514745464,2.5714285714285716,1
35885,Due Torri Pinot Grigio Dell,40,11.9,12.0,1.8088103471052106,3.271794871794872,1
35896,Catena Alta Historic Rows CS,13,11.615384615384615,11.0,1.660244035197915,2.756410256410256,1
35905,Catena Alta Historic Malbec,18,11.555555555555555,11.5,1.4234267774809046,2.0261437908496727,1
35910,Mulderbosch Svgn Bl Stelnbch,16,11.0625,10.5,1.8786076404259264,3.529166666666667,1
35913,Stone Cellars Cab Svgn,54,10.666666666666666,11.0,1.801466907513964,3.245283018867925,1
35914,Stone Cellars Chard,54,10.648148148148149,11.0,1.8239228654598991,3.326694619147449,1
35916,Stone Cellars Merlot,51,10.705882352941176,11.0,1.7696792663876562,3.1317647058823526,1
35918,Stone Cellars Pnt Grigio,49,10.653061224489797,11.0,1.8320186999610029,3.356292517006803,1
35941,Rancho Zabaco Dncg Bul Znfdl,48,11.3125,11.0,1.9258184223193735,3.708776595744681,1
35956,Kesselstatt Schwartzhof GG,1,11.0,11.0,,,1
35957,Kesselstatt Josephshofer Kab,2,10.5,10.5,0.7071067811865476,0.5,1
35959,Stags Leap Winery Cab Svgn,41,10.658536585365853,11.0,1.9184597480473882,3.680487804878048,1
35960,Stags Leap Winery Chard Napa,39,10.564102564102564,10.0,1.7887789395190608,3.199730094466936,1
35962,Stags Leap Wine Petite Syrah,24,10.625,11.0,1.9067956275430755,3.635869565217391,1
35967,Cloudy Bay Chard Marlboro,33,10.757575757575758,11.0,1.953047346941169,3.8143939393939394,1
35972,Cambas Mavrodafne of Patras,36,10.666666666666666,10.5,1.927248223318863,3.7142857142857144,1
35976,Zeller Schwarze Rsl Valcknbg,55,10.654545454545454,10.0,2.029579246837117,4.119191919191919,1
35977,Jaboulet Cotes du Rhone Par,1,12.0,12.0,,,1
35989,Ch Haut Brion 10,2,10.0,10.0,1.4142135623730951,2.0,1
35990,La Clarte de Haut Brion 10,4,10.25,10.0,1.5,2.25,1
35999,Fanal Madeira Full Rich,37,11.108108108108109,12.0,2.024623199288969,4.0990990990991,1
36000,Fanal Madeira Rainwater,27,10.962962962962964,11.0,1.5806882989936688,2.4985754985754984,1
36045,Pepperwood Grove Pnt Grigio,4,11.0,11.0,1.632993161855452,2.6666666666666665,1
36059,Ch Clinet 10 Brdx,2,12.0,12.0,0.0,0.0,1
36060,Vieux Ch Certan 10 Red Brdx,2,10.0,10.0,1.4142135623730951,2.0,1
36063,Ch La Mission Haut-Brion 10,4,10.25,10.0,1.5,2.25,1
36065,Ch Montrose 10,1,11.0,11.0,,,1
36069,Ch Lagrange 10,1,9.0,9.0,,,1
36070,Ch Cos D'Estournel 10,3,10.0,10.0,1.0,1.0,1
36071,Ch La Mondot 10,1,11.0,11.0,,,1
36072,Ch Malartic-Lagraviere 10,1,11.0,11.0,,,1
36075,Ch L'Eglise Clinet 10,1,11.0,11.0,,,1
36076,Ch Haut-Bailly 10,3,10.666666666666666,11.0,1.5275252316519468,2.3333333333333335,1
36078,Ch Angelus 10,2,9.0,9.0,2.8284271247461903,8.0,1
36079,Ch Giscours 10,1,9.0,9.0,,,1
36080,Ch La Mission Haut Brion 10,8,9.625,9.0,2.1998376563477846,4.839285714285714,1
36081,La Clarence Haut Brion 10,4,10.25,10.0,1.5,2.25,1
36087,Ramey Russian River Chard,22,11.090909090909092,11.0,1.8233692233542071,3.3246753246753245,1
36088,Dom Poujol Rose Coteaux du,5,11.6,11.0,2.3021728866442674,5.3,1
36100,Carpineto Vino Nobile RSV d,45,11.88888888888889,12.0,1.7609685122142587,3.1010101010101,1
36101,Carpineto Brunello Montalci,13,12.076923076923077,12.0,1.6563785025137654,2.743589743589744,1
36123,Qupe Central Coast Syrah Cal,37,11.297297297297296,11.0,1.6476391336438676,2.714714714714715,1
36135,Foley Santa Maria Hil Pnt Nr,2,14.0,14.0,0.0,0.0,1
36138,Renzo Masi Chianti Rufina,33,10.818181818181818,11.0,1.8106377580590467,3.2784090909090913,1
36139,Renzo Masi Chiant Rufina RS,28,11.071428571428571,11.5,2.0892772350933626,4.365079365079366,1
36153,Edna Valley Paragon Pnt Nr,38,11.210526315789474,11.0,1.8910585443628343,3.5761024182076815,1
36154,Frogs Leap Znfdl Napa,30,11.7,12.0,1.8032537641527426,3.251724137931035,1
36155,De Villaine Bouzeron Aligot,2,12.0,12.0,2.8284271247461903,8.0,1
36161,Ch Ste Michelle Pnt Gris Was,53,10.830188679245284,11.0,1.9683637196784285,3.8744557329462994,1
36197,Cavit Pinot Noir Delle Vene,13,11.076923076923077,11.0,1.9774368283857795,3.9102564102564106,1
36199,Four Vines Naked Chard,54,11.444444444444445,11.0,1.7119630866531244,2.9308176100628933,1
36200,Four Vines Truant Znfdl,49,11.428571428571429,11.0,1.6708281379802852,2.7916666666666665,1
36208,Ch Bellevue Lussac St Emili,1,11.0,11.0,,,1
36209,Big House White,33,10.696969696969697,10.0,1.9603068714624836,3.8428030303030303,1
36235,Luce Della Vite Toscana,2,12.5,12.5,2.1213203435596424,4.5,1
36262,Newton Chard Napa/Sonoma,52,10.73076923076923,11.0,1.858898942663288,3.45550527903469,1
36267,Montinore Pnt Gris Ore,36,11.472222222222221,11.5,1.7482417471131406,3.056349206349206,1
36268,Montinore Pnt Nr Ore,47,11.553191489361701,11.0,1.7913865244346332,3.2090656799259945,1
36284,Gruet Brut New Mexico,44,9.227272727272727,9.0,2.0670576365276494,4.2727272727272725,1
36306,Dom Chandon Pinot Meunier,2,10.0,10.0,4.242640687119285,18.0,1
36307,Dom Chandon 00 Carnrs Pnt Nr,2,8.5,8.5,2.1213203435596424,4.5,1
36308,Dom Chandon Riche Extra Dry,1,7.0,7.0,,,1
36344,Latour Pinot Noir Valmoissin,53,11.415094339622641,11.0,1.714575101706082,2.9397677793904213,1
36360,Saarstein Riesling QbA,3,9.666666666666666,10.0,0.5773502691896257,0.3333333333333333,1
36370,McWilliams Hanwood Est Chard,7,11.571428571428571,12.0,1.3972762620115438,1.9523809523809523,1
36371,McWilliams Hanwood Shiraz,42,11.404761904761905,11.0,1.7399120220192212,3.0272938443670148,1
36373,Cavit Pinot Noir Bottega Vi,2,10.5,10.5,2.1213203435596424,4.5,1
36376,Sebastiani Pnt Nr Sonoma,34,11.294117647058824,11.0,2.023040192903588,4.092691622103387,1
36378,MezzaCorona Pnt Grigio,54,11.796296296296296,12.0,1.8365228592203402,3.3728162124388534,1
36380,Sebastiani Znfdl Sonoma Cnty,29,11.206896551724139,11.0,1.858941909966673,3.4556650246305423,1
36383,F Coppola Sofia Bl de Bl,48,10.854166666666666,11.0,1.8333736294733343,3.361258865248227,1
36386,Kenwood Pnt Nr RRV,34,11.323529411764707,11.5,1.837663012522585,3.3770053475935824,1
36419,Castellani Biagio Chianti,32,10.84375,11.0,2.0495377134148267,4.200604838709677,1
36435,Vin Santo Castellani Somavte,4,10.5,11.0,1.7320508075688772,3.0,1
36463,Heidsieck Brut Little Blue,6,9.833333333333334,10.0,1.7224014243685082,2.966666666666666,1
36473,The Crossings Svgn Bl Marlbo,53,11.471698113207546,11.0,1.8667513285106756,3.484760522496372,1
36483,Tommasi Amarone,6,11.333333333333334,11.5,2.250925735484551,5.066666666666666,1
36493,Dom Tempier Bandol Rose Pro,10,11.4,11.0,1.9550504398153572,3.822222222222222,1
36510,Yalumba Y Series Shiraz Ausl,37,11.837837837837839,12.0,1.6752033626716207,2.806306306306306,1
36511,Yalumba Y Series Viognier,47,11.361702127659575,11.0,1.7248255351584127,2.975023126734505,1
36523,Ch Macard Brdx Superieur,47,11.53191489361702,12.0,1.8864628026131138,3.558741905642924,1
36524,Ch de Ribebon Brdx,42,11.857142857142858,12.5,1.7609785053109668,3.101045296167247,1
36538,Liberty Creek RSV Cab Svgn,6,10.5,9.0,2.7386127875258306,7.5,1
36539,Liberty Creek Prem RSV Chard,48,11.104166666666666,11.0,1.9486993298131408,3.797429078014184,1
36540,Liberty Creek Prem RSV Merlo,7,10.857142857142858,10.0,2.2677868380553634,5.142857142857143,1
36541,Liberty Crk Prm RSV Wh Znfdl,31,11.258064516129032,11.0,1.9316269815103857,3.7311827956989236,1
36543,MacMurray Ranch Pnt Nr RRV,15,11.866666666666667,12.0,1.8073922282301278,3.2666666666666666,1
36558,Cruz Garcia Real Sangria Re,54,10.574074074074074,11.0,1.977246530776096,3.9095038434661076,1
36570,Flora Springs Trilogy Cal,20,11.05,10.5,2.0894471693929497,4.36578947368421,1
36571,Matanzas Creek Chard Sonoma,1,9.0,9.0,,,1
36572,Matanzas Creek Merlot Sonoma,4,11.75,12.5,1.8929694486000912,3.5833333333333335,1
36573,Matanzas Creek Svgn Bl Sonom,47,11.404255319148936,11.0,1.6636729202487244,2.767807585568918,1
36579,Covey Run Rsl Columbia Vly,54,11.24074074074074,11.0,1.9125719637237402,3.6579315164220834,1
36620,Talbott Kali Hart Mtry Chard,48,11.0625,11.0,1.9285784644698856,3.7194148936170213,1
36623,Talbott Sleepy Hollow Chard,50,11.22,11.0,1.9303166706474855,3.7261224489795928,1
36625,Talbott Logan Slpy Hl Pnt Nr,23,11.565217391304348,12.0,1.6740285366450525,2.802371541501976,1
36648,Groth Cab Svgn Napa,54,11.407407407407407,11.0,1.8684926678356049,3.4912648497554164,1
36653,R M Woodbridge Rsl,10,11.3,11.0,1.636391694484477,2.677777777777778,1
36660,Campus Oaks Old Vines Znfdl,11,11.272727272727273,12.0,1.7939291563999449,3.218181818181818,1
36749,Framboise Pacific Rim Infusn,12,12.666666666666666,13.0,1.497472618255253,2.242424242424242,1
36750,Big House Cardinal Bst Znfdl,54,10.907407407407407,11.0,1.8558273191314598,3.444095038434661,1
36766,Ravenswood Znfdl Lodi,3,10.666666666666666,10.0,1.1547005383792517,1.3333333333333335,1
36769,Toad Hollow Rose Eye Pnt Nr,9,12.0,12.0,1.7320508075688772,3.0,1
36770,Yellow Tail Cab Svgn Ausl,55,11.436363636363636,11.0,1.8635254955935732,3.4727272727272727,1
36771,Yellow Tail Merlot Ausl,55,11.436363636363636,11.0,1.8635254955935732,3.4727272727272727,1
36773,Yalumba Oxford Landng Shiraz,3,10.666666666666666,10.0,2.081665999466133,4.333333333333334,1
36826,Turnbull Cab Svgn Napa,1,12.0,12.0,,,1
36843,Frey Cab Svgn Organic Mendcn,43,10.651162790697674,10.0,1.925811157856699,3.70874861572536,1
36844,Frey Chard Organic Mendocino,43,10.55813953488372,10.0,1.9186096848821512,3.6810631229235873,1
36845,Frey Natural Red Organic Ca,35,10.371428571428572,10.0,1.864304227346181,3.4756302521008404,1
36846,Frey Natural White Organic,10,10.9,11.0,1.5951314818673865,2.5444444444444447,1
36849,Frey Pnt Nr Organic Mendocno,5,9.8,9.0,1.3038404810405297,1.7000000000000002,1
36850,Frey Svgn Bl Organic Mendcno,41,10.78048780487805,11.0,2.0063922238928162,4.025609756097562,1
36851,Frey Syrah Organic Mendocino,6,10.5,10.0,1.760681686165901,3.1,1
36852,Frey Znfdl Organic Mendocino,34,10.147058823529411,10.0,1.9405146605862293,3.765597147950089,1
36859,Brancott Pnt Nr Marlboro,34,11.235294117647058,11.0,1.7066505124012652,2.9126559714795013,1
36868,Dunn Cab Svgn Howell Mtn,6,10.666666666666666,10.0,1.96638416050035,3.8666666666666663,1
36874,Yellow Tail Merlot Ausl,53,11.547169811320755,12.0,1.8034799452495367,3.2525399129172716,1
36894,Chambers Rosewood Muscat,7,12.428571428571429,13.0,1.9023794624226837,3.619047619047619,1
36907,Dom Tempier Bandol Rg,4,12.5,12.5,1.2909944487358056,1.6666666666666667,1
36989,Duck Pond Chard Wash,28,10.357142857142858,10.5,2.1467337069291124,4.608465608465608,1
36991,Duck Pond Pnt Gris Ore,53,10.622641509433961,10.0,2.00217588459636,4.008708272859217,1
36992,Duck Pond Willamette Pnt Nr,51,10.647058823529411,10.0,2.047667252380276,4.192941176470589,1
37008,Due Torri Pinot Grigio Dell,22,11.727272727272727,12.0,2.004324329372873,4.017316017316016,1
37046,Truchard Znfdl,17,10.823529411764707,11.0,1.9116515803633993,3.654411764705882,1
37047,Ch Montelena Est Cab Svgn Np,2,13.5,13.5,0.7071067811865476,0.5,1
37048,Ch Montelena Chard Napa,37,11.486486486486486,12.0,1.923850618213691,3.7012012012012008,1
37049,Argyle Willamette Pnt Nr,51,11.470588235294118,11.0,1.8477331103432724,3.414117647058824,1
37071,Caymus Conundrum White,51,11.490196078431373,12.0,1.880133495468956,3.5349019607843144,1
37083,Jewell Towne Cayuga Wh NH,44,9.863636363636363,10.0,1.7332709914522095,3.004228329809725,1
37100,Antinori Brnllo Mntlcno Pain,2,9.5,9.5,0.7071067811865476,0.5,1
37121,Flag Hill Apple Cran NH,49,10.244897959183673,10.0,1.9421917628126775,3.7721088435374153,1
37126,Girard Chard RRV,46,11.521739130434783,11.5,1.8225638892600673,3.3217391304347825,1
37152,Montes Alpha Apalta Cab Svgn,21,12.333333333333334,13.0,1.5275252316519468,2.3333333333333335,1
37156,Gekkeikan Sake Kobai Plm Cal,24,10.375,10.0,1.9067956275430755,3.635869565217391,1
37158,Montes RSV Colchagua Malbec,35,11.6,12.0,1.718412399999077,2.952941176470588,1
37166,Snoqualmie Rsl Winemkrs Slct,22,11.545454545454545,11.5,1.792239161529848,3.212121212121213,1
37194,Blackstone Syrah Cal,15,12.266666666666667,13.0,1.6242214252050853,2.6380952380952385,1
37217,Castano Solanera Yecla Mona,40,11.525,11.0,1.6484258225069433,2.7173076923076924,1
37235,Mionetto Il Prosecco Spklg,53,11.452830188679245,11.0,1.727225851962187,2.9833091436865025,1
37249,Nova Norma Jeane Merlot,9,9.11111111111111,9.0,1.6914819275153699,2.861111111111111,1
37310,Salmon Run Coho Red NY,48,10.520833333333334,10.0,1.9459678260808537,3.786790780141844,1
37311,Salmon Run NY Chard,50,10.74,10.5,1.9039164790461984,3.6248979591836736,1
37312,Salmon Run NY Pnt Nr,42,10.761904761904763,11.0,1.8453570453586536,3.40534262485482,1
37313,Salmon Run NY Rsl,52,10.75,10.5,2.008560112491084,4.034313725490196,1
37314,Dr Frank Johannisberg Rsl,25,11.08,11.0,2.1197484127446193,4.493333333333333,1
37342,Dunn Vyds Cab Svgn Napa Vly,1,13.0,13.0,,,1
37387,Truchard Carneros Cab Svgn,25,10.72,11.0,1.8823743871327334,3.5433333333333334,1
37398,Flag Hill Heritage Rd NH,1,13.0,13.0,,,1
37401,Excelsior S Afr Cab Svgn,53,11.471698113207546,11.0,1.693923229403197,2.8693759071117557,1
37419,Provenance Cab Svgn Rutherfd,7,10.428571428571429,11.0,2.439750182371333,5.952380952380952,1
37420,Provenance Napa Merlot,8,11.625,12.0,1.3024701806293193,1.6964285714285714,1
37421,Stags Leap Csk 23 Cab Svgn,3,10.666666666666666,10.0,3.055050463303893,9.333333333333332,1
37422,Stags Leap Fay Cab Svgn Napa,8,9.75,9.5,0.8864052604279183,0.7857142857142857,1
37433,C Y Toro Casillero Carmenere,54,10.555555555555555,11.0,1.7874474967000065,3.1949685534591197,1
37435,Duval-Leroy Champagne Brut,25,12.52,13.0,1.3576941236277535,1.8433333333333337,1
37457,San Rocco Pinot Grigio Vene,16,10.0,10.0,1.632993161855452,2.6666666666666665,1
37526,Redwood Creek Pnt Grigio,1,14.0,14.0,,,1
37527,Redwood Creek Pnt Grigio,54,11.24074074074074,11.0,1.9125719637237402,3.6579315164220834,1
37530,Glen Ellen Pnt Grigio RSV,8,10.875,11.0,1.807721533549109,3.267857142857143,1
37537,Penfolds Tawny Port Club,2,10.5,10.5,2.1213203435596424,4.5,1
37541,Frogs Leap Cab Svgn Napa,36,11.5,11.5,1.8126539343499315,3.2857142857142856,1
37542,Frogs Leap Chard Napa,33,11.575757575757576,12.0,1.837632699805361,3.3768939393939394,1
37568,Staglin Cab Svgn Rutherford,6,12.166666666666666,12.5,1.834847859269718,3.3666666666666663,1
37569,Staglin Family Vyd Est Chard,1,11.0,11.0,,,1
37601,Hardys Cab Svgn Ausl,51,10.862745098039216,11.0,1.9080839378092072,3.6407843137254905,1
37604,Hardys Chard Ausl,44,10.886363636363637,11.0,1.7942532176032158,3.2193446088794926,1
37607,Hardys Shiraz Ausl,48,10.8125,11.0,1.909174378759216,3.6449468085106385,1
37651,Glen Ellen Pnt Grigio RSV,6,12.0,12.5,1.7888543819998317,3.2,1
37656,MacMurray Ranch Sonma Pnt Nr,54,11.24074074074074,11.0,1.9125719637237402,3.6579315164220834,1
37657,Maso Canali Pinot Grigio Tr,49,11.408163265306122,12.0,1.8810277260376704,3.538265306122449,1
37678,Castle Rock Pnt Nr,53,11.49056603773585,12.0,1.8669456906673283,3.4854862119013075,1
37708,EOS Cab Svgn Paso Robles,4,10.75,10.0,1.5,2.25,1
37712,Sterling Vintners Cltn Syrah,13,9.923076923076923,10.0,1.6563785025137654,2.743589743589744,1
37722,Jacobs Crk Shirz Rsv,4,11.75,11.5,0.9574271077563381,0.9166666666666666,1
37731,Corbett Canyon Chard,55,10.872727272727273,11.0,1.8564656329877602,3.4464646464646456,1
37732,Corbett Canyon Merlot,5,10.4,10.0,1.6733200530681511,2.8,1
37733,Corbett Canyon Wh Znfdl,1,12.0,12.0,,,1
37735,Walnut Crest Vnto Pnt Grigio,52,10.576923076923077,11.0,1.8078928677932766,3.268476621417798,1
37765,Castello Montauto Vernaccia,4,12.25,13.0,2.217355782608345,4.916666666666667,1
37785,Lindemans Bin 40 Merlot,50,11.5,11.5,1.8210783977117089,3.316326530612245,1
37786,Lindemans Bin 45 Cab Svgn,55,11.436363636363636,11.0,1.8635254955935732,3.4727272727272727,1
37790,Merriam Merlot RRV,25,10.84,11.0,1.7953644012660308,3.223333333333333,1
37792,Blackstone Pnt Nr Monterey,53,11.358490566037736,12.0,1.6881298211863092,2.84978229317852,1
37793,Blackstone Svgn Bl,1,14.0,14.0,,,1
37794,Blackstone Znfdl Cal,26,11.461538461538462,12.0,1.580652250958932,2.4984615384615383,1
37798,Dr Frank Johannisberg Rsl,29,10.89655172413793,11.0,2.2574452625258696,5.096059113300492,1
37817,Frescobaldi Chianti Castigln,41,11.902439024390244,12.0,1.743629519834711,3.040243902439024,1
37821,Frescobaldi Sangiovese Remo,35,11.82857142857143,12.0,1.6176546982248945,2.6168067226890748,1
37822,Frescobaldi Chianti RSV Nip,53,11.88679245283019,12.0,1.7722256471898068,3.1407837445573294,1
37826,Yellow Tail Cab Svgn Ausl,54,11.481481481481481,11.5,1.8504537000090027,3.4241788958770076,1
37827,Yellow Tail Shiraz/Cab Ausl,46,11.695652173913043,12.0,1.8119304035860797,3.2830917874396137,1
37828,Yellow Tail Shiraz/Cab Ausl,55,11.436363636363636,11.0,1.8635254955935732,3.4727272727272727,1
37840,Los Cardos Malbec Mendoza,54,10.37037037037037,10.0,2.049356054373199,4.199860237596086,1
37842,Dona Paula Malbec Mendoza,52,10.384615384615385,10.0,2.0499052694884026,4.202111613876321,1
37849,Darioush Cab Svgn,16,8.8125,9.0,2.1360009363293826,4.5625,1
37878,Allegrini La Grola Veronese,1,13.0,13.0,,,1
37904,Trapiche Broquel Mndz Malbec,53,10.924528301886792,11.0,1.8692764602274652,3.494194484760522,1
37910,Krupps Brothers Veraison,3,11.333333333333334,11.0,2.516611478423583,6.333333333333333,1
37913,Pouilly Fume Minet Vls Vgns,24,10.833333333333334,11.0,1.5788456616111677,2.4927536231884058,1
37921,C Y Toro Carmenere Terrunyo,1,13.0,13.0,,,1
37923,Five Rivers Cab Svgn,34,10.617647058823529,11.0,1.8425066240142918,3.3948306595365425,1
37924,Five Rivers Chard,1,13.0,13.0,,,1
37926,Five Rivers Pnt Nr,53,10.584905660377359,11.0,1.791367787089293,3.2089985486211905,1
37940,Staglin Salus Rthfd Chard,1,13.0,13.0,,,1
37943,Columbia Crest Twin Vns Merl,48,10.958333333333334,11.0,1.9346596086698147,3.7429078014184403,1
37984,Barone Fini Pnt Gr Valdadige,51,11.588235294117647,12.0,1.8349547197490763,3.3670588235294114,1
38011,Yellow Tail RSV Shiraz Ausl,37,11.486486486486486,12.0,1.7735968103392736,3.1456456456456454,1
38088,Niebaum Coppola Edizne Znfdl,2,11.5,11.5,2.1213203435596424,4.5,1
38102,Canyon Oaks Cab Svgn Cal,16,9.875,9.5,2.0936411663256274,4.383333333333334,1
38103,Canyon Oaks Cab Svgn Cal,42,10.952380952380953,11.0,1.833993123805246,3.363530778164925,1
38104,Canyon Oaks Chard Cal,28,10.321428571428571,10.0,2.2286613060156126,4.966931216931216,1
38105,Canyon Oaks Chard Cal,49,10.714285714285714,11.0,1.8819316317727024,3.541666666666666,1
38106,Canyon Oaks Merlot Cal,32,10.625,11.0,2.0595959516057922,4.241935483870968,1
38107,Canyon Oaks Merlot Cal,24,10.458333333333334,10.0,1.8645238736369987,3.476449275362319,1
38108,Canyon Oaks Shiraz Cal,2,10.0,10.0,1.4142135623730951,2.0,1
38109,Canyon Oaks Shiraz Cal,1,11.0,11.0,,,1
38110,Canyon Oaks Wh Znfdl Cal,6,10.0,10.0,1.5491933384829668,2.4,1
38111,Canyon Oaks Wh Znfdl Cal,3,11.0,11.0,1.0,1.0,1
38112,Canyon Oaks Znfdl Cal,2,9.0,9.0,0.0,0.0,1
38128,Trinity Oaks Pnt Grigio Cal,12,10.166666666666666,10.5,1.80067327475704,3.2424242424242427,1
38131,Principato Pnt Gr Sicilia,54,10.944444444444445,11.0,2.050463975719464,4.204402515723271,1
38133,Il Bastardo Sangiovese Tosc,54,10.62962962962963,10.0,2.0401285225542733,4.162124388539482,1
38137,Lange RSV Willamette Pnt Nr,9,11.222222222222221,11.0,2.1081851067789197,4.444444444444445,1
38153,Lange Three Hills Cve Pnt Nr,10,11.1,11.0,1.8529256146249728,3.433333333333333,1
38165,Jaume Serra Cristalino Rose,35,11.542857142857143,12.0,1.75470555838826,3.078991596638655,1
38178,Rex Goliath Cab Svgn,52,11.26923076923077,11.5,1.6699816203683273,2.7888386123680244,1
38179,Rex Goliath Chard,54,11.333333333333334,12.0,1.682316462276133,2.8301886792452837,1
38180,Rex Goliath Merlot,52,11.384615384615385,12.0,1.6467894629991253,2.7119155354449473,1
38181,Rex Goliath Pnt Nr,54,11.333333333333334,12.0,1.682316462276133,2.8301886792452837,1
38190,Argiola Costera Isola dei N,1,12.0,12.0,,,1
38191,Argiola Vermentino Costamol,8,10.625,10.5,2.065879266282796,4.267857142857143,1
38197,La Carraia Sangiovese Umbri,44,10.909090909090908,11.0,1.9267780289744556,3.712473572938688,1
38198,La Carraia Orvieto Clsc,27,10.703703703703704,11.0,1.9178275934146631,3.678062678062678,1
38241,Hendry Block 8 Cab Svgn Napa,3,10.333333333333334,9.0,2.3094010767585034,5.333333333333334,1
38242,Hendry Ranch Barrel Chard,1,12.0,12.0,,,1
38244,Hendry Pnt Nr Napa,1,13.0,13.0,,,1
38263,Orleans Hill Syrah Lodi,37,10.594594594594595,10.0,1.6743068127745595,2.803303303303304,1
38301,Neirano Pitul Moscato d'Asti,5,10.8,10.0,2.16794833886788,4.699999999999999,1
38303,Dry Creek Heritage Cln Znfdl,7,10.285714285714286,10.0,1.889822365046136,3.571428571428571,1
38312,Momokawa Diamond Sake,1,13.0,13.0,,,1
38314,Momokawa Silver Sake,4,13.25,13.5,0.9574271077563381,0.9166666666666666,1
38318,Portillo Malbec,1,12.0,12.0,,,1
38322,Fuki Sake,37,10.513513513513514,10.0,1.7891900964406215,3.2012012012012008,1
38348,Nobilo Icon Svgn Bl Marlboro,54,11.333333333333334,12.0,1.682316462276133,2.8301886792452837,1
38355,MacMurray Ranch Selct Pnt Nr,19,11.473684210526315,12.0,1.71167302993402,2.9298245614035086,1
38369,Oyster Bay Pnt Nr Marlboro,50,11.36,11.0,1.8379225184086163,3.3779591836734704,1
38370,Oyster Bay Svgn Bl Marlboro,54,11.481481481481481,11.5,1.8504537000090027,3.4241788958770076,1
38392,Ch de Lascaux Rouge Langued,4,10.25,9.5,1.8929694486000912,3.5833333333333335,1
38406,Simi Landslide Cab Svgn Alex,47,11.25531914893617,11.0,1.607970434326709,2.5855689176688252,1
38412,Excelsior S Afr Chard,22,11.454545454545455,11.0,1.920497770972851,3.6883116883116895,1
38416,Acquese Moscato D'Asti Dolc,54,11.481481481481481,11.5,1.8504537000090027,3.4241788958770076,1
38441,Toasted Head Cab Svgn,54,11.333333333333334,12.0,1.682316462276133,2.8301886792452837,1
38457,Smoking Loon Pnt Nr,51,11.411764705882353,11.0,1.710864934332752,2.9270588235294115,1
38471,Ch Pesquie Cotes du Ventoux,2,13.5,13.5,0.7071067811865476,0.5,1
38473,Adelsheim Pnt Gris Ore,44,11.522727272727273,11.0,1.6773267264149456,2.8134249471458777,1
38476,Adelsheim Pnt Nr Ore,47,11.446808510638299,11.0,1.6393067283126765,2.6873265494912117,1
38481,Canella Prosecco Di Conegli,32,11.65625,11.5,1.8069645729072652,3.2651209677419355,1
38483,Sharpe Hill Ballet of Angel,54,10.685185185185185,10.5,2.035756538007561,4.14430468204053,1
38502,Ruffino Lumina Pnt Grigio,55,11.290909090909091,12.0,1.6961036751235687,2.8767676767676766,1
38526,Seghesio Arneis RRV,2,11.0,11.0,2.8284271247461903,8.0,1
38528,Seghesio Old Vine Znfdl,48,11.541666666666666,11.5,1.749873349013766,3.062056737588653,1
38541,Avalon Cab Svgn Napa,42,11.357142857142858,11.0,1.6353030385450167,2.6742160278745644,1
38542,Avalon Cab Svgn Cal,50,11.5,11.5,1.6567733578204573,2.7448979591836733,1
38546,Mark West Pnt Nr Sonoma,55,11.290909090909091,12.0,1.6961036751235687,2.8767676767676766,1
38549,Stemmari Nero D'Avola,53,11.867924528301886,12.0,1.7978377595264543,3.2322206095791013,1
38622,Canella Bellini Cocktail Vnz,21,11.523809523809524,11.0,1.7498299237082333,3.0619047619047617,1
38631,Columbia Crest Gr Ests Syrah,9,10.222222222222221,10.0,1.7873008824606014,3.1944444444444446,1
38632,Carpineto Cab Svgn Farnito,8,11.375,12.0,1.9955307206712847,3.982142857142857,1
38635,Cesari Mara Vino di Ripasso,38,11.973684210526315,12.5,1.7780469410588744,3.16145092460882,1
38641,Opici Marsala Cal,12,12.666666666666666,13.0,1.0730867399773196,1.1515151515151514,1
38644,Bigi Orvieto Amabile,50,11.82,12.0,1.7460158729437223,3.048571428571429,1
38649,Villa Rosa Barolo Piedmonte,4,13.0,13.0,0.0,0.0,1
38651,Carpineto Chianti Clsc,48,11.854166666666666,12.0,1.8333736294733343,3.3612588652482267,1
38652,Carpineto Chianti Clsc RSV,45,11.71111111111111,12.0,1.866233716024947,3.482828282828282,1
38668,Mumm Napa Cuvee M Sparkling,33,11.121212121212121,11.0,1.6347319305771466,2.672348484848485,1
38681,Morgan Winery Metalico Chard,46,10.543478260869565,10.0,1.9517117471494996,3.8091787439613523,1
38690,Ch Ste Michelle Indn Wl Merl,43,10.976744186046512,11.0,2.017640914923301,4.070874861572536,1
38701,Artadi Vinas de Gain Rioja,1,13.0,13.0,,,1
38714,Dom Clape Cornas Rd,1,11.0,11.0,,,1
38726,McWilliams Hanwood Cab Svgn,5,12.0,13.0,1.4142135623730951,2.0,1
38728,Rancho Zabaco Svgn Bl Dancg,1,14.0,14.0,,,1
38731,Hogue Lt Harvest Clmb Wh Rsl,32,11.25,11.5,1.6064386578049976,2.5806451612903225,1
38771,Rob Stuart Big Fire Pnt Gris,45,10.755555555555556,11.0,2.154862952355519,4.643434343434344,1
38772,Rob Stuart Big Fire Pnt Nr,48,10.6875,11.0,2.165063509461097,4.6875,1
38822,Castano Yecla Monastrell Red,33,11.575757575757576,12.0,1.639937175441163,2.6893939393939394,1
38850,Ravenswood Vntrs Bl Cab Svgn,55,11.290909090909091,12.0,1.6961036751235687,2.8767676767676766,1
38852,Salmon Creek Cab Svgn,21,11.857142857142858,12.0,1.4589624493356328,2.128571428571429,1
38853,Salmon Creek Chard Cal,14,11.857142857142858,12.0,1.7913099142223294,3.2087912087912094,1
38854,Salmon Creek Merlot Calif,2,13.0,13.0,1.4142135623730951,2.0,1
38859,Inniskillin Icewn Ngra Vidal,45,11.355555555555556,12.0,1.760107893846226,3.097979797979798,1
38888,Justin Cab Svgn Paso Robles,54,11.444444444444445,11.0,1.7119630866531244,2.9308176100628933,1
38889,Justin Justification Paso R,7,11.714285714285714,12.0,1.6035674514745464,2.5714285714285716,1
38897,L Martini RSV Cab Svgn Alex,53,11.18867924528302,11.0,1.8918509838615412,3.579100145137881,1
38898,L Martini Cab Svgn Napa,54,11.24074074074074,11.0,1.9125719637237402,3.6579315164220834,1
38899,L Martini Cab Svgn Sonoma,54,11.24074074074074,11.0,1.9125719637237402,3.6579315164220834,1
38945,Franzia Sangria Fruity Red,33,10.848484848484848,11.0,1.8560915272625318,3.445075757575758,1
38946,Bully Hill Sweet Walter Rd,55,10.763636363636364,11.0,1.895058255369948,3.5912457912457914,1
38950,Corvo Sicily Nero D'Avola,53,10.735849056603774,11.0,2.0205763019897454,4.082728592162554,1
38952,Nora Albarino Rias Baixas,29,11.379310344827585,11.0,1.521601437946413,2.315270935960591,1
38953,Aldial Naia Rueda White,36,11.222222222222221,11.0,1.6921855877805079,2.863492063492063,1
38966,Henri Bourgeois Svgn Blanc,1,14.0,14.0,,,1
38968,Le Capitaine Vouvray Loire,1,10.0,10.0,,,1
39013,JJ Prum Bernkasteler Bads 11,1,11.0,11.0,,,1
39062,Shelton Wild Thing Znfdl,45,9.866666666666667,10.0,1.9493588689617927,3.8,1
39063,C Shelton Monga Zin Znfdl,5,10.0,10.0,2.1213203435596424,4.5,1
39084,Hamilton Russell Chard,5,12.0,13.0,2.345207879911715,5.5,1
39086,Corbett Canyon Pnt Grigio,2,10.5,10.5,0.7071067811865476,0.5,1
39087,Corbett Canyon Pnt Grigio,54,10.907407407407407,11.0,1.8558273191314598,3.444095038434661,1
39098,Tohu Pnt Nr Marlboro,4,12.5,13.0,1.0,1.0,1
39104,Olivier Chablis Savary,2,12.5,12.5,0.7071067811865476,0.5,1
39107,Antinori Bolgheri Guado,6,10.666666666666666,10.5,2.065591117977289,4.266666666666667,1
39110,Gekkeikan Sake Horin,40,10.7,10.5,2.0025624610124924,4.010256410256409,1
39111,Gekkeikan Sake Cap Ace,6,9.333333333333334,9.5,1.2110601416389968,1.4666666666666668,1
39146,Matua Svgn Bl Marlboro,53,10.69811320754717,11.0,1.8036811254548866,3.2532656023222066,1
39209,Barefoot Syrah Cal,44,11.227272727272727,11.0,1.9513100711208111,3.807610993657505,1
39219,Masi Masianco Pnt Grg/Verd,35,11.971428571428572,13.0,1.7902631138485547,3.2050420168067233,1
39228,Eponymous Cab Svgn Napa,20,11.85,13.0,1.899445902583726,3.607894736842106,1
39234,Vidal Jackson-Triggs RSV Icw,11,10.818181818181818,11.0,1.721521525754576,2.9636363636363634,1
39254,Las Rocas Garnacha San Alej,53,11.18867924528302,11.0,1.8918509838615412,3.579100145137881,1
39255,Las Rocas Garnacha Vinas Vi,2,14.0,14.0,0.0,0.0,1
39256,Schmitt Sohne Relax Mosel,54,11.444444444444445,11.0,1.7119630866531244,2.9308176100628933,1
39282,Concannon Petite Sirah Cntrl,4,10.0,10.0,0.816496580927726,0.6666666666666666,1
39283,Concannon Svgn Bl Cntrl Cst,1,11.0,11.0,,,1
39285,Dow LBV Port,14,11.571428571428571,11.0,2.027286390693261,4.109890109890109,1
39334,Michael David Chard,31,10.903225806451612,10.0,1.9554170690618649,3.8236559139784942,1
39335,Phillips Seven Deadly Znfdl,54,11.425925925925926,11.0,1.8794002641534533,3.53214535290007,1
39346,Salmon Creek Wh Znfdl Cal,4,12.25,12.5,0.9574271077563381,0.9166666666666666,1
39348,Sterling Vintners Cltn Pnt N,53,10.20754716981132,10.0,1.9548607127839233,3.821480406386068,1
39356,Bota Box Chard Cal,54,10.62962962962963,11.0,1.8763301827176415,3.520614954577218,1
39357,Bota Box Merlot Cal,53,10.679245283018869,11.0,1.858179267099718,3.452830188679245,1
39358,Bota Box Shiraz Cal,53,10.679245283018869,11.0,1.858179267099718,3.452830188679245,1
39384,F Coppola Diamond Pnt Nr,53,10.830188679245284,11.0,1.8987429956988726,3.605224963715529,1
39400,Claret Ramey Napa Valley,23,10.695652173913043,10.0,1.8199596051634988,3.312252964426878,1
39410,Mirassou Cab Svgn Cal,52,11.23076923076923,11.0,1.8850847447053847,3.553544494720965,1
39411,Mirassou Chard Cntrl Coast,53,11.18867924528302,11.0,1.8918509838615412,3.579100145137881,1
39412,Mirassou Merlot Cal,53,11.18867924528302,11.0,1.8918509838615412,3.579100145137881,1
39413,Mirassou Pnt Nr Cntrl Coast,54,11.24074074074074,11.0,1.9125719637237402,3.6579315164220834,1
39414,Mirassou Svgn Bl Cal,2,12.0,12.0,2.8284271247461903,8.0,1
39434,Cambas Nemea RSV Attica Rd,1,9.0,9.0,,,1
39437,Columbia Crest Two Cab Svgn,47,10.808510638297872,11.0,1.9851437125979001,3.9407955596669746,1
39438,Columbia Crest Two Vn Shiraz,1,14.0,14.0,,,1
39449,Ponzi Pnt Gris Willamette,15,11.8,12.0,1.8973665961010275,3.6,1
39450,Ponzi Willamette Pnt Nr,40,11.325,11.0,1.8589699381026126,3.455769230769231,1
39456,Charles Heidsieck Brut Rose,13,12.461538461538462,13.0,1.7614096918559585,3.1025641025641026,1
39461,Stags Leap SLV Cab Svgn,2,11.0,11.0,2.8284271247461903,8.0,1
39470,Barefoot Syrah Cal,30,11.6,12.0,1.792705526138712,3.2137931034482756,1
39471,Acorn Dolcetto Alegria RRV,5,11.0,11.0,1.224744871391589,1.5,1
39472,Acorn Sangiovese Alegria RRV,20,10.5,10.5,1.7320508075688772,3.0,1
39473,Acorn Cve Alegria Russ Syrah,4,11.5,11.5,1.2909944487358056,1.6666666666666667,1
39479,Barefoot Premium X-Dry,54,11.24074074074074,11.0,1.9125719637237402,3.6579315164220834,1
39491,Flag Hill Red Raspberry Fru,49,10.387755102040817,10.0,1.8687822074215898,3.4923469387755097,1
39512,Jacobs Crk Cab/Merlot,4,13.0,13.0,0.816496580927726,0.6666666666666666,1
39517,J Lohr Seven Oaks Cab Svgn,52,11.557692307692308,12.0,1.8194317313484742,3.3103318250377067,1
39518,J Lohr Riverstone Chard,52,11.48076923076923,11.5,1.8416785248350518,3.3917797888386128,1
39523,Cloudy Bay Svgn Bl Marlboro,49,10.612244897959183,11.0,1.9345146519929772,3.74234693877551,1
39524,Marilyn Merlot Napa,6,9.666666666666666,10.0,1.505545305418162,2.2666666666666666,1
39550,Aquinas Cab Svgn,4,11.75,12.0,1.5,2.25,1
39574,Morgan Winery Double L Chard,12,11.166666666666666,12.0,1.9924098397912438,3.9696969696969693,1
39575,Morgan Winery Double L Pnt N,12,10.916666666666666,11.5,2.108783937953269,4.446969696969697,1
39577,Aquinas Napa Chard,2,11.5,11.5,3.5355339059327378,12.5,1
39581,Capostrano Montepulciano Abr,6,11.5,11.5,1.51657508881031,2.3,1
39592,Redwood Creek Pnt Nr Calif,1,14.0,14.0,,,1
39593,Redwood Creek Pnt Nr Cal,54,11.25925925925926,11.0,1.885247445699482,3.554157931516422,1
39598,R M Woodbridge Cab Svgn Cal,54,11.333333333333334,12.0,1.682316462276133,2.8301886792452837,1
39599,R M Woodbridge Chard Cal,54,11.333333333333334,12.0,1.682316462276133,2.8301886792452837,1
39600,R M Woodbridge Merlot Cal,51,11.392156862745098,12.0,1.5884386216980373,2.5231372549019606,1
39601,R M Woodbridge Wh Znfdl Cal,18,11.444444444444445,12.0,1.6169041669088866,2.6143790849673203,1
39631,Red Truck Cal,50,11.46,12.0,1.886688060261869,3.5595918367346937,1
39648,Ch Ste Michelle Indn W Chard,52,10.788461538461538,11.0,1.9436829651668865,3.77790346907994,1
39650,Vendange Chard 192/2Pk  Plt,1,12.0,12.0,,,1
39652,Sutter Home Pnt Grigio Cal,52,10.384615384615385,10.0,2.0499052694884026,4.202111613876321,1
39653,Sutter Home Pnt Grigio Cal,6,10.333333333333334,11.0,2.338090388900024,5.466666666666666,1
39654,Sutter Home Pnt Grigio Cal,54,10.37037037037037,10.0,2.049356054373199,4.199860237596086,1
39665,Alice White Lexia Muscato,3,11.666666666666666,12.0,2.5166114784235836,6.333333333333334,1
39681,Jaume Serra Cristalino Brut,42,11.69047619047619,12.0,1.787327958469457,3.194541231126597,1
39689,Hahn Meritage Central Coast,10,10.8,10.5,1.8135294011647256,3.2888888888888883,1
39691,Smith & Hook Lucia Cab Svgn,55,10.636363636363637,10.0,1.8090680674665816,3.272727272727272,1
39708,R Mondavi Pvt Sln Pnt Grigio,54,11.25925925925926,11.5,1.6955567370328704,2.874912648497554,1
39716,Ravenswood Vntrs Blnd Shiraz,44,11.363636363636363,12.0,1.5714148430250658,2.4693446088794926,1
39717,Estancia Pnt Grigio Cal,52,11.26923076923077,11.5,1.6699816203683273,2.7888386123680244,1
39718,Calera Mills Vyd Pnt Nr,10,11.0,11.0,2.494438257849294,6.222222222222222,1
39736,Krupp Bros Veraison Red,6,11.166666666666666,11.5,1.4719601443879742,2.166666666666666,1
39747,Foxhorn Pnt Grigio/Chard Bl,12,11.25,11.0,1.9598237397554634,3.840909090909091,1
39750,Red Diamond Merlot Wash,53,10.88679245283019,11.0,1.9578282449860158,3.8330914368650224,1
39764,Grahams 10-Yr Tawny Port,49,11.448979591836734,11.0,1.6209722454157454,2.627551020408163,1
39765,Grahams 20-Yr Tawny Port,12,12.083333333333334,12.5,1.6764862244009227,2.8106060606060606,1
39774,Merriam Cab Svgn Dry Creek,28,10.642857142857142,11.0,2.003964325000078,4.015873015873017,1
39775,Bogle Svgn Bl Cal,54,11.481481481481481,11.5,1.8504537000090027,3.4241788958770076,1
39792,Bolgheri Ornellaia Le Serre,3,11.666666666666666,13.0,3.214550253664318,10.333333333333332,1
39797,Steele Catfish Znfdl,5,12.2,12.0,1.4832396974191326,2.2,1
39798,R M Woodbridge Pnt Grigio,51,11.392156862745098,12.0,1.5884386216980375,2.523137254901961,1
39834,Kenwood Cab Svgn Sonoma,3,12.0,12.0,1.0,1.0,1
39840,Kenwood Cve Brut Yulupa Spa,9,11.777777777777779,12.0,1.3017082793177757,1.6944444444444444,1
39841,Kenwood Yulupa Cab Svgn Cal,11,12.090909090909092,12.0,1.5782614139961386,2.4909090909090907,1
39842,Kenwood Yulupa Chard Cal,11,12.0,12.0,1.4832396974191326,2.2,1
39843,Kenwood Yulupa Merlot Cal,7,12.142857142857142,13.0,1.6761634196950517,2.8095238095238098,1
39868,Jolivet Svgn Blanc Attitude,3,10.0,10.0,2.0,4.0,1
39923,Sterling Vintner Clt Svgn Bl,49,10.081632653061224,10.0,1.902155955465157,3.618197278911565,1
39932,Cavit Pinot Grigio Del Vene,2,11.5,11.5,2.1213203435596424,4.5,1
39971,Ch Montelena Cab Svgn Napa,46,11.521739130434783,11.5,1.8467885691988868,3.410628019323671,1
39974,Loimer Lois Gruner Veltliner,21,11.238095238095237,11.0,1.7292993351285921,2.990476190476191,1
39977,Little Penguin Cab Svgn Ausl,9,12.444444444444445,13.0,1.4240006242195884,2.0277777777777777,1
39979,Little Penguin Chard Ausl,55,11.436363636363636,11.0,1.8635254955935732,3.4727272727272727,1
39981,Little Penguin Merlot Ausl,43,11.55813953488372,11.0,1.763415592393074,3.109634551495016,1
39983,Little Penguin Shiraz Ausl,52,11.576923076923077,12.0,1.8078928677932766,3.2684766214177983,1
39995,Tisdale Cab Svgn Cal,9,12.11111111111111,12.0,1.536590742882148,2.361111111111111,1
39996,Tisdale Chard Cal,9,11.88888888888889,12.0,1.964971020425266,3.861111111111111,1
39997,Tisdale Merlot Cal,12,11.5,12.0,1.6787441193290353,2.8181818181818183,1
39998,Tisdale Shiraz Cal,4,12.0,12.0,1.632993161855452,2.6666666666666665,1
40041,Nero D'Avola Donnafugata Scl,1,11.0,11.0,,,1
40051,Concannon Select Vyds Pnt Nr,52,10.903846153846153,11.0,1.881380546349142,3.539592760180996,1
40053,Campo Viejo Tempranillo,53,11.169811320754716,11.0,1.7621648514584354,3.1052249637155294,1
40054,Campo Viejo Tempranillo RSV,53,11.20754716981132,11.0,1.7580418583232986,3.090711175616837,1
40055,Campo Viejo Gran RSV Rioja,52,11.26923076923077,11.0,1.7163045643084633,2.945701357466064,1
40096,Black Box Cab Svgn,53,11.377358490566039,12.0,1.6667150452581827,2.777939042089986,1
40097,Black Box Chard,54,11.333333333333334,12.0,1.682316462276133,2.8301886792452837,1
40098,Black Box Merlot Cal,53,11.377358490566039,12.0,1.6667150452581827,2.777939042089986,1
40106,Peter Lehmann Clancy's Baros,11,11.454545454545455,11.0,2.1148823307047775,4.472727272727273,1
40114,M & R Prosecco Frizzante,53,11.339622641509434,11.0,1.9703903969519798,3.882438316400581,1
40116,Marcus James Rsl,5,11.6,12.0,1.816590212458495,3.3,1
40136,Cakebread Merlot Napa,28,10.75,10.5,2.101586702153082,4.416666666666667,1
40137,Dom Chandon Carneros Chard,2,12.0,12.0,1.4142135623730951,2.0,1
40175,M & R Asti 4 Pak,52,11.365384615384615,11.5,1.9405764875604354,3.7658371040723972,1
40193,Mark West Chard Sonoma Cnty,53,11.320754716981131,12.0,1.6958499673485765,2.875907111756168,1
40203,Dom La Garrigue CDR Cuvee,2,11.5,11.5,2.1213203435596424,4.5,1
40213,Gramona Gessami Penedes,13,11.538461538461538,11.0,1.3913653136029502,1.9358974358974361,1
40219,Fat Bastard Merlot,31,10.451612903225806,10.0,1.7858463852828879,3.1892473118279567,1
40220,Bella Italia Pnt Grigio Ter,3,10.666666666666666,10.0,1.1547005383792517,1.3333333333333335,1
40240,Beringer Classic Wh Zin Spkl,34,10.794117647058824,11.0,1.8713050342459658,3.501782531194295,1
40246,R Mondavi Pvt Sel Cab Svgn,12,11.166666666666666,11.5,1.6422453217986943,2.6969696969696972,1
40258,La Crema Chard Sonoma Coast,13,10.384615384615385,11.0,1.6092680291808412,2.589743589743589,1
40296,Choya Plum Wine,27,10.62962962962963,10.0,1.9835505878280326,3.9344729344729337,1
40331,Terrazas Alto Chard Mendoza,3,10.0,11.0,2.6457513110645907,7.0,1
40332,Terrazas RSV Malbec Mendoza,53,10.60377358490566,11.0,1.9048482943986482,3.6284470246734393,1
40337,Da Vinci Chianti Tuscany,55,11.2,11.0,1.9187187082742176,3.681481481481482,1
40338,Cloudy Bay Pnt Nr Marlboro,33,10.606060606060606,10.0,1.983358797901207,3.933712121212121,1
40363,Clos La Coutale Cahors,7,11.714285714285714,11.0,1.889822365046136,3.571428571428571,1
40365,Rochioli Pinot Noir RRV,5,11.0,10.0,2.0,4.0,1
40366,Rochioli Svgn Bl RRV,4,10.75,10.5,0.9574271077563381,0.9166666666666666,1
40424,Mionetto Il Prosecco Veneto,6,12.166666666666666,13.0,1.7224014243685084,2.9666666666666663,1
40425,Mionetto Prosecco Brut,55,11.4,11.0,1.7277688459933478,2.985185185185185,1
40444,Santa Ema Reserve Merlot,3,11.666666666666666,13.0,2.3094010767585034,5.333333333333334,1
40454,Yellow Tail Cab/Merlot Ausl,6,11.166666666666666,10.0,1.8348478592697182,3.366666666666667,1
40455,Yellow Tail Cab/Merlot Ausl,2,10.5,10.5,0.7071067811865476,0.5,1
40456,Moschofilero Boutari Mantnia,39,11.615384615384615,12.0,1.8153640292526603,3.2955465587044532,1
40483,Drylands Svgn Bl Marlboro,48,11.395833333333334,12.0,1.6339429315450706,2.6697695035460995,1
40513,Kim Crawford Pnt Nr,5,11.6,11.0,2.3021728866442674,5.3,1
40538,Phillips Incognito Lodi Rd,36,11.722222222222221,12.0,1.8456297587406871,3.4063492063492067,1
40545,Whitehaven Svgn Bl Marlboro,54,11.24074074074074,11.0,1.9125719637237402,3.6579315164220834,1
40559,McManis Cab Svgn Cal,52,10.51923076923077,11.0,2.173732532344296,4.725113122171947,1
40560,McManis River Jct Chard Cal,5,9.0,8.0,2.345207879911715,5.5,1
40561,McManis Merlot Cal,37,10.324324324324325,10.0,2.135078115329404,4.558558558558558,1
40566,Pascual Toso Cab Svgn Argn,1,14.0,14.0,,,1
40568,Pascual Toso Malbec Argn,1,9.0,9.0,,,1
40575,Chiarlo Barbaresco Piedmont,2,10.5,10.5,3.5355339059327378,12.5,1
40583,M Chiarlo Gavi Wh,1,13.0,13.0,,,1
40607,Recanati Galilee Merlot,8,12.125,12.5,1.6420805617960927,2.6964285714285716,1
40608,Pinotage Southern Right,8,11.25,11.5,1.7525491637693282,3.0714285714285716,1
40621,Santa Margherita Prosecco V,53,11.452830188679245,11.0,1.8560300658192377,3.444847605224964,1
40658,Lemelson Theas Slctn Pnt Nr,29,9.793103448275861,9.0,2.076730093626372,4.3128078817733995,1
40666,Bolla Chianti,1,10.0,10.0,,,1
40667,Bolla Chianti,45,10.488888888888889,11.0,1.7270866460106404,2.9828282828282835,1
40753,Briggs Lockhart Chard,2,11.0,11.0,0.0,0.0,1
40755,D Bosler Pnt Nr Casablanca,5,9.2,9.0,1.7888543819998317,3.2,1
40757,Casa Julia Merlot Rapel,1,7.0,7.0,,,1
40766,Casa Julia Svgn Bl Manta,19,8.789473684210526,9.0,1.812884361343089,3.2865497076023393,1
40767,Cinquante-Cinq Chardonnay L,3,9.666666666666666,9.0,1.1547005383792517,1.3333333333333335,1
40771,Dom La Suffrene Bandol Rose,10,8.9,8.0,2.6012817353502227,6.766666666666667,1
40782,Krug Rose Champagne,1,7.0,7.0,,,1
40786,Morgan Winery Cd Crows Monte,38,10.81578947368421,10.5,1.7530708679326998,3.07325746799431,1
40801,Sileni Sauvignon Blanc,52,10.557692307692308,10.0,1.7535785432625048,3.0750377073906483,1
40822,Scharffenberger Brut Spklg,3,12.0,12.0,0.0,0.0,1
40837,JJ Prum Graacher Himel Rsl K,5,11.6,12.0,2.3021728866442674,5.3,1
40926,Taylor Madeira NY,43,11.418604651162791,12.0,1.6363804153641583,2.6777408637873754,1
40965,Wente Wetmore Cab Svgn,42,10.69047619047619,10.5,1.9691287566827338,3.877468060394889,1
41003,Yaegaki Nigori Sake,25,11.36,11.0,1.9553345834749953,3.8233333333333337,1
41030,Folie A Deux Cab Svgn,48,10.333333333333334,10.0,2.0765492379398696,4.3120567375886525,1
41032,Folie A Deux Amador Znfdl,26,10.23076923076923,10.0,2.006144407717297,4.024615384615385,1
41033,Menage a Trois White,53,10.339622641509434,10.0,2.056354094642853,4.228592162554427,1
41034,Menage a Trois Red,54,10.37037037037037,10.0,2.049356054373199,4.199860237596086,1
41062,Martin Ray Cab Svgn Napa,39,11.58974358974359,12.0,1.6970244658774885,2.879892037786775,1
41065,Martin Ray Chard RRV,46,11.5,11.0,1.669996673316713,2.7888888888888888,1
41070,Angeline Chard RRV,38,11.421052631578947,11.0,1.6379218696900972,2.6827880512091036,1
41072,Angeline Pnt Nr Rsv,55,11.4,11.0,1.7277688459933478,2.985185185185185,1
41079,Aalto Ribera Del Duero Red,1,13.0,13.0,,,1
41081,Gramona Grand Cve Cava Spklg,6,11.0,11.0,1.2649110640673518,1.6,1
41087,Wrongo Dongo Jumilla,11,11.272727272727273,11.0,1.7372915179041823,3.018181818181818,1
41122,King Est Domaine Pnt Gris,5,11.2,11.0,1.7888543819998317,3.1999999999999997,1
41132,McManis Petite Sirah Cal,8,11.125,12.0,2.748376143938713,7.553571428571429,1
41133,McManis Viognier River Junct,2,12.0,12.0,1.4142135623730951,2.0,1
41141,Ruffino Modus Toscana,4,10.25,10.0,1.5,2.25,1
41143,Red Diamond Cab Svgn Wash,48,10.875,11.0,1.9419774961993461,3.771276595744681,1
41144,Red Diamond Chard Wash,32,10.90625,11.0,1.855408397787572,3.442540322580645,1
41157,Phillips Sixth Sense Syrah,43,11.465116279069768,12.0,1.8561203420717345,3.4451827242524926,1
41159,Phillips Earthquake Ld Znfdl,50,11.42,11.0,1.83046776669188,3.350612244897959,1
41169,Vendange Cab Svgn,3,12.666666666666666,14.0,2.3094010767585034,5.333333333333334,1
41170,Vendange Chard,46,11.434782608695652,12.0,1.6007244736617574,2.56231884057971,1
41171,Vendange Pnt Grigio Cal,25,11.48,12.0,1.446835627614047,2.0933333333333337,1
41172,Vendange Shiraz,4,12.0,12.0,2.309401076758503,5.333333333333333,1
41212,A to Z Pnt Gris Ore,53,11.90566037735849,12.0,1.7349811675257705,3.0101596516690856,1
41213,A to Z Pnt Nr Ore,55,11.781818181818181,12.0,1.822604049673302,3.3218855218855206,1
41215,Flag Hill Wild Blueberry Fr,3,11.666666666666666,12.0,1.5275252316519468,2.3333333333333335,1
41220,C Krug RSV Generations Napa,1,10.0,10.0,,,1
41222,C Krug Svgn Bl Napa,33,11.030303030303031,11.0,1.7763172662289333,3.1553030303030307,1
41231,Mad Dogs & Englishmen Jumil,1,11.0,11.0,,,1
41251,Beringer Classic Pnt Grigio,54,10.648148148148149,11.0,1.8239228654598991,3.326694619147449,1
41252,Beringer Classic Pnt Grigio,54,10.648148148148149,11.0,1.8239228654598991,3.326694619147449,1
41253,Ch St Jean Cab Svgn Cal,51,10.686274509803921,11.0,1.8383709753847983,3.379607843137255,1
41254,Ch St Jean Merlot Cal,44,10.727272727272727,11.0,1.7700825938374578,3.133192389006343,1
41304,Craggy Range Svgn Bl Marlbro,32,11.125,11.0,1.8272136375966974,3.338709677419355,1
41318,R Perrin Chtnf du Pape,1,10.0,10.0,,,1
41321,Bogle Phantom Red Cal,52,11.423076923076923,11.0,1.8613315268351167,3.464555052790347,1
41348,Felino Vino Cobos Malbec,29,11.586206896551724,12.0,1.7832002006687373,3.179802955665025,1
41354,Tomasello Cranberry Wine NJ,1,11.0,11.0,,,1
41372,Fleur Petite Sirah Californa,30,11.9,13.0,1.826056614297785,3.3344827586206893,1
41375,Torres Tempranillo Coronas,1,14.0,14.0,,,1
41377,Torres Sangre de Toro Catal,31,10.935483870967742,11.0,1.9482553540876473,3.795698924731184,1
41394,Four Vines Biker Znfdl,12,11.416666666666666,12.0,1.6764862244009227,2.8106060606060606,1
41405,La Posta Angel Plucci Malbec,48,10.708333333333334,11.0,2.0624126888891032,4.253546099290781,1
41409,Ben Marco Malbec,24,12.208333333333334,13.0,1.8410575095914818,3.389492753623189,1
41411,Bodini Malbec Mendoza,3,9.333333333333334,8.0,3.214550253664318,10.333333333333332,1
41412,Crios Rose of Malbec,32,11.84375,12.0,1.686939871196439,2.845766129032258,1
41415,Crios Cab Svgn,15,12.533333333333333,13.0,1.6846647257229665,2.838095238095238,1
41416,Rihaku Nigori Dreamy Clouds,33,10.666666666666666,11.0,2.101586702153082,4.416666666666667,1
41417,Nanbu Bijin Southern Beauty,1,6.0,6.0,,,1
41418,Tentaka Kuni Hawk Heavens J,2,12.0,12.0,2.8284271247461903,8.0,1
41485,Newton Unfiltered Chard,10,11.5,11.5,2.068278940998476,4.277777777777778,1
41529,Artesa Elements Napa Red,4,11.25,12.0,2.362907813126304,5.583333333333333,1
41530,Septima Malbec Mendoza,53,11.90566037735849,12.0,1.7349811675257705,3.0101596516690856,1
41531,Yellow Tail Shiraz/Grenache,6,12.5,13.0,1.6431676725154984,2.7,1
41532,Yellow Tail Shiraz/Grenache,11,12.272727272727273,13.0,1.7372915179041823,3.018181818181818,1
41537,Mer Soleil Chard Central Cst,51,11.509803921568627,12.0,1.8587366571906614,3.454901960784314,1
41546,Monkey Bay Svgn Bl,54,11.333333333333334,12.0,1.682316462276133,2.8301886792452837,1
41558,Sydney Ann Pinot Grigio Ver,11,8.727272727272727,9.0,1.6787441193290351,2.818181818181818,1
41575,Neyers Conn Vly Cab Svgn,4,11.5,12.0,1.9148542155126762,3.6666666666666665,1
41588,Paul Hobbs Cab Svgn Napa,6,11.666666666666666,12.0,1.96638416050035,3.8666666666666663,1
41589,Paul Hobbs Cross Cab Svgn,9,11.88888888888889,12.0,1.7638342073763937,3.111111111111111,1
41605,Charles Heidsieck Brut RSV,25,12.32,13.0,1.6258331197676263,2.643333333333333,1
41612,Ridge Geyserville Znfdl,7,10.285714285714286,10.0,1.1126972805283735,1.238095238095238,1
41614,Ridge Pagoni Ranch Znfdl,3,13.666666666666666,14.0,0.5773502691896257,0.3333333333333333,1
41629,Heron Pnt Nr Cal,39,11.435897435897436,12.0,1.9166153252526321,3.673414304993253,1
41633,Prinz Salm Two Princes Nahe,47,10.680851063829786,11.0,2.054754645024277,4.222016651248843,1
41634,Morgan Winery Garys Vyd Pnt,1,9.0,9.0,,,1
41648,Saint M Pflaz,2,11.5,11.5,0.7071067811865476,0.5,1
41711,Fish Eye Cab Svgn,54,10.88888888888889,11.0,1.869988060366148,3.496855345911949,1
41712,Fish Eye Chard,54,10.88888888888889,11.0,1.869988060366148,3.496855345911949,1
41713,Fish Eye Merlot,54,10.907407407407407,11.0,1.8558273191314598,3.444095038434661,1
41714,Fish Eye Pnt Grigio,54,10.907407407407407,11.0,1.8558273191314598,3.444095038434661,1
41727,Beaulieu Cstl Clr Slct Chard,3,12.333333333333334,13.0,1.1547005383792517,1.3333333333333335,1
41751,Clos du Bois Pnt Grigio Cal,54,11.333333333333334,12.0,1.682316462276133,2.8301886792452837,1
41759,Blue Fish Pfalz Rsl,48,11.041666666666666,11.0,1.9456261184790364,3.7854609929078014,1
41762,Ch Beaucastel Chtnf Pap,8,11.375,11.0,1.7677669529663689,3.125,1
41778,Stoneleigh Pnt Nr Marlboro,5,11.6,11.0,1.816590212458495,3.3,1
41785,Ecco Domani Collezion Merlot,2,11.5,11.5,2.1213203435596424,4.5,1
41786,Ecco Domani Colle Pnt Grigio,54,11.24074074074074,11.0,1.9125719637237402,3.6579315164220834,1
41787,Ferrari-Carano Cab Svgn Alex,45,11.0,12.0,1.9069251784911847,3.6363636363636362,1
41795,Corbett Canyon Cab Svgn,4,10.75,10.5,1.707825127659933,2.9166666666666665,1
41820,Cesari Sangioves Romagna RS,16,12.1875,13.0,1.558578412100805,2.4291666666666667,1
41827,Banfi Chianti Clsc Tuscany,46,10.565217391304348,11.0,1.7845282465688048,3.184541062801933,1
41831,BV Coastal Estate Cab Svgn,6,11.0,11.5,2.280350850198276,5.2,1
41862,Rex Goliath Shiraz,5,10.8,11.0,2.3874672772626644,5.699999999999999,1
41864,Elvio Tintero Moscato D'Asti,3,10.333333333333334,10.0,0.5773502691896257,0.3333333333333333,1
41868,Goldeneye Anderson Pnt Nr,42,11.357142857142858,11.0,1.973253208028943,3.8937282229965158,1
41899,Marietta Old Vine Cve Cal Rd,44,10.454545454545455,10.0,1.7580981459830651,3.090909090909091,1
41912,Matua Pnt Nr Marlboro,41,10.707317073170731,11.0,1.8061547890342122,3.26219512195122,1
41918,Jacobs Crk Rsl,25,11.4,12.0,1.632993161855452,2.6666666666666665,1
41927,Ch Lamothe de Haux Brdx Wh,46,10.021739130434783,10.0,1.706056276716472,2.9106280193236715,1
41940,Lange Willamette Pnt Nr,46,12.08695652173913,13.0,1.7489817603587614,3.058937198067632,1
41948,Tozai Nigori Voice Mist Sake,1,8.0,8.0,,,1
41965,F Coppola Sofia Rose,53,10.773584905660377,11.0,1.9279473883058822,3.716981132075472,1
41970,Troublemaker Red,54,11.462962962962964,11.5,1.870455125353417,3.4986023759608664,1
41974,Beringer Classic Wh Znfdl,52,10.634615384615385,11.0,1.847402481215669,3.4128959276018103,1
41978,Ridge Santa Cruz Mt Chard,4,11.5,11.5,1.2909944487358056,1.6666666666666667,1
41981,Ridge Lytton Spring Znfdl,7,12.285714285714286,13.0,2.0586634591635513,4.238095238095238,1
41983,Ridge Znfdl Paso Robles,5,11.6,12.0,2.073644135332772,4.3,1
41984,Ridge Ponzo Vyds Znfdl,2,13.5,13.5,0.7071067811865476,0.5,1
41985,Ridge Estate Cab Svgn,3,11.666666666666666,12.0,1.5275252316519468,2.3333333333333335,1
41990,Heitz Cab Svgn Napa,44,11.318181818181818,11.0,1.8397766203224208,3.3847780126849893,1
42018,Falesco Vitiano Umbria Bian,14,11.214285714285714,11.0,1.9286731759891873,3.7197802197802186,1
42053,Paraduxx Red Duckhorn Napa,38,11.631578947368421,12.0,1.8221023294547065,3.320056899004268,1
42080,Evans Nine Stones Brs Shiraz,2,9.5,9.5,2.1213203435596424,4.5,1
42097,Toad Hollow Eriks The Red 12,18,11.722222222222221,12.0,1.6379885640466822,2.6830065359477118,1
42099,Bota Box Pnt Grigio Cal,55,10.6,11.0,1.8718182881101744,3.503703703703704,1
42115,Jewell Towne Cab Svgn NH,13,9.923076923076923,10.0,2.0191391920625676,4.0769230769230775,1
42117,Jewell Towne Chardonnay,34,9.705882352941176,10.0,1.8994323197352683,3.607843137254902,1
42118,Jewell Towne Seyval NH,41,9.804878048780488,10.0,1.8332963780458678,3.3609756097560974,1
42122,Smoking Loon Svgn Bl Cal,50,11.42,11.0,1.7272131617500053,2.98326530612245,1
42124,Pieropan Soave Clsc,28,11.357142857142858,11.5,1.8300837000548225,3.3492063492063497,1
42158,Mulderbosch Rose Cab Svgn,10,11.5,12.0,1.7795130420052185,3.1666666666666665,1
42162,Beyond Svgn Bl,3,12.0,13.0,1.7320508075688772,3.0,1
42167,Tempranillo Vente Mazzaron,24,11.041666666666666,11.0,1.7810394294555532,3.1721014492753623,1
42172,Graffigna Centenario Malbec,47,11.191489361702128,11.0,1.7275050855313105,2.9842738205365404,1
42188,Moet & Chandon Nectar Imp Rs,54,10.592592592592593,10.5,1.90845703278377,3.6422082459818315,1
42211,Parker Stn Snt Barbra Pnt Nr,1,11.0,11.0,,,1
42212,Rex Goliath Pnt Grigio,44,11.272727272727273,11.5,1.647600600219468,2.7145877378435515,1
42255,Ridge Three Valleys Sonoma,48,11.708333333333334,12.0,1.7978513574670456,3.2322695035460987,1
42256,Duboeuf Bjls Rd,3,12.0,13.0,1.7320508075688772,3.0,1
42258,Chatom Cab Svgn Calaveras,2,7.0,7.0,1.4142135623730951,2.0,1
42264,Belle Glos Clark & Telephone,32,11.53125,11.5,1.9341477242844816,3.7409274193548385,1
42275,Blackstone Merlot Cal,44,11.363636363636363,12.0,1.5714148430250658,2.4693446088794926,1
42337,St Francis Red Sonoma,5,11.8,11.0,1.6431676725154984,2.7,1
42348,Livingston Sangria Natural,12,11.0,10.5,2.1320071635561044,4.545454545454546,1
42350,Black Box Shiraz Cntrl Coast,48,11.333333333333334,12.0,1.654566001246934,2.7375886524822692,1
42385,Sycamore Lane Pnt Grigio Cal,20,10.65,10.5,1.954078056944394,3.818421052631579,1
42386,Sycamore Lane Pnt Grigio Cal,54,10.314814814814815,10.0,2.045003797330737,4.182040531097134,1
42392,Vendange Merlot,6,11.666666666666666,12.0,1.8618986725025255,3.4666666666666663,1
42399,Grayson Cellars Cab Svgn Pas,51,10.764705882352942,11.0,2.0453677937634365,4.183529411764707,1
42401,Grayson Cellars Chard N Cst,45,10.822222222222223,11.0,1.9222251415870868,3.694949494949496,1
42402,Grayson Cellars Merlot Paso,4,12.25,12.5,1.707825127659933,2.9166666666666665,1
42403,Hendry Chard Napa Unoaked,3,12.666666666666666,13.0,0.5773502691896257,0.3333333333333333,1
42410,Acorn Medley Alegria RRV,2,13.0,13.0,1.4142135623730951,2.0,1
42413,R M Woodbridge Rsl,51,11.333333333333334,12.0,1.70489491367259,2.9066666666666676,1
42420,Yellow Tail Pnt Grigio Ausl,53,11.547169811320755,12.0,1.8034799452495367,3.2525399129172716,1
42421,Firesteed Pnt Gris Ore,47,10.617021276595745,10.0,2.0594764160419796,4.241443108233117,1
42422,Firesteed Pnt Nr Ore,53,10.641509433962264,10.0,1.9815916254621173,3.9267053701015966,1
42423,Firesteed Willamette Pnt Nr,3,9.333333333333334,9.0,2.5166114784235836,6.333333333333334,1
42436,Crane Lake Cab Svgn Cal,7,7.714285714285714,7.0,2.4299715851758235,5.904761904761904,1
42437,Crane Lake Cab Svgn Cal,10,8.7,8.5,1.888562063228706,3.566666666666667,1
42438,Crane Lake Chard Cal,6,7.666666666666667,8.0,2.065591117977289,4.266666666666667,1
42439,Crane Lake Chard Cal,14,8.0,8.0,1.1766968108291043,1.3846153846153846,1
42456,Two Hands Angels Share Shira,26,11.461538461538462,11.5,1.9845557534273353,3.9384615384615387,1
42462,Gnarly Head Old Vine Znfdl,55,10.6,11.0,1.8718182881101744,3.503703703703704,1
42579,Voga del Venezie Pnt Grigio,54,11.444444444444445,11.0,1.7119630866531244,2.9308176100628933,1
42581,Roussanne Truchard Carneros,3,10.0,11.0,2.6457513110645907,7.0,1
42601,3 Blind Moose Cab Svgn Cal,27,11.185185185185185,11.0,1.7105338131489614,2.925925925925926,1
42602,3 Blind Moose Chard Cal,26,11.26923076923077,11.0,1.8233527866585184,3.3246153846153845,1
42603,3 Blind Moose Merlot Cal,24,10.958333333333334,11.0,1.7315277663950703,2.998188405797101,1
42640,The Monterey Vyds Chard,29,9.931034482758621,10.0,1.8309059912427161,3.352216748768473,1
42642,The Monterey Vyds Pnt Nr,40,10.15,11.0,1.9155236279489662,3.66923076923077,1
42643,Echelon CA Pnt Grigio,1,11.0,11.0,,,1
42655,Warre's Vintage Port 03,1,13.0,13.0,,,1
42663,Beringer Fndr Est Pnt Grigio,40,10.825,11.0,1.8381637995146554,3.378846153846154,1
42671,Dynamite Mendocino Chard,1,13.0,13.0,,,1
42672,Orogeny Pnt Nr Sonoma,3,11.333333333333334,12.0,2.0816659994661326,4.333333333333333,1
42676,Kistler Chard Sonma Mountain,6,9.166666666666666,9.0,2.041241452319315,4.166666666666667,1
42677,Kistler Les Noisetiers Sono,3,8.666666666666666,9.0,1.5275252316519468,2.3333333333333335,1
42678,Fish Eye Shiraz,53,10.962264150943396,11.0,1.8288527735561373,3.3447024673439762,1
42685,Alto Moncayo Garnacha,11,11.727272727272727,12.0,1.7372915179041823,3.0181818181818176,1
42691,Las Brisas Rueda Wh,15,12.066666666666666,13.0,1.709915063331955,2.923809523809524,1
42733,K Vntrs Milbrandt Col Syrah,3,9.333333333333334,9.0,1.5275252316519468,2.3333333333333335,1
42734,K Vntrs Viognier Columbia,1,8.0,8.0,,,1
42735,Magnificent Wine Co House Re,46,10.0,10.0,2.1499353995462798,4.622222222222222,2
42741,Il Poggio Sangiovese Rubico,1,11.0,11.0,,,1
42751,Five Oaks Cab Svgn Cal,18,11.5,12.0,2.255711704566354,5.088235294117647,1
42752,Five Oaks Chard Cal,14,11.714285714285714,12.0,2.2677868380553634,5.142857142857142,1
42753,Five Oaks Merlot Cal,20,11.05,11.5,1.9324105480761042,3.7342105263157896,1
42759,Bigi Orvieto Clsc Vendemmia,3,13.333333333333334,13.0,0.5773502691896257,0.3333333333333333,1
42764,14 Hands Cab Svgn Wash,54,10.851851851851851,11.0,1.9561939114380886,3.8266946191474487,1
42765,14 Hands Chard Wash,54,10.851851851851851,11.0,1.9561939114380886,3.8266946191474487,1
42766,14 Hands Merlot Wash,54,10.851851851851851,11.0,1.9561939114380886,3.8266946191474487,1
42785,Cakebread Benchland Cab Svgn,6,10.333333333333334,10.0,1.8618986725025255,3.4666666666666663,1
42789,Greg Norman Pnt Nr Cal Est,13,10.615384615384615,10.0,1.8045526471705549,3.256410256410257,1
42794,Penalolen Cab Svgn Maipo,1,11.0,11.0,,,1
42797,Ricardo Santos Malbec Mendza,4,8.5,8.0,2.6457513110645907,7.0,1
42801,Benton Lane Pnt Gris Willamt,20,9.8,10.0,2.483630619200766,6.1684210526315795,2
42828,Briggs Lockhart Cab Svgn,7,9.142857142857142,10.0,1.9518001458970664,3.8095238095238098,1
42874,Decoy by Duckhorn Red Sonoma,49,11.63265306122449,12.0,1.787618032828187,3.195578231292517,1
42881,La Bastarda Pnt Gr Sicily,51,10.784313725490197,11.0,2.013094389145189,4.052549019607842,1
42884,Beringer Cab Svgn Pvt RSV Np,15,11.0,11.0,1.8126539343499315,3.2857142857142856,1
42886,Clos de Los Siete Mendoza,37,11.297297297297296,11.0,1.8538977687394032,3.436936936936937,1
42894,Rosenblum Hertg Petite Sirah,1,13.0,13.0,,,1
42897,Twomey Merlot Napa,1,11.0,11.0,,,1
42933,Valckenberg Rsl,1,9.0,9.0,,,1
42934,Valckenberg Dornfelder,28,11.071428571428571,11.5,1.9612651137877428,3.8465608465608474,1
42948,Root 1 Cab Svgn,50,10.62,10.0,1.7944358444926358,3.2199999999999993,1
42949,Kuentz Bas Alsace White,8,12.25,13.0,1.9820624179302297,3.9285714285714284,1
42952,Asamai Shuzo Heavens Door,1,11.0,11.0,,,1
42953,Tozai Well of Wisdom Sake,36,10.416666666666666,11.0,2.221646750884192,4.935714285714286,1
42971,Kesselstatt Piesp G Kab Rsl,2,8.0,8.0,1.4142135623730951,2.0,1
43013,Anastasi Estates Messinia Rd,2,11.5,11.5,0.7071067811865476,0.5,1
43019,Krug Grande Cve Brut,4,9.25,8.5,2.6299556396765835,6.916666666666667,1
43020,Krug Grande Cuvee Brut,21,10.714285714285714,11.0,1.5212776585113297,2.314285714285714,1
43021,Ceretto Arneis Blange Lange,2,12.5,12.5,0.7071067811865476,0.5,1
43022,Ceretto Barbaresco,1,9.0,9.0,,,1
43023,Ceretto Barolo,1,9.0,9.0,,,1
43025,Esperto Venezie Pnt Grigio,5,10.4,10.0,1.1401754250991378,1.2999999999999998,1
43027,Monsanto Monrosso Chianti,3,10.333333333333334,11.0,2.081665999466133,4.333333333333334,1
43043,Yellow Tail Rsl,54,11.481481481481481,11.5,1.8504537000090027,3.4241788958770076,1
43092,Oberon Cab Svgn Napa,53,11.88679245283019,12.0,1.7722256471898068,3.1407837445573294,1
43097,Merriam Jones Vyd Cab Franc,8,11.0,12.0,1.6903085094570331,2.857142857142857,1
43124,Gekkeikan Nigori Sake,54,10.592592592592593,11.0,1.9668816284467794,3.8686233403214545,1
43127,Cristobal Pie de Palo Malbec,3,11.0,11.0,1.0,1.0,1
43128,Cristobal Pie Palo Viognier,1,9.0,9.0,,,1
43129,Jelu Malbec San Juan,47,8.957446808510639,9.0,1.6934329271131165,2.867715078630898,1
43131,Carpano Antica Formula,42,11.976190476190476,12.5,1.7736292575737802,3.145760743321719,1
43134,Two Hands Bella Gardn Shiraz,2,12.0,12.0,1.4142135623730951,2.0,1
43143,Valle de la Puerta Torrontes,20,11.05,11.0,1.8202082009311027,3.3131578947368414,1
43152,Ramey Chard Sonoma Coast,11,11.181818181818182,11.0,1.9400093720485898,3.763636363636364,1
43184,Writer's Block Cab Franc,31,11.419354838709678,11.0,1.6886719347539967,2.8516129032258064,1
43193,Dancing Bull Zabaco Cab Svgn,44,11.386363636363637,12.0,1.9315725499851764,3.7309725158562363,1
43223,Ch Beauchene Cotes du Rhone,54,10.685185185185185,10.5,2.035756538007561,4.14430468204053,1
43224,Ch Beauchene Cotes du Rhone,52,10.5,10.0,1.9753381442967493,3.9019607843137254,1
43225,Ch Beauchene Chtnf Pape RSV,50,10.8,11.0,1.9691498217271743,3.8775510204081627,1
43232,Fat Bastard Cab Svgn,30,10.866666666666667,11.0,1.7952683659406263,3.2229885057471264,1
43237,Acorn Alegria Vyds Cab Franc,7,10.0,11.0,2.943920288775949,8.666666666666666,1
43245,Sterling Vntrs Pnt Grigio,54,10.351851851851851,11.0,1.9343704295636062,3.7417889587700905,1
43247,Archetype Shiraz/Cab Barossa,1,11.0,11.0,,,1
43289,Fish Eye Cab Svgn,1,11.0,11.0,,,1
43290,Fish Eye Chard,1,11.0,11.0,,,1
43291,Fish Eye Merlot,2,9.5,9.5,2.1213203435596424,4.5,1
43292,Fish Eye Pnt Grigio,51,10.803921568627452,11.0,1.8975732696593008,3.6007843137254896,1
43293,Fish Eye Shiraz,1,11.0,11.0,,,1
43308,Penfolds Koonunga Hil Shiraz,39,11.256410256410257,11.0,1.7728648940411722,3.143049932523617,1
43317,Salmon Creek Pnt Grigio Cal,4,11.75,12.5,1.8929694486000912,3.5833333333333335,1
43323,Keo St John Commandaria Cyp,4,8.5,9.0,1.0,1.0,1
43350,Frenchhouse Chard VDP D'Oc,1,11.0,11.0,,,1
43354,Pinot Evil VDP Beaute Pnt Nr,1,12.0,12.0,,,1
43359,David Bruce Pnt Nr RRV,39,11.615384615384615,12.0,1.941450686788302,3.769230769230769,1
43362,Silver Oak Cab Svgn Napa,40,11.45,11.5,1.825039514851454,3.330769230769231,1
43363,Elk Cove Mt Richmond Pnt Nr,2,9.5,9.5,0.7071067811865476,0.5,1
43365,Cavit Riesling Trentino,55,10.909090909090908,11.0,2.0482397797343443,4.195286195286195,1
43379,Edna Valley San Luis Cab Svg,52,11.23076923076923,11.0,1.8850847447053847,3.553544494720965,1
43380,Edna Valley San Luis Obs Mer,13,11.153846153846153,11.0,1.9513309067639728,3.807692307692308,1
43384,Three Thieves Bandit Merlot,1,14.0,14.0,,,1
43385,Three Thieves Bnd Pnt Grigio,5,10.2,11.0,2.2803508501982757,5.199999999999999,1
43393,Red Diamond Shiraz Wash,4,10.75,10.5,2.0615528128088303,4.25,1
43395,M Chiarlo Barolo Tortoniano,1,10.0,10.0,,,1
43425,Chatom Gitano Sangiovese Cal,2,7.0,7.0,1.4142135623730951,2.0,1
43429,MontGras RSV Cab Svgn,1,10.0,10.0,,,1
43430,Mont Gras RSV Colch Carmener,18,10.777777777777779,11.0,2.237528982541325,5.006535947712417,1
43432,Montgras RSV Svgn Bl Casabln,17,10.705882352941176,10.0,1.8629514849544841,3.4705882352941178,1
43433,SA Prum Rsl Essence Mosel,17,11.588235294117647,12.0,2.093407017561676,4.382352941176471,1
43434,Phillips Earthquake Cab Svgn,54,11.444444444444445,11.5,1.880050849038013,3.5345911949685536,1
43450,Fish Eye Pnt Grigio,51,10.843137254901961,11.0,1.880133495468956,3.5349019607843144,1
43452,Fish Eye Shiraz,4,11.0,10.5,2.160246899469287,4.666666666666667,1
43481,Peter Paul Cab Svgn Napa,9,10.777777777777779,10.0,1.563471919941143,2.444444444444444,1
43489,Ken Forrester Petit Chenin B,45,10.533333333333333,10.0,1.9840271259142694,3.936363636363636,1
43490,Ken Forrester Petit Pinotage,3,12.333333333333334,12.0,1.5275252316519468,2.3333333333333335,1
43499,Sterling Vntrs Cltn Chard,4,10.5,10.5,2.0816659994661326,4.333333333333333,1
43513,Ch D'Yquem 05 Lur Saluces,2,11.5,11.5,2.1213203435596424,4.5,1
43539,Fantinel Prosecco,1,11.0,11.0,,,1
43541,Carlo Rossi RSV Cab Svgn Cal,6,12.333333333333334,13.0,2.3380903889000244,5.466666666666667,1
43542,Carlo Rossi RSV Cab Svgn Cal,16,11.25,11.0,2.2949219304078006,5.266666666666667,1
43543,Carlo Rossi RSV Chard Cal,4,10.75,11.0,1.5,2.25,1
43544,Carlo Rossi RSV Chard Cal,5,11.6,13.0,2.4083189157584592,5.8,1
43545,Carlo Rossi RSV Merlot Cal,3,12.333333333333334,12.0,0.5773502691896257,0.3333333333333333,1
43546,Carlo Rossi RSV Merlot Cal,10,11.8,12.0,1.6193277068654826,2.6222222222222222,1
43547,Carlo Rossi RSV Wh Znfdl Cal,3,13.0,13.0,1.0,1.0,1
43548,Carlo Rossi RSV Wh Znfdl Cal,4,11.5,11.5,2.886751345948129,8.333333333333334,1
43553,La Puerta La Rioja Malbec,50,10.8,11.0,1.8952141659173714,3.5918367346938775,1
43590,Ch Ste Michelle Indn Wls Cab,53,10.81132075471698,11.0,1.9518886689325066,3.809869375907112,1
43615,Talbott Kali Hart Vyd Pnt Nr,39,11.153846153846153,11.0,1.953922661003292,3.8178137651821857,1
43618,Moillard CdR Violettes Rouge,41,10.585365853658537,10.0,1.8838207154092126,3.5487804878048776,1
43638,Silverado Solo SLD Cab Svgn,10,11.8,12.5,1.7511900715418263,3.066666666666667,1
43639,Hamilton Russell Pnt Nr,2,12.5,12.5,2.1213203435596424,4.5,1
43652,Barbera d'Alba Alessandria,16,9.0,9.0,1.3662601021279464,1.8666666666666667,1
43662,L'Ecole No 41 Cab Svgn Clmba,23,10.608695652173912,10.0,1.4996705830639976,2.24901185770751,1
43667,L'Ecole No 41 Apogee Pepper,3,11.333333333333334,12.0,2.081665999466133,4.333333333333334,1
43668,L'Ecole No 41 Perigee Seven,1,9.0,9.0,,,1
43673,Blackstone Montry Pnt Grigio,35,11.428571428571429,12.0,1.7537474881238861,3.07563025210084,1
43681,2 Up McLaren Vale Shiraz,1,11.0,11.0,,,1
43685,Babich Svgn Bl Marlboro,52,11.48076923076923,11.5,1.862850278843588,3.470211161387633,1
43729,Calera Reed Vyd Pnt Nr,1,10.0,10.0,,,1
43730,Calera Ryan Vyd Pnt Nr,2,11.0,11.0,2.8284271247461903,8.0,1
43737,Menage a Trois Rose Blend,50,10.46,10.0,2.072265840640557,4.294285714285714,1
43747,Terra D'Oro Pnt Grigio,9,10.444444444444445,10.0,2.1858128414340006,4.777777777777779,1
43777,Ben Marco Cab Svgn,14,12.142857142857142,12.0,1.5619092289760117,2.4395604395604393,1
43782,Newton Unfiltered Cab Svgn,4,9.5,9.0,2.6457513110645907,7.0,1
43784,Newton Claret Napa,36,10.694444444444445,11.0,1.7698982124799387,3.132539682539682,1
43785,Newton Merlot Napa Unfilterd,1,13.0,13.0,,,1
43788,Veuve Clicquot Ponsardin Rs,51,10.705882352941176,11.0,1.8470962903655979,3.4117647058823533,1
43789,Oakhurst Happy Camp Cab Svgn,14,10.428571428571429,10.0,1.5045717874984443,2.263736263736264,1
43790,Oakhurst Happy Camper Chard,8,9.875,10.0,1.9594095320493148,3.8392857142857144,1
43791,Oakhurst Happy Camper Merlot,4,9.25,9.0,0.5,0.25,1
43798,Trivento Select Mendz Malbec,53,10.528301886792454,11.0,1.7607229020720403,3.100145137880988,1
43799,Trivento Golden RSV Malbec,2,8.5,8.5,0.7071067811865476,0.5,1
43801,C Y Toro Frontera Cab Svgn,51,10.607843137254902,11.0,1.78973105658419,3.203137254901961,1
43803,Banfi Rosa Regale,8,10.375,10.5,1.7677669529663689,3.125,1
43808,R M Woodbridge Pnt Nr Cal,47,11.25531914893617,12.0,1.6999755126929865,2.8899167437557822,1
43809,R M Woodbridge Pnt Nr,54,11.277777777777779,11.5,1.7092055604282188,2.921383647798742,1
43819,Little Black Dress Chard,2,12.0,12.0,1.4142135623730951,2.0,1
43820,Little Black Dress Merlot,44,10.636363636363637,11.0,1.726549308840103,2.980972515856237,1
43821,Little Black Dress Pnt Grigi,1,13.0,13.0,,,1
43832,3 Blind Moose Pnt Grigio Cal,23,11.173913043478262,11.0,1.5270939101039855,2.3320158102766793,1
43871,Sette Ponti Crognolo Toscan,1,14.0,14.0,,,1
43872,Joseph Carr Cab Svgn Napa,54,11.481481481481481,11.5,1.8504537000090027,3.4241788958770076,1
43873,Duckhorn Cab Svgn Napa,50,11.44,11.5,1.8643814972657657,3.4759183673469387,1
43877,Duckhorn Svgn Bl Napa,51,11.431372549019608,11.0,1.8788816030903523,3.530196078431372,1
43890,Oyster Bay Hawkes Bay Merlot,9,11.0,11.0,1.6583123951777,2.75,1
43900,Clio Jumilla Red,11,11.727272727272727,12.0,1.618079669911781,2.618181818181818,1
43916,Dom Lafage Cote Est Blanc,3,11.0,11.0,2.0,4.0,1
43918,Farnum Hill X-Dry Cider,35,9.657142857142857,9.0,1.862049110726219,3.467226890756303,1
43919,Farnum Hill X-Dry StillCider,2,8.0,8.0,1.4142135623730951,2.0,1
43920,Farnum Hill Semi-Dry Cider,40,9.3,9.0,1.8425177868535745,3.3948717948717944,1
43922,Farnum Hill Farmhouse Cider,22,9.545454545454545,9.0,1.9451349011186303,3.783549783549784,1
43923,Farnum Hill Summer Cider,1,8.0,8.0,,,1
43924,Farnum Hill Kingston Blk RSV,3,7.666666666666667,8.0,0.5773502691896258,0.33333333333333337,1
43937,P Jaboulet Hrmtg 10 Chapelle,2,10.5,10.5,0.7071067811865476,0.5,1
43939,Provenance Svgn Bl Napa,5,10.4,10.0,1.816590212458495,3.3,1
43950,Schlumberger Pinot Gris Pri,1,10.0,10.0,,,1
44025,Churchills 20 Yr Tawny Port,7,11.0,12.0,1.2909944487358056,1.6666666666666667,1
44033,Zardetto Pros di Coneg Brut,1,9.0,9.0,,,1
44035,De Loach Pnt Nr,54,11.481481481481481,11.5,1.8504537000090027,3.4241788958770076,1
44037,Barefoot Pnt Grigio Cal,55,11.2,11.0,1.9187187082742176,3.681481481481482,1
44038,Barefoot Pnt Grigio Cal,55,11.2,11.0,1.9187187082742176,3.681481481481482,1
44040,Bella Sera Pnt Nr Venezie,2,11.5,11.5,2.1213203435596424,4.5,1
44041,Bella Sera Pinot Noir Delle,53,11.18867924528302,11.0,1.8918509838615412,3.579100145137881,1
44063,Valentin Bianchi Elsa Malbec,5,11.4,11.0,2.073644135332772,4.3,1
44072,Bogle Russian River Pnt Nr,55,11.436363636363636,11.0,1.8635254955935732,3.4727272727272727,1
44081,Wente Riva Ranch Chard,51,10.745098039215685,11.0,1.9374533517471018,3.7537254901960786,1
44082,Wente Sandstone Mntry Merlot,41,10.682926829268293,10.0,1.8498516750032137,3.421951219512195,1
44083,Wente Reliz Crk Pnt Nr,8,11.0,11.0,2.0701966780270626,4.285714285714286,1
44084,Wente Riverbank Rsl Monterey,39,10.846153846153847,11.0,1.9130914845715246,3.65991902834008,1
44098,Rocca di Montemassi Le Faca,1,12.0,12.0,,,1
44102,Provenance To Kalon Cab Svgn,6,10.333333333333334,9.5,2.1602468994692865,4.666666666666666,1
44106,Carmel Road Unoaked Chard Mo,43,11.488372093023257,11.0,1.6814406099880375,2.8272425249169437,1
44107,Carmel Road Pnt Nr Monterey,51,11.490196078431373,11.0,1.6777669566373972,2.8149019607843138,1
44109,Cavit Riesling Trentino,3,11.333333333333334,13.0,3.7859388972001824,14.333333333333332,1
44121,Staglin Salus Cab Svgn,1,12.0,12.0,,,1
44138,Crios Malbec,46,11.934782608695652,12.5,1.7562861562974104,3.084541062801932,1
44145,Red Rock Merlot Cal,54,11.24074074074074,11.0,1.9125719637237402,3.6579315164220834,1
44148,Polka Dot Rsl Pfalz,44,11.181818181818182,11.0,1.8460860832145605,3.4080338266384773,1
44174,Dieberg Santa Maria V Pnt Nr,3,10.0,10.0,1.0,1.0,1
44176,Three Saints Cab Svgn,1,10.0,10.0,,,1
44177,Three Saints Snt Maria Chard,1,10.0,10.0,,,1
44182,Tommasi Poggio Al Tufo Rompi,49,11.46938775510204,11.0,1.803954461919777,3.2542517006802716,1
44186,H Brunier Telegramme Pape,5,11.2,11.0,1.7888543819998317,3.2,1
44199,Foris Rogue Vly Gewurz,26,10.115384615384615,10.0,2.026364687353648,4.1061538461538465,1
44207,Neil Ellis Sincerely Svgn Bl,26,10.192307692307692,9.5,2.0979843806707574,4.401538461538461,1
44208,Black Box Pnt Grigio,54,11.333333333333334,12.0,1.682316462276133,2.8301886792452837,1
44217,Ruffino Il Ducale Toscana Rd,43,11.255813953488373,12.0,1.6632301226087283,2.7663344407530452,1
44220,Vinedo de Los Vientos Alcyo,9,8.222222222222221,9.0,1.8559214542766742,3.444444444444445,1
44221,Vinedo de Los Vientos Estiv,2,9.5,9.5,0.7071067811865476,0.5,1
44228,Clean Slate Rsl Mosel,54,10.648148148148149,10.5,1.8239228654598991,3.3266946191474496,1
44232,Acacia Winery Pnt Nr Lake,2,11.0,11.0,2.8284271247461903,8.0,1
44233,A by Acacia Chard Cal,53,10.30188679245283,11.0,1.9960047177027005,3.984034833091437,1
44234,A by Acacia Pnt Nr Cal,52,10.26923076923077,11.0,1.9414506867883021,3.7692307692307696,1
44238,B & G Pnt Nr Bistro,36,9.972222222222221,10.0,1.4829721336580632,2.1992063492063485,1
44249,Concannon Slt Vyd Pnt Grigio,1,11.0,11.0,,,1
44266,Mommys Time Out Garganega/P,54,10.537037037037036,11.0,2.169366162217017,4.706149545772187,1
44269,Codorniu Original Spklg Cava,39,12.076923076923077,13.0,1.722675632855004,2.967611336032388,1
44272,Legaris Crianza Ribera del,1,11.0,11.0,,,1
44278,Scala Dei Negre Priorat,4,11.25,11.5,2.0615528128088303,4.25,1
44292,Woop Woop Shiraz,47,10.872340425531915,11.0,2.0811474811057624,4.331174838112859,1
44302,Yellow Tail Pnt Nr,7,11.0,11.0,1.8257418583505538,3.3333333333333335,1
44325,R Young Est Cab Svgn Alexndr,1,9.0,9.0,,,1
44334,Noble Vines 337 Cab Svgn,53,10.641509433962264,11.0,1.892234531961551,3.5805515239477503,1
44337,Irony Cab Svgn,53,10.679245283018869,11.0,1.858179267099718,3.452830188679245,1
44338,Irony Chard Napa,5,10.0,10.0,2.0,4.0,1
44339,Irony Merlot Napa,1,14.0,14.0,,,1
44340,Irony Pnt Nr Monterey,52,10.75,11.0,1.8027756377319946,3.25,1
44362,Cusumano Nero D'Avola Sicily,51,11.941176470588236,12.0,1.7136133135090001,2.9364705882352946,1
44369,Gallo Twin Vly Moscato,9,12.11111111111111,13.0,2.3154073315749675,5.361111111111111,1
44370,Gallo Twin Vly Moscato,1,14.0,14.0,,,1
44394,Oak Ridge OZV Znfdl Lodi,7,10.428571428571429,11.0,2.370453040886408,5.619047619047618,1
44411,Tablas Crk Cotes de Tabls Rg,2,9.5,9.5,0.7071067811865476,0.5,1
44452,Ravenswood Zen of Zin Znfdl,53,11.358490566037736,12.0,1.6881298211863092,2.84978229317852,1
44455,Santa Margherita Pnt Grigio,12,12.0,13.0,2.256304299271065,5.090909090909091,1
44493,Neal Cab Svgn Napa,23,11.08695652173913,11.0,1.7032867552913655,2.901185770750988,1
44494,Smoking Loon Pnt Grigio Cal,53,11.377358490566039,11.0,1.7456144509371925,3.047169811320756,1
44511,MacMurray Ranch C Cst Pnt Nr,54,11.24074074074074,11.0,1.9125719637237402,3.6579315164220834,1
44529,Salmon Run Chard/Rsl,43,10.627906976744185,10.0,2.058932407294448,4.23920265780731,1
44547,Silver Oak Cab Svgn Alex Vly,53,11.49056603773585,12.0,1.866945690667328,3.4854862119013066,1
44613,Bodegas Borsao 14 Rose,12,11.083333333333334,11.0,1.6213537179739277,2.6287878787878785,1
44620,A to Z Ore Chard,52,11.961538461538462,12.0,1.7030714866639578,2.900452488687783,1
44637,Sea Ridge Chard Cal,1,12.0,12.0,,,1
44650,Nickel Branding Irn Cab Svgn,2,11.0,11.0,1.4142135623730951,2.0,1
44653,Nickel Rock Cairn Cab Svgn,1,12.0,12.0,,,1
44662,Caposaldo Pnt Grigio Veneto,1,11.0,11.0,,,1
44666,San Guido Sassicaia Guildal,2,9.5,9.5,0.7071067811865476,0.5,1
44703,J Lohr Seven Rst Cv Cab Svgn,36,11.38888888888889,11.0,1.7611323918397794,3.101587301587302,1
44704,J Lohr Riverstone Chard,36,11.555555555555555,11.5,1.7959389815349587,3.225396825396825,1
44705,J Lohr Osos Rest Cve Merlot,8,11.875,12.5,1.3562026818605375,1.8392857142857142,1
44708,Trentadue Old Patch Red Son,45,10.6,10.0,2.157439559882375,4.654545454545455,1
44709,Trinity Oaks Pnt Nr Cal,12,10.583333333333334,10.5,2.151461800448216,4.628787878787879,1
44712,Sonoma-Cutrer Chard Sonoma,54,10.88888888888889,11.0,1.9968528698048331,3.987421383647798,1
44714,Buehler Znfdl Napa,29,11.724137931034482,12.0,1.8496438213909865,3.4211822660098514,1
44715,Drouhin St Veran,30,11.6,11.5,1.7140393911700975,2.9379310344827587,1
44716,Drouhin Chorey Les Beaune,20,11.0,11.0,1.7167901505579042,2.9473684210526314,1
44717,Dom Chandon Rose Spklg,51,10.549019607843137,10.0,1.9111643099450772,3.652549019607843,1
44718,Dom Chandon Brut Spklg,1,8.0,8.0,,,1
44719,Cavit Prosecco Lunetta,52,11.057692307692308,11.0,2.004049444993532,4.016214177978884,1
44724,Meerlust Rubicon Stellenbos,4,9.5,9.5,0.5773502691896257,0.3333333333333333,1
44729,Kendall Jackson Sp Sel Chard,37,10.432432432432432,10.0,1.6756514577345156,2.8078078078078073,1
44730,Kendall Jackson Spcl Cab Svg,7,10.571428571428571,11.0,1.9023794624226837,3.619047619047619,1
44731,Kendall Jackson Sp Sl Merlot,3,10.666666666666666,11.0,1.5275252316519468,2.3333333333333335,1
44733,Casa Liliana Good Chianti,37,10.027027027027026,11.0,1.7714790820492738,3.138138138138138,1
44734,Casa Liliana Good Pnt Grg,51,9.882352941176471,10.0,1.7736635399480862,3.145882352941176,1
44742,Gamba Znfdl RRV Old Vine,7,8.571428571428571,8.0,2.14919697074224,4.6190476190476195,1
44755,Bollinger Brut Grande Annee,5,10.4,10.0,1.6733200530681511,2.8,1
44756,Duck Pond Syrah Columbia,6,10.333333333333334,10.0,1.632993161855452,2.6666666666666665,1
44761,Gekkeikan Sake Zipang Spklg,44,10.613636363636363,11.0,2.0370510958292205,4.149577167019028,1
44764,Poggio Amorelli Chianti Clsc,1,11.0,11.0,,,1
44780,Nicolis Valpo Seccal Ripasso,37,9.675675675675675,10.0,1.7488735113090823,3.0585585585585586,1
44781,Nicolis Recioto Valpo Clsc,1,9.0,9.0,,,1
44783,Scagliola Dolcetto Sempre,3,11.0,11.0,1.0,1.0,1
44785,Scagliola Barbera D'Asti Frm,10,10.6,11.0,0.9660917830792959,0.9333333333333333,1
44818,Red Guitar Temp/Garnacha Nvr,26,11.307692307692308,12.0,1.7382573059068271,3.021538461538461,1
44828,Nicolis Valpo Clsc,46,10.021739130434783,10.0,1.7319113453674702,2.9995169082125606,1
44838,Flora Springs Cab Svgn Napa,33,11.393939393939394,11.0,1.9515922015657166,3.8087121212121207,1
44854,Duckhorn Merlot Napa,45,11.644444444444444,12.0,1.8605418999893988,3.461616161616162,1
44857,Fairview Pinotage Paarl,3,12.333333333333334,13.0,2.081665999466133,4.333333333333334,1
44859,Man Cab Svgn Western Cape,37,10.864864864864865,11.0,1.9601893638988919,3.8423423423423424,1
44893,Dusted Vly Pitch Cab Svgn,1,6.0,6.0,,,1
44895,Rain Svgn Bl Marlboro,6,8.166666666666666,8.0,1.4719601443879744,2.1666666666666665,1
44906,Guntrum Rheinhessen,9,10.222222222222221,10.0,1.2018504251546631,1.4444444444444446,1
44907,Guntrum Dry Trocken Rheinhsn,3,11.333333333333334,11.0,1.5275252316519468,2.3333333333333335,1
44911,Spy Valley Svgn Bl Marlboro,47,9.851063829787234,10.0,1.8175320510810125,3.3034227567067522,1
44912,Broadbent Madeira Rainwater,31,10.096774193548388,10.0,1.7388662725978943,3.0236559139784944,1
44915,Broadbent Vinho Verde Wh,49,9.816326530612244,10.0,1.7756861278080076,3.153061224489796,1
44916,Ferreira Dona Antonio RSV,46,9.934782608695652,10.0,1.7562861562974104,3.0845410628019314,1
44917,Ferreira 10-Yr Tawny Port,1,10.0,10.0,,,1
44921,Quinta do Crasto Douro Rd,47,9.574468085106384,10.0,1.7035089215200572,2.901942645698428,1
44922,Quinta do Crasto RSV Douro,22,9.954545454545455,10.0,1.5576928215816255,2.426406926406926,1
44925,Montsarra Brut Cava,5,10.2,11.0,1.6431676725154984,2.7,1
44943,Sanford Santa Barbara Chard,32,11.28125,11.0,1.8002575980550224,3.2409274193548385,1
44944,Sanford Santa Rita Pnt Nr,11,11.545454545454545,11.0,2.1616492020508957,4.672727272727274,1
44972,Mitolo Jester McLaren Shiraz,2,11.5,11.5,3.5355339059327378,12.5,1
44986,Gruet Rose Brut,40,8.95,9.0,2.099450477551759,4.407692307692309,1
44992,R Mondavi RSV Cab Svgn,5,10.2,9.0,2.16794833886788,4.699999999999999,1
44993,Red Truck Pnt Nr Cal,7,11.285714285714286,12.0,1.889822365046136,3.571428571428571,1
45016,Neal One Lane Bridg Cab Svgn,1,12.0,12.0,,,1
45035,Hess Clctn 19 Block Cuvee,37,11.64864864864865,12.0,1.8591547693660302,3.456456456456457,1
45059,Falesco Sangiovese Umbria,2,10.0,10.0,1.4142135623730951,2.0,1
45061,Punto Final Perdriel Malbec,2,11.5,11.5,2.1213203435596424,4.5,1
45063,Cecchi Bonizio Red Blend,42,11.785714285714286,12.0,1.7879776596753827,3.1968641114982583,1
45082,Hahn Pnt Nr Monterey,2,9.0,9.0,1.4142135623730951,2.0,1
45090,Norton Malbec Mendoza,29,11.620689655172415,12.0,1.9163542973843453,3.672413793103448,1
45128,Paul Hobbs Chard RRV,7,11.714285714285714,12.0,1.3801311186847085,1.904761904761905,1
45129,Paul Hobbs Pnt Nr RRV,2,12.5,12.5,0.7071067811865476,0.5,1
45185,Scagliola Moscato D'Asti Prm,10,10.3,10.0,1.1595018087284057,1.344444444444444,1
45203,MezzaCorona Pnt Nr Dolomiti,33,11.969696969696969,12.0,1.6860613957691548,2.8428030303030307,1
45214,Canaletto Pnt Nr Pavia,3,12.0,12.0,1.0,1.0,1
45234,Calera Selleck Vyd Pnt Nr,2,12.0,12.0,1.4142135623730951,2.0,1
45239,J Vineyards Chard RRV,3,13.333333333333334,14.0,1.1547005383792517,1.3333333333333335,1
45240,Nino Franco Prosecco Rustic,48,11.9375,12.5,1.8265914075711531,3.336436170212766,1
45246,Shoofly Shiraz,21,11.428571428571429,12.0,1.7484687178050562,3.057142857142857,1
45266,XYZin Old Vines Znfdl,44,10.863636363636363,11.0,1.983547551219597,3.9344608879492595,1
45276,Smoking Loon Znfdl Cal,44,11.681818181818182,12.0,1.6533648181775598,2.7336152219873155,1
45293,C K Mondavi Willw Pnt Grigio,3,11.0,12.0,1.7320508075688772,3.0,1
45294,C K Mondavi Willw Pnt Grigio,48,10.708333333333334,11.0,1.85608067200564,3.445035460992908,1
45298,Hall Cab Svgn Napa,30,11.433333333333334,11.5,2.01174711054387,4.047126436781609,1
45300,Hall Svgn Bl Napa,29,11.413793103448276,12.0,1.8615899767078976,3.4655172413793105,1
45314,Barberis Malbec Mendoza,12,10.75,10.5,2.0056737702645644,4.0227272727272725,1
45322,Zabrin de Fuego Garnacha,52,11.403846153846153,11.0,1.6716742269250036,2.7944947209653086,1
45329,Nasiakos Agiorgitiko Rd,2,11.0,11.0,1.4142135623730951,2.0,1
45330,Cono Sur Cab Svgn Cntrl Vly,39,10.58974358974359,11.0,2.160871519086061,4.669365721997301,1
45331,Cono Sur Vision Cab Svgn,20,10.7,11.5,2.341839133312916,5.484210526315789,1
45332,Cono Sur Pnt Nr Rapel,48,10.604166666666666,11.0,2.111161657973944,4.457003546099291,1
45333,Cono Sur Svgn Bl Cntrl Vly,50,10.4,10.0,2.080031396937291,4.326530612244898,1
45334,Cono Sur Vision Svgn Bl Csbl,15,10.266666666666667,11.0,2.4630604269214884,6.066666666666665,1
45392,Norton RSV Malbec Mendoza,43,11.325581395348838,11.0,1.8220988712988335,3.3200442967884833,1
45424,Gruet Blanc de Noir,31,9.419354838709678,10.0,2.2177194524764565,4.918279569892474,1
45446,Coastal Vines Cab Svgn Cal,2,9.5,9.5,2.1213203435596424,4.5,1
45457,R Mondavi Meritage Pvt Slctn,44,11.522727272727273,12.0,1.6634041358728493,2.766913319238901,1
45459,Sterling Cab Svgn Rutherford,1,13.0,13.0,,,1
45460,New Harbor Svgn Bl Marlboro,54,10.314814814814815,11.0,1.9793659559820937,3.917889587700908,1
45474,Belle Glos Alturas Pnt Nr,33,11.363636363636363,11.0,1.9009566969387712,3.6136363636363633,1
45494,Ermita Rioja Crianza,3,9.666666666666666,10.0,1.5275252316519468,2.3333333333333335,1
45495,Ermita Rioja White,2,6.5,6.5,2.1213203435596424,4.5,1
45496,Conquista Malbec Mendoza,54,10.666666666666666,10.5,1.8119102814224903,3.2830188679245285,1
45503,Rebel The Show Cab Svgn,53,10.339622641509434,10.0,2.056354094642853,4.228592162554427,1
45521,Nasiakos Nemea Rd,4,10.5,10.5,1.2909944487358056,1.6666666666666667,1
45524,Natura Valle Cab Svgn Cntrl,32,10.46875,11.0,1.6458035590065752,2.7086693548387095,1
45525,Natura Colchagua Carmenere,45,10.6,11.0,1.8512894768978536,3.427272727272728,1
45526,Natura Chard Casablanca,38,10.394736842105264,11.0,1.7481955745036317,3.056187766714083,1
45535,Citra Pnt Grigio,51,10.764705882352942,11.0,2.035566115793026,4.143529411764707,1
45565,F Coppola Diamond Malbec,3,12.0,12.0,2.0,4.0,1
45576,Pacifico Sur Cab Svgn Curico,14,8.857142857142858,9.0,1.9944979263017495,3.9780219780219785,1
45577,Pacifico Sur Chard Curico,5,9.0,9.0,2.23606797749979,5.0,1
45599,Luigi Bosca RSV Cab Svgn,25,11.2,12.0,1.6832508230603465,2.8333333333333335,1
45600,Luigi Bosca La Linda Malbec,46,10.782608695652174,11.0,1.7753002059527956,3.151690821256038,1
45601,Luigi Bosca Malbec,36,10.805555555555555,11.0,1.8333333333333333,3.361111111111111,1
45602,Luigi Bosca RSV Pnt Nr,10,11.7,12.0,1.2516655570345725,1.5666666666666667,1
45604,Latour 12 Cuvee Bourg Rouge,10,11.6,11.0,1.6465452046971292,2.711111111111111,1
45605,Bex Rsl Mosel,28,11.107142857142858,11.0,1.52362350055011,2.321428571428571,1
45632,Fish Eye Chard Cal,47,10.872340425531915,11.0,1.9067046609792024,3.635522664199815,1
45645,Marina Cvetic Mntlcno Abruzo,2,10.5,10.5,2.1213203435596424,4.5,1
45647,Masciarelli Rose d'Abruzzo,36,10.5,10.0,2.0213149892370277,4.085714285714285,1
45710,Ferrari-Carano Terre Chard,4,10.25,9.5,1.8929694486000912,3.5833333333333335,1
45745,Fess Parker Frontier Red Cal,8,10.625,10.5,2.065879266282796,4.267857142857143,1
45752,Root 1 Svgn Bl,40,10.7,10.5,1.7570371331248202,3.0871794871794873,1
45769,Bonterra Svgn Bl Organic,52,11.807692307692308,12.0,1.826154875403309,3.3348416289592753,1
45770,Bonterra Mendocino Org Znfdl,51,11.980392156862745,12.0,1.7145284608711675,2.9396078431372548,1
45822,Masciarelli Montepulciano,54,10.685185185185185,10.5,2.035756538007561,4.14430468204053,1
45823,Masciarelli Trebbiano Abruzo,39,10.666666666666666,11.0,1.9376237934419263,3.7543859649122804,1
45831,Lake Sonoma Chard RRV,46,12.043478260869565,12.5,1.7250638859555374,2.975845410628019,1
45837,R Stemmler Nugent Pnt Nr,9,9.11111111111111,9.0,0.7817359599705715,0.611111111111111,1
45839,White Oak Chard RRV,21,9.0,10.0,2.258317958127243,5.1,1
45840,White Oak Merlot Napa,2,8.0,8.0,1.4142135623730951,2.0,1
45845,Joseph Carr Chard Napa,36,11.63888888888889,12.0,1.8845655471718945,3.551587301587302,1
45848,Kendall Jackson Summation Re,54,10.407407407407407,10.0,1.7213259316477407,2.9629629629629624,1
45859,Col D'Orcia Rosso di Mntlcno,5,9.4,9.0,2.073644135332772,4.3,1
45860,Canella Prosecco,22,11.590909090909092,12.5,2.062340115802132,4.253246753246752,1
45866,Jose Maria de Fonseca Periq,19,11.368421052631579,11.0,1.738790330334712,3.0233918128654973,1
45871,Luzon Jumilla Red,18,11.722222222222221,11.0,1.7758363582385144,3.1535947712418295,1
45874,Gallo Twin Vly Pnt Grigio,13,10.461538461538462,10.0,1.8536173919925967,3.4358974358974357,1
45875,Gallo Twin Vly Pnt Grigio,6,11.833333333333334,12.0,2.0412414523193148,4.166666666666666,1
45876,Frei Bros RSV Svgn Bl RRV,45,11.222222222222221,11.0,1.89363633939006,3.5858585858585865,1
45884,Kendall Jackson Pnt Nr Spl S,3,10.666666666666666,11.0,1.5275252316519468,2.3333333333333335,1
45885,Mer Soleil Silver Chard,48,11.458333333333334,11.0,1.8445818684741393,3.4024822695035466,1
45912,L'Ecole No 41 Chenin Bl OV,5,9.6,10.0,2.3021728866442674,5.3,1
45913,Gallo Twin Vly Pnt Grigio,2,12.5,12.5,2.1213203435596424,4.5,1
45920,Yellow Tail Rsl,4,11.5,11.0,1.9148542155126762,3.6666666666666665,1
45921,Estancia Svgn Bl Pinnacles,38,11.526315789473685,12.0,1.6396578763985636,2.6884779516358477,1
45980,Cheval des Andes Mendoza,6,10.5,10.0,2.345207879911715,5.5,1
45991,Foris Rogue Vly Pnt Nr,1,11.0,11.0,,,1
45992,Casa Liliana Good Chard,2,11.0,11.0,1.4142135623730951,2.0,1
45993,Casa Liliana Good Merlot,1,9.0,9.0,,,1
46011,Folonari Pnt Nr Venezie,1,11.0,11.0,,,1
46021,Spellbound Cab Svgn Cal,54,11.833333333333334,12.0,1.7988465906251634,3.235849056603774,1
46023,Spellbound Petite Sirah Cal,54,11.833333333333334,12.0,1.7988465906251634,3.235849056603774,1
46048,Wellington Cab Svgn Sonoma,3,10.0,11.0,1.7320508075688772,3.0,1
46059,Tisdale Vyds Wh Znfdl Cal,12,11.083333333333334,11.0,2.108783937953269,4.446969696969697,1
46060,Martin Codax Albarino,53,11.30188679245283,11.0,1.8768314712709224,3.5224963715529753,1
46062,Martin Codax Tempranilo Ergo,41,11.268292682926829,11.0,1.7751674603245526,3.151219512195122,1
46065,Corbett Canyon Pnt Nr,17,11.058823529411764,11.0,1.784327192364608,3.183823529411765,1
46070,Carpineto Dogajolo Rose,10,12.3,12.5,1.3374935098492586,1.788888888888889,1
46074,Turning Leaf Pnt Nr RSV VDP,7,11.285714285714286,11.0,1.889822365046136,3.571428571428571,1
46083,Dom de Reuilly Pierre Plates,1,12.0,12.0,,,1
46088,Dom Trinquevedel Tavel Rose,11,11.272727272727273,11.0,1.7939291563999449,3.218181818181818,1
46093,Mouton Cadet Rose,52,11.211538461538462,11.5,1.684258590149299,2.8367269984917045,1
46096,Yellow Tail Bubbles White,37,11.621621621621621,12.0,1.8004837521460009,3.2417417417417416,1
46098,Ch Ste Michelle Rsl Dry Colu,55,10.818181818181818,11.0,1.954016841836789,3.818181818181819,1
46117,Tozai Snow Maiden Junmai Ngr,3,11.0,11.0,3.0,9.0,1
46118,Tozai Snow Maiden Junmai Ngr,1,12.0,12.0,,,1
46119,Phillips Lust Znfdl Lodi,9,11.11111111111111,11.0,1.9002923751652299,3.6111111111111107,1
46132,Fruitier Gneiss Abord Muscdt,10,11.2,11.5,1.9321835661585918,3.7333333333333334,1
46135,Aresti Pnt Nr Curico Vly,1,11.0,11.0,,,1
46141,Spy Valley Pnt Nr Marlboro,15,10.2,10.0,1.5212776585113297,2.314285714285714,1
46145,Gallo Pnt Nr Pavia,3,12.333333333333334,14.0,2.8867513459481287,8.333333333333332,1
46146,Gallo Pnt Nr Pavia,9,10.333333333333334,10.0,1.5811388300841898,2.5,1
46147,Calandray RSV Cotes Roussiln,1,11.0,11.0,,,1
46156,Brookdale Cab Svgn Napa,10,11.1,11.5,1.5238839267549948,2.3222222222222224,1
46163,Barefoot Chard Cal,35,11.657142857142857,12.0,1.954525023433287,3.8201680672268905,1
46164,Barefoot Merlot Cal,32,11.3125,12.0,1.9909067475447852,3.963709677419355,1
46165,Barefoot Pnt Grigio Cal,44,11.318181818181818,11.5,1.9262293238433028,3.7103594080338276,1
46166,Barefoot Wh Znfdl Cal,20,11.4,11.5,2.21002500581233,4.884210526315789,1
46185,Bonny Doon Pousseur Syrah,9,10.666666666666666,10.0,2.0,4.0,1
46189,Napa Cellars Chard,39,10.820512820512821,11.0,1.998312378401689,3.9932523616734152,1
46190,Napa Cellars Merlot,4,9.25,9.0,1.5,2.25,1
46199,Man Chenin Blanc,43,10.627906976744185,11.0,2.0121447431363175,4.048726467331118,1
46201,Petite Petit Phillips Lodi,53,11.452830188679245,11.0,1.8560300658192377,3.444847605224964,1
46202,Yellow Tail Pnt Grigio Ausl,55,11.436363636363636,11.0,1.8635254955935732,3.4727272727272727,1
46217,Cono Sur Chard Cntrl Vly,30,10.8,12.0,2.2651786867173684,5.131034482758622,1
46297,Intorcia Marsala Dry,46,9.826086956521738,10.0,1.7423400334809882,3.0357487922705313,1
46298,Intorcia Marsala Sweet,45,9.8,10.0,1.791393566219023,3.2090909090909094,1
46299,Grayson Cellars Znfdl Cntl C,35,10.514285714285714,11.0,1.9907348417315738,3.963025210084034,1
46308,Twisted Chard Cal,5,10.2,10.0,2.280350850198276,5.2,1
46310,Twisted Pnt Grigio Cal,53,10.622641509433961,11.0,1.8935763385145827,3.585631349782294,1
46311,Twisted Old Vine Znfdl,48,10.625,10.0,1.8976469191573109,3.601063829787234,1
46327,Silver Mtn Hard Cider,2,8.5,8.5,0.7071067811865476,0.5,1
46333,Echeverria Ltd Edtn Cab Svgn,2,9.5,9.5,0.7071067811865476,0.5,1
46371,Carlo Rossi RSV Cab Svgn Cal,28,10.821428571428571,10.5,1.9636242272441298,3.855820105820106,1
46372,Carlo Rossi RSV Chard Cal,3,11.666666666666666,12.0,2.5166114784235836,6.333333333333334,1
46373,Carlo Rossi RSV Merlot Cal,3,12.666666666666666,13.0,1.5275252316519468,2.3333333333333335,1
46374,Carlo Rossi RSV Wh Znfdl Cal,11,11.272727272727273,12.0,2.2843339988236875,5.218181818181818,1
46378,Gallo Twin Vly Pnt Nr,2,11.5,11.5,3.5355339059327378,12.5,1
46379,Ghost Pine Cab Svgn LMartini,55,11.2,11.0,1.9187187082742176,3.681481481481482,1
46380,Ghost Pines Chard L Martini,50,11.2,11.0,1.9059520091609048,3.63265306122449,1
46381,Ghost Pines Merlot L Martini,48,11.229166666666666,11.0,1.8820493960249858,3.542109929078014,1
46402,Tamari RSV Malbec Mendoza,24,11.208333333333334,11.5,1.9555754555421379,3.8242753623188404,1
46418,Ermita Sn Felices Rose Rioja,1,5.0,5.0,,,1
46422,Hob Nob Chard,46,11.521739130434783,12.0,1.8706995772203936,3.4995169082125597,1
46424,Hob Nob Pnt Nr VDP D'Oc,52,11.5,12.0,1.8838841811117628,3.549019607843137,1
46428,Villa Pozzi Nero D'Avola,52,11.5,11.5,1.7877579342216745,3.196078431372549,1
46429,Villa Pozzi Pnt Grigio Vnzie,46,11.543478260869565,11.5,1.8099296700778233,3.2758454106280186,1
46446,Vendange Wh Znfdl,5,11.6,12.0,2.6076809620810595,6.8,1
46447,Gascon Malbec Mendoza,52,11.173076923076923,11.0,1.9171174628894905,3.675339366515837,1
46453,Mason Clrs Svgn Bl Pomelo,24,11.75,12.0,1.8708286933869707,3.5,1
46458,Layer Cake Barosa Shiraz,53,11.547169811320755,12.0,1.8034799452495367,3.2525399129172716,1
46475,Tilia Chard Mendoza,22,11.863636363636363,12.0,1.3556040489989463,1.8376623376623376,1
46476,Tilia Malbec Mendoza,54,11.444444444444445,11.0,1.7119630866531244,2.9308176100628933,1
46485,Shafer Merlot Napa,8,11.5,11.0,1.927248223318863,3.7142857142857144,1
46489,Eppa Red Sangria Organic,48,11.541666666666666,11.5,1.7619903317209247,3.104609929078014,1
46496,Cavit Wine Pack,1,12.0,12.0,,,1
46498,Principato Pnt Nr Pavia,50,10.94,11.0,2.0344983837470574,4.139183673469388,1
46508,Crane Lake Pnt Grigio Cal,10,8.0,8.0,1.4142135623730951,2.0,1
46551,J Vineyards Brut 20,45,11.355555555555556,12.0,1.8727174658956718,3.507070707070707,1
46554,Atteca Garnacha Old Vines,35,11.685714285714285,12.0,1.7110613935323815,2.927731092436975,1
46555,Portillo Pnt Nr,14,11.285714285714286,11.5,2.1277858274442303,4.527472527472527,1
46568,R M Woodbridge Cab/Merlot,53,11.39622641509434,12.0,1.6330672255406322,2.6669085631349785,1
46580,Gode'II Rosso di Toscana,10,9.7,10.5,1.8287822299126937,3.3444444444444446,1
46582,Grayson Cellars Pnt Nr Cntrl,42,10.666666666666666,11.0,2.0202229612119873,4.08130081300813,1
46583,Errazuriz Max Fndrs RSV,3,12.0,13.0,1.7320508075688772,3.0,1
46590,Merieau 13 Bois Jacou Gamay,8,11.25,11.0,1.7525491637693282,3.0714285714285716,1
46599,Primaterra Primitivo,45,10.644444444444444,10.0,2.0797241464320515,4.325252525252526,1
46600,Primaterra Pnt Grigio,51,10.627450980392156,10.0,2.019512657189605,4.078431372549019,1
46621,Erath Pnt Nr Estate OR,53,10.88679245283019,11.0,1.9578282449860158,3.8330914368650224,1
46628,Paso Creek Cab Svgn,49,11.346938775510203,12.0,1.5883825684240775,2.522959183673469,1
46661,Oak Leaf Cab Svgn Cal,4,10.75,11.0,1.2583057392117916,1.5833333333333333,1
46662,Oak Leaf Chard Cal,3,9.0,9.0,1.0,1.0,1
46663,Oak Leaf Merlot Cal,10,10.6,10.0,1.776388345929897,3.1555555555555554,1
46664,Oak Leaf Pnt Grigio Cal,1,8.0,8.0,,,1
46694,Santa Margherita Chianti Cls,36,11.86111111111111,12.5,1.7912928735218476,3.208730158730158,1
46715,Quinta do Noval 10-Yr Tawny,4,10.75,10.5,2.5,6.25,1
46725,Broadbent Auction RSV,16,10.125,10.5,1.707825127659933,2.9166666666666665,1
46732,A by Acacia Chard Cal,2,12.0,12.0,1.4142135623730951,2.0,1
46733,Stellina di Notte Pnt Grigio,8,10.25,11.0,2.3754698783308417,5.642857142857143,1
46734,Gnarly Head Cab Svgn Cal,53,10.60377358490566,11.0,1.9048482943986482,3.6284470246734393,1
46762,Clayhouse Cab Svgn Paso Rbls,46,11.326086956521738,11.0,1.898003018684954,3.6024154589371977,1
46763,Clayhouse Svgn Bl Paso Roble,26,11.423076923076923,11.0,1.8148956316676046,3.2938461538461534,1
46764,Clayhouse Adobe Red Paso Rbl,53,11.433962264150944,11.0,1.83459735639379,3.365747460087083,1
46765,Tom Eddy Cab Svgn Napa,4,12.25,12.5,0.9574271077563381,0.9166666666666666,1
46766,Tom Eddy Elodian Cab Svgn,3,12.666666666666666,13.0,1.5275252316519468,2.3333333333333335,1
46774,Rosenblum Znfdl Paso Robles,1,12.0,12.0,,,1
46783,Oops Voluptuous Beauty Valle,47,11.787234042553191,12.0,1.7685190342396897,3.127659574468085,1
46785,Oops Spicy Splendr Carmenere,51,11.941176470588236,12.0,1.7596791151330102,3.096470588235294,1
46788,Oops Cheeky Little Svgn Bl,51,11.941176470588236,12.0,1.713613313509,2.9364705882352937,1
46802,Dom Chandon Rose Spklg,20,10.9,11.0,2.245463262482353,5.042105263157894,1
46816,Alexander Vly Vyds Gewurz,30,10.6,10.0,1.7538135787379219,3.0758620689655167,1
46817,Alexander Vly Vyds Sin Znfdl,2,10.5,10.5,2.1213203435596424,4.5,1
46819,Kaiken Malbec Mendoza,6,13.0,13.0,1.0954451150103321,1.2,1
46826,LaBelle Winery Grnt St Apple,34,9.852941176470589,10.0,1.7430790058621444,3.0383244206773616,1
46829,Pacific Rim Yakima Gewurz,50,11.92,12.5,1.7824541669122538,3.1771428571428566,1
46830,Pacific Rim Sweet Rsl,50,11.96,12.0,1.7256764423476,2.9779591836734696,1
46882,Urban Rsl Mosel,10,11.2,11.5,1.8135294011647258,3.288888888888889,1
46904,Banyan Gewurz Monterey,1,7.0,7.0,,,1
46923,Torrontes Jelu San Juan,18,9.444444444444445,9.5,1.8221584557629713,3.3202614379084965,1
46928,Colome Malbec Calchaqui,6,11.833333333333334,11.5,1.4719601443879746,2.166666666666667,1
46929,Lindemans Bin 85 Pnt Grigio,1,10.0,10.0,,,1
46934,Silver Palm Nth Cst Cab Svgn,50,11.44,11.0,1.6801360489130466,2.8228571428571434,1
46942,Atalon Cab Svgn Napa,2,13.0,13.0,0.0,0.0,1
46947,Murphy-Goode Merlot Alexandr,39,11.435897435897436,11.0,1.6982168945051528,2.883940620782725,1
46950,Alta Classe Mntplcno Abruzzo,2,7.5,7.5,2.1213203435596424,4.5,1
46964,Calera Viognier Mt Harlan,1,10.0,10.0,,,1
46985,Rodney Strong Cab Svgn Alexa,49,11.428571428571429,11.0,1.848422751068236,3.4166666666666665,1
47009,Torino Don David RSV Malbec,49,11.040816326530612,11.0,1.6324723539449475,2.664965986394558,1
47011,Freemark Abbey Chard Napa,9,10.666666666666666,10.0,1.4142135623730951,2.0,1
47014,Juan Gil Jumilla Rd,52,11.51923076923077,11.5,1.674378838471439,2.8035444947209656,1
47027,Marcus James Malbec Mendoza,50,11.42,12.0,1.5919440047582434,2.5342857142857143,1
47049,Argiola Turriga 05 Isola Nur,1,13.0,13.0,,,1
47075,Turn Me Red,10,9.5,9.5,2.1213203435596424,4.5,1
47090,Napa Cellars Cab Svgn Napa,54,10.314814814814815,10.0,2.045003797330737,4.182040531097134,1
50354,Ch Dufort Vivens Marguax,1,9.0,9.0,,,1
90010,Ch Smith Haut Lafitte 12,4,7.25,8.0,2.362907813126304,5.583333333333333,1
90011,Ch Pichon Longville 12 Pauil,6,7.333333333333333,6.5,2.8047578623950176,7.866666666666667,1
90012,Ch Malartic Lagravier 12 RG,4,7.75,8.0,2.9860788111948193,8.916666666666666,1
90013,Ch Leoville Barton 12 St Jul,5,9.0,9.0,3.082207001484488,9.5,1
90014,Ch Giscours Margaux 12,4,8.0,8.0,3.366501646120693,11.333333333333334,1
90080,Ch Cantenac Brown Margaux 11,1,12.0,12.0,,,1
90085,Ch Lilian 09 Ladouys St Este,3,8.0,8.0,1.0,1.0,1
90086,La Dame Montrose St Estep 11,1,9.0,9.0,,,1
90087,Ch Mouton Rothschild 12 Paui,4,6.75,7.0,2.0615528128088303,4.25,1
90088,Ch Le Petite Mouton 12 Pauil,1,4.0,4.0,,,1
90089,Ch Lynch Bages 12 Pauillac,9,7.333333333333333,7.0,3.2015621187164243,10.25,1
90090,Ch Lafite Rothschild 12,2,5.5,5.5,2.1213203435596424,4.5,1
90604,Ch Lynch Bages Pauilac,5,7.6,9.0,2.1908902300206643,4.8,1
90609,Flavor Essence Variety 5 Pak,2,12.0,12.0,1.4142135623730951,2.0,2
90631,Luxardo Maraschino Cherries,24,11.916666666666666,12.5,1.8395809226599664,3.384057971014493,1
