Brand,Description,TotalSales,AvgProfitMargin,TargetBrand
58,Gekkeikan Black & Gold Sake,43341.54,26.216558064157397,False
60,Canadian Club 1858 VAP,18716.25,29.82034328457891,False
61,Margaritaville Silver,4364.88,24.23159399571123,False
62,Herradura Silver Tequila,119863.75,25.253673441720288,False
63,Herradura Reposado Tequila,112249.22,24.616064147260886,False
70,Luxardo Amaretto di Saschira,349.86,44.13765506202481,False
72,No. 3 London Dry Gin,17325.31,29.319648537313338,False
75,Three Olives Tomato Vodka,314.79,27.01801200800535,False
77,Three Olives Espresso Vodka,143416.71,24.4458264312436,False
79,Three Olives Loopy Vodka,78923.14,30.692924787331076,False
82,Hundred Acre Ark Vy Cab Svgn,12374.67,33.77423397957279,False
86,Don Julio Real Tequila,5399.82,21.260708690289675,False
97,Smirnoff Passion Fruit Vodka,463.68,,False
98,Smirnoff Grape Vodka,144.9,,False
100,Chivas Royal Salute,20268.76,26.409114321744386,False
104,Mr Boston Wild Cherry Brandy,1459.14,26.96245733788396,False
105,Mr Boston Butterscotch,4.49,,False
106,Mr Boston Peach Schnapps,4216.11,24.276169265033403,False
107,Mr Boston Melon Liqueur,273.47,19.65115003473873,False
108,Mr Boston Peppermint Schnaps,473.77,26.502311248073962,False
109,Mr Boston Blue Curacao,2712.37,22.803673540114367,False
110,Mr Boston Creme de Menthe-Wh,240.13,25.423728813559325,False
111,Mr Boston Creme de Menthe Gr,1200.65,27.580893682588602,False
112,Mr Boston Cr de Cacao White,1259.06,27.58089368258859,False
113,Mr Boston Cr de Cacao Brown,1181.18,25.423728813559325,False
114,Mr Boston Creme de Banana,2102.76,21.263482280431436,False
115,Belvedere Vodka,287037.45,23.65130403715613,False
116,Voli Lyte French Vodka,134.91,,False
117,Vermont Gold Vodka,596.83,,False
120,Tarantula Azul Tequila Gift,3819.27,25.37526804860615,False
122,DeKuyper Mixed Berry Medley,252.77,27.570518653321198,False
123,Van Winkle Special Rsv 10 Yr,3459.42,35.032462089020704,False
126,Grey Goose Vodka,1736610.87,32.720574298835295,False
128,Grey Goose Le Citron Vodka,122.96,20.55953155497722,False
129,Grey Goose L'Orange Vodka,284.91,21.05928187848795,False
131,J Lohr Carols Vyd Svgn Bl,223.86,35.45966228893057,False
140,DeKuyper Strawberry Pucker,527.52,28.571428571428577,False
142,Vermont White Vodka,209.93,,False
143,Chivas Regal,15709.76,20.13779968630966,False
148,Smirnoff Green Apple Vodka,57.96,,False
150,Smirnoff Strawberry Vodka,14.49,,False
151,Pirassununga Cachaca 51 Rum,5788.38,28.080050031269543,False
156,The Bitter Truth Cucumber Bi,1519.24,22.461230615307652,False
158,Pappy Van Winkle 15 Yr Old,1799.82,37.98379837983798,False
159,Glenmorangie Original VAP,48412.89,24.204297657090912,False
161,DeKuyper Pineapple,1299.0,28.560431100846813,False
162,Stolichnaya Vanil,23245.27,23.02317847889054,False
165,Gentleman Jack Gift Pack,17875.84,30.597722960151803,False
167,Jim Beam Black VAP,74.97,,False
168,Three Olives Strawberry,33554.69,29.82366995493031,False
169,Twisted Shotz Multi Pack,43256.54,22.483814008240145,False
171,Gentleman Jack,338434.1,28.420806295819478,False
172,Wild Turkey 101 Gift Pak,71.97,,False
173,Hornitos Reposado VAP,31846.31,29.88418438431329,False
174,Sauza Silver VAP,44.97,,False
175,1800 Anejo Tequila,30316.78,36.17527982853059,False
176,Seagrams Twisted Lime Gin,203.88,20.011771630370813,False
178,Wild Turkey Russell's RSV,71658.91,27.312821252793267,False
181,J & B Scotch,149.94,25.370148059223695,False
184,Hornitos Plata VAP,20719.28,32.532018487128894,False
187,Capt Morgan ParrotBay Pineap,179.88,23.08205470313543,False
188,Capt Morgan Parrot Bay Mango,1034.31,25.350233488992657,False
189,Leroux Apple Schnapps,29.96,23.097463284379177,False
190,Christian Bros Ruby Port,720.72,28.671328671328666,False
192,Milagro Anejo Tequila,50323.46,25.52435782436263,False
194,Yazi Ginger Vodka,1289.57,24.808269423141045,False
197,44* North Huckleberry Vodka,1057.03,21.253890618052466,False
199,Wisdom & Warter Cream Sherry,79.84,22.44488977955912,False
200,Luxardo Maraschino Liqueur,41955.88,21.147739005831845,False
201,Nassua Royale Liqueur,701.64,20.625962031811174,False
202,Ketel One Citroen Vodka,5711.03,23.076923076923066,False
203,Jose Cuervo Especial Silver,41.98,24.821343496903285,False
204,Smirnoff Pineapple,159.39,26.846100759144235,False
206,Three Olives Vodka,233.87,28.071150639244024,False
207,Smirnoff Pomegrante,782.46,20.63492063492064,False
211,Cold River Gin,70184.08,29.59035724340906,False
213,Stolichnaya Blueberi,23249.19,28.1418836527208,False
216,Absolut Raspberri,1331.36,24.912871049152745,False
217,Absolut Vanilia,5865.15,28.569601800465456,False
222,Wray & Nephew Wh Overproof,2878.56,20.010005002501252,False
226,DeKuyper Red Apple Schnapps,2384.83,26.47861692447679,False
229,Sauza Gold VAP,179.88,,False
233,Tullamore Dew 12 Yr Old,46523.23,30.064679516018128,False
234,Allen's Ginger Brandy,464.7,25.95222724338282,False
236,Loukatos Mastic Liqueur,485.73,26.45914396887159,False
239,Vincent Van Gogh Espresso V,167.94,23.079671311182558,False
240,Capt Morgan Tattoo,1322.37,28.58504049547403,False
241,Capt Morgan ParrotBayPassion,29.98,25.350233488992668,False
244,Ketel One Oranje,144.95,,False
247,Gran Patron Platinum Tequil,25898.71,22.177745532499483,False
248,Wild Shot Reposado Mezcal,599.88,21.264252850570113,False
249,Massenez Creme de Cassis,1781.19,25.92087312414734,False
253,Poland Spring Vodka,18192.18,20.552677029360975,False
254,DeKuyper Root Beer Schnapps,4736.69,20.018198362147405,False
258,Ciroc Coconut Vodka,4418.7,28.56722565460429,False
261,Svedka Citron Vodka,4286.7,23.094688221709,False
262,Don Q Cristal Rum,47.96,21.85154295246039,False
263,Loukatos Tentoura,35.98,22.456920511395218,False
264,Don Q Limon Rum,311.76,21.862971516551184,False
266,Don Q Mojito Rum,90.93,,False
267,Don Q Coco Coconut Rum,77.94,20.015396458814465,False
269,Juarez Triple Sec,6755.07,20.551378446115294,False
271,Wild Shot Silver Mezcal,4018.9,9.457811839060447,False
272,Juarez Silver Tequila,8801.91,10.967051469510588,False
273,Sauza Extra Gold Tequila,235543.58,23.26217509303374,False
274,Old Bushmills,1507.42,28.58791843016545,False
275,The Bitter Truth Aromatic,2378.81,23.061530765382688,False
276,Bushmills Black Bush,517.86,27.54798594214653,False
277,Smirnoff Lime Vodka,434.7,23.395445134575567,False
278,Cazadores Reposado Tequila,1997.31,24.13596287006023,False
281,Kamora Coffee Gift Pack,7627.64,31.105296002433256,False
283,Milagro Tequila Reposado SBR,28244.99,29.599231580538714,False
284,Milagro Tequila Anejo SBR,34330.55,30.74288061216614,False
285,Red Stag VAP 750+4/50ml,405.26,,False
286,The Bitter Truth Elderflower,1714.51,25.921691911974843,False
287,The Bitter Truth Falernum,2834.19,28.579594169762796,False
288,The Bitter Truth Pink Gin,11336.22,12.270756918972983,False
290,Aberlour A'Bunadh Sngle Malt,63976.26,46.652555182187896,False
294,Old Mexico Gold Tequila,29570.67,20.02355712603062,False
295,Marie Brizard Anisette,159.92,21.860930465232613,False
298,Old Mexico Blanco Tequila,1171.62,28.621908127208478,False
300,Don Q Gold Rum,37.98,23.644023170089515,False
304,Ciroc Red Berry Vodka,951.72,28.067078552515447,False
305,Crown Royal Canadian Whisky,247039.74,20.650232225794916,False
308,Barsol Primero Quebranta Pso,1457.32,27.115527131995727,False
309,Woodford Rsv PS The District,45.99,24.24440095672972,False
311,The Glenlivet 12 Yr Gift Pk,44374.78,24.45799167905734,False
313,Rothman & Winter Violette,2968.65,20.64574806730332,False
315,Travis Hasse's Apple Pie Liq,271.83,26.454033771106943,False
317,Triple Eight Vodka,63.98,24.257580493904342,False
319,Peter Paul Bacigalupi Chard,5891.31,27.79653421734724,False
323,Tequila Rose Strawberry Gift,9698.52,29.176822855445987,False
324,Rothman & Winter Apricot,65.97,25.92087312414734,False
327,Capt Morgan Spiced Rum 100,237.9,30.979403110550646,False
330,Finlandia Raspberry Vodka,16.99,,False
332,Sailor Jerry Spiced Navy Rum,539.73,23.661830915457735,False
335,Canadian Club Sherry Cask,413.82,25.358851674641148,False
336,Bols Genever Amsterdam,164.95,20.006062443164595,False
338,The Irishman Irish Whiskey,587.25,22.47765006385696,False
344,Punt e Mes Sweet Vermouth,15472.26,21.260630315157577,False
350,Courvoisier VS Gift Pak,14372.77,21.544003000117577,False
351,Rittenhouse Rye Bonded Whsky,347.88,23.07692307692307,False
353,Fernet Branca Sambuca,155.94,,False
354,Capt Morgan Lime Bite Rum,623.68,26.988199076449455,False
356,Carolans Irish Cr Gift Set,7569.41,26.624664273701647,False
359,Brotherhood Holiday Spiced,1425.39,23.644055311178004,False
361,Effen Cucumber Vodka,132057.08,31.961421530750183,False
363,4 Orange Vodka,483.78,22.46475670759435,False
364,Ciroc Peach Vodka,1769.71,24.559956151007796,False
365,Ciroc Vodka,1216.54,26.192315912341552,False
366,Crown Royal w/2 Glasses,2958.67,22.771380383753513,False
368,The Macallan 25 Yr Old,29119.79,26.757644886862163,False
369,Svedka Grape Vodka,545.58,21.247113163972287,False
370,Finlandia Vodka,3273.66,25.94710507505361,False
371,Myers Platinum White Rum,79.92,25.925925925925924,False
372,44* North Magic Valley Vodka,1349.4,23.07692307692308,False
373,Fernet Branca Borgetti Cafe,239.88,24.812406203101556,False
376,Aperol Liqueur,118710.74,34.06643745966035,False
377,Hendrick's Gin,58086.71,25.37509871018689,False
381,Baileys Irish Cream w/4 Glss,241001.44,27.464333823067616,False
382,McCormick Irish Cream Liquer,545.48,25.929456625357496,False
384,Ardbeg Corryvreckan Scotch,41324.24,23.784006675016887,False
385,Leopold GourmelAge Des Epic,0.0,,False
388,Smirnoff 80 Proof,135655.38,21.256038647342997,False
395,Woodford Rsv Mt Washington,551.88,26.46227440747988,False
397,S S Pierce Ninety Nine Rum,149.8,21.228304405874503,False
398,S S Pierce Ninety Nine Gin,67.41,24.833110814419218,False
399,S S Pierce 99 Vodka 80 Proof,264.18,24.80127186009538,False
401,S S Pierce Ninety Nine Bl W,67.41,21.228304405874493,False
403,Kahlua Midnight,287.88,,False
405,Jack Daniels & Coke,120414.65,23.567647292086132,False
407,Hancock Rsv Bourbon,849.83,21.264252850570116,False
408,Wild Turkey American Honey,165112.8,31.50234264090972,False
415,Jose Cuervo Especial,289524.39,34.41815385570799,False
418,Darioush Chard,1549.69,33.76675335067013,False
419,Absolut Citron,58151.89,22.70605478171045,False
420,Calico Jack Spiced Rum,47.94,,False
423,Hennessy Richard Cognac,18787.96,28.61534727559565,False
425,Hennessy Paradis,14399.82,22.48028100351255,False
426,Crystal Head Vodka,54611.65,21.27659574468085,False
427,Van Gogh Chocolate Liqueur,206.77,22.469410456062295,False
428,Sauza Giro Gold Tequila,24806.86,28.029504741833517,False
430,Montezuma Triple Sec,78.12,28.673835125448033,False
435,Il Tramonto Limoncello,132009.93,24.360591661551517,False
437,Rock Hills Farm Bourbon,649.87,24.244848969793967,False
438,Licor 43 Vanilla Liqueur,119411.19,31.760691774363863,False
441,Caribou Crossing Canadian,7398.52,25.365073014602924,False
443,St Germain Liqueur,273863.95,31.21137338448526,False
444,Absolut Berri Acai,87.96,,False
446,St Urbans-Hof Rsl,24373.25,33.18289518221821,False
450,Vincent Van Gogh Double Esp,51854.25,21.88875550220088,False
451,Hiram Walker Triple Sec,1576.84,28.056112224448892,False
452,Hiram Walker Peppermint Schn,52.74,22.52559726962458,False
453,Hornitos Reposado Tequila,21591.79,29.84273189022309,False
455,Baileys Salted Caramel,83.97,,False
457,El Caballo Gold Tequila,359.6,25.917686318131267,False
463,Kirk & Sweeney 12Yr Old Rum,69477.3,26.617614674145372,False
465,Corralejo Reposado Tequila,89.98,,False
473,Ciroc Peach Vodka,4146.78,21.888790820829655,False
482,Absolut 80 Proof,599601.34,33.634824765401625,False
484,Absolut Mango,835.62,,False
485,Seagrams 7 Crown,19147.26,20.015396458814465,False
495,Sweet Carolina Sweet Tea Vdk,1455.09,21.88868042526579,False
497,Capt Morgan Spiced Rum,584467.62,26.46323161580791,False
500,Remy Martin Louis XIII,85049.72,24.60650076214242,False
503,Jose Cuervo Tropina,350.82,28.578758337609028,False
505,Robert Sinskey Pnt Gris,355.88,33.91030684500393,False
506,Robert Sinskey Pnt Gris,574.77,32.89315726290516,False
507,Kamchatka Vodka,263.76,25.932666060054586,False
508,Bacardi Superior Rum,522309.15,28.29286065541835,False
510,Barton Vodka,339.66,28.528528528528536,False
513,Ocean Vodka,80679.08,23.223070962137886,False
515,Hirsch Selection Bourbon,52125.73,30.57417133534629,False
516,Kamora Coffee Liqueur,1670.48,22.474977252047317,False
523,Castello Del Poggio Moscato,130455.78,29.228141520444705,False
524,Smirnoff Whipped Cream,170.39,27.5661717236927,False
525,El Tesoro Anejo Gold Tequil,20918.88,24.125957030204297,False
529,Desert Island Iced Tea,2923.29,23.04526748971193,False
530,Smirnoff Fluffed Marshmallow,554.63,24.816544362908605,False
533,Berkshire Mtn Ragged Mtn Rum,6470.8,17.620696049947455,False
535,Malibu Melon Rum,16.99,,False
536,Svedka Cherry Vodka,3156.57,23.633564280215555,False
538,Amaretto DiSaronno,208951.04,40.58696238123534,False
539,Bowman's Vodka,47211.66,27.461139896373055,False
540,Bacardi Pineapple Fusion,4610.43,27.272727272727277,False
541,Juarez Gold Tequila,11004.13,5.23012723404757,False
543,Berkshire Mtn Ethereal Gin,1832.41,26.846066109658867,False
546,Bowman's Rum,172.27,25.367156208277713,False
547,DeKuyper Buttershots,2753.88,20.631254811393372,False
548,DeKuyper Amaretto,1249.61,27.030033370411573,False
549,DeKuyper Melon,1375.47,28.58731924360401,False
551,Cruzan Aged Light Rum,3022.25,21.83803457688808,False
552,Tijuana White Tequilla,8.99,28.58731924360401,False
555,Art In The Age Sage,20027.48,29.2574003319439,False
557,Bowman's Gin,144.67,23.052464228934817,False
561,Berkshire Mtn Ice Glen Vodka,6123.9,12.932934894430007,False
563,Berkshire Mtn Greylock Gin,12765.64,12.599446639573102,False
564,DeKuyper Blue Curacao,5537.84,26.47385984427141,False
565,Bombay Dry Gin,3563.27,24.64898814852649,False
567,Ketel One Vodka,295871.94,28.56157295619179,False
573,Bols Sour Apple Schnapps,29.97,28.028028028028025,False
576,Pastene Marsala,764.15,23.025583982202438,False
580,Hennessy VSOP Cognac,25196.4,24.81783111873125,False
582,Berkshire Mtn Dist Bourbon,45.99,,False
585,1800 Reposado Gold Tequila,16584.47,24.808269423141056,False
586,Malibu Passion Fruit Rum,1051.38,19.85961307995207,False
587,Malibu Mango Rum,3354.02,26.266987078192738,False
589,Bols Blackberry Brandy,560.49,28.02547770700637,False
590,Allen's Amaretto Liqueur,101.83,23.038397328881462,False
592,The Glenlivet Archive 21 Yr,44197.71,33.68500313704036,False
596,Pendleton Canadian Whisky,593.73,21.282401091405195,False
597,Baileys Irish Cream,244828.53,23.079671311182565,False
598,Stolichnaya Ohranj Orange,27382.5,25.160230073952345,False
599,Stolichnaya Razberi,77846.25,28.354609245788964,False
600,McCormick Gin,3375.27,28.532235939643346,False
601,McCormick Vodka,10261.32,23.032904148783974,False
602,McCormick Blended Whiskey,9491.58,26.474622770919066,False
603,McCormick Gold Rum,524.25,28.040057224606578,False
604,McCormick Silver Rum,5550.06,26.466380543633772,False
605,Alate Kosher Wine,7967.74,36.162324573844025,False
607,Schmitt Sohne Funf Rsl,4538.37,41.44109008300337,False
608,Cruzan Est Single Barrel Rum,179.94,21.87395798599534,False
610,Moillard Pnt Nr Bourgogne,3607.25,29.752581606486938,False
613,Beefeater 24,311.88,21.277414390150053,False
614,J W Dant Bourbon,482.79,25.358851674641148,False
616,Kessler Blended Whiskey,25.98,,False
626,Hiram Walker Cherry Brandy,105.48,21.84300341296929,False
629,DeKuyper Strawberry,90.93,,False
630,Pinnacle Vodka,164.89,22.481654436290857,False
634,Cruzan Aged Light Rum,3973.16,27.019299499642592,False
635,Sobieski Raspberry Vodka,1508.49,21.221221221221214,False
636,Bols Pomegranate Liqueur,465.01,26.44889357218123,False
640,Sobieski Orange Vodka,729.27,27.52752752752753,False
644,Amaretto DiSaronno,22773.83,25.524516517423724,False
648,Tanqueray Rangpur Gin,83.97,28.5816362986781,False
649,Sauza Tres Generaciones Pla,28283.67,25.698786614325503,False
650,McCormick Cherry Vodka,188.73,27.467811158798273,False
652,Frangelico Gift Pack-Candle,11655.75,26.08583746219677,False
653,Dom de Canton Ginger Liqueur,115161.6,36.977082638657336,False
655,DeKuyper Cactus Juice,241.78,23.65787079162875,False
656,Grappa di Sassicaia,99.98,21.884376875375082,False
657,DeKuyper Apricot Brandy,287.64,22.52816020025031,False
658,Allens Triple Sec,12668.63,26.42140468227423,False
659,Rhum Barbancourt Estate RSV,36377.58,33.40266174935221,False
661,Red Stag by Jim Beam,90718.47,34.44502536253092,False
664,Ardbeg Uigeadail Scotch,47357.74,28.60668604540672,False
665,McCormick Grape Vodka,13.98,,False
667,McCormick Vanilla Vodka,83.88,,False
669,Robert Sinskey Merlot,8517.87,32.883220805201304,False
675,Mount Gay 1703 Old Cask Slct,10728.96,23.68393581484132,False
676,Pinnacle Whipped Vodka,149096.03,21.69539993787896,False
680,Midnight Moon Strawberry,51214.38,30.66533266633316,False
685,Caravan Cab Svgn,10347.93,35.06701340268054,False
686,Midnight Moon Cherry,29525.23,25.21260630315158,False
688,Thatchers Organic Cucumber,539.46,24.824824824824837,False
689,McManis Pnt Nr Cal,17345.39,38.259502957269916,False
692,Thatchers Organic Pomegranat,269.73,27.527527527527525,False
693,Svedka Vanilla Vodka,5455.8,28.021555042340264,False
694,Hiram Walker Creme de Cassis,1956.44,24.849215922798546,False
700,Hiram Walker Cr de Cacao Br,1500.49,23.64294330518697,False
702,Skyy Vodka,5128.39,27.531837477258954,False
703,Skyy Infusions Citrus Vodka,131.92,,False
704,Van Winkle Special Rsv 12 Yr,2649.62,31.719265404095676,False
709,Bitter Truth Orange Bitters,2578.71,28.564282141070542,False
711,Bitter Truth Celery Bitters,419.79,62.98149074537268,False
712,Cruzan Citrus Flavored Rum,1120.98,27.57051865332121,False
713,Capt Morgan Black Spiced Rum,441.83,26.471719892266254,False
714,Allen's Peach Schnapps,11.98,28.046744574290493,False
715,Hiram Walker Cr de Cacao Wh,1251.79,25.33172496984318,False
717,Balvenie 30 Yr Single Barrel,2999.97,21.875218752187507,False
718,Hiram Walker Mango,629.4,23.069590085795983,False
722,Ciroc Coconut Vodka,1600.06,18.644300838718543,False
726,Allen's Blue Curacao Liqueur,5.99,20.03338898163606,False
728,George Dickel Barrel Select,7082.39,21.868606501477615,False
731,Black & White Scotch,3481.71,23.6754353464246,False
734,Old Grand Dad,2998.8,45.458183273309324,False
735,Orange Quattro di Amore,1593.9,25.39682539682539,False
738,Thatchers Organic Coffee Hou,99.9,21.221221221221224,False
742,DeKuyper Spearmint Schnapps,1195.08,20.015396458814458,False
743,Angels Envy Whiskey,160767.84,26.98539707941588,False
744,Ciroc Red Berry Vodka,1243.51,25.230999348618028,False
746,Allen's Melon Liqueur,5.99,23.038397328881466,False
749,Stolichnaya Hot Vodka,16683.75,-47.46384955420694,False
751,Sobieski Espresso Vodka,2447.55,24.82482482482483,False
752,Meletti Cioccolato,224.91,27.53101240496198,False
753,LaBelle Winery Blueberry,20509.74,31.015507753876946,False
754,Stolichnaya Sticki Vodka,5984.01,25.925925925925924,False
755,Vincent Van Gogh Raspberry,419.85,22.47231153983566,False
756,Barton Long Island Iced Tea,18125.07,23.60515021459228,False
757,Jim Beam Rye,51773.33,28.139352828956532,False
758,Cointreau Liqueur,51477.54,30.362989373618092,False
759,Bunnahabhain 12 Yr Single,64902.49,34.383103021162974,False
764,Smirnoff Blueberry Vodka,2043.09,28.088336783988954,False
765,Vincent Van Gogh Dutch Choc,1399.5,26.473740621650588,False
771,Bak's Krupnik Honey Liqueur,704.53,23.68245496997999,False
775,Barton Light Rum,15265.83,27.5039745627981,False
776,Jim Beam Black,1517.34,21.27011744236623,False
778,Svedka Vodka,9222.9,21.24711316397228,False
779,Svedka Raspberry Vodka,5364.87,26.48190916089299,False
780,Svedka Clementine Vodka,3676.17,24.249422632794467,False
781,DeKuyper Cranberry,168.87,20.01539645881448,False
782,Remy Martin 1738 Accord Ryl,444072.52,27.590160273821944,False
784,Allen's Sour Apple Liqueur,23.96,27.045075125208683,False
787,Cherry Heering Liqueur,944.73,48.985424406973415,False
788,Skinnygirl Cucumber Vodka,779.48,25.350233488992664,False
792,Atlantico Platino Rum,79.96,,False
797,Creme Yvette Liqueur,47.98,23.676531888286785,False
799,Svedka Colada Vodka,610.53,21.247113163972283,False
800,Jameson Irish Whiskey,468587.94,25.641679980069483,False
802,Bacardi Torched Cherry Rum,57060.38,30.518548947623543,False
803,Bacardi Gold Rum,16410.0,24.436319317489335,False
804,Bacardi Limon Rum,4039.75,21.3070115724983,False
805,B & B Liqueur Dom,395.88,20.006062443164595,False
806,DeKuyper Peachtree Schnapps,14068.17,20.015396458814465,False
807,Jim Beam,192879.61,29.7686416931266,False
808,Gilbeys Gin,26.97,,False
809,Southern Comfort,83735.79000000001,30.677515552190997,False
810,Bacardi Black Razz,37736.47,39.92530302913866,False
811,Jack Daniels No 7 Black,937915.36,32.17407592088053,False
812,Jagermeister Liqueur,313344.21,21.307826303859258,False
814,Sammy's Beach Bar Rum,10306.06,-38.788829096667406,False
817,Gordons Vodka,215.76,24.249165739710786,False
818,Gordons London Dry Gin,13666.32,26.42642642642643,False
819,Scoresby Scotch,11.99,28.607172643869887,False
821,Grand Marnier,331221.84,27.19023600617641,False
822,Tanqueray,267201.0,25.93553167839942,False
823,Johnnie Walker Red Label,7557.3,27.0096463022508,False
824,Dewars White Label Scotch,178592.83,23.082623193775458,False
825,Johnnie Walker Black Label,60717.54,28.57823291259824,False
826,Clan MacGregor Scotch,323.73,20.016680567139286,False
827,Bols Anisette,1588.41,25.92592592592592,False
828,Bols Sloe Gin,1338.66,22.52252252252252,False
829,Tanqueray Sterling Vodka,30114.91,28.55236824549699,False
830,Bols White Creme De Menthe,219.78,26.42642642642643,False
831,Bols Green Creme De Menthe,4795.2,25.32532532532532,False
832,Bols Strawberry Liqueur,1568.43,27.52752752752753,False
833,Bols White Creme De Cacao,3786.21,20.02002002002002,False
834,Bols Brown Creme de Cacao,1998.0,23.123123123123122,False
835,Bols Creme De Noyaux,1108.89,24.224224224224233,False
836,Bols Creme de Cassis,1828.17,21.921921921921932,False
837,Bols Creme de Banana,2467.53,20.620620620620624,False
838,Bols Cherry Flavored Brandy,2593.64,27.5705186533212,False
839,Bols Ginger Brandy,73.43,27.55004766444234,False
840,Bols Peach Flavored Brandy,2329.88,20.01819836214742,False
842,Bols Apricot Flavored Brand,670.39,23.111919927206557,False
843,Mount Gay Eclipse Silver Rum,988.57,23.66246193997391,False
844,Bols Melon Liqueur,869.13,28.028028028028018,False
845,Bols Amaretto Liqueur,1608.39,28.028028028028025,False
846,Chinaco Anejo Tequila,66.99,21.8689356620391,False
847,Glenfiddich 12 Year Old Sco,2667.42,22.48314851054578,False
849,Bols Peach Schnapps,679.32,26.426426426426435,False
850,Bols Red Stinger Hot Cinnam,9.99,,False
852,Bols Double Barrel Root Bee,56.94,,False
853,Bols Butterscotch,319.68,25.925925925925924,False
854,Seagrams VO Canadian Whiskey,35513.79,27.01688555347092,False
855,Black Velvet,7385.28,21.292083712465875,False
856,Chinaco Blanco Tequila,5728.09,27.542514171390458,False
857,Kahlua,462932.26,31.279669297620345,False
858,Canadian Club,104037.23,25.35446205170976,False
859,Beefeater Gin,116057.94,25.421957343030567,False
860,Bols Orange Curacao,17188.36,20.018198362147412,False
861,Barton Gin,6347.22,28.043143297380585,False
862,Jacques Bonet Brandy,351.56,24.280350438047563,False
863,Ten High Bourbon,816.08,34.27605136751299,False
864,Montezuma Tequila Gold,934.83,34.668335419274094,False
865,Montezuma Tequila White,3795.25,31.1639549436796,False
866,Absolut Hibiskus,153.93,27.557980900409284,False
867,Rosita Tequila Liqueur,65.61,25.925925925925924,False
868,Tanqueray Ten Gin,9101.21,24.557394016839513,False
869,DeKuyper Anisette,1048.95,24.224224224224226,False
870,Carpano Antica Formula,72614.06,39.41371684767385,False
871,DeKuyper Blackberry Brandy,1118.88,24.82482482482483,False
872,DeKuyper Cherry Brandy,519.48,28.02802802802803,False
874,DeKuyper Creme de Banana,1105.77,25.361512791991096,False
875,DeKuyper Creme de Cacao Dark,5411.98,27.030033370411566,False
876,DeKuyper Creme de Cacao Whit,7866.25,25.917686318131256,False
877,DeKuyper Creme de Cassis,9115.86,21.913236929922146,False
878,DeKuyper Green Creme de Ment,18561.42,25.325325325325316,False
879,DeKuyper White Creme de Ment,1428.57,25.92592592592592,False
880,Sobieski Vanilla Vodka,669.33,24.224224224224226,False
881,DeKuyper Hazelnut,1887.9,27.030033370411576,False
882,DeKuyper Hot Damn Cinnamon,1896.54,20.015396458814468,False
883,Patron Burdeos Anejo Tequila,13499.73,21.874437488749773,False
884,DeKuyper Orange Curacao,2211.54,21.245828698553947,False
885,Arrow Apricot Brandy,575.28,24.280350438047563,False
886,DeKuyper Peppermint,493.62,,False
887,DeKuyper Razzmatazz,4611.45,21.86297151655119,False
888,DeKuyper Sloe Gin,188.79,20.022246941045598,False
889,DeKuyper Sour Apple Pucker,9516.27,9.730177895330847,False
890,Sobieski Cytron Vodka,1888.11,25.32532532532532,False
892,Uncle Val's Botanical Gin,93934.47,26.760144598676078,False
895,Sambuca Romana,17728.61,24.260108378491037,False
896,Rumpleminze,24157.93,22.467694872863692,False
897,Montezuma Blue,9974.51,27.540500736377034,False
898,Robert Sinskey Cab Svgn Stag,854.91,,False
899,Absolut Mandrin,2990.51,27.754797676650476,False
900,Capt Morgan Parrot Bay Coco,269.82,25.350233488992664,False
901,Creta Olympia White,431.28,34.557595993322195,False
902,Creta Olympia Red,23.76,35.35353535353536,False
903,Bombay Sapphire Gin,251306.35,29.23085707941721,False
904,Malibu Rum,76795.66,31.035842390051727,False
905,DeKuyper Grape Pucker,1311.99,25.943033102386458,False
906,DeKuyper Watermelon Pucker,2948.73,21.862971516551188,False
910,Goldschlager Cinnamon Schnps,4850.89,24.79338842975208,False
911,Yukon Jack,1070.49,27.012863268222958,False
912,Smirnoff Vanilla Vodka,1405.53,23.050379572118704,False
913,Smirnoff Raspberry Vodka,3752.91,26.984126984126988,False
914,Smirnoff Orange Vodka,536.13,20.634920634920633,False
915,Smirnoff Citrus Vodka,5013.54,24.22360248447205,False
917,Douce Provence Pear Liqueur,21.99,28.55843565256934,False
918,Smirnoff Cherry Vodka,623.07,24.84472049689441,False
920,Sobieski Vodka,2617.38,24.224224224224223,False
921,El Tesoro Platinum Tequila,6936.27,28.24371023619323,False
923,DeKuyper Peach Pucker,90.93,23.63356428021556,False
924,Lombardo Marsala Ambra Dry,97.13,26.932976423350148,False
925,Hangar One Vodka,1511.46,20.650232225794916,False
926,Hangar One Kaffir Lime Vodk,167.94,26.47374062165059,False
927,Hangar One Mandarin Blossom,391.86,24.794569489103257,False
928,Hangar One Citron,27.99,28.04573061807788,False
929,DeKuyper Island Punch Pucker,5416.83,28.560431100846806,False
930,Pallini Limoncello Liqueur,354.62,23.489932885906043,False
932,Robert Sinskey Marcien Red,4599.54,44.08440844084409,False
934,Tanteo Jalapeno Tequila,74696.1,30.51953180955901,False
935,Tanteo Tropical Tequila,199.95,24.8062015503876,False
936,Tanteo Cocoa Tequila,159.96,21.255313828457123,False
938,Jack Daniels Master Dist VAP,27410.86,24.808269423141045,False
942,Glenmorangie Nectar D'Or,62668.1,28.200312439662284,False
945,Vincent Van Gogh Pineapple,1203.57,27.0096463022508,False
950,Mastersons 10 Yr Old Rye,1679.79,26.465808226028248,False
953,Briottet Creme de Framboise,59.98,,False
954,Pinnacle Blueberry Vodka,285.78,28.021555042340257,False
955,Allen's Pomegranate Liqueur,107.82,25.876460767946575,False
956,Jose Cuervo Tradicional,3928.69,23.67455818606202,False
957,Hangar One Blueberry Vodka,167.94,23.651304037156127,False
961,Maschio Prime Arance,100.98,,False
966,Patron Citronge Orange Liqu,210796.13,24.2514319404251,False
967,Chopin Vodka,255.92,22.47577367927477,False
970,Prairie Organic Kosher Vodka,7500.17,22.013367696998866,False
971,Sauza Extra Gold Tequila,7387.38,28.580362726704188,False
972,Ciroc Snap Frost Vodka,2651.22,23.654015887025594,False
973,Bacardi 1873 Solera Rum,2353.43,20.61374249499666,False
974,Bacardi O Orange Rum,741.51,18.78599074860758,False
975,Drambuie,4723.65,24.8070877393541,False
976,McCormick Gold Label Bourbon,3995.29,21.285563751317177,False
977,McCormick Scotch,494.07,21.84508268059181,False
978,Ron Rio Silver Rum,6018.39,24.177396280400572,False
979,Pancho Villa Rojo,888.06,24.261874197689338,False
981,McCormick Triple Sec,3112.2,27.5689223057644,False
982,McCormick Long Island Iced,8248.2,21.888412017167386,False
984,Patron XO Cafe Liqueur,143414.18,21.141926133106228,False
989,Absolut Pears,755.64,30.490709861838965,False
990,Ethyl Alcohol 200 Proof,0.0,,False
993,Three Olives S'Mores Vodka,21.98,,False
994,Absolut Apeach,2796.68,30.098545418138645,False
995,Absolut Ruby Red,3880.12,22.52507654402441,False
996,Herradura Seleccion Suprema,4499.85,25.92753091769726,False
998,Corralejo Blanco Tequila,17507.24,28.528083238705822,False
999,Jameson 18 Year Old,86273.08,27.93895847928462,False
1000,Goslings Dark'n Stormy VAP,1037.38,30.55196745647691,False
1001,Bailey's 50mL 4 Pack,47482.73,28.547579298831383,False
1003,Crown Royal +2 Reusable Cups,214036.9,27.533710308829924,False
1004,Jim Beam w/2 Rocks Glasses,15708.97,52.33965053087503,False
1005,Maker's Mark Combo Pack,32120.82,21.863389539868535,False
1006,Jim Beam Candy Cane 4/50mLs,1308.72,21.303258145363404,False
1007,12 Days of Pearls Gift Set,309.69,28.028028028028025,False
1009,Rebel Yell Variety Pack,11117.42,10.073560232499986,False
1012,Courvoisier VSOP VAP,10403.14,29.263856873982274,False
1013,Kahlua Pumpkin Spice Liqueur,13835.34,35.59146359973806,False
1019,Drambuie Glass Pack,18167.24,23.347740218106882,False
1020,B & B Dom VAP,1319.48,28.629460090338615,False
1021,St Brendans Peppermint Bark,7039.66,3.094183525908918,False
1022,St Brendans Salted Caramel,6382.48,8.324037051428283,False
1023,Hennessy VSOP Cognac + 50mL,91706.55,27.71416000274789,False
1024,Hennessey VS +VSOP 50mL,113223.97,36.38805457890233,False
1025,Fulton's Harvest Pumpkin Liq,25147.74,47.1651925779414,False
1026,Ole Smoky Apple Pie Pour Pak,10140.66,23.06477093206951,False
1028,Amaretto di Amore VAP,9650.35,39.94362898754968,False
1029,Fulton's Harvest Apple Pie L,2484.15,39.653402572308444,False
1030,Ole Smoky Pumpkin Pie,6228.72,28.593996840442337,False
1031,Avion Tasting Flight 3/375mL,9852.96,30.49520144200321,False
1032,Woodford Rsv MC Classic Malt,789.92,28.235770710958068,False
1033,Chivas Regal w/ 2 Glasses,3038.09,30.89836048306667,False
1034,Mr Boston Holiday Nog,12440.07,23.647294589178355,False
1035,Pinnacle Vodka Gift Pak,857.24,23.843964350706916,False
1036,Jameson Trilogy Pack,56025.99,25.38134533633409,False
1037,JP Wiser's Rye w/ 2 Glasses,2005.06,27.333845371210835,False
1038,1800 Silver w/ Shot Glasses,31476.9,26.491808278451824,False
1039,Three Olives Vodka w/Flask,4549.44,19.322817753393814,False
1042,Benchmark Egg Nog,6931.98,22.811664199839,False
1043,Jim Beam Gift Pak,16.49,,False
1045,Glenfiddich Trio 200ml Pack,9148.17,32.88657731546309,False
1047,Angels Envy Hanover Chop,275.94,23.070232659273742,False
1048,Mother's Holiday Nog,6104.21,43.159065628476085,False
1049,Old New England Pumpkin Nog,8996.13,20.600858369098713,False
1050,Hudson Maple Cask Rye,12192.29,27.00600133362969,False
1051,Woodford Reserve MC 1838,8329.11,20.265430520187632,False
1056,Dry Sack Sherry Gift Pack,13.49,,False
1059,Old St Nick's Egg Nog,5552.73,43.23873121869783,False
1060,Jack Daniels Bruins Glass Pk,138180.5,25.405538408096657,False
1061,Christian Bros Holiday Nog,8982.15,24.177396280400572,False
1062,St Christopher Gluhwein,5333.37,34.620886981401995,False
1063,Ciroc Pineapple Vodka,1223.64,25.360400117681674,False
1064,Jack Daniels Honey + Glass,51568.75,20.653981335595688,False
1065,DiSaronno Cavalli Collection,21914.13,22.478829869130106,False
1066,DiSaronno Cavalli Glass Pack,1369.37,26.435514141539535,False
1067,Absente  Glass & Spoon Pack,11498.41,24.770642201834857,False
1068,Capt Morgan Jack O Blast,64651.87,23.68245496997999,False
1069,Spade&Bushel 10yr Irish Wsky,0.0,,False
1070,Three Olives Vodka w3 50mls,26077.5,31.75342728405714,False
1071,Straw Boys Vodka,0.0,,False
1072,Bruichladdich Wee Laddie Box,1199.8,26.471078513085505,False
1073,Straw Boys Poitin,0.0,,False
1074,Brothership Whiskey,0.0,,False
1076,Capt Morgan Jack O Blast,17135.91,23.232323232323232,False
1078,Ezra Brooks Bourbon Cream,8079.78,24.788298691301,False
1079,Weller Antique -Hanover Chop,275.88,20.00869943453675,False
1081,Chivas Regal with2 50mLs,23158.41,4.528549239779422,False
1082,Bushmills Blackbush VAP,6681.64,27.769230308726605,False
1084,Cointreau Liqueur with Carafe,14865.07,12.610233251508394,False
1085,Baileys Pumpkin Spice,76740.61,25.911991056625688,False
1086,Hennessy VSOP Privilege VAP,50185.32,20.642689934028514,False
1088,El Jimador Anejo Tequila,95.96,28.55356398499374,False
1090,Licor 43 Liqueur Gift Pack,2534.68,29.22656903435542,False
1091,Casa Noble 3 Btl Club Pack,4124.25,21.876704855428258,False
1093,Old St Andrew 3 Mini Barrels,6172.53,21.888755502200883,False
1094,Four Roses Single Barrel Brb,109302.84,28.390954891931443,False
1095,Southern Comfort wShaker,4574.73,23.65975696926375,False
1096,Evan Williams Egg Nog,12057.75,20.600858369098713,False
1099,Angel's Envy NH Blend Bourbn,6346.62,,False
1106,Aberfeldy Single Cask,9459.62,37.51440332698353,False
1107,Common Man Slctn Woodford Rs,2253.51,20.634920634920643,False
1111,Penn Dutch Egg Nog,8604.69,27.467811158798288,False
1112,Ardbeg Exploration Pk +50mls,41806.93,24.262867424132807,False
1114,DiSaronno Etro Icon VAP,41659.16,25.362681340670346,False
1120,Jesse James Spiced Bourbon,383.76,21.88868042526579,False
1121,Old St Andrews Tumbler Pack,10884.72,20.551378446115283,False
1124,Manchester Conn Wild Turkey,0.0,,False
1125,Jack Daniels Equity VAP,65816.26,33.81656751690235,False
1127,Granny's Gingerbread Cream,14627.8,21.85154295246038,False
1128,Smugglers Notch Gin,1823.43,24.257580493904342,False
1129,Smugglers Notch Rum,569.85,20.63700973940511,False
1130,Smugglers Notch Bourbon,32748.88,16.5355273218504,False
1132,Jack Daniels Honey & Fire Pk,22533.33,28.58791843016546,False
1133,Glenmorangie Collection 4 Pk,48592.81,28.071272272585173,False
1135,Rebel Reserve Bourbon,69740.17,24.22952223947834,False
1136,Malibu 50ml Sampler Pack,27667.16,28.88652105962447,False
1148,Old New England Egg Nog,21018.93,24.749642346208873,False
1156,Old New England Egg Nog,24706.98,28.560431100846813,False
1158,Old New England Choc Egg Nog,8835.36,23.60515021459228,False
1164,Dingle Original PotStill Gin,179.94,20.64021340446815,False
1168,Old Grand Dad Bonded,18904.32,26.878935608368888,False
1173,Woodford Rsv Cotton Restrant,1471.68,20.63492063492064,False
1174,Rebel Yell,147438.69,23.243369837320177,False
1176,Brora 37 Yr Old Single Malt,1999.99,21.259606298031493,False
1178,Evan Williams Black Label B,120257.58,29.081925646599576,False
1180,Evan Williams Black Label B,543425.09,31.9568829624705,False
1181,Kahlua Peppermint Mocha,7055.39,43.614456465198955,False
1185,Caol Ila 17 Yr Single Malt,1799.85,23.660305025418783,False
1186,Evan Williams Single Barrel,46958.89,34.48784671017564,False
1188,Stolichnaya 802 Glass Pack,22139.13,28.96224919407402,False
1189,Mad River 3 Pack Revolution,13497.3,21.264252850570102,False
1193,Clynelish Cask Strgth Scotch,799.99,25.925324066550832,False
1195,Baileys Pumpkin Spice,14530.23,25.252525252525253,False
1202,Hennessy VS Chain VAP,191.94,,False
1210,Elmer T Lee Bourbon,9342.33,21.863389539868535,False
1212,DiSaronna Amaretto Sour VAP,56941.89,34.06228700873821,False
1214,Apple Orchard Liqueur,2017.98,46.546546546546544,False
1215,Tullibardine Sherry Finish,3509.46,21.88028927527311,False
1217,Dalwhinnie 25 Yr Single Malt,2249.95,23.076068357074593,False
1220,Woodford Reserve Bourbon,589481.92,31.643175756773008,False
1225,Jack Daniels Holiday Slct 13,239.96,,False
1226,Lexington Bourbon,61932.28,20.210785070402704,False
1228,Glenfiddich Ancient RSV 18,112533.7,29.950939140897344,False
1230,Booker's Bourbon,319.2,,False
1231,Jack Daniels No 7 Black,435377.67,22.194254932734598,False
1232,Jack Daniels No 7 Black,1255188.94,32.4745818745025,False
1233,Jack Daniels No 7 Black,5101919.51,26.85836727361463,False
1236,Southern Comfort & Egg Nog,2364.03,44.46102639668947,False
1237,Jack Daniels Single Barrel,303998.42,25.907463598001595,False
1238,The Glenlivet 12 Yr Single,46272.27,28.65731462925852,False
1239,Booker's Bourbon,181998.5,21.996884589708156,False
1240,Remy Martin VSOP Gift Pack,19790.38,29.03430858831413,False
1242,Jeremiah Weed Cinnamon Whsky,164.85,,False
1243,Pinnacle Pumpkin Pie,233.82,43.033102386451105,True
1244,Jack Daniels Winter Jack,124092.17,19.78174771220457,False
1245,Pittyvaich 25 Yr Single Malt,1199.97,20.00050001250031,False
1248,Tullibardine Sauterne Finish,2794.57,27.004154485305442,False
1249,Jim Beam Apple,99189.69,17.58349078417323,False
1251,Port Ellen 32 Yr Single Malt,3699.99,28.05764339903621,False
1252,Jim Beam Bonded Bourbon,3076.29,23.068371317398558,False
1253,Tullibardine Burgundy Finish,3054.53,21.26480997076473,False
1258,Jim Beam Black,82331.75,27.08675571696216,False
1259,St George Gin 3/200mls Combo,12959.37,24.794569489103257,False
1260,Old Forester Birthday 2016,269.97,20.002222469163257,False
1261,Jim Beam Kentucky Fire,23430.33,25.252525252525267,False
1262,Fitch's Goat Moonshine,1957.11,23.64711232378354,False
1263,The Cally 40 Yr Single Malt,2399.98,23.664363869698914,False
1267,Fitch's Goat 100% Corn Whsky,2159.28,27.00900300100034,False
1269,Jeffersons Bourbon,447608.24,27.523371777070054,False
1271,Jeffersons Reserve Bourbon,133278.46,25.1462989593367,False
1273,Jim Beam Choice,82402.78,23.396783458033816,False
1274,No. 14 Bourbon,89.98,22.47166036897088,False
1276,Jack Daniels Single Barrel,28253.38,22.444889779559112,False
1277,Kavalan Ex-Bourbon Oak Whsky,689.94,23.66292721106183,False
1278,Jim Beam Black,277415.32,24.24561123733181,False
1279,Woodford Rsv MC Brandy Fnish,12498.75,22.48224822482248,False
1281,Benchmark Old #8 Bourbon,139130.56,32.08655237210286,False
1282,Small Batch 1792,95005.77,34.59334101497204,False
1294,Jeremiah Weed Bourbon,554.63,20.0133422281521,False
1295,Jack Daniels No 7 Black,78790.53,27.56892230576441,False
1296,Tap 357 Maple Rye Whisky,15573.23,23.675435346424596,False
1297,Jim Beam Black,18811.74,-59.120527925646414,False
1300,Ladyburn 41 Yr Old Scotch,5999.97,22.480612403062015,False
1304,Jeremiah Weed Sarsaparilla,179.88,44.429619746497664,True
1309,Makers Mark Cask Strength,55872.9,27.620724895253336,False
1310,Remy Martin XO Excelence VAP,1759.89,25.001562597662364,False
1323,Early Times,130518.51,25.56235127109557,False
1328,Ole Smoky Peach Moonshine,2430.48,21.88868042526579,False
1330,Grey Goose Glass Pack,136831.1,24.763960824695555,False
1336,Gr Marnier Cordon Rouge VAP,55601.32,34.755937448967025,False
1339,The Glenlivet 12 Yr Single,39730.63,25.46541547415683,False
1340,Jim Beam Jacob's Ghost,24702.28,21.964288316705975,False
1341,Red Stag Black Cherry,42.45,,False
1342,Kavalan Classic Single Malt,11698.83,24.242424242424242,False
1343,Jack Daniels Sinatra Select,40501.56,25.923248388457136,False
1345,Basil Hayden Bourbon,494732.98,25.806058047716977,False
1346,Knob Creek Bourbon,684455.56,27.044613385856643,False
1347,Bakers Bourbon,48827.79,21.880470117529384,False
1348,Knob Creek Bourbon,180410.81,32.27847045307319,False
1352,Patron Anejo Clsc Gift Set,1239.8,,False
1355,Knob Creek Bourbon,78828.49,32.477344168333055,False
1358,Knob Creek Bourbon,296925.25,31.090821679867236,False
1359,Knob Creek Rye,125361.73,26.25780611036557,False
1361,BenRiach 1994,12919.32,27.006684562345384,False
1364,Bols Pumpkin Spice,6183.81,25.32532532532533,False
1365,Stoli Mini Bar 5/50mLs Pack,46318.03,24.28035043804756,False
1366,Red Stag by Jim Beam,69901.23,27.906976744186036,False
1373,Jim Beam Honey,170762.79,31.923365740276328,False
1375,Jim Beam,402621.29,25.39105420878265,False
1376,Jim Beam,2435393.39,28.38841982731998,False
1377,Jim Beam Honey,92406.35,21.812353804689828,False
1378,Jim Beam,209093.17,25.39515279241306,False
1379,Jim Beam Traveler,208508.21,26.24012742711665,False
1380,Bulleit 95 Rye,315297.14,29.955501657896427,False
1382,Makers 46,212185.04,30.062100513777985,False
1383,Smirnoff Red White & Berry,74398.34,27.063802767642393,False
1384,Bulleit 95 Rye,470254.8,29.07109082140151,False
1385,Makers Mark,1034144.85,25.61711736996998,False
1386,George Dickel No 8 Bourbon,41049.9,32.11457275169976,False
1388,Red Stag by Jim Beam,173392.39,22.839508700468357,False
1389,Makers Mark,82087.46,27.090301003344486,False
1390,Makers Mark,15549.79,26.736888408139276,False
1392,Red Stag Hardcore Cider,6865.7,33.61201334168402,False
1393,Jim Beam,1497.0,37.07414829659319,False
1394,Makers Mark,142141.19,25.235549245085114,False
1395,Old Crow,75297.0,29.718315470735885,False
1396,Old Crow,272761.25,30.05201435321183,False
1397,Jim Beam Kentucky Fire,122786.3,27.966556529515103,False
1398,Blantons Sgl Barrel Bourbon,302732.61,28.41537289293016,False
1399,Jim Beam Signature Craft,14404.2,26.63389844628651,False
1404,Woodford Rsv Master Coll Pnt,489.95,34.40146953770793,False
1408,Southern Comfort Holiday Spi,134.85,,False
1414,Bacardi 8 Gift Set,869.65,42.52860346116254,False
1415,Old Grand Dad,138847.19,25.311711385732753,False
1416,Old Grand Dad,1847.34,29.153269024651664,False
1424,Bulleit Bourbon,178095.41,32.75586945222228,False
1425,Granite Lightning Whiskey,9264.69,25.93783494105038,False
1460,Old Forester Bourbon,439.8,43.61073215097772,False
1464,Tin Cup Whiskey,73331.0,26.612210388512363,False
1465,Woodford Rsv Bourbon,194469.7,32.96302714510282,False
1468,Knob Creek Single Barrel Rsv,182518.12,26.018786518291993,False
1474,George Dickel #12 Sour Mash,1718.35,24.95126138446766,False
1476,Jim Beam Traveler,342245.56,29.449428065626325,False
1479,Ten High,131845.7,34.40544515293256,False
1483,DeKuyper Cane Trial Pack,21480.16,20.066889632107014,False
1484,Knob Creek Rye,36883.48,17.23492468714992,False
1489,Crown Royal Cornerstone Blnd,51531.41,20.003333888981494,False
1492,The Glenlivet Oloroso Nadu,794.9,26.292615423323674,False
1494,Hibiki 12Yr Japanese Whisky,10232.81,23.072450284916844,False
1498,Jefferson's Wood Experiment,12598.74,20.632063206320623,False
1505,Cleveland Christmas Bourbon,11191.77,22.783527538539488,False
1515,Old Overholt,73156.57,34.25878222557455,False
1516,DiSaronno Versace Wrap VAP,167.93,,False
1520,Pinnacle Vodka Cane 4/50mls,48075.51,24.310776942355886,False
1523,Hennessy XO Cognac/Glass Pak,42697.37,8.067522660060801,False
1532,Crown Royal Honey Limited,39950.76,26.510234098174855,False
1535,Gentleman Jack,22615.32,21.303258145363404,False
1542,Bowen's American Whiskey,11385.6,12.19786396852165,False
1545,Gentleman Jack,423808.99,33.552749789474724,False
1550,Jack Daniels Tennessee Fire,10413.9,27.067669172932323,False
1556,Kahlua w/50mL Absolut+Glass,102296.32,22.127091179819576,False
1565,Galliano Tiki Gift Pack,398.79,24.223275408109536,False
1575,Tarantula & Margarita Mix,12186.39,8.363592499501488,False
1591,Carstairs White Seal,5118.06,23.633564280215555,False
1595,Gentleman Jack,151074.11,26.284013852538983,False
1598,Johnnie Walker Odyssey,8549.91,22.480236634069833,False
1603,Flag Hill Straight Rye Whsky,1099.75,21.25483064332803,False
1604,Pappy Van Winkle Rsv 23 Yr,1619.94,26.515796881365972,False
1605,Jack Daniels Tennessee Fire,1087.66,23.0697092841513,False
1620,Hennessy Privilege VSOP VAP,23284.05,23.743292081918746,False
1623,Bulleit 95 Rye,131243.96,30.147429260744644,False
1626,Balcones Baby Blue Corn Whis,275.94,22.483148510545778,False
1634,The Famous Grouse,444949.86,31.91407679058489,False
1637,Fleischmanns Preferred,169830.4,30.299404582454017,False
1639,The Famous Grouse,75309.98,24.717175598771895,False
1648,Port Dundas 12 Yr Scotch,2049.59,21.26425285057012,False
1650,Balcones TX Whisky Single Ba,389.94,23.08047391906447,False
1655,WhistlePig 15 Yr Old Rye,21888.9,20.001005075631937,False
1656,Forbidden Secret Pumpkin Crm,39.98,20.010005002501245,False
1657,Dalwhinnie Distillers Edtion,70899.87,26.475210744392047,False
1663,Jim Beam Maple,23038.29,25.252525252525253,False
1667,Redbreast 21 Yr Old Irish,11749.53,38.46153846153847,False
1672,Hpnotiq Sparkle,4477.76,20.01000500250125,False
1676,Wild Turkey Master Keepers,5549.63,,False
1686,Lord Calvert Ducks Decanter,5299.47,26.47264726472648,False
1692,Everclear 151,120334.32,29.64500900491232,False
1695,Phillips Union Vanilla Whsky,275.88,20.00869943453675,False
1696,Imperial Blended Whiskey,224.82,26.98158526821457,False
1697,Phillips Union Cherry Whisky,137.94,21.879077859939102,False
1698,Knob Creek 2001 Bourbon,26907.93,26.47126702054004,False
1704,Amaretto DiSaronno Summer Pk,52419.86,15.156049634623226,False
1711,Ole Smoky Blackberry M'Shine,83.96,,False
1714,Smoky Quartz V5 Bourbon,43664.4,21.257591997141837,False
1715,Ole Smoky Apple Pie Moonshne,65401.38,27.16190392312822,False
1719,Casa Noble Alta Belleza,0.0,,False
1720,The Peat Monster Scotch,5114.07,23.65884706310238,False
1722,Jack Daniels Sinatra Century,21599.52,21.876041689815324,False
1725,Ole Smoky White Lightnin',70589.65,25.02449013417689,False
1727,West Cork Irish Whiskey,59329.02,22.464756707594354,False
1728,Aberlour 16 Year Old Single,103249.72,30.796131941084198,False
1730,La Collection NH Summer,53985.27,27.892756672329316,False
1731,The Spiced Tree Scotch,934.83,24.2407710492817,False
1733,Ole Smoky Moonshine Peaches,15824.76,17.26206274218377,False
1734,Duggans Dew O Kirkintilloch,109021.93,19.858188164528,False
1737,Makers Mark,823521.11,32.98863947762068,False
1738,Ole Smoky Moonshine Cherries,109616.68,23.027188927816447,False
1740,Glenkinchie 12 YO Scotch,18790.82,31.10582720711496,False
1742,Hedonism Scotch,799.92,25.372537253725362,False
1744,Old Forester 100 Bourbon,41568.6,24.529572802548074,False
1746,Tomatin 12 Yr Old Scotch,62703.7,35.28340432861219,False
1748,William Grant Scotch,49399.09,31.44734042671636,False
1757,Aberfeldy 21 Yr Single Malt,2879.82,27.007937996124763,False
1758,Aberlour Glenlivet 12 Yr,143989.54,28.777493142904685,False
1760,William Grant Scotch,74411.48,24.53331125788654,False
1761,Bulleit 95 Rye,34.99,20.63446699056874,False
1762,Ole Smoky Blue Flame,5779.63,17.960319259191333,False
1766,Duggans Dew O Kirkintilloch,5676.66,26.262626262626267,False
1767,Buffalo Trace Bourbon,412468.64,23.284271987320054,False
1770,Jack Daniels Tennessee Fire,389506.72,31.302402176784007,False
1771,Jack Daniels Tennessee Fire,70680.61,74.91638795986623,False
1774,Old Thompson,74.94,25.940752602081663,False
1779,Forged Oak Bourbon Whiskey,6434.01,28.050469302969695,False
1781,Wild Turkey Russell's Rsv,49045.73,28.952163623622283,False
1788,Knappogue Castle Irish 12 Yr,6678.33,27.00675168792197,False
1789,Jack Daniels Tennesse Fire,469722.75,26.84429272373969,False
1790,Morrigan Irish Whiskey,1635.21,25.11665168388158,False
1798,Talisker Distillers Edition,37374.66,27.003857693956284,False
1799,La Collection Koi Fish,59.98,,False
1801,Jack Daniels Tennesse Fire,1350.96,25.943033102386458,False
1808,Ardbeg 21 Yr Single Malt,7499.85,25.37250745014901,False
1812,Booker's Rye,50398.32,24.81082702756758,False
1817,Irishman Founders RSV Whisky,60188.28,22.672852588577047,False
1820,Yellowstone Select Bourbon,4199.16,23.664732946589325,False
1828,Old Forester Mint Julep,4348.55,26.475491830610203,False
1832,Laphroaig Lore,31731.54,27.00984572447476,False
1835,Knappogue Castle Irish Whsky,90656.19,39.56761253699279,False
1836,Tyrconnell Irish Whiskey,35108.8,30.67948776375154,False
1845,Cluny Scotch Whiskey,23602.85,37.210760564931775,False
1848,Oban Little Bay Single Malt,135382.58,22.149201174922204,False
1856,Four Roses Elliott's Select,1475.88,25.9289373119766,False
1860,Bruichladdich Islay Barley,16857.43,29.64200355570215,False
1862,John Power Irish Whiskey,86015.26,26.84288811078406,False
1864,1792 Port Finish Bourbon,6998.25,23.080770192548137,False
1867,Jack Daniels Tennessee Honey,76457.29,28.093645484949835,False
1868,Lagavulin Single Malt 16-Yr,550740.56,31.12995345757721,False
1869,Oban 14-Yr Single Malt,549291.81,32.631316676649526,False
1870,Oban Distiller's Edition,103267.09,25.378172271533945,False
1874,Bruichladdich Octomore 61,7589.31,23.074824984089464,False
1875,Bushmills Black Bush,112926.46,25.652198784943764,False
1876,Midleton Rare Irish Whiskey,88949.22,30.723866943408833,False
1878,Jim Beam White BBQ Sauce Pak,2052.15,29.939331920181278,False
1880,The Glenlivet Nadurra 16 Yr,81684.38,33.55275512894876,False
1882,Seagrams 7 Crown,249.5,25.851703406813627,False
1883,Seagrams 7 Crown,583415.7,26.459143968871583,False
1885,Seagrams 7 PET,599.4,20.02002002002001,False
1886,Seagrams 7 Crown,107745.96,27.57051865332121,False
1887,House of Stuart Scotch,119.88,27.52752752752753,False
1888,El Toro Silver Tequila,519.35,33.16645807259075,False
1889,El Toro Gold Tequila,9012.72,31.163954943679595,False
1890,Jameson 12 Year Old,114400.93,30.555092515419236,False
1891,Oban 18 Yr Single Malt,56854.46,22.05631712973793,False
1892,Yukon Jack,250837.29,27.272727272727277,False
1893,Port Charlotte Scotch Barley,35374.15,27.251538199504438,False
1895,Senators Club,15433.92,27.467811158798277,False
1896,The Glenlivet 18 Yr Single,203200.64,34.4220175684486,False
1897,Old Ezra 7Yr Bourbon,9246.3,27.010804321728692,False
1905,Ole Smoky Margrita Moonshine,5012.05,24.838140082401413,False
1906,Jack Daniels Tenn Fire VAP,33514.43,14.400065882069303,False
1919,Tullamore Dew Crock,9986.67,20.006668889629886,False
1920,Bowman Brothers Small Batch,25521.49,24.808269423141056,False
1921,Glenfiddich Special Rsv 12,379168.37,24.05623654736813,False
1927,Jack Daniels Barrel Proof,89296.41,21.104823810946044,False
1929,Old New England Cinn Egg Nog,8534.79,20.600858369098717,False
1932,Jim Beam Devils Cut Bourbon,16441.92,28.282828282828277,False
1952,Johnnie Walker Blue Yr Roost,1249.95,26.469058762350507,False
1955,Jack Daniels Tennessee Honey,239666.88,20.87791187501587,False
1956,Balvenie 12 Yr Doublewood S,456461.78,30.596428029527466,False
1961,Everclear 151,187406.2,28.808225128090758,False
1962,Jim Beam Apple,218340.11,27.880965160272197,False
1963,Nikka Taketsuru Pure Malt 21,5799.71,20.636031801590075,False
1964,Jim Beam Single Barrel,44555.38,24.30018552192798,False
1972,Admiral Nelson Egg Nog,450.31,16.337634074304365,False
1980,1792 Full Proof Bourbon,3576.21,26.372612346590397,False
1982,Herradura Silver Tequila,44534.09,11.51133884177266,False
1984,Nikka Taketsuru 17 Yr Whisky,3229.81,25.925054414965587,False
1985,Collier & McKeel Whiskey,391.92,,False
1987,White Mountain Moonshine,10468.76,5.529976807186334,False
1988,Hardy V.S. Cognac,239.92,22.474158052684224,False
1989,Johnnie Walker Black Tin,72877.5,32.14366574045487,False
1991,The Macallan M Decanter,9999.98,,False
1992,Maison Rouge VSOP Cognac,1158.45,22.137338685312283,False
1993,Maker's Mark 46,62422.68,13.901293568299211,False
1994,Laphroaig 30 Year,1999.98,22.480224802248017,False
1995,Jose Cuervo R Rolling Stones,4199.58,26.47264726472648,False
1996,Del Maguey Vida Mezcal,216.93,34.17231364956439,False
1997,Charles Goodnight Bourbon,2951.31,27.687365949358078,False
1999,Old Forrester 1870 Craft,13378.45,7.445182364175216,False
2000,John Taylor Velvet Falernum,159.9,27.01688555347092,False
2002,Kronan Swedish Punsch,179.94,27.542514171390465,False
2004,The Scarlet Ibis,179.94,26.4754918306102,False
2008,Rebel Yell Small Batch Rye,28804.12,19.719540121343744,False
2009,Silo Gin,776.79,25.385239253852387,False
2011,1792 Single Barrel Bourbon,2445.39,21.44852150372742,False
2013,E H Taylor Straight Rye,5529.21,20.631518788398346,False
2014,Weller Rsv Special Barrel,10027.82,23.343059608170062,False
2015,Jack Daniels Tennessee Honey,771010.31,22.602993467104223,False
2016,Ardbeg Perpetuum Single Malt,13228.62,22.15695968286941,False
2017,Redbreast Irish Whiskey,175424.18,31.55268561038734,False
2018,Jack Daniels Tennessee Honey,2609.13,25.375125041680562,False
2024,Black Velvet Toasted Caramel,2665.55,25.876460767946575,False
2025,J Seeds Apple Cider Whiskey,7501.6,20.46496747360563,False
2026,Camarena Silver Tequila,70357.95,23.064770932069514,False
2027,Mayfair London Dry Gin,411.82,27.181778446894274,False
2028,Herradura Reposado #9 Careta,45.99,,False
2029,Springbank 10 Yr Scotch,21930.89,27.535544613100516,False
2030,Glen Moray 12 Yr Scotch,62073.77,23.47808099943019,False
2033,Canadian Mist,671.16,25.406758448060074,False
2034,Glendalough Double Barrel,45645.13,25.8741513059553,False
2035,Glen Moray Classic Scotch,56156.32,27.069580057952514,False
2036,Jim Beam Signature Craft Ltd,4416.84,23.495530741435058,False
2037,Jim Beam Honey,23245.2,26.262626262626277,False
2038,Bulleit Bourbon,1854.47,21.863389539868535,False
2039,Herradura Reposado #14 BtB,4115.16,20.636864666258415,False
2040,Malfy Gin Con Limone,19909.42,11.481600167157048,False
2041,Redbreast 15 Yr Old Irish,67302.61,32.866704575052886,False
2042,Amador Double Barrel Bourbon,29952.51,28.582145536384097,False
2043,I.W. Harper Bourbon,20591.45,26.615901259988977,False
2044,Silo Aisling Whiskey,1014.71,22.49214061160332,False
2045,Monkey 47 Dry Gin,61239.88,20.005264543300864,False
2046,Whoop & Holler Bourbon,5599.68,25.927195839762273,False
2047,Sheep Dip Scotch,39858.68,27.976741828881437,False
2048,The London No 1 Gin,22192.6,25.94198066022006,False
2049,Loch Lomond Single Grain Sco,251.91,27.545551982851013,False
2050,Tomatin 18 Yr Single Malt,19502.42,34.370298660371375,False
2051,Glenrothes Bourbon Cask Rsv,13837.33,17.742729269302668,False
2054,Johnnie Walker Select Casks,50720.47,21.254830643328035,False
2055,Silo Solstice Whiskey,342.93,27.536231884057973,False
2056,Loch Lomond Original Scotch,1087.66,26.477024070021894,False
2057,Rebel Yell Root Beer Bourbon,13057.11,22.22222222222222,False
2058,Booth's Cask Mellowed Gin,3783.14,24.801091157081164,False
2059,Backbone Blended Bourbon,20896.17,21.29351933871135,False
2062,Woodford Reserve Bourbon,314043.83,29.53217071642516,False
2065,Kuhl Coconut Water Vodka,59.95,,False
2070,Kuhl Tangerine Vodka,47.96,,False
2071,Bird Dog Maple Whiskey,1865.46,27.2458267665884,False
2074,Ardbeg Auriverdes Scotch,3959.58,27.13924204082251,False
2075,Jim Beam Distlrs Masterpiece,8999.55,28.056402820141006,False
2077,John Barr Rsv Black Scotch,674.7,21.787461093819473,False
2079,Jack Daniels Sngl Barrel Rye,29796.74,15.984970167877425,False
2080,Four Roses 16 Private Slctn,18753.32,22.45810341848803,False
2082,Balvenie 15 Yr Sherry Cask,85631.96,30.455544868995187,False
2083,Flag Hill Straight Bourbon,55386.15,21.255313828457115,False
2085,Jesse James America's Outlaw,47752.06,24.660004196677583,False
2086,Jefferson's Rsv Groth Resrve,15918.01,26.465808226028255,False
2087,Uncle Val's Peppered Gin,9812.45,8.902465745048394,False
2088,The Glenlivet 25 Yr Old,5399.82,25.374179139304644,False
2089,Bloom Gin,3782.28,24.82946793997271,False
2092,Great King St Artists Blend,1750.53,23.31922332093709,False
2093,Hardy Noces d'Argent,179.99,21.26229234957498,False
2094,Kilchoman Machir Bay Whiskey,133.98,27.00403045230631,False
2096,The Macallan Edition No 1,22497.75,21.872187218721873,False
2097,Ole Smoky Hunch Punch Lightn,15318.03,36.99144080537772,False
2098,Snake River Stampede Whisky,11697.62,25.078605733473992,False
2100,Canadian Regal,167333.36,28.332664807543452,False
2101,New Amsterdam Gin,3186.68,27.045075125208673,False
2102,West Cork 10Yr S Malt Irish,758.77,22.49166414064868,False
2103,Coldcock American Herbal Whi,9399.81,17.455246435832215,False
2104,Westland American Sngle Malt,11953.34,30.07728383865932,False
2105,Black Velvet Toasted Caramel,85316.38,22.864823847425313,False
2106,Elijah Craig 18 Yr,519.96,28.056004308023702,False
2107,Rebel Yell Ginger Bourbon,11095.92,25.252525252525253,False
2108,Ole Smoky Strawberry Lightin,143.91,21.263289555972477,False
2109,Lagavulin Distillers Edition,97978.29,29.23275145953252,False
2110,Barr an Uisce Irish Whiskey,7793.31,22.561915283749787,False
2112,Cutty Sark Prohibition,8402.06,27.080977760215934,False
2114,Black Velvet Canadian Whisky,948838.57,28.552163515022364,False
2115,Black Velvet,2812.19,25.20846742218699,False
2116,Sapling Maple Bourbon,61414.34,34.76152312310122,False
2117,Black Velvet Traveler,129924.08,30.792690623631902,False
2118,The Glenturret 27 Yr Old,4199.79,24.24121206060303,False
2119,Glendalough 13 Yr Sngle Malt,9838.85,22.389303627964644,False
2120,Canadian Club,1554498.4,25.41249318751308,False
2121,Canadian Club Traveler,96493.44,25.179576974351832,False
2122,Canadian Club 1858,138305.41,25.223315559384123,False
2123,Angel's Envy Rye,34475.69,27.54094261782723,False
2124,Collingwood Canadian Whisky,2249.25,23.67455818606202,False
2125,Glenfiddich 14 Yr Barrel Rsv,145728.39,27.83124825574482,False
2126,Kilchoman Sanaig Whiskey,0.0,,False
2127,Canadian Ltd,899110.55,31.071651867503945,False
2129,Ole Smoky Charred Tennesse,987.48,28.593996840442337,False
2130,Bully Boy American Whiskey,47924.02,26.475491830610192,False
2131,Jack Daniels No 7 Black Trav,53116.11,21.862971516551198,False
2132,Lord Calvert Canadian,113264.19,22.496571952706322,False
2133,Parkers Heritage 24Yr Bourbn,6499.74,20.63682547301891,False
2134,Canadian Ltd,2.49,,False
2136,Elijah Craig 12 Yr Bourbon,91550.42,25.733011383235592,False
2137,Glen Moray 10 Yr Chard Cask,3074.22,23.908503620430547,False
2140,West Cork Barrel Proof Ltd R,2666.49,20.31997119809187,False
2141,Loch Lomond 12 Yr,731.88,20.642728316117402,False
2142,Bird Dog Apple Whiskey,51426.31,31.99935986074054,False
2143,Canadian Mist,518089.37,26.60080827367679,False
2144,West Cork Black Rsv Irish Wh,3649.05,13.228100464504466,False
2145,WolfHound Irish Whiskey,43103.49,27.89753219518883,False
2147,Meletti Amaro,35.98,20.011117287381868,False
2148,Canadian Mist Traveler,23178.94,22.70673292221301,False
2149,Canadian Ltd Traveler,61361.97,28.613732577360217,False
2150,Beat 3 Single Malt Whiskey,36.99,23.384698567180322,False
2151,Bain's Cape Mountain Whisky,2807.15,20.000712466380484,False
2152,New Amsterdam Gin,128623.7,32.75290634618658,False
2153,Black Velvet Cinnamon Rush,15174.81,33.83383383383383,False
2155,McClelland Islay Single Malt,110955.58,34.063613564996004,False
2156,(RI) 1,21519.09,26.06694799826572,False
2157,Canadian Hunter Rye Whiskey,16575.24,15.1655119322556,False
2158,Sortilege Liqueur,34142.92,37.96898449224612,False
2159,Connemara Irish Whiskey,54672.05,27.684529846603528,False
2160,Nikka Coffey Malt Whisky,14092.89,24.615533080865593,False
2161,Canadian Club Classic,61452.77,27.415834957480357,False
2162,Djinn Spirits Gin,10495.79,34.000394443867506,False
2163,Sloane's Gin,7071.5,28.82698154564095,False
2164,New Amsterdam Gin,431674.05,31.11253734154277,False
2166,The Macallan Double Cask 12,98245.68,,False
2167,Old Beezer 10 Yr SB Bourbon,31316.05,26.979136896256072,False
2169,Olmeca Altos Plata Tequila,4296.41,22.613065326633162,False
2170,Woodford Reserve Bourbon,36212.24,27.507163323782237,False
2171,Pike Creek Canadian Whisky,31877.05,36.589019372871704,False
2173,Canadian Club Rye,13742.41,15.055510641874314,False
2174,Virginia Black Whiskey,3813.91,21.863389539868532,False
2175,Cedar Ridge Iowa Bourbon,919.77,27.53188297074269,False
2177,Canadian Hunter Rye,10124.73,27.272727272727277,False
2178,Great King St Glasgow Blend,1562.58,21.54129708558921,False
2180,Stirk's Small Batch Gin,0.0,,False
2181,Bird Dog Apple Whiskey,31.68,,False
2182,McClelland Islay Single Mal,40166.04,29.583996829162153,False
2183,McClelland Highland Single,62414.02,27.481389598042234,False
2184,Bonnie Rose Orange Peel,8035.65,24.367039380759493,False
2186,Label 5 Scotch 12 Yr,4446.61,38.85589246639575,False
2188,Wiggly Bridge White Whisky,149.97,,False
2189,Cleveland Black Rsv Whiskey,20347.13,23.300190247961268,False
2191,Clark & Chesterfield Whiskey,2498.75,26.463231615807903,False
2192,Caledonia Barr Hill Gin VAP,32893.42,25.365073014602906,False
2193,Donegal Irish Whiskey,7770.86,12.5741552415048,False
2194,Beat 3 Single Malt Whiskey,6959.9,28.51190390666532,False
2195,Tangle Ridge Canadian Whisky,237.86,21.24779281930547,False
2196,Canadian Hunter Whiskey,49782.48,11.592994161801514,False
2198,Chivas Regal Extra,54836.36,18.22965638127694,False
2199,St George Terrior Gin,44358.34,21.971245993425352,False
2200,Bonnie Rose Spiced Apple,7419.07,28.366493374506508,False
2201,Nikka Yoichi Single Malt,6929.1,27.003506948954414,False
2202,Karner Blue Gin,44205.26,23.07435811937313,False
2204,Bowmore 25 Yr Single Malt,2579.94,25.92618432986814,False
2207,Glenrothes Sherry Cask Rsv,28310.18,21.42649746486953,False
2208,WhistlePig 10 Yr Old Rye,128772.43,26.38940649019358,False
2209,Pendleton 1910,22342.32,6.5028161802355395,False
2211,Mickey Finn Apple Whiskey,50.98,27.540211847783446,False
2212,Canadian Rich & Rare,74835.84,24.074454165276947,False
2213,King Robert II Scotch Whisky,246.87,28.06740389678778,False
2214,James E Pepper Bourbon,47536.47,38.57823267062111,False
2215,Ole Smoky Harley-Davidson,6347.33,19.862052232986155,False
2216,Seagrams Extra Dry Gin,1294.56,28.587319243603996,False
2218,Glen Moray 16 Yr Old Scotch,1910.67,,False
2219,Crown Royal Vanilla,20158.7,24.62311557788945,False
2220,Barr Hill Gin,911.52,27.014218009478675,False
2221,Tamdhu 10Yr Speyside Whiskey,0.0,,False
2226,Jim Beam Devils Cut,100813.28,26.847732759017468,False
2230,Egan's Single Malt Irish Wh,21369.43,10.815917878951376,False
2231,Nikka Miyagikyo Single Malt,4927.36,28.57513962852318,False
2232,Sipsmith Gin,29589.870000000003,14.825580511168182,False
2235,Deanston SM Virgin Oak,33752.9,35.67486053050257,False
2236,Cedar Ridge Rye Whiskey,629.86,27.00600133362969,False
2237,Edradour 10 Yr Single Malt,53350.45,36.07729644267292,False
2238,Aviation American Gin,22239.23,25.349888462864946,False
2239,Rebel Yell American Whisky,3358.4,24.821343496903296,False
2240,Bully Boy White Whiskey,55.98,46.30225080385852,True
2241,Death's Door Gin,43897.11,21.277414390150053,False
2242,Cles des Ducs Armagnac VSOP,3694.32,27.012278308321964,False
2244,Crown Royal Vanilla,176577.85,22.805436808750365,False
2245,DUKE Kentucky Bourbon,41938.36,32.36206661395438,False
2246,Speyburn Brandan Orach,46271.19,28.16532274186162,False
2247,Balvenie Portwood 21 Yr Sin,78421.39,25.108328225245693,False
2248,Rhetoric 22 Year Bourbon,9239.16,26.475134103100284,False
2250,Jack Daniels Family 4 Pk/50m,48646.33,34.92370339139664,False
2251,Canadian Hunter Whisky,14073.84,20.202020202020194,False
2252,Buck Bourbon 8 Yr,8606.93,21.35000517025234,False
2253,Kavalan Sherry Oak Whisky,909.93,20.001538579890763,False
2254,Canadian Club Triple Aged,68543.69,22.822056997515016,False
2255,Crown Royal Party Pak,95115.21,23.06378758980819,False
2256,Tamdhu Batch Speyside Whisky,0.0,,False
2258,Dewars Special Reserve 12 Yr,66365.5,28.600703678869294,False
2259,Redemption Rye Whiskey,43224.45,12.357589281066602,False
2262,Black Button Citrus Gin,9032.83,25.60028252496726,False
2263,Prichards Tennesse Whiskey,55.98,,False
2264,WhistlePig 10Yr Common Man B,0.0,,False
2265,Monadnock Moonshine,6435.78,25.939979303208,False
2270,Laphroaig Triple Wood,53814.99,29.216116178782148,False
2271,Jailers Tennessee Whiskey,3647.62,9.957725859601597,False
2277,Kilbeggan Irish Whiskey,20272.54,-29.872132451089012,False
2280,The Botanist Islay Dry Gin,99373.38,26.601268870999455,False
2287,Johnnie Walker Double Black,276954.1,28.362208755891317,False
2289,Whistle Pig Boss Hog Rye,11062.63,20.00066891869292,False
2290,Jim Beam Devils Cut Bourbon,75566.82,27.95155334047405,False
2291,The Quiet Man Single Malt 8Y,949.81,21.264252850570106,False
2292,Glenrothes Single Malt Scot,4224.1,36.102365000828584,False
2294,Yellow Stone Ltd Edition 15,5564.47,21.25916753976569,False
2295,Balvenie 15 Yr Single Malt,899.9,28.569841093454833,False
2296,Tomatin Cu Bocan Scotch Whis,299.94,20.004000800160032,False
2299,J Seeds Apple Cider Whiskey,17839.8,20.202020202020194,False
2301,Glen Moray 25 Yr Portwood,3839.84,22.480103337639072,False
2302,St George Botanivore Gin,38447.18,21.873957985995336,False
2303,Glenfiddich Age of Discovery,599.96,,False
2308,Wild Turkey Honey VAP,677.65,34.508964804840254,False
2310,Ungava Gin,20807.96,21.540794965003773,False
2312,The Macallan No.2 Edition,29097.09,21.26212621262126,False
2313,Black Button Bespoke Bourbon,1554.3,25.55491217911599,False
2320,The Tweeddale 12 Yr Old,1324.75,27.005095301000186,False
2322,Redemption Rye 7Yr Barrel Pr,2239.72,21.265158144768094,False
2326,Michter's 10 YO Bourbon,13198.9,20.00166680556713,False
2327,Crown Royal Shot Glass VAP,122173.06,21.079409814242194,False
2328,Michter's 20 YO Bourbon,2699.95,24.811570584640453,False
2329,Craigellachie 13 Yr Scotch,29755.88,20.918487371235532,False
2331,Black Bottle Scotch,3750.79,13.99518501435697,False
2332,High West Bourye Whiskey,4049.46,22.48299773303107,False
2333,Bruichladdich Scotish Barley,36532.73,22.290641843628997,False
2339,Alberta Rye Dark Batch,5871.33,28.058208276489303,False
2344,Bunnahabain 18Yr Single Malt,3549.75,27.53715050355659,False
2345,Prichard's Single Malt,34.99,23.663903972563592,False
2346,Black Velvet Toasted Caramel,7197.21,27.540810953133228,False
2347,GlenDronach Peated Scotch,13401.95,21.208853935434778,False
2349,Blood Oath Bourbon,14188.58,29.64341745262739,False
2353,Ron Barcelo Imperial Rum,173.94,20.627802690582957,False
2354,Rhetoric 21Yr Bourbon,13998.6,22.482248224822474,False
2358,Rebellion Bourbon,107.96,,False
2366,Templeton Rye Whiskey,107873.22,29.98996414494719,False
2367,Glenmorangie Pride,5799.99,26.47056288028083,False
2368,Balvenie 17 Yr Doublewood,94993.34,23.91643456267566,False
2369,Amrut Fusion Single Malt,5384.19,24.208098154039874,False
2373,Jim Beam Maple,171594.86,32.45336136525301,False
2374,Tullamore Dew,214992.82,25.631786215000123,False
2382,Ophir London Dry Gin,23020.43,11.749954279741964,False
2384,Old Tahoe Straight Rye,10220.52,-6.369538927569225,False
2386,2 Gingers Irish Whiskey,321.86,40.88734232274903,False
2392,Crown Royal 75th Anniversary,4339.38,27.532504643520504,False
2396,Auchentoshan Classic Scotch,359.88,32.810936978993,False
2398,Tullamore Dew,300055.53,27.04990306294306,False
2401,Sea Hagg Poitin White Whisky,98.89,23.692992213570626,False
2405,Old Tahoe Honey Rye,9230.58,-5.038903297517608,False
2407,The Dalmore Cigar Malt Rsv,530.97,28.57223571953218,False
2410,Tullamore Dew Phoenix,11097.9,24.32892709431514,False
2412,JP Wiser's Rye,27954.86,27.707311000663214,False
2414,Brooklyn Gin,33493.33,21.5661745189266,False
2418,Crown Royal Regal Apple,570271.16,29.609885935666114,False
2421,Highland Park Odin,3149.91,24.243549815709024,False
2423,Early Times Mint Julep RTD,233.82,34.64203233256351,False
2426,The Glenlivet 15Yr FrenchOak,413475.55,25.113455922605326,False
2427,13th Colony Sthrn Corn Whsky,359.82,20.310155077538766,False
2429,Jim Beam Double Oak,5947.62,21.2484993997599,False
2432,Crown Royal,967005.94,24.499890869336326,False
2433,Crown Royal X R Extra Rare,82875.65,29.585469314569472,False
2435,Crown Royal RSV,103789.13,25.821596153662714,False
2436,Crown Royal,198947.28,20.0133422281521,False
2438,Crown Royal Special Reserve,107612.07,24.720173118127004,False
2439,Highland Park Ice Edition,1499.95,21.874062468748967,False
2440,Platte Valley Fireshine,9832.57,13.874907577571276,False
2443,Seagrams VO,902489.54,29.132466177945947,False
2444,Clyde May's Alabama Style Wh,15459.85,24.881224591441704,False
2445,Seagrams VO,98953.47,24.270225187656376,False
2446,Nomad Outland Whiskey,6858.16,32.470516873330446,False
2448,Seagrams VO Gold,34714.29,28.580362726704195,False
2454,Clynelish Single Malt Scotch,8878.52,23.67061176862811,False
2458,Catskill Wicked White Whisky,2553.82,45.47775489267059,False
2460,Old St Andrews Jumbo Golfbll,6838.29,21.255313828457115,False
2461,The Dubliner Irish Whiskey,10147.59,12.43093187643569,False
2464,Pinnacle Gin,27434.02,29.274674291263185,False
2465,Crown Royal Mini,80873.52,28.093645484949842,False
2466,Crown Royal Maple Whisky,57233.82,36.96531176846137,False
2467,Catskill Most Righteous Brbn,5310.15,37.429262826850454,False
2468,Crown Royal Nrth Harvest Rye,113966.29,21.985097523136,False
2471,Wild Turkey 81 Rye,215.91,21.88411838265944,False
2474,The Glenrothes Triple Pack,25304.51,25.36547832777634,False
2475,Crown Royal,76.89,,False
2476,Crown Royal Maple Whisky,157718.86,29.590500463926755,False
2478,Ransom Old Tom Gin,22352.65,25.911245422802224,False
2480,Kavalan Concertmaster,1259.86,21.25791754639404,False
2482,Clase Azul Reposado Tequila,95499.46,13.107969406319164,False
2484,Tatoosh Bourbon,5786.89,29.125143211638715,False
2487,Catskill Otay,2655.22,35.754476088610346,False
2490,The Dalmore 15 Yr,8799.12,22.482248224822488,False
2491,Catskill Defiant Rye,4027.0,40.62577601191955,False
2492,Crown Royal Hand Slct Barrel,84969.41,23.56315055029805,False
2494,Crown Royal Regal Apple,180958.49,34.02851670568205,False
2495,Virginia Highland Malt Whsky,6023.85,9.910605343758574,False
2496,Crown Royal Black,128170.66,31.217113183313565,False
2498,Catskill Fearless Whiskey,3861.11,38.08671599617727,False
2499,Crown Royal Black,122377.38,25.018120178745452,False
2502,Dewars Wh Label & Honey 2 Pk,3429.02,23.06373249499856,False
2504,The Dalmore 18 Yr,5759.68,24.2402355686427,False
2505,Bowmore Legend Single Malt,242.91,37.828825490922554,False
2508,Crown Royal No Harvest Rye,8978.88,20.100502512562805,False
2512,The Macallan 12 Yr Old,64066.69,27.522149185481577,False
2514,Bird Dog Peach Whiskey,47354.41,26.29368626913523,False
2517,Balvenie 14 Yr Caribean Cask,299856.37,34.00558407346823,False
2518,Woodford Reserve Double Oak,147315.99,30.61955460503642,False
2519,Bird Dog Hot Cinnamon Whisky,152.91,24.249558563861097,False
2520,The Macallan 12 Yr Old,572039.87,28.329168734340143,False
2521,Jameson Gold Rsv,67632.83,26.617383894774182,False
2522,The Macallan 10 Yr Fine Oak,117841.64,26.81269541055266,False
2525,Bird Dog Kentucky Whiskey,19684.63,5.536553138159072,False
2529,Right Gin,359.88,22.474158052684228,False
2530,The Macallan 17Yr Old Scotch,6969.71,29.11555861004259,False
2531,WhistlePig 10 Yr Old Rye,288456.98,34.05958143221218,False
2532,The Macallan 12 Yr Old,89686.65,31.399879469240954,False
2534,The Dalmore 12Yr Single Malt,95329.26,40.57620923523375,False
2535,Glenfiddich 21 Year Old,19798.9,21.873437413189624,False
2539,John Barr Red Scotch Whisky,31.98,,False
2540,Antiquary 12 Yr Old Scotch,134.94,24.23299244108493,False
2543,Darnley's View Gin,15213.39,17.925656280421386,False
2547,WhistlePig 10Yr Straight Rye,54165.51,25.89413447782547,False
2549,WhistlePig 10Yr Rye,81941.94,31.405163216784963,False
2550,Stillhouse Originl Moonshine,21031.91,25.272550139288352,False
2552,Defiant American Single Malt,22425.2,17.029056597042626,False
2554,WhistlePig Old World 12 Yr,102860.8,25.468594449975125,False
2555,The GlenDronach Cask Strngth,4589.49,25.9251027891988,False
2563,Greenore Irish Whiskey,14431.94,26.616518638519842,False
2564,Glen Garioch 12 Yr Old,24493.92,20.578494581512473,False
2568,Lagavulin 8Yr 200th Ltd Edtn,32170.05,28.05046930296968,False
2570,Johnnie Walker Gold Rsv,172043.81,29.62277457119788,False
2571,Johnnie Walker Gold Edition,2634.69,22.484998235086493,False
2572,Tatoosh Whiskey,1604.69,29.642485464482238,False
2573,Firefly Caramel Moonshine,159.92,20.010005002501245,False
2577,Jack Daniels 2 Yr Rested Rye,499.9,24.24484896979396,False
2579,Stillhouse Apple Crisp Moons,33253.62,26.91863321948108,False
2580,Barr Hill Gin,174154.54,16.61741347655939,False
2581,Ginskey Gin,49.99,,False
2582,Firefly Blackberry Moonshine,9023.98,21.280853902601727,False
2584,JP Wiser's Spiced Vanilla,3911.94,24.802527646129548,False
2585,Jameson Irish Whiskey,2148965.53,30.279210202129192,False
2586,Jameson Irish Whiskey,153407.93,26.086956521739125,False
2587,Jameson Irish Whiskey,171430.56,31.31039179945513,False
2589,Jameson Irish Whiskey,2773367.73,22.775241925815585,False
2590,The Black Grouse Scotch,77304.21,29.559567324987874,False
2591,Cardhu Scotch,66515.93,28.97069919942486,False
2593,James Oliver American Whisky,30694.15,16.541588543745313,False
2595,Clontarf Irish Whiskey,44067.19,27.959327563205182,False
2596,McIvor 12 Yr Old Scotch,307.78,,False
2597,Beefeater 24,10894.37,12.487459118792552,False
2598,Firefly Apple Pie Moonshine,53521.67,30.896177193275175,False
2602,Caol Ila 12 Yr Islay Single,76535.94,25.191955570154363,False
2604,Johnnie Walker Collection 4,92890.71,26.472647264726472,False
2606,Glenmorangie Original 18Yr,126639.7,22.920853413266137,False
2607,Grand MacNish 12 Yr Old,43034.43,21.87357889949977,False
2609,Pigs Nose Scotch,31523.52,28.303438194719376,False
2610,Glenmorangie Signet Sng Malt,18239.04,27.006684562345384,False
2611,Dewar's 15 Yr Old Rsv,19294.85,13.988188558086726,False
2612,Four Roses Small Batch 15,2159.76,20.002222469163257,False
2614,Dewars Special RSV 12-Year,16094.11,25.999698026172307,False
2615,Chivas Regal,18985.6,26.36103151862464,False
2616,Hayman's Old Tom Gin,529.76,32.27121715493809,False
2617,Yellow Spot Irish Whisky,29897.01,27.002700270027002,False
2618,Glenmorangie Milsean Scotch,21282.85,20.638448328113938,False
2619,Glenmorangie Original 10 Yr,148432.79,22.820840327800894,False
2621,Silo Bourbon,2137.58,-1.1695468707603927,False
2622,Dewars Scratch Cask Scotch,38435.21,28.234163414223573,False
2623,Ballantines,112041.27,36.94866186361509,False
2624,Dewars 18 Yr Old Founders Rv,42753.56,29.56507013684942,False
2625,Nikka Coffey Grain Whisky,46018.6,30.596758701916183,False
2626,Crown Royal Apple,27.86,28.643216080402013,False
2628,Dewars Special RSV 12-Yr,112630.53,26.213425436247178,False
2630,Old Pulteney Single Malt Sc,68916.1,22.312928328794,False
2631,Scapa 16 Yr Old Single Malt,74295.51,20.946084090411375,False
2632,Partida Tequila Blanco,1011.77,24.232780177313032,False
2636,Nikka Whisky Taketsuru 12 Yr,18747.22,27.590650773821405,False
2637,The Feathery Blended Scotch,15122.44,7.906925072937973,False
2638,Bowmore Islay 18-Yr Sgl Malt,11699.1,26.625125009616134,False
2639,Bowmore Darkest Islay 15 Yr,27215.23,27.454259986044583,False
2640,Michter's Small Batch Bourbn,108431.79,30.088334795542888,False
2641,Jack Daniels SB-BTB Joe Bell,8298.34,24.804960992198435,False
2643,Dewars Signature,1109.94,,False
2644,Chivas Regal 18-Yr Scotch,102415.79,19.345708313141934,False
2645,Chivas Regal,325119.82,29.856623321211234,False
2646,Chivas Regal,462119.67,22.85788224509033,False
2647,Wiggly Bridge Bourbon Sm Brl,57858.29,23.550626885101522,False
2648,Chivas Regal,57595.21,25.186330599367544,False
2650,Tanqueray Old Tom Gin,1824.27,21.24849939975991,False
2652,Michter's American Whiskey,38089.57,19.41455364290015,False
2653,Litigation Wheat Whiskey,3914.13,21.871527006001344,False
2654,Tanqueray Bloomsbury,46123.09,22.4905139703346,False
2655,James Oliver Rye Whisky,32318.55,22.446861013257095,False
2656,Cutty Sark,238229.18,23.94523626366846,False
2658,Cutty Sark,48856.6,24.84004208233893,False
2660,Jameson Rarest Vintage Rsv,5099.83,23.66412213740458,False
2661,Laphroaig Cask Strength 10Yr,48105.2,32.162843102201,False
2663,Dewars White Label,2189368.78,31.39514668698252,False
2664,Firefly Moonshine,4233.58,27.579022954568,False
2665,Dewars White Label,400461.12,26.691150441770727,False
2667,Damrak Amsterdam Gin,7649.44,14.21803426133154,False
2668,Dewars White Label,74776.49,20.717487541873126,False
2670,Metze's Slct Indiana Bourbon,8848.82,26.47019602613681,False
2671,Christian Drouin Calvados,942.59,27.01174423662462,False
2672,Dewars White Label,51012.04,21.39737991266375,False
2675,Crown Royal XO,102001.64,23.538798003639933,False
2676,Grand MacNish,95864.2,28.398296757287916,False
2678,Michter's Straight Rye,64537.93,25.301400277325286,False
2679,Dewars Highlander Honey,46676.52,28.16636715847712,False
2680,Tomatin Scotch 14Yr Portwood,29924.32,16.881252439487344,False
2682,The Glendronach 12 Yr Scotch,36802.34,23.288193087722128,False
2684,Wemyss The Hive,19120.8,16.267101794903976,False
2686,AnCnoc 12 Yr Old Scotch,58483.83,30.48403293696737,False
2689,Black Velvet Reserve,14318.46,22.48551869404949,False
2690,Black Velvet Reserve,83146.91,28.31826221804275,False
2692,Glenmorangie 10 Yr Scotch,334079.63,26.467689754086475,False
2694,Glenmorangie LaSanta,100054.45,27.098644787912978,False
2695,Rebel Yell Ginger Whiskey,7361.89,7.875559129517024,False
2696,McClelland Highland Sgl Malt,125199.8,31.190145671159218,False
2703,Full Throttle Moonshine,1356.41,,False
2704,Serpent's Bite Cider Whiskey,14811.39,21.21212121212121,False
2707,Silo Whiskey,354.42,24.496360250550193,False
2708,Rebel Yell Root Beer Whiskey,6708.45,11.394584442009698,False
2710,Bitch Vodka,945.57,27.55798090040928,False
2711,Grant's Ale Cask Finish,9515.24,24.812406203101553,False
2713,Inver House Green Plaid 3-Y,110007.78,28.24465687790446,False
2714,Glenfiddich The Original,7899.21,23.662366236623665,False
2715,Teeling Single Grain Whiskey,27858.8,11.001909629991228,False
2716,Stranahans Diamond Peak,7908.87,27.532504643520504,False
2717,Big Peat Scotch,16469.25,27.56500751400337,False
2719,Full Throttle Apple Whiskey,1439.28,22.461230615307652,False
2720,Canadian Regal Apple,11491.96,0.2600078663691764,False
2721,Johnnie Walker Green Label,192003.28,21.34565617837363,False
2722,J & B Rare,56206.44,20.00909504320146,False
2723,J & B Rare,289581.94,31.164726640066014,False
2727,Grand Macnish Black Edition,4798.11,23.70058210420352,False
2729,Hell-Cat Maggie Irish Whisky,26452.79,-7.38296414102254,False
2730,Smugglers Notch Hopped Gin,991.69,28.07127227258518,False
2733,GlenDronach Tawny Port 15 Yr,14139.21,25.370300037979476,False
2734,Nikka Pure Malt whiskey,49549.72,19.55958580593392,False
2737,Teeling Irish Whiskey,40732.61,22.347156246555283,False
2738,Balvenie 25 Yr Old Scotch,2999.95,23.663727728795468,False
2739,Bruichladdich Rocks Sngl Mlt,899.82,28.065613122624534,False
2740,GlenDronach 15 Yr Scotch,41479.47,28.56531194829635,False
2741,Scapa 10 Yr Old Single Malt,2099.7,,False
2742,Aberfeldy 12 Yr Single Malt,42761.19,21.75058739010772,False
2743,Linkwood 15 Yr Old Sngl Malt,4719.41,21.877734716839594,False
2746,Laphroaig Cairdeas Islay,33454.48,30.526972770164125,False
2747,Speymalt Macallan 1993 20 Yr,12959.19,23.076442277642357,False
2748,Johnnie Walker Blue Label,307040.36,24.463103156861848,False
2749,John Begg Blue Cap,92272.69,21.247792819305477,False
2750,Henry DuYore's Strgt Bourbon,1848.57,22.47034193998605,False
2751,Johnnie Walker Black Label,118580.68,20.010005002501238,False
2752,Johnnie Walker Black Label,490792.17,29.865684287506056,False
2753,Johnnie Walker Black Label,1739044.28,26.95905132444355,False
2755,Johnnie Walker Red Label,143817.45,21.248499399759915,False
2756,Jameson Caskmates,316023.68,22.99106193561191,False
2757,Johnnie Walker Red Label,1840615.67,25.303768602600236,False
2759,Johnnie Walker Red Label,59373.56,27.519656897784124,False
2760,Jack Daniels Tennessee Honey,701171.5,27.069910856331152,False
2762,The Steward's Solera Bourbon,14928.2,-3.6789432081563676,False
2764,Hatfield & McCoy Whiskey,1195.61,21.746221593998044,False
2765,Laphroaig 18 Yr Single Malt,3429.59,28.10394245376269,False
2767,Johnnie Walker Blue Label,548648.39,29.69783434523522,False
2769,Laphroaig Quarter Cask,87046.9,33.387633563056234,False
2770,Hudson Single Malt Whiskey,17270.83,25.1512521401693,False
2772,Talisker Storm Scotch,78195.39,13.77349738904046,False
2773,Revel Stoke Roasted Pecan,0.99,,False
2776,Brenne French Sng Mlt Whisky,3275.22,23.076923076923084,False
2777,Woodford Rsv Federal Cigar,1931.58,21.87432050445749,False
2779,Wicked 87 Whiskey,8043.47,17.211104162755635,False
2780,Bulleit 10 Yr Old Bourbon,134604.65,29.48675992991326,False
2781,High West Campfire Whiskey,17937.01,26.471078513085512,False
2782,The Gifted Horse,12147.57,21.884376875375075,False
2783,Lauders Scotch,137384.41,32.933045314239074,False
2784,Lauders,969.21,25.944841675178758,False
2787,Glenrothes Vintage Rsv,43350.18,25.06476328356653,False
2788,Laphroaig 10 Yr Single Malt,346877.52,30.221041709477177,False
2790,High West American Prairie,64338.68,22.811472041390964,False
2792,Jim Beam Apple,23932.26,21.2121212121212,False
2793,Camus Elegance VS Cognac,14707.5,18.232194458609552,False
2794,Bird Dog Bourbon,28413.3,34.590491072842646,False
2795,George Dickel Rye,48836.84,26.47796212858981,False
2796,Teeling Single Malt Whiskey,7858.69,20.003333888981487,False
2797,Wicked 87 Whiskey,4469.85,24.24242424242425,False
2800,Laphroaig 15 Yr Single Malt,74140.94,27.05900410758213,False
2801,Tullamore Dew 10 Yr Old,4138.94,29.110351925855404,False
2802,SW4 London Dry Gin,12819.87,24.249699879951983,False
2803,Bluecoat Gin,18556.86,21.277414390150057,False
2804,Camp Robber Whiskey,6298.6,28.561902645032227,False
2806,Atholl Brose Scotch Liqueur,329.94,27.532278596108377,False
2807,Couvreur Pale Single Malt,2069.77,23.08034226025114,False
2808,Uisce Beatha Irish Whisky,26190.79,16.975356604363608,False
2809,Full Throttle Blackberry,1819.09,26.463231615807896,False
2810,Bib & Tucker Bourbon,56269.95,21.878906947669215,False
2812,Hudson Manhattan Rye,2494.44,31.976716216866315,False
2813,Full Throttle Peach Whiskey,2938.53,27.513756878439217,False
2814,Hudson Bay Bourbon,3049.32,30.869833274303783,False
2815,Benromach 10Yr Single Malt,16349.08,27.540632255759956,False
2816,Auchentoshan 12 Yr Sngle Mlt,35098.47,25.74795995380996,False
2817,Couvreur Overaged 12 Yr Malt,2029.71,22.474639234176312,False
2818,Rough Rider Straight Bourbon,39653.98,22.49166414064869,False
2820,Hirsch Kentucky Corn Whisky,1055.94,,False
2821,Auchentoshan American Oak,36451.45,26.589751573668536,False
2822,James E Pepper 1776 Rye,35727.28,23.730549876732848,False
2823,The Macallan MOP,1499.99,25.92617284115228,False
2824,Wolfburn Single Malt Scotch,9836.31,21.911265505052192,False
2826,Bowmore Small Batch Sngl Mlt,59392.45,22.528115947397357,False
2827,Glenfiddich 26 Yr Old Scotch,7499.85,20.634412688253768,False
2828,Tom Cat Barrel Aged Gin,56959.48,25.68380188864084,False
2830,Serpent's Bite Cider Whiskey,52677.26,25.203854566467587,False
2832,Bushmills 21 Year Old Irish,3119.7,28.06039042215597,False
2833,Old Smuggler,579.42,27.527527527527518,False
2834,Old Smuggler P E T,266925.97,27.409873231892707,False
2837,Girvan Patent Still #4 Apps,3357.27,25.91867797347249,False
2838,Calumet Bourbon,83086.68,21.87946371187294,False
2839,Ardmore Legacy Single Malt,29665.96,26.825223252508934,False
2840,Revel Stoke Roasted Pecan,1182.09,43.34103156274057,False
2841,High West Double Rye Whiskey,82949.91,19.072160536400816,False
2842,Laphroaig 25 Yr Cask Strenth,12999.71,32.91034953856662,False
2843,Calumet Farm Bourbon VAP,7199.41,31.20477928052438,False
2844,Diplome Dry Gin,17693.85,9.351554353631347,False
2845,Old Camp Spicy Pecan Peach W,8835.58,27.013506753376692,False
2846,Balvenie Tun 1509 Batch 3 SB,1999.95,26.470661766544158,False
2847,The Quiet Man Irish Whiskey,49793.61,5.992274912383344,False
2849,Tullibardine 20 YO Highland,2879.84,28.057114284126893,False
2850,Kavalan Soloist Tawain Whsky,5699.85,24.811179241559,False
2851,Mother's Apple Pie Liqueur,6337.95,49.94438264738598,False
2852,Bushmills 10 Yr Irish Whisky,41317.92,26.469870700170773,False
2854,Talisker 10-Yr Single Malt,166564.47,31.832491046860113,False
2855,Master's London Dry Gin,4528.49,28.04268089363121,False
2856,Cragganmore 12-Yr Sngle Malt,39698.18,27.67376237399296,False
2858,Royal Thistle Scotch,203.88,21.247792819305474,False
2859,Bushmills Irish Honey,16814.16,39.664187803613146,False
2862,Pinch 15-Yr by Haig & Haig,67732.56,24.641974258761223,False
2863,The Deveron 12 Yr Scotch,11592.52,26.53607671153467,False
2864,Silo Reserve Gin,111.97,26.748236134678933,False
2867,Jefferson's Rsv Old Rum Cask,11678.54,22.47780972621579,False
2868,Mortlach Single Malt Scotch,19488.16,33.09660840222987,False
2870,Ardbeg Dark Cove Giftbox,27167.53,22.48386216928811,False
2871,Woodford Reserve Rye,41211.25,12.38011465315901,False
2872,Ashuelot Gin,9884.91,25.38293216630197,False
2873,Tullibardine 25 YO Highland,2699.91,,False
2874,Hirsch 20 Yr American Whisky,28994.28,-1.5204378242881016,False
2876,The Irishman Single Malt,30877.74,26.706293919179313,False
2877,Bushmills 16 Yr Old Irish W,2045.69,25.367479921200182,False
2878,Hudson Four Grain Bourbon,22669.51,27.73482973385838,False
2879,Corner Creek Rsv Bourbon,56577.979999999996,29.261490070872092,False
2880,Bird Dog Chocolate Whiskey,8970.27,29.606801133076267,False
2882,Highland Park 18 Yr Single,43546.69,31.651475691952708,False
2884,Comandon XO Cognac,2599.8,24.24032617893684,False
2885,Patron Anejo Tequila BTB,929.85,24.810453298919185,False
2886,Buchanans Deluxe 12Yr Scotch,179095.03,20.41521196875201,False
2887,Patron Anejo Tequila #2 BTB,929.85,25.37506049362801,False
2888,Brenne 10 Yr French Whiskey,6199.38,23.072307230723073,False
2889,Buchanans Deluxe 12Yr Scotch,432258.32,28.12012039467511,False
2890,Four Roses Bourbon,180430.09,23.552800976821548,False
2893,Glenmorangie Quinta Ruban,122300.0,25.39574816026165,False
2894,Scoresby Rare,192295.11,28.07115063924402,False
2897,Haig Club Scotch,9918.36,21.88869934142338,False
2898,Scoresby Rare,18507.21,19.497374266569626,False
2899,Laphroiag Select Single Malt,89080.95,23.30655431941397,False
2901,Templeton 6 Yr Old Rye,4499.1,20.644128825765158,False
2902,Stranahan's Colorado Whiskey,38865.13,25.07679763325119,False
2903,White Horse Scotch,1287.54,26.47374062165059,False
2906,Usquaebach Old Rare Whisky,55884.44,27.3815036886833,False
2907,Route 66 Tequila,16970.15,21.263218062303523,False
2908,Buchanans Deluxe 18 Yr Old,93502.43,21.86205214131867,False
2909,Lot No 40 Canadian Rye,3299.42,34.905528850525236,False
2910,Full Throttle Vanila Whiskey,3038.48,26.463231615807903,False
2911,Ardbeg Dark Cove Com Release,7259.34,25.37503409400855,False
2912,Platte Valley KY Moonshine,56848.54,24.2495585638611,False
2913,Spring 44 Gin,531.81,28.581636298678102,False
2914,Dad's Hat Rye Whiskey,538.89,33.455807307613796,False
2915,Pendleton Limited Edition,2748.75,25.375170532060025,False
2916,Royal Brackla 12 Yr Scotch,10725.37,28.495240723630054,False
2917,Paddy's Irish Whiskey,69846.46,20.52069639606647,False
2918,Alibi Whiskey,531.72,27.01421800947868,False
2919,Blue Hangar 7th Ltd Whiskey,689.94,,False
2920,Old Potrero 18th Century,20111.01,8.438959554990028,False
2921,Full Throttle Strwbry Whisky,1779.11,25.36268134067034,False
2922,Usquaebach 15 Yr Whisky,10428.51,26.475210744392058,False
2923,Balvenie 12 Yr Single Barrel,16237.82,28.26783398264053,False
2924,Speyburn 10-Yr Single Malt,107599.27,26.984504634650406,False
2925,Penasco Plata Tequila,4678.33,20.718076749609367,False
2926,Teachers Highland Cream,65934.69,22.68262730893252,False
2928,Glenmorangie Tusail Giftbox,2099.79,26.47264726472648,False
2929,Dark Corner Moonshine,2391.08,24.81723739899962,False
2931,Hayman's Sloe Gin,53.98,28.56613560577991,False
2932,Jameson Black Barrel,444452.15,23.670332115616954,False
2933,Aultmore 12 Yr Scotch,16593.72,23.147793261547136,False
2935,Talisker 18 Yr Old Scotch,50070.61,34.57603172799373,False
2936,Abraham Bowman Ltd Edition,279.96,24.24632090298613,False
2937,Tullamore Dew 14 Yr Irish,4549.35,24.24632090298614,False
2938,Kennedy's Original Irish,527.67,28.580362726704184,False
2939,Berentzen Bushel & Barrel,959.36,23.08205470313543,False
2940,Hakushu 12 Yr Japanese Whsky,19545.8,26.118143028169737,False
2942,Glen Grant 10 Yr Single Malt,21542.09,25.59719135887001,False
2943,The Macallan 18 Yr Old,2879.76,23.660305025418804,False
2944,The Glenlivet Founders Res,128328.76,34.281793107016696,False
2945,The Macallan Rare Cask,64147.86,28.88557778856536,False
2946,Highland Park 15 Yr Old,27437.11,34.68375495815704,False
2949,Lock Stock & Barrel Rye,16053.37,28.559050218116198,False
2950,1792 Sweet Wheat Bourbon,3170.11,21.418815119980078,False
2951,Old Bushmills Irish Whiskey,129456.65,30.30462320784602,False
2952,Old Bushmills,132962.18,36.466881033388596,False
2953,Bowmore Mizurana,7999.92,25.373253732537325,False
2954,Highland Park 12 Yr Single,138993.49,29.00504189081086,False
2955,Auchentoshan 18 Yr Scotch,1949.85,28.05600430802369,False
2956,Vat 69 Gold,108812.41,28.552368245497,False
2957,Glenfarclas 12-Yr Scotch,73143.96,29.06651485645569,False
2958,Dalwhinnie 15-Yr Single Mal,247565.39,31.54231696118751,False
2959,Spring 44 Old Tom Gin,779.8,,False
2960,The Macallan Fine Oak 15 Yr,156141.13,38.40535162003759,False
2961,W.Laure Weller KY Bourbon,7019.22,34.63718190910101,False
2962,Mount Royal Light Canadian W,659.4,22.474977252047314,False
2964,Auchentoshan 21 Yr Scotch,5399.76,,False
2965,Ardbeg 10 Yr Single Malt Sc,139529.88,22.740792151473215,False
2967,Glenfiddich Solera 15-Yr RS,174601.2,30.484212021452322,False
2968,Yukon Jack Wicked Hot,175.89,27.51719824890556,False
2969,Laphroaig 32 Yr Old Scotch,16799.86,27.006891724097702,False
2972,Eagle Rare Bourbon 17 yr,79.99,28.05350668833604,False
2973,Eagle Rare Single Barrel Bo,257336.98,30.56198141440845,False
2974,Sazerac 6 Yr Straight Rye,10496.5,27.542514171390465,False
2975,Bird Dog Blackberry Whiskey,74248.82,26.544610405929685,False
2976,Islay Mist 8 Yr Old Scotch,213.87,29.550661616870066,False
2977,Concannon Irish Whiskey,263.88,21.873578899499773,False
2978,Dark Corner Peach Shine,734.65,,False
2979,Bowmore 12-Yr Scotch,72319.23,22.741005400638247,False
2982,Highland Park Dark Origins,37069.93,28.565794432306735,False
2983,T.T. Handy Sazerac Rye Whisk,8369.07,34.159351039004335,False
2984,Diva Platinum Citrus Infused,15422.82,24.627402770699522,False
2985,Gibsons 12YO Gold Canadian W,11687.47,28.553399495356995,False
2986,Hibiki Harmony Japan Whiskey,106710.43,24.18574266826588,False
2988,Sauza 901 Silver Tequila,18757.79,28.8524394398274,False
2989,The Macallan 18 Yr Old,130514.98,25.924074002846254,False
2990,Bulldog Gin,26138.75,25.062407345416286,False
2991,Tullibardine Single Malt,23345.33,27.00540108021604,False
2992,Hudson Baby Bourbon Whiskey,103979.2,28.065613122624523,False
2994,Hudson Manhattan Rye,45890.82,28.065613122624526,False
2995,Jim Beam Maple,1199.5,27.011254689453928,False
2997,Yamazaki 12 Yr Japanese,12412.61,29.193215608965406,False
2999,Patron Reposado Tequila,249.98,,False
3002,Pinnacle Red Liquorice,9.99,,False
3004,Clix Vodka,1799.94,21.87406246874896,False
3008,Pinnacle Red Liquorice,826.47,27.471051580819626,False
3009,Barr Hill Vodka,13729.42,17.335036731340438,False
3010,Fuzzy's Ultra Premium Vodka,49.98,,False
3012,Pinnacle Vodka,54715.32,25.252525252525253,False
3014,Smirnoff Coconut,402.69,21.862971516551184,False
3015,360 Glazed Donut Vodka,103.92,,False
3016,Bombay Sapphire East Gin,113409.79,30.259645132929,False
3020,Pinnacle Blueberry Vodka,99450.55,25.724342399313027,False
3022,La Collection Ski Boot,119.96,,False
3023,Silo Lavender Vodka,554.85,24.81751824817519,False
3025,Ciroc Snap Frost Vodka,159459.82,24.158186055897982,False
3030,Smirnoff Whipped Cream,16.99,,False
3038,Zhenka Raspberry Vodka,161886.13,30.0284032980466,False
3039,Stoli Salted Karamel,77290.23,25.95925772248316,False
3040,Tito's Handmade Vodka,842326.99,31.468117862399264,False
3041,Zhenka Pink Lemonade Vodka,140309.83,36.35648336256981,False
3042,Ciroc Red Berry Vodka,140973.78,30.38396218076864,False
3045,Pinnacle Salted Caramel,96774.28,30.10374244065676,False
3046,Ciroc Peach Vodka,93078.25,26.247248954508702,False
3047,Bully Boy Vodka,17696.83,16.010890085964558,False
3050,Bowman Vodka,229056.21,27.58620689655172,False
3053,Three Olives Cherry Vodka,7.92,,False
3054,Smirnoff Kissed Caramel,161026.78,30.634469620519024,False
3055,Pucker Sour Apple Sass Vodka,9.49,,False
3057,Pinnacle Marshmallow Vodka,12.99,,False
3058,Three Olives Vodka,484.11,28.282828282828287,False
3061,Absolut Grapevine Vodka,5672.1,22.166393399270113,False
3062,Russian Standard Platinum,45783.74,27.467437129426305,False
3063,Chambord Vodka,35.98,27.015008337965522,False
3065,Three Olives Grape Vodka,85.14,28.282828282828287,False
3068,Pinnacle Coconut Vodka,77.94,42.956120092378754,True
3070,Peligroso Reposado Tequila,4340.07,26.49219943457132,False
3072,Ciroc Peach Vodka,283914.35,27.62831466602516,False
3075,Pinnacle Whipped Vodka,119.92,24.21614409606405,False
3078,UV Chocolate Cake Vodka,0.0,,False
3079,Devils Spring Vodka,9492.72,21.699154720670137,False
3084,Patron Silver Tequila,53679.19,24.81654436290862,False
3085,Absolut Mini Bar 5/50mls,123563.28,34.78658060873748,False
3086,Ciroc Coconut Vodka,191347.32,29.188430755131556,False
3089,Evan Williams Honey Reserve,100394.91,32.29171678125913,False
3092,Stolichnaya 100* Vodka,1957.11,39.15416098226465,False
3095,Russian Diamond Vodka,79.96,,False
3096,Three Olives Loopy Vodka,18.81,27.27272727272727,False
3098,Three Olives Elvis Presley,119.92,43.162108072048035,True
3100,Ciroc Red Berry Vodka,114196.12,31.31759642972108,False
3102,Smirnoff Traveler,2592041.35,25.98308279302721,False
3104,Smirnoff Whipped Cream,74882.55,27.277583362211892,False
3105,Vincent Van Gogh PB&J Vodka,83.97,25.36620221507681,False
3107,Don Julio 70th Anniversary,79175.14,28.892553900125723,False
3111,Hophead Vodka,367.84,,False
3120,Absolut Cilantro,4164.72,40.108338615801316,False
3121,Pinnacle Rainbow Sherbet,2936.41,27.075238130914958,False
3123,Booths London Dry Gin,110611.21,27.018012008005343,False
3125,Pinnacle Strawbery Shortcake,3289.04,26.045897891177972,False
3128,Ocean Organic Vodka,12686.82,22.53756260434058,False
3129,UV Chocolate Cake Vodka,131.89,26.43869891576312,False
3131,Pinnacle Key Lime Whipped,389.7,28.560431100846813,False
3133,Svedka Strwbry Lemonad Vodka,116701.93,22.367582095686,False
3134,Jefferson's Ocean Aged Cask,30596.94,26.472647264726472,False
3135,Smirnoff Cinn Sugar Twist,233.82,27.020785219399528,False
3137,Three Olives Blueberry Vodka,16946.82,23.23232323232323,False
3138,Svedka 100 Vodka,3992.67,22.518765638031702,False
3139,Grey Goose Le Melon,54432.8,28.05661292456019,False
3140,TGI Fridays Orange Dream,50531.1,13.856812933025406,False
3142,Smirnoff Sourced Cran/Apple,22090.86,25.252525252525253,False
3144,Grey Goose Cherry Noir,11.88,,False
3145,Smoked Salmon Alaska Vodka,1719.57,25.93148287071767,False
3147,Stolichnaya Chocolat Kokonut,1242.45,28.282828282828287,False
3148,Ciroc Mango Vodka,71770.35,28.06695243927332,False
3149,Smirnoff Wild Honey,29.7,,False
3150,Svedka Mango Pineapple Vodka,100480.37,23.70156479320289,False
3151,UV Whipped Vodka,224.7,,False
3152,Three Olives Jacked Apple,670.39,28.02547770700637,False
3153,Rye Harbor Vodka,25851.63,26.45914396887159,False
3154,New Amsterdam Peach Vodka,90636.78,24.94040498790889,False
3158,Pinnacle Tropical Punch,185931.42,24.05228766606527,False
3159,Sobieski Vodka,1150.98,26.177692053728137,False
3160,Little Black Dress Vodka,689.31,,False
3161,New Amsterdam Red Berry,75662.14,35.86652452600468,False
3162,Burnett's Peach Vodka,19177.29,23.232323232323232,False
3163,Three Olives Dude Vodka,914.39,41.160773849232825,False
3168,Belvedere UF Intense Vodka,58138.66,23.8441684070462,False
3170,Pinnacle Orange Whipped,104.39,25.922023182297156,False
3172,Skyy Infusions Blood Orange,70998.39,22.15047411638489,False
3174,Cold River Vodka,100373.49,31.783551613080313,False
3176,Smugglers Notch Vodka,44964.78,24.644177064804936,False
3180,New Amsterdam Vodka,581784.62,36.18227308930924,False
3182,Black Fig Vodka,63.98,,False
3183,Jose Cuervo Tradicional Slvr,66976.49,29.410006406725714,False
3185,Grey Goose L'Orange Vodka,13157.2,24.81379016812088,False
3186,Smirnoff Mango Vodka,467.64,23.09468822170901,False
3187,Three Olives Cake Vodka,239.84,41.82788525683789,False
3189,Skyy Infusions Dragon Fruit,36431.13,16.779825385597423,False
3193,Absolut Wild Tea,901.88,23.349004302124442,False
3194,Grey Goose Cherry Noir Vodka,94295.54,25.319628054518805,False
3196,Absolut Orient Apple Vodka,119.94,25.912956478239117,False
3197,Pinnacle Vodka 100 Proof,45590.41,20.72920598871562,False
3198,Smirnoff Peach Vodka,441.66,21.24711316397229,False
3199,Grey Goose La Poire Vodka,12217.4,27.005745903383698,False
3201,Plymouth Gin,124822.58,27.1299151163195,False
3203,Magellan Gin,1481.43,25.355906117737597,False
3204,Twenty 2 Vodka,31319.74,28.471756151232412,False
3209,Hammer & Sickle Vodka,114142.9,29.61480740370185,False
3210,Smirnoff Sourced Pineapple,22059.18,20.20202020202019,False
3212,Crystal Head Vodka,6199.38,24.242424242424242,False
3213,Smirnoff Pomegrante Vodka,155.88,25.943033102386448,False
3214,Ciroc Mango Vodka,164084.34,20.008003201280513,False
3216,Fleischmanns X Dry Gin,177247.95,27.185391989018783,False
3218,Firefly Sweet Tea Vodka,114734.52,23.78401896831049,False
3219,Svedka Grapefruit Jalapeno,3042.27,25.252525252525253,False
3220,Svedka Clementine Vodka,108114.91,23.632660842061462,False
3221,Pinnacle Raspberry Vodka,99867.53,25.779970727222356,False
3223,Ice Pik Vodka,3150.03,25.39086929330832,False
3224,New Amsterdam Apple Vodka,6494.4,23.232323232323225,False
3226,Ciroc Mango Vodka,86699.69,28.023352793994995,False
3227,Taaka Gin,137494.66,24.492165732109157,False
3228,Ciroc Mango Vodka,15782.69,22.11055276381909,False
3230,Svedka Grapefruit Jalapeno,4688.06,25.39515279241307,False
3231,Pinnacle Tropical Punch Vdka,52446.64,30.106790444535626,False
3233,Belvedere Wild Berry,30166.96,27.985319037781732,False
3234,Hendrick's Gin,467921.35,26.741363692851372,False
3235,Absolut Berri Acai,45821.0,29.639248379563952,False
3236,Pinnacle Pecan Pie,9123.39,28.583783001713176,False
3237,Firefly Sweet Tea Vodka,151349.24,28.256052029068652,False
3238,Hendrick's Gin,632474.53,24.750011672406806,False
3239,Seagram's Red Berry Vodka,5349.4,18.3459827270348,False
3243,Burnetts Vodka,648535.33,27.31723343429879,False
3244,Burnetts Vodka,83141.93,30.753784522442512,False
3246,Bentley's Vodka,520763.55,23.663253697383386,False
3248,Stark Vodka,25371.54,28.576192064021345,False
3250,Pinnacle Cake Vodka,85.41,21.91780821917808,False
3252,Smirnoff Sourced Cran Apple,29118.1,25.909314137941692,False
3253,Gilbeys London Dry,463220.03,26.498696526572914,False
3255,Stolichnaya Elit Pristine,0.0,,False
3257,Gilbeys London Dry Trav,80751.59,27.884392121566894,False
3265,Firefly Sweet Tea Vodka,23838.01,26.530612244897956,False
3268,Pinnacle CranApple Vodka,19878.63,23.73312446582084,False
3271,New Amsterdam Vodka,83.86,,False
3272,Sobieski Vodka,198008.78,28.360722186157606,False
3276,Gordons London Dry,643753.66,33.599588389136315,False
3277,Skyy Infusions Georgia Peach,11.99,,False
3278,Gordons London Dry,111220.8,27.53441802252816,False
3279,Double Cross Vodka,32341.75,29.610333392596257,False
3280,Stolichnaya Elite Vodka,2544.36,20.600858369098717,False
3282,Skyy Watermelon Fresca Vodka,9124.83,20.2020202020202,False
3283,New Amsterdam Apple Vodka,19321.69,-14.591891289012512,False
3285,Svedka Strawberry Colada,1468.53,,False
3286,Ciroc Snap Frost Vodka,164221.13,27.78337355247769,False
3288,Svedka Strwbry Lemonad Vodka,86929.31,10.518627146586121,False
3289,Crystal Head Aurora Vodka,33234.46,22.487081180196697,False
3292,GlenDronach 1995,18188.93,20.001176539796457,False
3294,Leaf Vodka Alaskian Glacial,6230.79,16.824190832944133,False
3295,Tito's Handmade Vodka,262992.16,27.68106851550251,False
3296,Belvedere Pink Grapefruit,24724.35,31.123164006333838,False
3297,Bully Boy White Rum,335.88,20.65023222579493,False
3298,Bully Boy Boston Rum,26798.09,15.352213534621306,False
3300,Smirnoff Sorbet Mango/Pasion,13649.13,28.282828282828287,False
3301,Triple Crown Blended Whiskey,1295.19,24.265165728580367,False
3303,Smirnoff Light Lemon Sorbet,21.78,,False
3304,Hook's Black Spiced Rum,279.86,,False
3305,Canada House Canadian Whisky,27748.98,25.12409465140701,False
3306,Hammer & Sickle Vodka,32468.75,46.99672762271415,False
3310,Pinnacle Vodka,173753.23,27.62138580100066,False
3314,El Jimador Blanco Tequila,111349.37,29.649678305319547,False
3315,Smirnoff Sorbet Rasp/Pomegra,54990.54,25.252525252525253,False
3316,Ciroc Peach Vodka,152526.41,27.464417473668977,False
3319,Imperia Russian Vodka,3952.61,23.020232201001363,False
3320,Rosita Tequila Wh,27935.03,28.525296017222818,False
3321,Rosita Tequila Gold,19118.82,25.403659849300332,False
3324,Milagro Silver Select Barrel,37137.79,27.565668285592647,False
3325,Pinnacle Caramel Apple Vodka,61867.62,33.759856933239064,False
3326,Jenkins Gin,137664.73,25.8090870479316,False
3329,Seagrams Extra Smooth Vodka,229023.25,29.59448440278443,False
3333,Pinnacle Atomic Hots,12.99,24.788298691301005,False
3335,Tanqueray Sterling Vodka,69401.85,25.932666060054594,False
3341,Bombay Sapphire & East 2 Pak,279.92,,False
3342,Bully Boy Old Fashioned RTD,26673.73,9.032932402030006,False
3343,Bombay Sapphire Gin,95177.73,27.174749807544245,False
3344,Bombay Sapphire Gin,516761.8,30.965524154455693,False
3345,Bombay Sapphire Gin,39119.42,22.613065326633162,False
3346,Nautical Gin,33745.32,11.49658678596024,False
3347,Milagro Silver Tequila,175782.85,31.51755134246601,False
3348,Bombay Sapphire Gin,1766391.12,27.92346918048366,False
3349,Russian Standard Vodka,8553.6,28.282828282828294,False
3350,Ice Fox Vodka,6569.4,-4.849757968764277,False
3351,Pinnacle Whipped Vodka,314369.78,20.97174862036676,False
3352,Ciroc Coconut Vodka,474449.24,24.847800367432356,False
3354,Ketel One Vodka,84093.9,28.552368245496986,False
3355,Truuli Peak Vodka,2636.43,23.740436878657878,False
3356,Svedka Vodka,146876.56,28.34685126067768,False
3359,Skyy Infusions Vanilla Bean,121.77,,False
3361,Pinnacle Double Espresso,2286.24,24.249422632794452,False
3362,Poland Spring Gin,33855.48,25.375626043405685,False
3363,Lunazul Reposado Tequila,64238.23,29.449908566907908,False
3364,Absolut Ruby Red,209811.47,28.93570117973054,False
3365,Russian Standard Vodka,12569.97,25.370148059223695,False
3366,Tanqueray Rangpur Gin,211241.91,30.449383836758535,False
3367,Pinnacle Pomegranate Vodka,58063.66,29.154689869705074,False
3368,Pinnacle Grape Vodka,112279.28,27.38478550984651,False
3369,Stolichnaya Gluten Free 80*,521.73,28.282828282828294,False
3371,Skyy Infusions Georgia Peach,215.82,28.28282828282828,False
3372,Smirnoff Sourced Pineapple,21429.73,27.579815517974332,False
3373,Svedka Citron Vodka,44452.59,30.12722093358339,False
3375,Skyy Infusions Cranberry,26733.21,-12.038958284470894,False
3376,Tommy Guns Vodka,77268.33,18.563879923378707,False
3377,Tanqueray Rangpur Gin,53805.78,24.633561673113928,False
3378,High West Rendezvous Rye,18941.7,22.1416240358574,False
3379,High West Vodka 7000',3793.85,24.24977265838133,False
3384,Absolut Peppar Vodka,239.88,25.912956478239117,False
3385,Pinnacle Strawbry Kiwi Vodka,93629.36,22.924732156665385,False
3386,Skyy Infusions Cranberry,22008.69,24.24242424242424,False
3387,Kinahan's Irish Whiskey,7667.62,4.522133334724462,False
3388,Seagrams Extra Dry Gin,80904.12,26.013211688106857,False
3389,Seagrams Extra Dry Gin,211627.44,26.486168334314304,False
3390,Cold River Blueberry Vodka,100693.31,29.031084587446777,False
3394,Blue Nectar Silver Tequila,27018.33,17.73118471793039,False
3395,Jeremiah Weed Sweet Tea Vdka,12027.54,11.728416617196876,False
3396,Smirnoff Vanilla Vodka,175850.16,32.97798534843528,False
3397,Ciroc Red Berry Vodka,305545.42,28.017929380188388,False
3398,Archvist Gerston Scotch,17151.81,16.324807702510697,False
3401,Vesica Vodka,0.0,,False
3402,Pinnacle Vanilla,2974.71,20.631254811393372,False
3404,Skinnygirl Vodka,10058.93,12.934974197056754,False
3405,Tito's Handmade Vodka,4819073.49,22.887087368323158,False
3406,Skinnygirl Tangerine Vodka,2368.42,28.085390260173448,False
3407,UV Sriracha Vodka,2.97,,False
3408,Ketel One Oranje,3442.32,23.767691556857013,False
3409,Crystal Head Vodka,90317.58,30.892878219279122,False
3410,American Harvest Organic,35101.34,27.545615067686857,False
3412,Skyy Infusions Pineapple,48872.19,16.812240253608447,False
3413,Gerston Vintage Scotch,274.99,26.470053456489335,False
3414,New Amsterdam Citron Vodka,1304.66,,False
3415,42 Below Pure Vodka,94.95,24.223275408109533,False
3416,Danziger Gold Vodka,22514.98,28.085390260173448,False
3417,Six Saints Caribbean Rum,14462.9,2.6523034799383276,False
3419,Combier Liqueur D'Orange,17252.61,15.849949659790607,False
3420,New Amsterdam Coconut Vodka,67514.1,23.77044202618417,False
3421,Stolichnaya Blueberi,5751.1,26.63316582914574,False
3422,Beefeater,191335.0,20.607834426529386,False
3423,Beefeater,1177834.38,19.242253736896345,False
3424,Peligroso Cinnamon Tequila,2174.64,27.51719824890556,False
3425,Olmeca Altos Plata Tequila,97467.83,29.531261750671987,False
3427,Stolichnaya Blueberi,291064.84,29.37635476686226,False
3432,Capri Natura Limoncello,3807.01,-2.415281283737089,False
3436,Bombay Dry Gin,312799.06,27.35072157825539,False
3437,Bombay Dry Gin,82741.55,25.64944698280368,False
3439,Broker's London Dry Gin,32526.71,24.20100280661646,False
3440,VanGogh Acai Blueberry Vodka,1427.49,20.007145409074663,False
3441,One Roq RSV Vodka,1199.5,24.8020008336807,False
3443,Stolichnaya,21508.86,18.559235589426873,False
3444,Hornitos Plata Tequila,375689.38,19.655684704209634,False
3449,Van Gogh Pomegranate Vodka,391.86,20.65023222579493,False
3450,260 Vodka,9740.52,20.00714540907467,False
3451,Smirnoff Root Beer Float,536.56,38.25108096019084,False
3452,Vanya Light Vodka,181795.17,24.279258904403246,False
3453,Smirnoff Sours Green Apple,75.92,,False
3454,Pinnacle Pineapple,11820.6,27.27272727272728,False
3455,Stolichnaya Gluten Free 80*,22225.33,18.023894358373976,False
3456,Tanqueray Sterling Vodka,483047.16,29.442359209812967,False
3457,Olmeca Altos Plata Tequila,146813.38,36.55512869467347,False
3458,Ciroc Amaretto Vodka,56042.05,24.491877081584274,False
3460,Corzo Anejo Tequila,30702.52,26.748944386324,False
3461,Corzo Silver Tequila,699.86,20.004000800160032,False
3462,Absolut Ruby Red,85547.48,25.87082635280431,False
3464,UV Blue Raspberry Vodka,96343.25,34.477506208270945,False
3467,El Jimador Reposado Tequila,2620.62,28.067403896787784,False
3468,Three Olives Watermeln Vodka,914.39,,False
3472,Cazadores Blanco Tequila,42528.98,37.30816022392261,False
3473,Caribaya Lemonade Punch,43.96,,False
3475,Cazadores Anejo Tequila,389.87,25.375125041680562,False
3476,Reyka Vodka,81445.84,25.474401148051268,False
3481,Citadelle Gin,13333.26,17.65359709478403,False
3483,Kru 82 Vodka,7440.09,32.62030432427564,False
3485,Luksusowa Potato Vodka,485688.57,26.216033867134247,False
3486,Tanqueray,107466.27,24.249422632794467,False
3487,Stolichnaya Blueberi,130139.78,30.11518845352282,False
3488,Tanqueray,387588.55,32.516866145813644,False
3489,Tanqueray,2640491.19,28.96506766985274,False
3495,Ketel One Citroen Vodka,165384.76,34.24032540845965,False
3497,Johnnie Walker Platinum,167302.71,24.485365479136593,False
3498,Baileys Vanilla Cinnamon,68132.63,27.90438296598855,False
3500,Tito's Handmade Vodka,120059.97,38.90410767219082,False
3502,Pinnacle Vodka,157942.33,28.53253462830388,False
3503,Smirnoff Sorbet Rasp/Pomegra,94726.36,31.059527675295456,False
3505,Tito's Handmade Vodka,1355204.97,28.313627716403662,False
3506,Llord's Amaretto,65.89,,False
3508,Llord's Orange Curacao,1880.86,27.545909849749577,False
3509,Llord's Peach,227.62,27.545909849749588,False
3510,Smirnoff Light Lemon Sorbet,20503.05,11.614369569405525,False
3511,New Amsterdam Vodka,172716.79,30.327537930736202,False
3512,Pinnacle Vodka,1624366.62,28.371411621349385,False
3513,Ciroc Snap Frost Vodka,290943.74,28.770600116709844,False
3514,Llord's Blue Curacao,95.84,24.874791318864776,False
3515,Skyy Infusions Citrus Vodka,121365.26,23.703867152758537,False
3517,Smirnoff Sorbet Mango/Pasion,13984.83,28.353723284444637,False
3518,Cabot Trail Maple Whisky,13887.6,16.129496817304645,False
3521,Effen Vodka,35977.27,8.090719501507479,False
3522,Platinum 7X Distilled Vodka,914148.49,25.966445560720665,False
3524,Pravda Polish Vodka,63161.2,27.153062323071758,False
3525,Gold Crown Vodka,28877.39,23.68839427662957,False
3527,Reyka Vodka,176974.8,28.078234867337038,False
3528,Don Felix Anejo Tequila,33944.96,26.006806312336206,False
3529,U V Vodka,230982.93,30.16930731634584,False
3530,Pinnacle Peach Vodka,1927.5,28.09338521400778,False
3532,Milagro Reposado Tequila,89568.5,23.02762690008206,False
3533,Lidestri Pink Limoncello,28948.56,29.436490105207312,False
3534,Milagro Silver Tequila,244901.14,30.362259644850976,False
3539,MacGavin's Highland Scotch,2500.61,27.015008337965536,False
3542,Vera Limon Vodka,23414.54,-1.1172544922940981,False
3543,Ketel One Citroen Vodka,1997.26,28.232678769914777,False
3545,Ketel One Vodka,4223107.62,29.58991132695784,False
3546,Vera Blood Orange Vodka,28174.82,2.833239041101233,False
3547,Ketel One Vodka,59979.42,21.14695340501791,False
3549,Ketel One Vodka,407030.68,27.622104554870408,False
3556,Hard Rock Vodka,98464.2,27.020785219399528,False
3560,Ciroc Amaretto Vodka,4124.32,26.59735423051558,False
3561,Pinnacle Cinnabon Vodka,155.88,40.415704387990765,True
3562,Pearl Vodka,16417.17,22.222222222222214,False
3563,Smirnoff Sours Fruit Punch,199.29,,False
3564,Ciroc Amaretto Vodka,10929.8,27.376530220132118,False
3565,Ultimat Vodka,17597.67,21.311514535731142,False
3566,Pinnacle Raspberry,11016.72,28.282828282828287,False
3568,Pearl Cucumber Vodka,15422.22,20.202020202020194,False
3571,Absolut Vanilia,22672.07,26.13065326633166,False
3572,Pinnacle Habanero Vodka,1888.11,23.123123123123122,False
3573,Stoli Elite Vodka,18798.01,21.439609831040624,False
3574,Stoli Gluten Free Vodka,12068.48,22.46712096303759,False
3577,Effen Black Cherry & Vanilla,35292.61,5.98564402009374,False
3578,Stolichnaya Elit Vodka,43761.74,31.125362017140993,False
3579,Ciroc Pineapple Vodka,97824.08,28.360215603356554,False
3580,Smirnoff Orange Vodka,83586.34,32.662107229482714,False
3581,Pinnacle Citrus,9096.12,25.25252525252526,False
3583,Smirnoff Orange Vodka,155528.67,35.920759818752394,False
3584,Absolut Raspberri,126690.22,29.234300800803727,False
3587,Stolichnaya Cranberi,37.98,,False
3591,Absolut Vanilia,112144.66,23.86412335638629,False
3592,Burnetts Pineapple Vodka,26245.35,27.499156993524572,False
3593,Smirnoff Blue 100 Proof Trav,101266.48,20.6372730640978,False
3594,Pinnacle Tropical Punch,11328.57,22.222222222222214,False
3595,Smirnoff Blue 100 Proof,74401.47,24.828017510944346,False
3597,UV Sangria Vodka,6796.65,20.021628302178282,False
3598,Ice Pik Vodka,106611.16,24.496047130525536,False
3599,Bakon Vodka,2049.18,43.777511004401745,False
3601,Remy Martin V,23235.54,26.018246186660605,False
3606,Smirnoff Raspberry Vodka,223483.59,25.252525252525253,False
3607,Smirnoff Citrus Vodka,72710.55,27.272727272727277,False
3608,Smirnoff Orange Vodka,109228.68,27.272727272727277,False
3609,Smirnoff Vanilla Vodka,115081.56,25.252525252525253,False
3610,Smirnoff Cranberry Vodka,81002.94,29.578407894824565,False
3611,Grey Goose La Poire Vodka,449.7,63.30887258172114,False
3612,Taaka Vodka,284147.5,26.542904653393045,False
3613,Bacardi Reserva Limitada,2879.68,24.81386820757862,False
3614,Finlandia Vodka,287664.12,23.358491841109693,False
3615,Bacardi Anejo Mexican Rum,2476.23,21.229449606862048,False
3617,Olmeca Altos Reposado,65354.28,28.05820827648931,False
3618,Pinnacle Mimosa Vodka,1638.36,27.027027027027028,False
3620,Powers Signature Release,32031.99,20.00500125031259,False
3621,Spud Ginger Lemongrass Vodka,189.9,,False
3622,Spud Potato Vodka,721.11,21.84964845862629,False
3623,Spud Potato Vodka,1.98,,False
3625,Absolut 80 Proof,785296.94,28.80762530413017,False
3626,Sauza Extra Gold Tequila,52992.96,23.45670066363531,False
3627,Absolut 80 Proof,187398.2,28.099309385042137,False
3628,Montanya Platino Rum,725.67,20.009095043201448,False
3629,Flag Hill White Rum,21297.9,21.540151845956654,False
3630,Stolichnaya Razberi,700960.78,21.858073143550204,False
3632,Ashuelot Vodka,12877.48,24.25412425412425,False
3633,Stolichnaya Salted Karamel,359.88,,False
3634,Silo Lemon Vodka,299.9,20.00666888962988,False
3635,New Amsterdam 100* Vodka,13340.73,27.559661277906084,False
3636,Dr McGillicuddy's Mentholmnt,172791.78,27.16050497309536,False
3637,Zhenka Vodka Plastic,198872.26,26.465028355387528,False
3638,Pinnacle Whipped,14695.56,24.24242424242424,False
3639,Burnetts Peach Vodka,28067.33,27.06687811060049,False
3640,Belvedere Cytrus Vodka,35992.69,25.04939197375913,False
3643,Caldwells Vodka,111508.19,23.728463353229934,False
3644,Pinnacle Coconut,125.94,24.2496426869938,False
3646,Tarantula Azul Tequila,575.76,35.88995414756148,False
3648,UV Ruby Red Grapefruit Vodka,6222.32,25.32688772033583,False
3650,Patron Silver Tequila,2009508.61,29.942345954914817,False
3651,Belvedere Vodka,21514.08,26.56641604010025,False
3652,Ciroc Pineapple Vodka,90696.77,24.04231153987072,False
3654,Patron Reposado Tequila,147999.47,26.729014637687555,False
3656,Stolichnaya Vanil,200189.06,21.173984232704825,False
3658,Patron Anejo Tequila,237481.54,28.614493572847817,False
3660,Deep Eddy Ruby Red Vodka,100757.25,19.044287135665176,False
3662,Three Olives Blueberry Vodka,24990.55,24.896610918927355,False
3663,Tarantula Azul Tequila,66438.51,23.087919942816296,False
3665,UV Candy Bar,22.47,,False
3666,Art in the Age Chicory Root,8996.4,24.809923969587835,False
3667,Boru Original Irish Vodka,136991.27,27.41618498755431,False
3668,Belvedere Polish Vodka,536414.82,22.284369399040838,False
3670,Kinky Vodka,18587.81,21.172101500929923,False
3671,Stolichnaya Razberi,8964.95,22.613065326633176,False
3672,Shady Fruit Real Ruby Red Gr,8181.69,26.200332694101096,False
3673,Stolichnaya Strawberri,44.97,,False
3676,Permafrost Alaskan Vodka,8187.66,11.403258073735351,False
3677,Shady Fruit Valencia Orange,7265.47,22.79549705662539,False
3678,Stolichnaya Ohranj,9.96,,False
3679,Chopin Vodka,182523.56,32.96560728927268,False
3680,Stolichnaya Ohranj,297848.51,25.328291889054604,False
3681,OuterSpace Vodka,23632.12,23.074358119373123,False
3682,Belvedere Vodka,413944.31,28.08270755068478,False
3683,Stolichnaya Ohranj,98958.68,27.707766514266353,False
3684,Fleischmanns Royal Vodka,527560.96,24.36765601457697,False
3687,Fleischmanns Royal Traveler,132453.75,27.15948019591744,False
3688,Bowman's Light Vodka,618.88,35.57394002068252,False
3689,Stolichnaya Vanil,135817.94,29.426392419145813,False
3690,Tanqueray Ten Gin,130039.21,22.881098708612583,False
3693,Smirnoff Ruby Red Grapefruit,81839.48,22.72990981858633,False
3694,Stolichnaya Razberi,265312.61,26.130265726909848,False
3695,Rain Organics Vodka,50346.37,34.9708032575139,False
3696,Gilbeys Vodka,341285.93,28.390484776210968,False
3697,Ciroc Pineapple Vodka,141.29,20.603015075376877,False
3699,Chopin Vodka,171362.32,22.79049443308191,False
3701,UV Sangria Vodka,3572.91,20.202020202020197,False
3702,Kinky Vodka,7302.24,28.28282828282828,False
3703,OuterSpace Vodka,58162.9,22.53756260434058,False
3704,Ciroc Pineapple Vodka,212825.99,27.487065841911505,False
3705,Smirnoff Sours Watermelon,145.53,27.27272727272728,False
3706,Pinnacle Citrus Vodka,233895.04,22.349477782855082,False
3707,Smirnoff Ruby Red Grapefruit,1180.08,25.252525252525242,False
3709,Aslanoff Vodka,43075.21,24.803431022158687,False
3711,Three Olives Mango Vodka,1603.93,24.216144096064045,False
3716,Don Eduardo Anejo Tequila,12232.42,37.31117800075536,False
3717,Don Eduardo Reposado Tequila,65.98,,False
3719,Smirnoff Lime Vodka,416.08,25.70659488559892,False
3722,Finlandia Grapefruit Fusion,4519.88,27.75825906882484,False
3724,Absolut Citron,260229.81,30.372738618992184,False
3725,Three Olives Pomegranate,87030.1,31.349613524516233,False
3726,Gilbeys Vodka Traveler,276249.33,26.565881625848657,False
3727,Absolut Citron,51188.77,26.13065326633166,False
3728,Absolut Citron,658689.78,24.6409349178,False
3729,Three Olives Whipped Cream,483.56,21.838034576888084,False
3730,UV Ruby Red Grapefruit Vodka,5742.99,26.262626262626267,False
3731,Absolut Apeach,77440.03,24.02913583582031,False
3732,Pinnacle Raspberry Vodka,39655.2,25.390869293308317,False
3733,Patron Silver Tequila,230059.53,25.294935619489443,False
3736,Smirnoff Cherry Vodka,92285.54,30.2846361412633,False
3737,Pinnacle Blueberry Vodka,41174.25,22.451532207629768,False
3738,Three Olives Chocolate Vodka,9001.75,25.17843752603661,False
3739,Three Olives Orange Vodka,2065.56,30.8429675245454,False
3740,Kru Peach Mango Vodka,4296.56,57.8863090472378,False
3742,Spring 44 Vodka,979.65,22.472311539835655,False
3743,Smirnoff Sorbet Pine/Coconut,58174.03,32.48887862848767,False
3745,Taaka Vodka Traveler,122739.03,38.476953907815634,False
3746,Gordons Vodka 80 Proof,724360.55,31.96214233367624,False
3747,Gordons Vodka Traveler,56947.53,25.894134477825464,False
3748,Smirnoff Light Peach Sorbet,7658.43,26.027397260273982,False
3750,Margaritaville Island Lime,507.15,20.013802622498275,False
3752,Margaritaville Coconut,999.81,23.67149758454106,False
3753,Margaritaville Tangerine Teq,376.74,23.050379572118697,False
3754,Smirnoff Blueberry Vodka,130426.09,25.252769595408413,False
3755,Russian Standard Original,53592.46,29.26042208176299,False
3757,Ketel One 325 Commemorative,15596.62,25.38806484994827,False
3758,Margaritaville Gold Tequila,72632.29,30.276341280166157,False
3759,Absolut Elyx,674.85,23.07179373194044,False
3760,Absolut Pears,108248.81,29.397551806805083,False
3761,Ciroc Apple Vodka,211730.95,30.30050637377295,False
3762,Patron Silver Tequila,109694.87,23.03839732888146,False
3763,Patron Anejo Tequila,85346.67,30.306314235810248,False
3764,Patron Reposado Tequila,34185.82,26.034595630586015,False
3765,Three Olives Citrus Vodka,13261.36,24.82158692622779,False
3766,Three Olives Grape Vodka,161089.99,29.18284370121322,False
3768,Jenkins Vodka,126608.68,32.717219704051885,False
3769,Jenkins Vodka,394134.45,25.006022690987816,False
3770,Miodula Honey Vodka,7325.17,25.911480552669776,False
3773,General John Stark Vodka,29615.81,32.57023866644202,False
3775,Smirnoff Sorbet Pine/Coconut,118.8,26.262626262626267,False
3776,Jose Cuervo Especial Silver,684036.04,30.550185630570002,False
3777,Spring 44 Honey Vodka,391.86,22.472311539835655,False
3778,Grey Goose Le Citron Vodka,9820.91,27.005745903383698,False
3779,Three Olives Cherry Vodka,137643.63,29.102458283031336,False
3780,Three Olives Raspberry Vodk,83992.06,21.513843094216284,False
3781,Three Olives Vanilla Vodka,86087.27,26.910018171095462,False
3782,Grey Goose Le Citron Vodka,186388.78,23.259822828391272,False
3783,Ciroc Apple Vodka,15822.49,24.623115577889447,False
3784,Margaritaville Gold Tequila,47823.69,33.980439401476545,False
3785,Svedka Orange Cream Pop,6261.92,26.654444643176532,False
3787,Jose Cuervo Especial Silver,248461.23,28.870753799294963,False
3788,Patron Silver Tequila,332234.81,27.082050794135636,False
3790,Don Julio Blanco Tequila,204226.72,24.450042580128603,False
3791,Jose Cuervo Especial Silver,74423.91,37.3386321680761,False
3792,Jose Cuervo La Familia Rsv,8199.18,28.57285728572857,False
3793,Pearl Vodka PET,11463.66,14.153071532128475,False
3794,Cabo Wabo Reposado Tequila,109404.45,27.53187827368996,False
3797,Skinnygirl Sweet'Arita,34970.24,27.842874398345558,False
3798,Ciroc Apple Vodka,748067.53,21.410837067076034,False
3799,La Pinta Pomegranate Liqueur,244.93,20.005715918833964,False
3800,Don Julio Anejo Tequila,196544.39,22.36417941005592,False
3802,Three Olives Vodka,1408627.78,28.759287993028227,False
3804,Svedka Vodka,308911.47,26.017188678685187,False
3805,Cuervo Silver Rolling Stones,60285.5,28.53754219505519,False
3806,Svedka Citron Vodka,21165.83,7.65904290075089,False
3808,Three Olives Vodka,146252.25,28.335290568179282,False
3809,Svedka Colada Vodka,313.17,24.236037934668072,False
3810,Zygo Mixed Citrus Vodka,22.49,,False
3811,Absolut Spark Vodka,24800.02,28.521670547039886,False
3815,Solid Granite Vodka,11671.83,23.07967131118256,False
3817,Crop Meyer Lemon Vodka,173.94,20.627802690582957,False
3818,Cabo Wabo Blanco Tequila,212452.59,32.07476077368603,False
3820,Smirnoff Citrus Vodka,138642.81,35.399268090426034,False
3821,Smirnoff Vanilla Vodka,159783.39,32.45843638691106,False
3826,Skyy Vodka,1327401.12,23.65027385241321,False
3827,Popov Vodka,204709.41,28.560431100846813,False
3828,Popov Traveler,551.08,20.701168614357268,False
3829,Three Olives Peach Vodka,26359.38,8.957646196534213,False
3830,Grey Goose L'Orange Vodka,157610.0,25.080895882240974,False
3831,Grey Goose L'Orange Vodka,20823.81,27.568922305764413,False
3834,Skyy Vodka,253062.55,22.202494995802414,False
3835,Smirnoff Raspberry Vodka,213796.57,31.564570937690924,False
3836,Smirnoff Citrus Vodka,96079.7,33.891030051093,False
3837,Skyy Vodka,161250.21,27.272727272727277,False
3840,Smirnoff Raspberry Vodka,438524.33,30.54133849312306,False
3841,Stolichnaya Citros Vodka,1039.48,24.26213106553277,False
3842,Barton Vodka,80556.27,24.179620034542324,False
3847,Grey Goose Vodka,86207.94,29.573934837092736,False
3848,Chicory Root Vodka,185.94,24.814456276218127,False
3851,Grey Goose Vodka,303207.3,19.24752471329021,False
3853,Skyy Infusions Moscato Grape,11.99,,False
3856,Ciroc Apple Vodka,2923.14,21.888790820829644,False
3857,Grey Goose Vodka,1699669.55,25.82057200471703,False
3858,Grey Goose Vodka,3383912.4,25.50480325672734,False
3859,Smirnoff 80 Proof,230764.31,24.249165739710797,False
3860,Jose Cuervo Cinge,1885.89,45.73278399058269,False
3861,Zhenka 100 Vodka Traveler,4550.88,28.056112224448903,False
3863,Evan Williams Honey Reserve,117859.63,27.18159729501951,False
3868,Skol Vodka,11701.47,26.502311248073962,False
3870,Montelobos Mezcal,46485.49,24.593631259991025,False
3871,Smirnoff Watermelon Vodka,163212.63,31.48606207742624,False
3872,Sobieski Estate Rye Vodka,747.66,21.282401091405188,False
3873,FAIR Quinoa Vodka,374.85,21.888755502200883,False
3875,Svedka Cucumber Lime Vodka,40197.35,8.563251060082312,False
3876,Smirnoff 80 Proof,1210481.34,25.93766872936679,False
3877,Smirnoff Green Apple Vodka,100739.27,28.105047813032602,False
3878,Smirnoff 80 Proof,499703.1,30.40419401040337,False
3879,Smirnoff 80 Proof Traveler,427609.96,32.28931337333677,False
3880,360 Double Chocolate Vodka,27094.62,11.54376772953449,False
3881,Finlandia Mango Fusion,152.91,,False
3882,Smirnoff Strawberry Vodka,131052.68,25.33515529785428,False
3883,Hornitos Lime Shot Tequila,83757.0,33.67957305061069,False
3884,Bracero Blanco Tequila,11660.73,27.312955535373852,False
3887,Wolfschmidt Vodka 80 Proof,79360.31,27.31020077920562,False
3888,Paul Masson Peach Brandy,469.26,23.23232323232323,False
3889,Wolfschmidt Vodka Plastic,11156.33,27.136432859192936,False
3890,Absolut Peppar,77049.45,28.83862246907668,False
3891,Belvedere Peach Nectar Vodka,22127.73,11.903751537098469,False
3892,Zhenka Vodka 80 Proof,240.39,44.68155913307541,False
3893,Zhenka 80 Proof,816412.77,20.62062062062062,False
3894,Zhenka Vodka 100 Proof,202316.99,31.553410319123476,False
3896,Zhenka Vodka,161690.34,20.060790273556233,False
3899,Platinum 7X Distilled Vodka,162720.18,44.86215538847117,False
3900,Bracero Reposado Tequila,14894.4,-11.89171769255561,False
3903,Skinnygirl Wh Cherry Vodka,8534.61,20.01380262249828,False
3904,Svedka Cucumber Lime Vodka,17986.32,28.282828282828287,False
3905,Deep Eddy Vodka,56953.31,20.05349645174266,False
3907,St George Calif Citrus Vodka,24.99,25.930372148859533,False
3908,St George Green Chile Vodka,824.67,20.648259303721485,False
3909,White Mountain Vodka,24540.18,22.488995598239296,False
3910,Hornitos Plata Tequila,73886.21,25.474104031049915,False
3913,Svedka Vodka,875307.95,22.00968813318786,False
3915,Sauza Silver Tequila,100698.29,29.666054905202454,False
3917,Smirnoff Peppermint Twist,1109.79,20.202020202020197,False
3918,Cabo Wabo Anejo Tequila,66420.86,24.620096758759217,False
3919,Hornitos Reposado Tequila,66193.28,28.86981880940181,False
3921,Espolon Reposado Tequila,109912.37,28.94548629967673,False
3923,Don Julio 1942 Anejo Tequila,136151.79,20.25581154680376,False
3924,Espolon Blanco Tequila,204392.95,31.08133132771948,False
3925,Don Julio Reposado Tequila,76695.93,25.58915447012638,False
3928,Barcraft Watermelon Fresca V,6294.75,20.600500417014178,False
3929,Los Amantes Mezcal,36598.14,24.589337053740987,False
3930,Deep Eddy Vodka,9351.58,16.863032770932826,False
3931,New Amsterdam Peach Vodka,410.85,20.2020202020202,False
3933,New Amsterdam Vodka,1.98,,False
3934,Sauza Conmemorativo,74.97,,False
3936,Stolichnaya,127286.2,35.71196249082775,False
3938,Stolichnaya,233926.4,30.802850811195313,False
3939,Boggy Meadow Switchel Vodka,27320.89,24.80826942314105,False
3940,Pearl Cucumber Vodka,9384.81,26.670332164423137,False
3941,Tres Generaciones Reposado,31916.61,22.82062537343408,False
3943,Skyy Barcraft White Sangria,7817.48,20.016680567139275,False
3944,Gran Centenario Anejo,29333.24,26.2773563370429,False
3945,Sauza Conmemorativo,76817.3,23.068371317398555,False
3947,Herradura Anejo Tequila,76814.79,26.478169113005436,False
3949,Patron En Lalique Tequila,0.0,,False
3951,Hornitos Reposado Tequila,34807.71,26.506024096385538,False
3952,Belvedere Mango Passion,23559.81,22.011340498925914,False
3955,Wyborowa Vodka,579.74,39.051988822575645,False
3959,Hornitos Black Barrel,113048.34,31.169409475627862,False
3960,Tortilla Gold Tequila Liquer,258592.57,25.844211223856906,False
3961,Grey Goose La Poire Vodka,113994.25,26.28027290850195,False
3962,Vikingfjord Vodka,1103.31,25.390869293308317,False
3963,Menage A Trois Vodka,19342.4,-3.8365456199851002,False
3967,Deep Eddy Ruby Red,218911.44,29.325502586799484,False
3969,Jose Cuervo Tradicional,82979.19,25.19959522381455,False
3970,El Toro Gold,72164.72,27.018299246501616,False
3973,Ciroc Ten,7729.66,20.34500870672189,False
3978,Square One Bergamot Organic,9459.78,12.163073559850233,False
3979,Vesica Potato Vodka,66871.69,4.358077386708795,False
3980,Hornitos Reposado Tequila,565522.19,12.994008245724178,False
3981,Three Olives Berry Vodka,40313.82,25.205152972355393,False
3982,Hornitos Reposado Tequila,469603.01,32.32930512945392,False
3983,Wiggly Bridge Vodka,12115.22,7.558096344928118,False
3984,Sauza Tres Generacions Anejo,71622.32,24.77708066423988,False
3985,Silo Cacao Vodka,119.96,23.674558186062015,False
3986,Deep Eddy Peach Vodka,439.78,21.260630315157567,False
3987,Smirnoff Peppermint Twist,57574.3,22.325586242472774,False
3988,Silo Cucumber Vodka,1019.66,28.042680893631218,False
3989,Deep Eddy Lemon Vodka,147676.34,27.5683701261827,False
3991,Georgi Watermelon Vodka,99.9,21.221221221221224,False
3995,Purity Vodka,479.88,26.481620405101285,False
3996,Deep Eddy Peach Vodka,46766.49,16.29855052196561,False
3997,Hornitos Plata Tequila,474637.93,31.895803186230808,False
3998,Monte Alban Mezcal,26783.37,25.548241315413243,False
3999,Hornitos Anejo Tequila,88961.6,31.2386467869283,False
4005,Flor De Cana Centenial 12 Yr,519.87,20.005001250312578,False
4007,Averna Amaro,34815.92,25.67951672683071,False
4010,Armorik Single Malt Whiskey,1199.8,24.80413402233705,False
4011,Seguinot Gr Fine Npln Cognac,79.99,,False
4012,Tall Ship White Island Rum,12334.43,21.85994812893665,False
4015,Ron Fortuna 8 Yr Old Rum,16.99,,False
4018,Papa's Pilar Dark Rum,31220.69,29.57151171226516,False
4020,Clement Creole Shrubb Orange,144.95,45.153501207312864,True
4024,Bacardi Razz,0.0,,False
4025,Bacardi Oakheart Spiced Rum,9732.23,23.46368715083798,False
4028,Bacardi Artic Grape Rum,195.86,42.88777698355969,True
4029,Tall Ship Cedar Island Spice,12847.41,27.00964630225081,False
4034,Pura Vida Silver Tequila,9469.54,30.742570388846772,False
4040,Clement Select Barrel Rhum,28296.48,33.15437114439676,False
4041,Gran Patron Piedra,4399.89,28.5707142678567,False
4042,Bacardi Dragon Berry,3203.64,27.272727272727266,False
4043,Calico Jack Cherry Rum,203.88,28.54620364920541,False
4044,Calico Jack Mango Rum,15592.14,20.656689845011652,False
4050,Bacardi Oakheart Spiced Rum,76882.01,27.422188883979477,False
4052,Goslings Family Rsv Rum,1494.77,28.573626711801808,False
4053,Bird Dog Strawberry Whiskey,18130.74,-5.241926143113837,False
4054,Patron XO Cafe Liqueur,40611.12,28.44797188553283,False
4058,Bacardi Oakheart Spiced Rum,239.85,25.9537210756723,False
4060,Sauza Cucumber Chili Tequila,5858.46,19.56247887670139,False
4062,Goslings Dark'N Stormy RTD,45436.7,29.044362816841883,False
4064,Calico Jack Pin/Coc Rum,93850.68,29.493190672672803,False
4065,Pink Pigeon Rum,1707.39,25.36620221507682,False
4066,Bacardi Oakheart Spiced Rum,219417.81,37.22517328926034,False
4073,Calico Jack Pin/Coc Rum,1378.16,21.228304405874493,False
4074,Blue Chair Bay White Rum,189.9,24.80252764612955,False
4075,Bacardi Pineapple Fusion,70123.54,26.538192452919517,False
4077,Blue Chair Bay Coc Spced Rum,645.66,45.81358609794629,False
4089,Capt Morgan White,193553.78,34.25394223765612,False
4091,Mount Gay Black Barrel Rum,52705.23,22.719434105495793,False
4092,Bacardi Grapefruit Rum,11529.27,-4.142499915432621,False
4101,Flipflop Silver Rum,62.93,,False
4102,Bacardi Raspberry Rum,36626.19,-0.89591628285661,False
4103,Capt Morgan White,129392.65,21.864456752373492,False
4104,Flipflop Spiced Rum,389.57,21.852298688297353,False
4105,Patron XO Cafe Variety 3 Pak,8982.15,27.467811158798273,False
4109,Hennessy Paradis Imperial,8099.97,21.874895832947537,False
4111,Bird Dog Strawberry Whiskey,16374.6,20.2020202020202,False
4113,Capt Morgan White,40874.13,25.252525252525242,False
4114,Don Q Cristal Rum,27.72,,False
4121,Tall Ship Appledore Rum,14610.78,20.650232225794927,False
4124,Blue Chair Bay Banana Cream,14463.9,27.272727272727277,False
4125,Bird Dog Kentucky Whiskey,10834.56,25.252525252525253,False
4126,Brinley Shipwreck Mango Rum,10135.25,13.906909055030708,False
4130,Kraken Black Spiced Rum,88537.9,37.62095102775195,False
4131,Sea Hagg Blueberry Rum,12791.43,21.864951768488748,False
4132,Sea Hagg Peach Rum,419.85,,False
4135,Smirnoff Blueberry Vodka,137572.38,21.212121212121215,False
4138,Sea Hagg Amber Rum,8956.8,20.650232225794912,False
4139,Don Q Coco Rum,119.94,40.47023511755877,True
4140,Baroca White Rum,33418.21,20.70116861435726,False
4141,Wild Turkey American Honey,18518.94,28.282828282828277,False
4145,Don Q Cristal Rum,132505.01,25.367863449087707,False
4147,Kirk and Sweeney 18 Yr Rum,27161.23,28.29010320961164,False
4148,Fattoria de Limone,8501.02,27.94511717417439,False
4149,Sailor Jerry Spiced Navy Rum,67799.47,22.147651006711417,False
4150,Shellback Spiced Rum,6247.3,35.07435212011589,False
4152,Jenkins Rum,101506.06,32.784801222705326,False
4153,Jenkins Rum,138811.92,22.56809069422857,False
4157,Smirnoff Green Apple Vodka,141210.63,27.272727272727277,False
4160,Bacardi Gran Reserva Maestro,12064.36,27.538634457194583,False
4164,Hennessey 250 Collectors Edi,1199.98,,False
4173,Capt Morgan Spiced Rum 100,180.54,57.99268860086407,True
4174,Kraken Black Spiced Rum,230394.17,26.129220196847868,False
4176,Blackheart Spiced Rum,76507.54,30.332461349561097,False
4178,Fabrizia Limoncello,55487.02,30.115043121796763,False
4179,Bacardi Dragon Berry Rum,144216.81,29.463382250654412,False
4181,Calypso Spiced Rum,189110.7,18.593130901635938,False
4187,Kraken Black Spiced Rum,190625.63,34.36325954699796,False
4190,Boca Loca Cachaca,10766.64,2.8227933691476643,False
4191,Ypioca Cachaca Crystal Rum,0.0,,False
4192,Havana Club Anejo Blanco Rum,3338.21,19.406807840129893,False
4194,Calico Jack Coconut Rum,179783.85,29.26272298651964,False
4195,Calico Jack Spiced Rum No 94,61012.58,24.264307459215786,False
4196,Bacardi Dragon Berry Rum,120103.03,34.799629951051195,False
4197,Sailor Jerry Spiced Rum Trav,60671.99,24.581227680186522,False
4198,Sailor Jerry Spiced Navy Rum,575754.92,30.027505453188315,False
4199,Sauza Blanco Tequila,208875.83,25.337632410604893,False
4200,Bacardi Grand Melon,24690.35,32.65709072572887,False
4201,Calico Jack Silver Rum,118800.69,27.402736465587868,False
4204,Bacardi Coco Rum,72356.79,30.244915508275028,False
4206,Kirk and Sweeney 23 Yr Rum,10187.74,13.373329119117692,False
4207,Mr Boston Triple Sec,80.91,26.523297491039425,False
4208,Conch Republic Dark Rum,224.82,27.542033626901517,False
4211,Cruzan Passion Fruit Rum,41904.24,22.268486434785594,False
4212,Margaritaville Spiced Rum,56.97,,False
4214,Bacardi O Orange Rum,1552.84,43.45070966744803,False
4215,Kingfish Silver Rum,3352.71,25.355906117737593,False
4216,Havana Club Anejo Clsco Gold,10105.17,19.12694195149611,False
4218,Sailor Jerry Spiced Navy Rum,286511.17,28.750865105887485,False
4219,Commander Quincy's Rum Toddy,6925.05,23.65975696926377,False
4221,Bacardi Gold Rum Traveler,213320.77,28.281892100801997,False
4222,Bacardi Gold Rum,229242.9,27.120578216380963,False
4223,Bacardi Gold Rum,288560.95,30.172603049719655,False
4224,Goslings Black Seal Rum 80,212285.18,29.501399956417124,False
4225,Goslings Black Seal Bermuda,522535.21,29.059664706613734,False
4226,Bacardi Superior Rum Trav,300152.1,33.49931584686564,False
4227,Bacardi Superior Rum Trav,1323223.53,19.527353779750275,False
4228,Bacardi 8,57553.19,31.522996379523022,False
4229,Bacardi Black,128167.9,31.069323910277063,False
4230,Pumpkin Face Rum,8739.97,10.139737321752811,False
4232,Castillo Silver Label Rum,29429.5,21.8335343787696,False
4233,Castillo Silver Label Rum,153199.13,36.880392205882636,False
4234,Bacardi Pineapple Fusion,80286.1,28.445770812133116,False
4235,Sailor Jerry Spiced Rum,27492.48,24.224224224224226,False
4237,Havana Club Anejo Blanco Rum,3527.37,23.232323232323225,False
4239,Pampero Ron Anejo Aniversari,46848.3,29.871948395139203,False
4241,Capt Morgan Spiced Rum,118022.92,26.13065326633166,False
4243,Bacardi Superior Rum,1657809.59,32.66270766355019,False
4244,Castillo Gold Rum,33674.36,7.54461257764068,False
4245,Bacardi Superior Rum,643474.8,28.12809452677868,False
4246,Bacardi Superior Rum,211183.84,38.72139080338724,False
4247,Bacardi Limon Rum,133890.22,29.71389545853312,False
4248,Spiced Root Marley Rum,299.8,27.551701134089402,False
4249,Capt Morgan White Coconut,95393.74,21.29657564532013,False
4250,Zaya Grand Reserva Rum,98362.88,23.43428740598079,False
4251,Havana Club Anejo Clsco Gold,5015.34,21.21212121212121,False
4252,Bacardi Limon Rum,9858.42,22.222222222222225,False
4254,Remy Martin 1738 Accord Royl,72486.63,8.299075291539971,False
4256,English Harbour Rum,10000.37,18.763605746587388,False
4257,Bacardi Grapefruit Rum,10784.07,22.222222222222214,False
4258,Bacardi Mango Fusion,83206.41,34.99461159302511,False
4259,Castillo Spiced Rum,3674.57,27.751546439447335,False
4260,Capt Morgan Original Barrel,1635666.58,19.492166918272556,False
4261,Capt Morgan Spiced Rum,4475972.88,27.59871145599969,False
4262,Capt Morgan Spiced Rum,862422.9,27.715868862016535,False
4263,Capt Morgan Silver Spicd Rum,33161.01,20.006266395384223,False
4264,Capt Morgan Spiced Rum Trav,447487.4,25.63906827320725,False
4265,Capt Morgan Spiced Rum,264221.58,24.840764331210202,False
4267,Bacardi Limon Rum,240837.57,28.378425342856602,False
4268,Capt Morgan Private Stock,175606.91,18.84473680449135,False
4269,Calico Jack Spiced Rum,292863.98,25.38090891204852,False
4270,Brugal Anejo Rum,76435.68,26.49239203471467,False
4272,Smith & Cross Jamacian Rum,22136.39,29.76619042219621,False
4274,Dictador 12 Yr Rum,17864.84,35.849635373168745,False
4276,Goslings Gold Seal Rum,26668.47,5.868165665296886,False
4277,Bacardi Limon Rum,46397.94,-11.013721729887129,False
4278,Capt Morgan Parrot Bay Cocnt,92106.15,17.467834666849065,False
4280,Capt Morgan Parrot Bay Coco,94352.67,21.88411838265944,False
4282,Capt Morgan White Pineapple,78631.53,26.713329881791694,False
4283,Hochstadter's Slow and Low,57674.66,31.993426575900063,False
4287,Dictador 20 Yr Rum,5039.16,25.92098683113852,False
4289,Silver Root Marley Rum,764.49,28.085390260173455,False
4290,Bacardi Tangerine Rum,11563.37,27.652492309767833,False
4291,Ronrico Gold,133524.21,20.015396458814458,False
4294,Goslings Black Seal 151,108721.77,27.589175562539133,False
4295,Ronrico Silver Rum,7.99,28.03504380475595,False
4296,Ronrico Silver Rum,217813.26,28.45685336145284,False
4297,Ronrico Silver Traveler,22072.18,16.952290167985225,False
4298,Bacardi Raspberry Rum,11611.71,25.252525252525253,False
4299,Capt Morgan White Grapefruit,41724.46,26.147444448651946,False
4300,BenRiach Barrel 94,5039.72,25.37363186843714,False
4302,Flora de Cana Black 5 YO Rum,9376.16,24.605595467654133,False
4303,Calico Jack Spiced Rum,51038.64,27.625657736961646,False
4304,Bacardi Mango Fusion,3681.81,20.202020202020197,False
4308,Mount Gay Eclipse Silver Rum,225.94,49.25201380897584,True
4309,Paul Masson Gr Amber Brandy,44388.52,19.4840467760583,False
4313,Sauza Blue Silver Tequila,154464.25,28.6511280118215,False
4315,Rumson's Spiced Rum,22894.36,23.01387765371035,False
4316,Bacardi Peach Red Rum,287.76,39.6163469557965,False
4317,Pyrat XO Reserve Rum,53157.47,30.672603492980382,False
4319,Bacardi Limon Traveler,409.59,27.027027027027028,False
4320,D'Usse VSOP Cognac,83409.37,28.18401577664475,False
4322,Cruzan Raspberry Flavord Rum,2615.62,25.38671519563239,False
4326,Rumson's Coffee Rum,16023.68,-2.2371889603386963,False
4327,Capt Morgan Spiced Rum 100,90006.49,25.116166623095744,False
4329,Herradura Anejo LaCaretta DB,389.94,20.633943683643633,False
4330,Capt Morgan Spiced Rum 100,482985.67,24.099182901223546,False
4331,Bacardi Dragon Berry Trav,709.29,28.528528528528525,False
4333,Sauza Blue Reposado,53.97,,False
4334,Casa Noble Blanco Crystal,48556.96,31.412180663698884,False
4337,Rumson's Grand Rsv Rum,1627.63,20.641054785178465,False
4340,Cruzan Black Strap Rum,18582.75,6.2100604054835795,False
4343,Cruzan Blueberry Lemonade,88209.0,35.45329841626138,False
4344,Calypso Silver Rum,4978.75,8.576449912126538,False
4345,Capt Morgan Tattoo Rum,52493.74,21.860930465232624,False
4346,Mr Boston Dark Rum,130627.43,21.275164029484454,False
4348,Myers Platinum Rum,92.94,,False
4349,Sauza Blue Silver,100027.48,26.73041448210031,False
4351,Capt Morgan Black Spiced Rum,52810.07,29.764342293051303,False
4353,AnestasiA Vodka,7990.39,12.459842385665782,False
4354,Casa Noble Anejo,239.96,25.92098683113853,False
4355,Sea Hagg Spiced Rum,9319.24,19.66984432206918,False
4357,Bacardi Oakheart Spiced Trav,399.6,25.325325325325338,False
4358,Mr Boston Light Rum,30003.87,20.305680567206835,False
4359,Mr Boston Light Rum,260198.97,28.135522596419193,False
4361,Casa Noble Repsdo La Carreta,695.88,25.366442490084495,False
4362,Ron Virgin Heavy Bodied Rum,54196.17,24.280350438047556,False
4363,Capt Morgan Black Spiced Rum,76668.76,28.06911185207638,False
4365,Calypso Silver Rum,2226.51,26.26262626262627,False
4366,Kracken Black Rum,38626.26,16.64494569238647,False
4368,Capt Morgan Private Stock,379652.86,30.005600379251717,False
4370,Ron Virgin White,100341.02,34.17240526357017,False
4375,Capt Morgan Lime Bite Rum,203.88,23.66097704532077,False
4377,Cruzan 9 Rum,311.76,23.09468822170901,False
4379,Bacardi Coconut,5752.89,26.26262626262627,False
4380,Ron Virgin Heavy Bodied Rum,201244.17,23.60339183987293,False
4382,Admiral Nelson Spiced Rum,122358.39,26.954874120197235,False
4383,Bacardi Pineapple Fusion Trv,919.08,,False
4385,Parrot Bay 90 Coconut Capt,167640.63,32.543811127409874,False
4386,Casa Noble Reposado,31413.23,25.99239237735182,False
4387,Allens Coffee Brandy Trv,280.17,,False
4389,Amaro Montenegro Liqueur,24380.25,33.85424677761713,False
4390,Ron Zacapa 23 Yr Old Rum,117983.73,25.788148925279792,False
4391,Matusalem Gran Reserva Rum,20711.34,33.057928651646876,False
4397,Capt Morgan Parrot Bay Mango,0.0,,False
4398,Capt Morgan ParrotBay Pineap,584.36,28.70148538572114,False
4399,Screech Honey Rum,1337.0,24.083769633507853,False
4401,Papa Pilar Double Barrel Rum,10597.35,27.00675168792198,False
4402,Don Q Gran Anejo Rum VAP,5553.99,20.640116384797228,False
4404,Bacardi Gold Rum,62791.77,36.54684363890363,False
4408,Screech Spiced Rum,1783.67,23.71963423727483,False
4410,Cruzan Mango Flavored Rum,113891.96,21.293197518068883,False
4411,Fabrizia's Italian Margarita,29866.92,29.507562212641936,False
4412,Pusser's British Navy Rum,83941.34,24.235686492495827,False
4413,Casamigos Blanco,40767.14,27.63819095477387,False
4414,Cruzan Pineapple Rum,54571.78,21.211182776152803,False
4415,Cruzan Banana Flavored Rum,2384.83,20.655141037306628,False
4416,Cruzan Coconut Flavored Rum,106918.79,23.7091254025602,False
4418,Don Q Single Barrel Rum,4534.81,23.899788524767306,False
4421,Cruzan Vanilla Flavored Rum,9198.63,25.38671519563239,False
4422,Jenkins Spiced Rum,47901.98,14.983388995611463,False
4424,Barbarossa Spiced Rum,945.14,23.657870791628742,False
4425,Whalers Vanille Rum,149.88,23.698959167333875,False
4427,Rhum Barbancourt 3 Star,246.33,26.984126984126984,False
4429,Capt Morgan Silver Spicd Rum,301339.84,24.65717111949088,False
4431,Screech Rum,34942.84,26.429563252443128,False
4437,Mount Gay Eclipse,461672.38,31.025598715695313,False
4438,Cruzan Black Cherry Rum,92900.65,26.935656532004888,False
4447,Patron XO Cafe Dark Cocoa,50823.58,21.171511333912335,False
4450,Leblon Natural Cane Cachaca,59355.7,30.457731944867966,False
4453,Pitu Brazilian Rum Cachaca,3642.21,17.576416516345848,False
4460,Cruzan Strawberry Rum,593.46,23.111919927206564,False
4478,Myers Original Dark Rum,264650.89,24.79155086158978,False
4480,Appleton Special Gold Rum,44055.69,29.499413129155393,False
4482,Don Pancho Origenes Rsva Rum,3551.02,18.86274929456889,False
4483,Casamigos Reposado,27103.65,22.489959839357436,False
4488,Zhenka Tropical Dark Rum,157493.97,32.76691164747451,False
4491,Calvados Marquis De St Loup,29521.31,37.50358639233829,False
4494,Jenkins French Brandy,132910.91,43.89027206269221,False
4498,Calvados Boulard Grnd Brandy,26359.98,23.941065205664046,False
4502,E & J XO Brandy,145991.61,26.46657571623464,False
4505,El Jimador Reposado Tequila,233.87,28.071150639244024,False
4511,Camus Extra Elegance,8839.74,26.471366804906026,False
4513,Chauffe-Coeur Calvados VSOP,45660.93,22.480663446846144,False
4518,Remy Martin VS Cognac,781.83,23.657316808001745,False
4521,Appleton Estate Reserve Rum,49021.39,26.55805965518317,False
4522,Lairds Apple Jack,56976.51,34.68897972164318,False
4524,Smoky Quartz Granite Cst Rum,11848.19,20.007275372862875,False
4525,Paul Masson Peach Brandy,1142.57,23.02878598247809,False
4527,Camus Grand VSOP Elegance,22903.68,25.717439293598225,False
4528,Remy Martin XO Cognac,129066.49,29.541850870818603,False
4535,Bacardi Limon & Mango 2 Pak,439.78,,False
4540,Chase Elderflower Liqueur,7307.09,9.519110890929229,False
4542,Richland Rum,3711.36,27.53923090187963,False
4545,Capel Premium Pisco,1986.58,27.019299499642592,False
4550,E & J XO Brandy,70652.61,23.633564280215555,False
4556,Austin Cocktails Vodkarita,2353.43,21.88125416944629,False
4563,Christian Bros Brandy,173593.72,32.66811725677634,False
4565,Christian Bros VS Brandy,57242.34,30.652101224373425,False
4574,Remy Martin VS Cognac,2431.24,21.256642700844004,False
4575,Brugal XV Rum,9971.01,22.4889955982393,False
4576,Coronet VSQ,181.86,21.24711316397229,False
4580,Casamigos Reposado Tequila,40090.02,21.957534568453692,False
4582,Diplomatico Venezln Rsva Rum,40693.37,16.57616461846242,False
4583,Perc Coffee Liqueur,6276.27,24.79338842975207,False
4585,Coruba Rum,179.88,24.216144096064042,False
4595,Don Pancho Origenes 18Yr Rum,2429.73,23.669296588509837,False
4605,Camus Elegance XO,5329.59,23.663358719901527,False
4606,Grand Mayan Barrel Aged Tequ,11199.2,26.47331952282305,False
4616,Penny Blue XO Mauritian Rum,2519.58,9.418236372728778,False
4620,Papa's Pilar Blonde Rum,9178.58,20.187654299466796,False
4624,Meukow 90,45522.44,34.94672078210219,False
4625,Courvoisier XO Cognac,28538.04,23.084977104244032,False
4626,Meukow VS Cognac,131418.29,35.96021527901483,False
4627,Wiggly Bridge Gold Rum,6298.74,27.125425085016996,False
4628,Martell Cordon Bleu,110015.01,27.364447814893623,False
4629,Courvoisier C,13886.94,21.120995698116353,False
4632,Hennessey Master Blenders #1,15038.12,25.37817227153395,False
4634,Gold Crown Wh Rum,136024.92,25.41354922318647,False
4639,Jeffersons  Ocean Bourbon,64551.93,26.46580822602826,False
4652,Hennessy XO Cognac,218786.88,28.9330694783892,False
4662,Capt Morgan White PET,220629.67,23.089428543314234,False
4664,Hennessy Black Cognac,107263.75,24.27334490916083,False
4670,Bacardi Dragon Berry Rum,57972.99,42.32077731371108,False
4673,Hennessy VS Cognac,549271.82,31.038537531381095,False
4676,Ansac VS Cognac,25.98,,False
4677,Courvoisier 12 Yr Cognac,46321.06,25.73067196648782,False
4678,Courvoisier VS Cognac,329579.46,27.42808668962562,False
4679,Courvoisier VS Cognac,133127.04,29.36635562542365,False
4682,Courvoisier VSOP Cognac,137866.67,25.156413801827526,False
4683,Hennessy VS Cognac,49984.71,25.568758926479717,False
4686,Courvoisier VS Cognac,108205.74,19.563453842651967,False
4687,DeLuze VS Cognac,7433.77,23.74461410562877,False
4689,Hennessy Privilege VSOP,858571.95,30.104093198013278,False
4692,Ron Barcelo Anejo Rum,11803.66,13.0930575770566,False
4696,Blue Chair Bay Banana Rum,10761.76,11.398507307354935,False
4697,Courvoisier 21 Yr Cognac,3249.87,24.812992519700785,False
4698,Metaxa 5 Star,1868.89,38.34950157580168,False
4701,Fabrizia Limoncello,99525.01,27.391798302758275,False
4702,Metaxa Amphora,51872.46,30.81947530539327,False
4703,Blue Chair Bay Coconut Rum,2717.55,22.222222222222225,False
4705,Blue Chair Bay Banana Rum,3323.43,23.232323232323225,False
4722,Remy Martin VSOP Cognac,665392.63,22.218932602244184,False
4723,Kinky Flame Whisky,1316.7,22.222222222222214,False
4724,Patron Citronge Lime Liqueur,54521.39,21.133357018227166,False
4732,Remy Martin VSOP Cognac,134109.75,20.67392564671844,False
4734,Capt Morgan Cannon Blast,280600.63,20.962294346951392,False
4736,Capt Morgan Spiced Rum,51212.72,28.428093645484942,False
4737,St Remy VSOP Authentic Brndy,90567.54,31.474499583404818,False
4748,Patron XO Cafe Incendio,4449.88,20.62887089090043,False
4751,Capt Morgan Cannon Blast,985.05,27.27272727272727,False
4752,Flor de Cana 4Yr Gold Rum,10094.95,25.912956478239124,False
4757,Flor De Cana 4 Yr Old Wh Rum,167.88,24.803431022158687,False
4760,Kinky Flame Whisky,10272.23,26.02297651045585,False
4762,Hartley Brandy VS,81203.25,29.539458088192283,False
4763,Ron Zacapa XO Rum,659.94,23.66578779889082,False
4764,Flor de Cana Gran Rsv Rum,58883.42,28.11732063117257,False
4767,El Jimador Reposado Tequila,102833.41,29.523371830225216,False
4772,Blue Chair Bay Banana Cream,14528.5,27.97948859138934,False
4779,Molletto Grappa di Barbera,38860.5,24.997105029528697,False
4783,Mr Boston Apricot Brandy,105634.89,31.81639134570026,False
4784,Presidente Solera Brandy,7604.95,29.54391547610437,False
4785,Remy Martin XO Excellence,21237.26,30.39450475249631,False
4787,Appleton Special Gold Rum,110368.85,27.62047443640122,False
4796,Caravella Limoncello,77476.41,29.152254215186275,False
4798,Sambuca Romana Liqueur,187794.31,22.613065326633162,False
4802,Monteru Sauternes French Bra,164.97,23.07692307692308,False
4804,Rhum Barbancourt RSV Special,112488.94,33.02377993783212,False
4806,Leroux Blackberry Brandy,135805.65,22.95692410440949,False
4808,Leroux Polish Blackberry Bdy,422.53,20.022246941045598,False
4813,Monteru Sherry French Brandy,274.95,27.532278596108377,False
4815,Courvoisier Rose,591.68,26.987560843699292,False
4816,Very Old Barton,467.64,24.788298691301005,False
4817,Skyy Infusions TX Grapefruit,46642.77,41.085402946694636,False
4818,Skyy Infusions Pacific Blueb,51570.72,42.79839412752043,False
4820,Jack Daniel's Twin Smoke BTB,599.88,,False
4824,Deep Eddy Sweet Tea Vodka,7229.0,18.5502835800249,False
4829,Mr Boston Blackberry Brandy,162256.01,25.534709007080846,False
4833,Plantation Original Dark Rum,19081.81,25.484951375157816,False
4834,Ole Smoky Shine Nog,6223.16,1.8765386073955954,False
4844,Monteru Triple Toast Brandy,659.88,23.658847063102385,False
4845,Arrow Cherry Brandy,11353.79,20.025031289111407,False
4846,Cruzan Estate Diamond Dark,22596.02,28.769756797878564,False
4857,Skyy Infusions Grapefuit,4000.59,24.242424242424246,False
4858,Kraken Black Spiced Rum,36518.49,64.321608040201,False
4868,Skyy Infusions Blueberry,6501.33,20.202020202020197,False
4876,Skyy Infusion Tropical Mango,16643.1,-6.805222584734828,False
4878,Allens Coffee Brandy,69339.16,30.22228708856583,False
4881,Bacardi Twin Pack 2/750mls,67253.9,24.908295281017157,False
4882,Arrow Coffee Brandy,53308.14,32.23511456224133,False
4884,Bayou Silver Rum,5724.47,4.419099060699073,False
4886,St Remy VSOP Authentic Brndy,3536.45,26.980446492951966,False
4889,Jenkins Coffee Brandy,43123.78,17.229009145302204,False
4890,Skyy Infusion Tropical Mango,10925.64,25.252525252525242,False
4892,DeKuyper Coffee Brandy,659.34,25.325325325325327,False
4896,Hiram Walker Coffee Brandy,135315.82,22.978037601220606,False
4897,Remy Martin VSOP Cognac,16424.42,26.94877505567928,False
4898,Mount Gay Extra Old Rum,54170.65,26.461284847052784,False
4899,Clement Mahina Coco Liqueur,13407.68,32.688130981646346,False
4902,Ron Virgin Bold Coconut Rum,1956.22,21.292083712465875,False
4903,Bacardi Superior Rum,39756.36,28.07017543859649,False
4904,Bayou Spiced Rum,7391.42,4.699773521190787,False
4916,Mr Boston Coffee Brandy,165412.13,32.50090546563907,False
4921,Twenty Grand Cognac,1659.17,20.610305152576288,False
4932,Arrow Ginger Brandy,93900.6,37.9876166925451,False
4938,Kapali Coffee,43719.96,24.469098324884115,False
4939,Kapali Coffee,172157.23,29.466552174428003,False
4942,Cruzan 151 Aged Rum,33743.12,23.66183091545773,False
4945,Jacquin Ginger Brandy,89136.77,25.640888715173325,False
4948,Ron Virgin Black Spiced Rum,1104.15,25.943033102386465,False
4959,Bacardi Tangerine,17399.25,28.28282828282828,False
4978,Jacquin Peach Brandy,4459.15,29.372189767108075,False
4979,Patron Silver Tequila,106496.05,25.15187182998806,False
4989,Martell VS Cognac,56753.28,27.434114821205053,False
4994,Laird's Jersey Lightning,259.87,21.860930465232617,False
5001,Johnnie Walker King George V,4949.89,24.811662481388485,False
5003,Brinley Shipwreck Coconut Cr,22649.22,21.212121212121215,False
5005,Woodford Reserve Derby,5803.71,25.383418537452773,False
5014,Penn Dutch Pumpkin Cr Liquer,14881.71,43.34763948497854,False
5015,Arrow Creme de Banana,21373.25,26.408010012515643,False
5016,Villa Zarri Coffee Brandy,0.0,,False
5018,E&J Apple Brandy,10462.32,23.232323232323225,False
5021,Hot Rose Cinnamon Cream,95.92,,False
5027,99 Apples Schnapps Liqueur,46523.37,44.0987830417272,False
5031,DeKuyper Peppermint Schnapp,98192.27,25.190822047397422,False
5033,Fireball Cinnamon Whisky,114938.11,27.904391328515842,False
5042,Tequila Rose Liqueur,92026.38,28.4877227594957,False
5054,Jagermeister Spice,12369.84,28.643216080402016,False
5056,Hiram Walker Pumpkin Spice,13275.94,32.8612512560316,False
5058,Capt Morgan Long Isl Tea RTD,141149.29,28.402735855065238,False
5060,Dr McGillicuddy's Butterscth,145183.62,33.42203479979353,False
5062,Southern Comfort Lime,1106.04,27.178040577194306,False
5065,Berentzen Apple Liqueur,9077.41,42.25467396537118,False
5067,Zodiac Vodka,6182.55,25.380304243394708,False
5070,Russo Limoncello,30564.3,31.670281995661604,False
5071,Drambuie 15 Yr Old,5738.36,25.921691911974843,False
5073,DeKuyper O3 Orange Liqueur,199.9,23.061530765382688,False
5075,Tuaca Italian Liqueur,44922.55,28.23348184820318,False
5076,M Duffau Napoleon Armagnac,77774.82,23.422310717016124,False
5077,Malibu Red,8970.83,12.720116198835562,False
5079,Zodiac Black Cherry Vodka,3359.81,25.38030424339472,False
5080,Hpnotiq Harmonie,799.6,39.86993496748375,False
5083,DK Burst Blustery Pmnt Trav,472.57,24.84076433121019,False
5087,Dr McGillicuddy's Peach,32059.23,33.591823633942546,False
5090,El Charro Silver Tequila,54853.2,23.908905952615335,False
5094,Jagermeister Liqueur,18751.77,23.209169054441254,False
5096,DeKuyper Peachtree Schnapps,229682.86,23.7675549668791,False
5098,Agavero Orange Liqueur Agave,1209.45,23.647112323783546,False
5101,Dr McGillicuddy's Mentholmnt,258455.35,26.574029131143927,False
5102,Brinley Shipwreck Coconut Cr,36697.01,5.777664174819701,False
5103,Fireball Cinnamon Whisky,1093841.67,31.78577480962121,False
5104,Nuvo Lemon Sorbet Liqueur,124.95,24.249699879951976,False
5105,Dr McGillicuddy's Mentholmnt,390990.45,34.262448098156874,False
5106,Capt Morgan Long Isl Tea RTD,14208.15,20.600500417014185,False
5107,St Remy XO Napoleon Brandy,42971.78,33.40960044010278,False
5109,Dr McGillicuddy's Menth Trav,200642.77,29.756591777515823,False
5111,Dr McGillicuddy's Mentholmnt,239543.37,27.272727272727277,False
5112,Nuvo Sparkling Vodka Liqueur,71.96,,False
5114,DeKuyper Red Headed Burst,62.94,,False
5116,DeKuyper Kamikaze RTD,10.99,,False
5124,Cointreau Liqueur,279734.5,23.552690140115,False
5125,DeKuyper Anisette,33458.46,27.785558570239033,False
5126,Marzadro Le Diciotto Lune,4179.24,24.80450991089289,False
5128,Carolans Irish Cream,61104.3,28.429586788491157,False
5130,X Rated Fusion Liqueur,30989.81,31.195996361384605,False
5132,Agavero Tequila Liqueur,805.69,23.08580223162756,False
5133,E&J Apple Brandy,30674.94,23.048455840500417,False
5134,Dr McGillicuddy's Cherry,66881.82,26.70651008001876,False
5135,Ancho Reyes Chile Liqueur,11224.73,34.34122691592581,False
5137,Irish Manor Irish Cream,69375.75,33.067029905983,False
5138,Fireball Cinnamon Whisky,1174428.36,20.335038571445946,False
5142,Carolans Irish Cream,94657.74,27.62483025688127,False
5145,Malibu Island Spiced Rum,587.03,26.98158526821457,False
5146,Pama Pomegranate Liqueur,79845.74,25.002360802216884,False
5147,Pallini Limoncello Liqueur,54941.36,26.736141952074,False
5148,St Brendans Irish Cream,87905.44,24.94717050503359,False
5149,Hpnotiq Liqueur,63648.3,28.22384886949062,False
5152,Patron Citronge Mango Liquer,14526.02,13.026417421977934,False
5153,Fireball Cinn Whisky Trav,381031.35,30.227630876042088,False
5155,Arrow Brown Creme de Cacao,24832.92,27.534418022528158,False
5160,Hpnotiq Liqueur,44025.94,27.57051865332121,False
5165,Hpnotiq Liqueur,126652.06,30.59882326430379,False
5167,Banfi Grappa Castello,1984.48,39.70611948722084,False
5168,Kahlua French Vanilla,54821.26,28.387563510944474,False
5169,Kahlua Hazelnut,9138.01,20.028540130728693,False
5170,Dr McGillicuddy's Apple Pie,148198.36,28.788442733104464,False
5171,Fernet-Branca Italian Liquer,3142.38,26.506024096385545,False
5178,Meletti Limone,139.93,,False
5181,Leblon Cedilla Acai Liqueur,89.97,20.00666888962988,False
5185,Irish Manor Irish Cream,41117.92,25.09864312202563,False
5187,Arrow White Creme de Cacao,29666.87,23.654568210262827,False
5188,Cointreau Noir Liqueur,22169.17,26.983734618842288,False
5191,Fireball Cinnamon Whiskey,430139.43,20.620620620620617,False
5192,Kahlua Mocha,45680.06,28.93476935012782,False
5194,Bacardi Party Mai Tai,34810.2,34.2273241750981,False
5195,Jenkins Melon Liqueur,47449.79,41.101699290976846,False
5196,Delord Bas-Armagnac 25 Yr,26476.69,25.928241030128763,False
5197,Southern Comfort,151301.0,31.593313989993455,False
5198,The Bitter Truth Violet,4268.78,22.492140611603304,False
5202,Dr McGillicuddy's Vanilla,49437.09,27.195937301325785,False
5205,Don Felix Plata Tequila,9139.41,9.34414803581413,False
5212,Margaritaville Silver,109308.59,24.850755096191428,False
5214,Bacardi Party Drinks Rum Run,303.81,39.39962476547843,False
5215,TGI Fridays Long Island Iced,60416.49,27.559661277906073,False
5218,Chila Orchata Cinnamon Cream,65291.33,23.659756969263764,False
5219,Sambuca Romana Black,192403.92,32.55862978259486,False
5220,Basilica Sambuca,7490.9,29.66265735759388,False
5221,RumChata Liqueur,122543.95,27.41424607253153,False
5223,Paul Masson Red Berry Brandy,5469.25,24.09836814919779,False
5224,Basilica Amaretto,47.45,25.39515279241307,False
5228,DeKuyper Wh Cr de Menthe,55468.3,21.91323692992215,False
5230,Bacardi Party Drinks Bahama,72655.53,31.09094380014846,False
5231,Bacardi Party Drinks Hurricn,159.9,44.46529080675422,True
5232,DeKuyper Buttershots Schnaps,120658.51,32.10525308161023,False
5233,Cointreau Liqueur,198561.75,28.25279793313667,False
5242,Cointreau Liqueur,763368.3,28.45150892432919,False
5245,Le Reviseur XO Cognac,999.9,28.052805280528055,False
5246,Bacardi Party Drinks Zombie,52286.16,33.03069110449113,False
5250,DeKuyper Buttershots Trav,175.84,35.031847133757964,False
5251,DeKuyper Buttershots Schnpps,45401.4,27.27272727272728,False
5253,Kahlua Original Mudslide RTD,81454.48,28.01908501533617,False
5254,DeKuyper Buttershots Schnpps,138526.67,29.78785240416161,False
5255,TGI Fridays Ultimte Mudslide,79187.04,28.021555042340257,False
5259,Blue Chair Bay Coconut Rum,61308.46,22.437262328885758,False
5268,Mr Boston Rock & Rye,21899.64,27.030033370411566,False
5270,Southern Comfort,49291.31,-10.905857442214458,False
5273,Southern Comfort 100 Proof,631.21,20.650813516896118,False
5276,DeKuyper Triple Sec,13231.91,23.03839732888146,False
5277,Arrow Sloe Gin,14086.37,24.280350438047567,False
5283,Tippy Cow Vanilla Soft Serve,239.88,40.9704852426213,False
5285,Jacquin Triple Sec,89692.79,27.22197625918426,False
5286,Rosita Triple Sec,15692.67,26.56641604010025,False
5287,Dr McGillicuddy's Vanilla,0.98,,False
5292,Rumpleminze,213373.31,31.886527888609873,False
5295,Tippy Cow Choclate Rum Cream,479.76,46.42321160580289,False
5296,Southern Comfort 100 Proof,185106.59000000003,28.02827279136847,False
5297,Southern Comfort,239029.83,24.29776651725854,False
5298,Southern Comfort 100 Proof,97668.4,27.30381576845736,False
5299,Southern Comfort,761559.71,29.60912546174481,False
5308,Paul Masson Red Berry Brandy,9697.05,24.24242424242424,False
5311,Amaretto DiSaronno,667168.24,34.72243223088677,False
5312,Amaretto DiSaronno,571763.22,32.69651027920264,False
5315,B & B Liqueur Dom,307571.76,27.362225972891665,False
5316,Amaretto DiSaronno,75517.33,20.087336244541483,False
5317,B & B Liqueur Dom,14370.72,25.227963525835857,False
5318,Benedictine Liqueur Dom,52909.2,33.7317517558383,False
5322,Linie Aquavit,25642.88,31.25171587590785,False
5325,Hornitos Spiced Honey Liquer,4731.56,33.27021109317013,False
5327,Alize Red Passion,139.93,20.01000500250125,False
5330,Kahlua White Russian RTD,67227.28,30.828318504035863,False
5333,Jenkins Amaretto,70351.21,32.63321270522569,False
5334,Kahlua Especial,69691.98,23.239890730612043,False
5335,Beniotome Sesame Shochu,4768.41,25.941980660220064,False
5337,Drambuie,394423.38,25.512224959889547,False
5338,Morecello Blackberry Cello,6256.87,21.26063031515758,False
5339,Drambuie,14818.32,26.92289004421553,False
5341,Dr McGillicuddy's Cherry,5.39,,False
5342,Grand Marnier,687309.77,34.66315050344766,False
5346,Green Chartreuse Liqueur,94931.01,27.545509101820358,False
5348,St Brendans Irish Cream,75099.5,34.670004460748736,False
5353,Grand Marnier,206346.24,31.764194007121237,False
5356,Kahlua,245074.68,28.528528528528536,False
5357,Campari Negroni,10427.02,27.52214918548157,False
5358,Irish Mist Honey Liqueur,98995.43,26.635694193156183,False
5359,Distroya Spiced Liqueur,20213.26,24.125450323203676,False
5361,Grind Espresso Shot,293.04,20.202020202020208,False
5363,Luxardo Angioletto Hazelnut,1258.2,21.793037672866003,False
5364,Kahlua,1844950.29,25.25993911738403,False
5365,Kahlua,932815.85,22.659268707751913,False
5367,Sambuca di Amore,146209.51,37.40135645075345,False
5368,Midori Melon Liqueur,171642.74,27.453686651704572,False
5370,DiSaronno Rsva Ltd Edition,1049.97,27.006485899597138,False
5371,Dr McGillicudy's Buttersctch,398.97,20.202020202020208,False
5373,E&J Peach Brandy,6468.74,21.936574974415414,False
5375,Petrone Limoncello,68301.82,26.337306970736662,False
5376,Bols Yogurt Liqueur,1857.57,24.788298691301,False
5378,Galliano L'Autentico Liqueur,61586.6,23.43951443982944,False
5381,E&J Peach Brandy,14944.05,26.262626262626256,False
5382,Ice 101 Peppermint Schnapps,162437.53,25.34011074903688,False
5384,Widow's Migaki Shochu,1319.6,27.0081842982722,False
5390,Dr McGillicuddy's Peach,6936.93,22.22222222222222,False
5391,Kamora Coffee,491568.89,26.860664433015696,False
5392,Goldschlager Cinnamon Schnps,202824.89,29.365212523965866,False
5394,Goldschlager Cinnamon Schnap,82974.5,20.65514103730664,False
5395,Kahlua Chili Chocolate,10622.32,18.775559388156257,False
5396,Tia Maria Coffee Liqueur,106146.0,33.66495204718029,False
5399,Goldschlager Cinnamon Schna,135047.37,27.135678391959807,False
5401,Jagermeister Liqueur,138351.16,16.209043711668198,False
5403,Amaretto di Amore,94132.47,33.94653300821703,False
5404,E & J Superior Rsv VSOP,86022.81,21.31147540983606,False
5408,Bols Maraschino Liqueur,218.31,23.063533507397736,False
5410,Raspberry di Amore,68417.69,31.855124018364258,False
5414,Bols Amaretto Liqueur,3547.56,23.028785982478087,False
5415,Amaretto di Amore,106949.86,39.8425579986734,False
5417,Bols Triple Sec,10786.5,27.033792240300375,False
5430,Grand Marnier Cuvee 1880,18199.48,21.260607445927025,False
5431,Pumpkin King Liqueur,4917.58,21.31129539326254,False
5434,Southern Comfort Caramel,4446.629999999999,24.804177545691903,False
5438,Emmets Irish Cream,81078.84,24.824824824824827,False
5440,Jagermeister Liqueur,621256.18,24.558426123020624,False
5444,E & J Superior RSV VSOP,163818.05,27.51375687843921,False
5445,Jagermeister Liqueur,661672.67,26.893749442605813,False
5447,Jagermeister Liqueur,209580.21,23.623623623623626,False
5456,Bauchant XO Apple,103.95,,False
5457,After Shock Hot & Cool Cinmn,47302.3,22.613065326633162,False
5458,After Shock Hot & Cool Cinmn,40613.05,21.42661041217048,False
5459,Liquore Strega,353.88,25.364530349270936,False
5462,Barenjager Honey Liqueur,64185.85,28.659509845238475,False
5463,Aguardiente Cristal Liqueur,1415.91,27.020785219399546,False
5467,Homericon Mastiha,399.8,28.564282141070546,False
5468,Hine Rare VSOP,31924.88,27.654168159755027,False
5476,Signatory Bowmore Islay 02,2624.75,26.469187541670635,False
5480,E & J Superior RSV VSOP,89183.85,28.571428571428577,False
5485,Xicaru Silver Mezcal,119.96,28.576192064021335,False
5487,Fire Water Hot Cinnamon,2784.01,25.94710507505362,False
5489,DeKuyper Hot Damn Cinnamon,60202.11,27.207318813244246,False
5490,DeKuyper Hot Damn Cinnamon,20366.28,23.232323232323232,False
5491,Rumpleminze,258819.4,26.633165829145728,False
5492,Grand Marnier Cuvee du Cent,43347.11,23.074871658110542,False
5495,Ch Monet,7931.04,27.01688555347092,False
5502,RumChata Liqueur,29876.22,22.22222222222222,False
5505,Pallini Limoncello Liqueur,198103.68,23.64402317008952,False
5507,Arrow Blackberry Brandy,10085.59,35.133789892311704,False
5508,Signatory Highland Park 99,2469.81,23.078698361412417,False
5513,Chi Chi's Mai Tai,527.52,28.025477707006363,False
5515,Grand Marnier Flask,2437.71,21.859039836567923,False
5517,Tippy Cow Shamrock Mint,3089.34,37.723267752982835,False
5521,Parrot Bay Pineapple Orange,197.89,,False
5525,Fernet-Branca Italian Liquer,87027.78,28.27890128876091,False
5527,Fernet Gancia Liqueur,2854.76,22.596645602432442,False
5529,Bacardi Strawberry Daquiri,83.88,,False
5536,St Brendans Irish Cream,15403.62,22.818791946308735,False
5537,DeKuyper Pomegranate,729.27,28.028028028028025,False
5539,DeKuyper Hot Damn 100*,76002.85,29.18443189959324,False
5549,Don Ramon Reposado Tequila,8322.15,13.152250319929347,False
5560,Bacardi Mojito Cocktail,59087.82,26.014836898704345,False
5566,Grind Espresso Shot,41930.18,24.09744007776738,False
5587,Jose Cuervo Golden Margarita,236196.4,29.409508358298424,False
5589,Korbel California Brandy,125.91,21.229449606862048,False
5595,Hine Antique XO Premier Cru,399.98,27.00635031751589,False
5597,DeKuyper Watermelon Pucker,74995.57,26.310194055462222,False
5598,Integre Raspberry Vodka,2789.41,20.040080160320624,False
5603,Gran Gala Liqueur,476.19,20.2020202020202,False
5606,Montezuma Blue Tequila Liqu,39600.36,28.02802802802803,False
5609,Integre Vodka,2575.7,21.869782971619365,False
5610,West Indies Blue Mtn Coffee,593.82,22.49166414064869,False
5614,Integre Citrus Vodka,1976.04,20.04008016032063,False
5616,Emmets Irish Cream,178630.64,23.061530765382702,False
5623,Signatory Glen Grant 92 Cask,5679.6,28.058313965772243,False
5626,Baja Luna Black Raspberry,88925.01,28.92590059871796,False
5627,Flag Hill Sugar Maple Liquer,46481.04,25.27172369637168,False
5628,Baja Rosa Strawberry Liqueur,44336.04,29.847049939507453,False
5629,RumChata Liqueur,19921.84,21.91323692992214,False
5630,Cabin Fever Maple Liqueur,79304.98,26.70657000354833,False
5633,Flag Hill Cranberry Liqueur,19516.98,22.48165443629086,False
5635,VeeV Acai Spirit,1095.99,23.08050255932991,False
5640,Metcalf's Blueberry Liqueur,2871.31,25.367863449087697,False
5641,Flag Hill Raspberry Liqueur,18722.51,25.95063375583722,False
5643,Flag Hill Blueberry Liqueur,17508.32,28.552368245496996,False
5644,Metcalf's Raspberry Liqueur,4944.09,25.897586815773987,False
5645,Pallini Raspicello Liqueur,299.88,24.80992396958784,False
5653,Kahlua Cinnamon Spice,2308.82,28.192756473003527,False
5654,Merry Irish Cream Liqueur,35.97,20.60050041701418,False
5655,Jose Cuervo Lite Wh Peach,41268.99,40.340701335312545,False
5656,Cabin Fever Maple Liqueur,14794.21,22.147651006711406,False
5658,OR-G Liqueur,280.87,38.07099369815217,False
5661,Dr McGillicuddy's Root Beer,240509.2,25.92516211438065,False
5662,Skinnygirl W Peach Margarita,38890.72,32.926621055100036,False
5667,Skinnygirl Spicy Lime RTD,44992.1,31.0856794859542,False
5668,Dr McGillicuddy's Grape,77415.37,30.368517259557116,False
5669,Fabrizia Blood Orange,47194.62,22.375813175315322,False
5676,Kinky Liqueur,81574.08,28.643216080402013,False
5678,Skinnygirl Pina Colada,3306.63,29.371898277097834,False
5680,Barenjager Honey Liqueur,6491.38,26.63316582914574,False
5681,Josiah Bartlett Apple Brandy,25087.17,25.717408539903055,False
5683,Dr McGillicuddy's Apple Pie,65.66,20.40816326530611,False
5685,P & J Cold Soaked Peaches,8838.45,14.8515859681279,False
5688,P & J Cold Soaked Peaches,1327.04,43.573667711598745,False
5689,Villa Massa Limoncello,47382.08,25.082900539613295,False
5691,P & J Cold Soaked Pineapples,1251.1,43.38582047797937,False
5693,P & J Cold Soaked Berries,989.29,46.10174973971231,False
5694,Ice Box Mudslide,105638.94,27.420286496627096,False
5696,Midori Melon Liqueur,24164.04,23.75265063292396,False
5697,Metcalfe's Maple Liqueur,48259.66,29.9150470600083,False
5698,P & J Cold Soaked Pineapples,8986.35,8.142349229665,False
5699,Signatory Ben Nevis 91 Cask,3044.79,23.077453617490857,False
5702,Art In The Age Root Liqueur,34674.74,28.916150488799623,False
5705,Bauchant Orange Liqueur,34802.59,20.01000500250124,False
5706,Gr Marnier Raspberry Peach,98547.38,31.81229171186488,False
5707,Art in the Age Rhubarb Tea,28164.03,31.779152344320032,False
5708,Dr McGillicuddy's Root Beer,59473.26,61.61616161616161,False
5710,Signatory Laphroaig 97 Cask,1903.93,27.008345895069674,False
5713,DeKuyper Sour Apple Pucker,111350.93,29.584485733527323,False
5714,Jose Cuervo Lime Margarita,72707.22,28.52852852852853,False
5725,DeKuyper Sour Apple Pucker,119485.22,28.91405313560958,False
5730,Galliano L'Autentico Liqueur,9016.69,22.110552763819097,False
5731,Malibu Passion Fruit Rum,94095.68,30.674139344122914,False
5734,Malibu Rum,1293182.98,26.474933964874793,False
5735,Malibu Rum,598769.43,27.76609687638864,False
5736,Alize Gold Passion,19.99,,False
5737,Blue Chair Bay CocSpc Cream,2803.35,21.24779281930546,False
5739,Malibu Rum,67076.93,23.11557788944723,False
5740,Sweet Revenge,44075.03,26.777474683511272,False
5741,Merry Wh Chocolate Liqueur,30399.61,31.25559834484719,False
5742,I'm Bananas Over You,149.7,21.24248496993987,False
5747,Malibu Pineapple Rum,114342.17,31.789784993585474,False
5748,Trader Vics Chocolate Liquer,9144.0,26.891951006124227,False
5750,Malibu Rum Traveler,162655.16,32.234575281841664,False
5758,1800 Ultimate Margarita RTD,149258.32,32.411513140440015,False
5759,Malibu Tropical Banana Rum,62351.02,27.357852365526664,False
5760,Grand Marnier Rasp-Peach,2855.65,24.120603015075382,False
5765,Jose Cuervo Lime Margarita,251755.31,29.34773054042038,False
5767,Jose Cuervo Strawberry Marg,86715.82,29.29723780505104,False
5771,Art In The Age Snap,35592.47,27.501125940402567,False
5773,Kahlua Midnight,40659.66,23.661830915457735,False
5776,Malibu Black,75531.02,26.7143221420815,False
5780,Malibu Black,53854.25,26.819146121243914,False
5789,Tomahawk Maple Cream Liqueur,3532.98,28.073184676958267,False
5795,Courvoisier L'Essence Cognac,3399.99,25.925958605760595,False
5798,1800 Raspberry Margarita RTD,35943.48,9.398756046993793,False
5801,Dr McGillicuddy's Peppermint,12040.38,26.262626262626256,False
5802,Martell VSOP Cognac,14959.33,13.838387147017942,False
5805,Jose Cuervo Light Margaritas,104528.74,24.32837131682637,False
5808,Los Amantes Reposado Mezcal,39155.48,26.788689603600837,False
5810,Cuervo Watermelon Margaritas,85808.85,28.167082999014674,False
5815,Godiva Dark Chocolate,83507.71,31.728950536423522,False
5817,GranGala Triple Orange,90929.91,24.253735651998344,False
5818,Tomahawk Maple Cream Liqueur,111.87,21.212121212121215,False
5820,Dr McGillicuddy's Peppermint,20369.44,14.724803431022163,False
5822,Ryans Irish Cream,16820.54,16.679012683302673,False
5825,Arrow Blackraspberry Liqueur,383.52,20.650813516896118,False
5826,DeKuyper Razzmatazz,59965.42,26.12095437670576,False
5828,Ryans Irish Cream,122713.42,27.50802642449375,False
5831,DiSaronno Amaretto,4781.16,23.605150214592275,False
5833,Patron Roca Silver Tequila,60981.06,25.56970967707021,False
5836,Bauers Obstler Echt,49726.75,26.138346061224592,False
5837,Leroux Cherry Brandy,95.88,21.902377972465583,False
5838,Agave Loco Pepper Cured Teq,15159.74,20.403648083674256,False
5847,Godiva Chocolate Liqueur,188616.19,24.919960476351484,False
5849,GranGala Triple Orange,193756.32,28.527131398862238,False
5855,Kahlua Salted Caramel,24909.89,23.108010513093397,False
5858,Ole Smoky Apple Pie Moonshin,70921.61,20.60301507537688,False
5866,Malibu Red,39.98,,False
5872,Godiva Chocolate Liqueur,59593.69,22.408026755852852,False
5875,Malibu Light Bl Hawaiian RTD,73573.73,33.11479518572729,False
5877,Ryans Irish Cream,37560.6,37.37373737373738,False
5890,Godiva Wh Chocolate Liqueur,135768.74,27.282848761798917,False
5891,Ryans Irish Cream,291849.48,25.95372107567229,False
5893,Ole Smoky Wh Lightin'Moonshn,37706.52,23.115577889447234,False
5897,99 Bananas,70779.07,44.21263235021314,False
5903,Ole Smoky Hunch Punch Moonsh,69930.59,20.100502512562805,False
5911,Faretti Biscotti Liqueur,1034.64,33.61169102296453,False
5912,Yeni Raki,2915.47,42.85072389700459,False
5921,RumChata Liqueur,363394.83,29.425311306712864,False
5925,Pimms Blackberry & Elderflwr,6452.85,9.640701395507417,False
5929,RumChata Liqueur,130097.76,13.562600924105062,False
5952,Jagermeister Liqueur,95078.22,28.643216080402016,False
5953,Barrow's Intense Ginger,6916.54,20.610305152576295,False
5954,Fireball Cinnamon Whisky,766.08,25.81453634085214,False
5959,Lucano Amaro,2188.54,20.61374249499666,False
5962,Vermont Ice Maple Creme,62893.11,28.949069301867876,False
5970,St George Spiced Pear Liquer,985.66,24.80165574335977,False
5977,Absinthe Ordinaire,44666.75,32.91094606166779,False
5983,Flag Hill Spiced Rum,21856.44,25.90961748573875,False
5989,Tanteo Jalapeno Tequila,5851.43,23.07692307692309,False
5990,H by Hine Cognac,16638.52,2.537485305183398,False
5992,Kaikouzu Potato Shochu,699.8,24.23549585595883,False
6003,Jack Daniels 150th Annversry,16198.38,27.002700270027002,False
6010,Schonauer Apple Liqueur,3418.2,20.010531858873094,False
6015,Jackson Morgan Salted Carmel,37433.79,33.28268390670567,False
6021,Jackson Morgan Pepmint Mocha,13741.58,22.725916524882873,False
6038,Brinley Gold Shipwrk Coconut,449.82,23.649459783913578,False
6040,Triibe Celtic,318.83,55.264561051343975,False
6042,Maurice's Mentholated Mint,13182.81,24.85903991637594,False
6043,Brinley Gold Shipwrck Coffee,149.94,27.010804321728692,False
6044,Glenmorangie 25 Yr Old,3349.95,21.874953357512805,False
6046,LaMuse Verte Absinthe,459.9,,False
6049,Fabrizia Crema di Limoncello,18434.15,14.125956444967635,False
6062,Sauza Sprkl Mango/Peach Marg,181.74,,False
6063,Avion Espresso,202.93,29.97585374266989,False
6064,Sauza Sprklg Wild Berry Marg,27.96,28.612303290414875,False
6066,Sauza Sparkling Margarita,167.76,23.03290414878397,False
6081,Kinky Blue Liqueur,58917.93,26.633165829145728,False
6084,Brinley Gold Shipwreck,119.94,23.661830915457728,False
6090,8000 Generations Shochu,354.88,23.17403065825068,False
6094,Black Warrior Kuro Shochu,179.94,21.87395798599534,False
6096,Kinky Blue Liqueur,84733.73,27.25353882096303,False
6102,Midnight Moon Peach,7850.78,22.70373134898697,False
6105,Midnight Moon,47196.39,25.762881440720363,False
6109,Plymouth Sloe Gin,3604.81,13.576027585365106,False
6115,Midnight Moon Raspberry,22768.61,29.614807403701853,False
6116,Sogno di Sorrento Lemoncell,36330.89,32.70148350343193,False
6120,The Club Pina Colada,33.83,,False
6126,Sogno di Sorrento Crema Lem,74619.62,35.97638261894123,False
6127,The Club Strawbry Margarita,143.28,26.130653266331656,False
6129,The Club Mudslide,83.58,27.1356783919598,False
6136,Casoni Limoncello di Sorento,833.99,-107.81544143215147,False
6140,R M Woodbridge Wh Znfdl Cal,1143.36,50.657710607332774,False
6145,Marcus James Cab Svgn Mendza,14731.71,35.564099483359364,False
6146,Marcus James Cab Svgn Mendza,179.64,32.06412825651302,False
6150,Midnight Moon Blackberry,44977.5,32.16608304152076,False
6156,Cinnabon Cinnamon Liqueur,32667.71,16.275398551046276,False
6157,Kinky Blue Liqueur,22901.38,18.33190838281362,False
6159,Lepanto Solera Gran Reserva,783.84,35.0683813023066,False
6162,Jadot Pouilly Fuisse,188476.26,35.44807181551672,False
6166,Casa Noble X Anejo C Santana,399.99,24.8131203280082,False
6168,Kinky Pink Liqueur,24732.67,19.024674650977826,False
6173,Gallo Fairbanks Red Port,35939.02,31.03879849812265,False
6174,Columbia Crest Grand Merlot,98663.76,38.369265472955824,False
6183,Clos du Bois Svgn Bl N Cst,81789.09,36.34959136970468,False
6184,Glen Ellen Cab Svgn RSV,79.84,32.46492985971944,False
6186,Rene Junot White,8612.28,38.82595549610557,False
6193,Midnight Moon Moonshine,42088.5,32.417406179835346,False
6195,Korbel Brut,31109.17,33.71626436835184,False
6198,Lazzaroni Sambuca,3778.11,2.351175587793907,False
6199,Zwack Liqueur,227.88,23.06477093206951,False
6204,Midnight Moon Strawberry,103.92,,False
6206,Midnight Moon Apple Pie,47850.58,37.282181323611965,False
6212,Taylor Red Port,464.07,35.47094188376752,False
6213,Taylor Red Port,103390.6,31.03879849812266,False
6214,Taylor Red Port,28259.8,35.09649749821301,False
6215,Taylor Tawny Port,94.81,34.268537074148306,False
6216,Taylor Tawny Port,51799.17,32.41551939924905,False
6220,Casa Noble Sngl Barrel Anejo,1169.91,25.925071159319952,False
6224,La Belle Orange Liqueur,51887.46,28.075338434373148,False
6225,St Germain Liqueur,33691.56,25.31328320802005,False
6226,Marcus James Chard,39464.04,36.10790988454299,False
6227,Bastille 1789 French Whiskey,23504.12,22.697297324894528,False
6231,Mumm Brut Prestige,210520.45,39.08359496666476,False
6232,Avion Reserva 44 Extra Anejo,37427.11,18.72164321530569,False
6234,C Y Toro Front Cab/Merlot,92977.79,50.824449580916045,False
6236,Duboeuf Beaujolais,15032.07,39.85811667987177,False
6240,Riunite Raspberry,11812.49,38.69742958512557,False
6241,Sutter Home Chard,7415.62,32.3873121869783,False
6242,Zirbenz Stone Pine Liqueur,0.0,,False
6245,Blossom Hill Chard,7154.49,31.028207461328478,False
6249,Rodney Strong Chard,110736.63,37.77509754450718,False
6254,Tsilili Tsipouro,9227.75,24.420904337460378,False
6256,Sutter Home Chard,111971.07,45.49270628565039,False
6257,Carlo Rossi Blush Calif,3942.37,34.2228152101401,False
6258,Livingston Chablis Blush Ca,2350.04,32.44370308590492,False
6260,Arrosta Coffee Liqueur,1479.55,34.36517860160184,False
6264,Cooks Extra Dry,204172.08,35.50211174809014,False
6265,Gallo Fairbanks Sherry,828.34,32.06412825651303,False
6266,Gallo Fairbanks Sherry,24772.2,35.0449293966624,False
6267,Kinky Gold Liqueur,35099.03,30.017724136535957,False
6269,Sutter Home Cab Svgn,51911.28,42.69106829960656,False
6270,Shady Fruit Valencia Orange,8004.15,22.22222222222222,False
6273,Vendange Wh Znfdl,57851.85,41.88275742262347,False
6278,Sterling Svgn Bl,78158.11,32.564195833292295,False
6280,Penfolds Koonunga Hill Chard,9925.18,45.71403239034456,False
6281,Franzia Sunset Blush Tap,252407.0,34.32828725035358,False
6285,Gallo Twin Valley Wh Znfdl C,52268.42,34.671910878499865,False
6288,Almaden Chablis B/B,103053.05,35.619857927543144,False
6290,Beringer Svgn Bl Napa Vly,82.94,,False
6293,Fetzer Gewurz,61499.65,39.6023392003044,False
6295,Taylor Sherry,59.88,31.46292585170341,False
6296,Taylor Sherry,20487.7,31.450577663671382,False
6312,Gallo Twin Valley Svgn Bl Ca,37433.06,33.38909509401582,False
6314,Livingston Burgundy Calif,19627.63,35.44620517097581,False
6319,Santa Cristina Toscana,101738.98,41.12180012026856,False
6322,Rene Junot Red,18972.02,35.56996039430698,False
6329,R M Woodbridge Wh Znfdl Cal,68419.5,38.83322736939031,False
6342,Avia Slovenia Chard,0.0,,False
6343,Vendange Merlot,1072.85,31.062124248496986,False
6344,Walnut Crest Chard Central,7275.17,37.85079936276403,False
6346,Amaretto Villa Vittoria Liq,5936.52,15.059327686927693,False
6349,Glen Ellen Chard RSV,383345.58,33.762517882689565,False
6351,Kendall Jackson Vntr RSV Cab,208058.85,37.04968570190598,False
6355,Taylor Cream Sherry,229.54,35.47094188376753,False
6356,Taylor Cream Sherry,39386.24,33.761232349165596,False
6357,Taylor Golden Sherry,13724.19,34.23874195854182,False
6358,Dom Ste Michelle Brut Cuvee,27837.42,36.79047842795776,False
6359,W Hill Est Chard Bench Blend,1829.39,44.0813604534845,False
6360,Taylor Nys Cream Sherry,37059.51,33.80986418870623,False
6361,Totts Extra Dry,18049.41,32.41551939924906,False
6362,Totts Brut Calif,21005.71,33.79224030037547,False
6365,Fetzer Svgn Bl Cal,334.7,33.403047505228564,False
6366,Duboeuf Pouilly Fuisse,1641.25,38.674790555978674,False
6368,Santa Rita 120 Merlot,21132.72,31.0517529215359,False
6373,Marcus James Chard Mendoza,59.88,,False
6375,Christian Bros Dry Sherry,9612.99,31.511839708561023,False
6378,Walnut Crest Merlot Rapel,13791.98,37.505419816444046,False
6383,Gallo Twin Vly Cab Svgn Cal,753.49,33.26653306613227,False
6385,Fetzer Sundial Chard,112858.04,38.45322849838612,False
6389,Carlo Rossi Blush Calif,349.5,32.474964234620884,False
6390,Chamucos Blanco Tequila,28211.7,6.619593998234788,False
6394,Taylor Dry Sherry,4183.01,34.66761972837741,False
6395,Taylor Dry Sherry,304.39,34.2685370741483,False
6396,Taylor Dry Sherry,61868.18,34.27471116816431,False
6398,BV Coastal Estate Cab Svgn,39771.39,33.70986027895931,False
6402,Avion Silver Tequila,105921.5,34.284352090935265,False
6411,Avion Reposado Tequila,8250.28,28.971622781287433,False
6416,La Fee NV Absinthe,559.72,26.463231615807913,False
6420,R M Woodbridge Chard Cal,171189.35,45.13229940998082,False
6426,Schmitt Sohne Liebfraumilch,7277.08,38.61054159085788,False
6427,Glen Ellen Merlot RSV,59.88,31.46292585170341,False
6429,C Y Toro Frontera Svgn Bl,33142.04,38.818491559360865,False
6431,Boones Sangria,391.69,31.10367892976588,False
6432,Shady Fruit Real Ruby Red Gr,7928.91,35.35353535353535,False
6433,Avion Anejo Tequila,37473.18,28.930237572578577,False
6434,Almaden Wh Znfdl Cal,233.74,31.47942157953282,False
6438,Beringer Classic Chenin Blan,28280.32,44.57290440843668,False
6445,Dubonnet Bl,131.88,31.02820746132847,False
6446,Franzia Tap Wh Grenache Cal,7592.5,41.91636483371749,False
6448,Dubonnet Rouge,58171.86,40.25131738954196,False
6450,Sebastiani Merlot Sonoma,19.99,31.965982991495746,False
6451,Columbia Crest G E Cab Svgn,183749.32,34.8396609032349,False
6455,Folonari Pinot Grigio Venez,93958.81,50.04658956408665,False
6456,Sutter Home Clsc Svgn Bl,2084.52,32.88814691151921,False
6457,Fetzer Valley Oaks Cab Svgn,414.63,36.7315437860261,False
6459,Freixenet Cordon Negro Extr,107581.11,31.48316651501365,False
6460,Columbia Crest Two Vns Chard,21678.44,35.094222647017034,False
6461,Blood Orange Liqueur,3158.82,21.256038647342994,False
6465,Arrow Coffee Brandy,4755.96,27.27272727272728,False
6472,Richards Wild Irish Rose Red,1603.98,32.08020050125313,False
6477,Avion Tequila 3/50ml Sampler,24005.97,21.921921921921935,False
6478,C Y Toro Frontera Merlot,32049.55,50.737529856113426,False
6479,Clos du Bois Chard,567452.47,35.773413762742095,False
6481,Korbel Natural,14568.77,35.821692565673004,False
6483,Fetzer Wh Znfdl Cal,5013.11,36.779364506264564,False
6486,Vendange Chard,79.84,57.11422845691383,True
6495,Exotico Blanco Tequila,54131.93,20.462580957301913,False
6498,Franzia Chablis Old World C,126520.53,41.191117362533966,False
6499,Kinky Liqueur,122534.14,27.707918789000356,False
6505,Lucano Limencello,945.14,27.57051865332121,False
6506,Villa Zarri Nocino Liqueur,4825.94,27.05545448140672,False
6510,Simply Ginger Liqueur,3233.02,21.248863291906638,False
6520,LeCompte Calvados 5 Yr Old,2015.64,28.576531523486338,False
6523,Franzia Burgundy Tap Red,73413.35,38.81507927372883,False
6524,Rosemount Diamond Shiraz,112071.9,40.83200159897352,False
6525,Du Peyrat Organic Cognac,7078.23,26.481620405101268,False
6526,Peter Lehmann Shiraz,88448.17,36.704094612698036,False
6527,Gallo Wh Znfdl Cal,76.86,34.60837887067395,False
6529,W Hill Cab Svgn Napa,74948.58,33.78108030865961,False
6530,Meridian Santa Barbara Chard,25180.48,35.397736659507686,False
6532,LeCompte Calvados 12 Yr Old,1049.85,27.003857693956274,False
6535,Sandeman Tawny Port,47198.29,41.44080219855423,False
6542,Melini Borghi D'Elsa Chiant,57378.62,47.70442370346307,False
6543,Folonari Pinot Grigio Venez,323.64,35.03893214682981,False
6545,LeCompte Calvados 18 Yr Old,1689.87,27.009769982306324,False
6547,Walnut Crest Cab Svgn Rapel,5432.75,34.287423496387646,False
6552,Harveys Bristol Cream Sherry,92281.86,39.147455415398,False
6553,Harveys Bristol Cream Sherry,68768.72,44.5347826744485,False
6559,LeCompte Calvados 25 Yr Old,379.98,,False
6560,Rocky Peak Hard Cinnamon,72075.0,25.54422476586889,False
6563,Black Opal Cashmore Chard,17275.77,41.58049105770684,False
6565,Clos du Bois Cab Svgn N Cst,352579.31,35.83392343697082,False
6566,Geyser Peak Chard,19490.49,41.54154154154154,False
6567,Clos du Bois Merlot N Cst,127212.9,35.486731298476805,False
6568,Gallo Twin Valley Wh Znfdl C,2809.37,35.47094188376752,False
6569,W Hill Chard Napa,123470.49,36.38805515390764,False
6570,Kendall Jackson Chard Vt RSV,2326007.78,37.644608394216114,False
6572,Ch Greysac,82308.24,33.19045577939706,False
6574,Franzia Tap Wh Znfdl Cal,202573.38,40.022534056547805,False
6575,Kendall Jackson RSV Svgn Bl,314527.77,41.09826296100977,False
6579,J Lohr Riverstone Chard,605967.38,46.24948293421339,False
6581,Ch Ste Michelle Merlot Colum,110289.15,41.268692341903076,False
6584,Schmitt Sohne Spatlese Psprt,38032.19,36.511413095065,False
6585,Kijafa Cherry,19040.17,35.544430538172705,False
6586,Citra Montepulciano,63120.66,38.07447514015221,False
6588,Gallo Chard Cal,225.09,30.965391621129317,False
6590,Almaden B/B Wh Znfdl Cal,96892.04,37.33148770528518,False
6592,Almaden Chard Cal,4935.51,32.92547274749722,False
6593,Souverain Chard N Cst,34157.7,30.22481021848661,False
6595,Bogle Merlot,502198.46,44.36290386075656,False
6596,Kenwood Svgn Bl Sonoma,50342.43,44.7736432269956,False
6598,Cinnaster Shine,441.86,22.02507581586929,False
6599,Estancia Cab Svgn Paso Roble,162703.12,50.8407460164255,False
6600,Patron Roca Reposado Tequila,23721.7,19.37002828633699,False
6608,Patron Roca Anejo Tequila,35880.89,27.88205643728458,False
6616,Amaro Sfumato Rabarbaro,43.98,21.282401091405184,False
6624,Poli Sarpa Grappa,16252.05,19.527382699413305,False
6633,Pinnacle Red Berry Vodka,113.88,,False
6635,Gallo Twin Valley Hearty Bur,9543.57,34.19255058641577,False
6638,M & R Asti,59226.3,35.05402160864347,False
6646,Brown Jug Cream Bourbon,12172.59,28.593996840442333,False
6647,Estancia Chard,163534.03,42.49115612206218,False
6648,Marcus James Merlot Mendoza,14334.22,36.11999815825346,False
6649,Wente Morning Fog Chard,161133.81,37.390216243257704,False
6650,Simi Chard,341002.63,43.43414301526062,False
6651,Rocca Delle Macie Chianti C,78422.24,37.65793989052085,False
6652,Franzia Clsc Burgundy,7.99,,False
6654,Veuve Clicquot Brut Yellow,1584665.41,33.906350615679806,False
6655,Carlo Rossi Paisano Calif,33873.54,31.47353361945637,False
6658,Ch de la Chaize Brouilly,42582.64,0.637724669020063,False
6659,Rosemount Diamond Chard,18625.58,34.76766897997271,False
6660,Carlo Rossi Paisano Calif,112155.18,31.487658438959304,False
6670,Pinnacle Pineapple Vodka,65138.87,32.055744903158434,False
6681,Cakebread Svgn Bl,102029.47,33.76406836181743,False
6682,R M Woodbridge Chard Cal,1016328.61,39.87435126912347,False
6686,Taylor Lake Country Red,119.76,34.669338677354716,False
6687,Hedges Red Columbia Vly,18676.73,28.522712487678515,False
6688,Ch St Jean Chard California,251277.02,39.434517330713334,False
6692,Jaboulet Cotes du Rhone Par,78134.03,41.821252532347316,False
6694,Lindemans Bin 65 Chard,25341.11,36.735565253455746,False
6698,Clos du Bois Marlstone,8340.18,35.99586579666147,False
6717,Dream Catcher Irish Liqueur,16299.8,16.841924440790677,False
6721,Piccini Chianti,18759.16,36.72531179434474,False
6724,Black Opal Cashmore Cab Svgn,15056.52,40.09744615621671,False
6725,Franzia Crisp White Tap,312013.94,38.30960244917263,False
6727,Antinori Toscana Rd,137534.81,42.83480669366541,False
6734,Gallo Twin Valley Cab Svgn C,15552.62,35.82033123679483,False
6735,Gallo Twin Valley Chard Cal,35440.95,35.4203259224146,False
6738,Dream Catcher Irish Liqueur,4378.77,21.212121212121218,False
6742,Rodney Strong Chalk Hill Cha,61527.72,32.44228780133572,False
6743,Antinori Orvieto Clsc Campo,8881.82,43.53589692202724,False
6748,Turning Leaf RSV Chard Cal,25140.03,35.058430717863104,False
6754,Livingston Chablis Cal,2816.43,40.17106762816757,False
6755,Peter Vella Chablis B/B,41432.36,31.020680453635762,False
6762,Paul Masson Chablis,4827.89,42.92309891070427,False
6764,El Jimador Silver Tequila,9030.98,23.679822123401888,False
6768,Sutter Home Merlot Cal,2114.47,35.559265442404005,False
6774,Sorel Artisan Liqueur,1799.28,20.008003201280513,False
6782,Peter Vella Delicious Blush,24328.77,35.62374916611074,False
6783,Hawk Crest Cab Svgn,14503.35,38.464561635760006,False
6784,Hawk Crest Chard,265.78,37.67025359319738,False
6798,Livingston Chablis Blush Ca,273.65,40.78202082952677,False
6814,Il Tramonto Amaretto,6683.97,5.098018094036927,False
6824,Kendall Jackson Pnt Nr Vtnr,216815.21,30.9428844959724,False
6828,Santa Rita RSV Cab Svgn,44889.15,36.807224017385046,False
6829,Almaden Moscato Rhine,260.71,35.483870967741936,False
6842,Delicious White P Vella B/B,509.66,37.35823882588393,False
6846,Stock Limonce,4003.34,9.236787282619018,False
6854,Carlo Rossi Burgundy Calif,110356.38,34.2228152101401,False
6855,Midnight Moon Apple Pie,175192.36,24.012006003001492,False
6857,Sutter Home Wh Znfdl,133893.24,44.283938457236516,False
6859,C Y Toro Frontera Chard,44891.62,51.022663027086125,False
6861,Sutter Home Clsc Wh Znfdl,70945.56,31.05175292153589,False
6862,Vecchia Romagna Nera Brandy,8005.14,25.93783494105038,False
6863,Jekel Grvlstone Montry Chard,4361.78,41.98744549243657,False
6864,St Francis Chard,127023.29,47.27419672408107,False
6867,Rodney Strong Pnt Nr,95711.78,33.153181353434235,False
6869,Benziger Chard,49876.53,39.37108295224227,False
6872,Marquis de Chasse Red Gines,205.82,42.10475172480809,True
6873,Guigal Cotes du Rhone Red,91025.9,37.23544617520948,False
6876,Sutter Home Clsc Chard,114498.85,33.7228714524207,False
6877,Original Wondermint Schnapps,1253.34,28.593996840442333,False
6879,Maurice's Mentholated Mint,20146.5,25.252525252525253,False
6881,Midnight Moon Cranberry,52734.89,-13.303469486709844,False
6891,Gallo Twin Vly Chard Cal,1412.17,31.46292585170341,False
6892,Vendange Cab Svgn,798.4,32.06412825651302,False
6896,Sterling Merlot,53904.59,45.11988682225391,False
6904,Westland Trinity 3 Pack,6149.18,23.08307774369916,False
6916,St Germain Liqueur,374.75,25.950633755837227,False
6918,Franzia Tap Cab Svgn,190349.34,34.04090605199892,False
6919,Paul Masson Rose,940.8,40.178571428571416,False
6929,Marie Brizard Orange Curacao,10206.73,18.113734761280057,False
6932,Santa Rita 120 Chard,14927.08,33.3889816360601,False
6933,Ch Ste Michelle Svgn Bl,167048.27,40.92554206038769,False
6935,Fetzer Eagle Peak Merlot Cal,462.59,35.919496746579036,False
6937,Cavit Pinot Grigio,945345.02,37.18436259388133,False
6938,Vendange Chard,150520.81,41.362852086698176,False
6940,Bolla Merlot,0.0,,False
6941,Bolla Pinot Grigio,646.35,37.649880095923265,False
6942,Southern Comfort Cherry,8048.0,35.11431411530816,False
6946,Rosemount Diamond Cab Svgn,40730.32,47.455065415641215,False
6950,Solerno Blood Orange Liqueur,65968.29,29.72696427328948,False
6952,Marie Brizard Cassis d Dijon,7374.31,35.70042485330831,False
6957,Torna Sorrento Limoncello,265.81,23.0879199428163,False
6958,Vendange Svgn Bl,57063.47,33.654595488146796,False
6960,Cooks Brut,147959.32,37.92023375073636,False
6967,Santa Margherita Pnt Grigio,923055.25,40.08854941239974,False
6968,Peter Vella Burgundy B/B,1828.78,35.090060040026685,False
6974,Benziger Cab Svgn Sonoma,62984.8,42.046970062618286,False
6975,Jacobs Crk Chard,41213.02,31.857044205932972,False
6976,Ruffino Chianti Clsc RSV Tan,167311.09,35.344787963547425,False
6980,Midnight Moon Blueberry,45177.4,30.165082541270632,False
6981,J Lohr Cypress Merlot,638.29,31.92436040044494,False
6983,J Lohr Seven Oaks Cab Svgn,408147.97,47.91991492693201,False
6984,Kendall Jackson Vntrs RSV Me,100693.67,37.59917579724723,False
6986,Marquis de Chasse Ginestet,101.9,,False
6987,Rosemount Shiraz/Cab Svgn,11326.87,34.16451323269359,False
6990,Marie Brizard Chocolat Royal,11475.88,23.004423190204143,False
6995,Carlo Rossi Spanada Sangria,43827.3,31.473533619456372,False
7017,The Pogues Irish Whiskey,20770.51,20.040913776310735,False
7032,Twenty 2 Coffee Vodka,299.88,26.490596238495396,False
7070,Skinnygirl Margarita Wtrmn/L,21806.31,11.286457910577274,False
7077,Smirnoff Strawberry Vodka,44647.02,25.252525252525253,False
7111,Jameson's Cooper Croze Irish,31619.9,21.19329915654383,False
7127,Mezcal De Amor Amaras,19785.81,34.733124395715926,False
7130,Smirnoff Green Apple Vodka,59042.75,9.41817581328783,False
7143,Smirnoff Watermelon Vodka,100067.22,7.3887532800451545,False
7159,Ruffino Chianti,93696.16,36.10359271927474,False
7162,Blue Nun Authentic White,31.96,35.54443053817271,False
7193,Woodstock Killer Bee,1171.98,22.454308093994772,False
7195,Herradura Reposado Barrel 11,551.88,24.244400956729717,False
7198,New Amsterdam Pineapple Vdka,70838.75,28.704275555398706,False
7202,Cocktail Time Key Lime Rtd,6562.06,24.59654437783257,False
7205,Woodstock Hot Licks,1114.53,22.454308093994776,False
7211,Cocktail Time Strawberry Rtd,6454.17,23.67182767110257,False
7215,Lancers Rose,2485.85,33.72287145242069,False
7219,Herradura Reposado NHSLC,15958.53,33.768210480539246,False
7221,M & R Sweet Vermouth,152912.73,34.604385128694,False
7222,Mateus Rose,284.62,34.57943925233644,False
7224,Jagermeister Spice,59537.67,7.864264758765328,False
7230,New Amsterdam Orange Vodka,272.79,47.19014626635874,False
7241,Glendalough Poitin Shry Cask,3788.77,32.863699828704306,False
7254,Cribari Marsala,93075.51,32.916145181476836,False
7261,Gallo X Dry Vermouth,28191.15,34.244080145719494,False
7262,Gallo Sweet Vermouth,42816.51,34.60837887067395,False
7265,Taylor Fladgate LBV Port,26456.27,37.867847583956475,False
7266,Fonseca Bin No 27,28262.46,40.04216193494833,False
7269,Gallo Fairbanks Wh Port,12176.76,31.914893617021267,False
7271,Llord's Triple Sec,41.94,,False
7272,Deep Eddy Cranberry Vodka,5253.08,20.622568093385212,False
7278,Mapple Jack Liquer,4144.84,22.533077271981547,False
7279,Yago Sant'Gria Red,56958.13,44.82998300681571,False
7282,Colombo Marsala Sweet,32804.84,36.2718428134385,False
7284,Colombo Marsala Dry,8687.93,35.69101040178731,False
7293,Chi Chi's Skinny Margarita,66192.2,29.04783343052504,False
7294,Llord's Coffee Liqueur,13.98,,False
7300,New Amsterdam Coconut Vodka,569.62,25.95063375583722,False
7302,Marques de Caceres Rioja Re,147412.15,43.0130420050179,False
7311,New Amsterdam Peach Vodka,95.94,,False
7316,New Amsterdam Red Berry Vdka,63.96,24.828017510944346,False
7320,Malibu Rum Punch RTD,87156.15,27.69477541171793,False
7321,Malibu Cosmo Light RTD,610.59,14.251789253017588,False
7327,La Caravedo Puro Quebranta,3886.56,22.48981104112633,False
7328,New Amsterdam Citron Vodka,532.59,47.95996920708238,False
7340,Viniq Shimmery Liqueur,57311.82,22.4855186940495,False
7341,Smirnoff Watermelon,105448.86,24.242424242424242,False
7344,Viniq Shimmery Liqueur,3198.09,29.572338489535944,False
7345,M & R Asti,290794.5,38.835672614165674,False
7353,1800 Ultimate Peach Margrita,46049.72,36.62380574735308,False
7358,Viniq Ruby Shimmery Liqueur,29776.32,25.381779884149548,False
7361,Bolla Soave,2132.5,39.507620164126614,False
7363,BeatBox Fruit Punch,12133.93,28.064032016008007,False
7371,Placido Sangiovese Primever,10294.31,39.727286238708565,False
7374,New Amsterdam Mango Vodka,64214.11,33.88284911213439,False
7375,Riunite Lambrusco,545.09,33.7228714524207,False
7383,BeatBox Blue Razzberry Rtd,15872.06,26.46323161580791,False
7393,99 Blackberries,15065.79,1.0446183041181325,False
7404,New Amsterdam Mango Vodka,4901.49,22.222222222222218,False
7412,Manischewitz Blackberry Kshr,69.86,33.86773547094189,False
7413,Manischewitz Blackberry Kshr,17527.56,39.476116470290215,False
7423,Manischewitz Concord Kosher,39193.29,36.204972841014374,False
7424,Capt Morgan White,960.38,20.658489347966437,False
7428,New Amsterdam Pineapple,143.88,,False
7430,New Amsterdam Vodka,1870.44,21.851542952460395,False
7433,New Amsterdam Orange,503.58,28.023352793994988,False
7436,Belle de Brillet Pear Liquer,49.99,25.925185037007402,False
7439,New Amsterdam Red Berry Vdka,47.96,21.85154295246039,False
7450,New Amsterdam Peach Vodka,143.88,22.5187656380317,False
7454,New Amsterdam Coconut Vodka,35.97,,False
7458,New Amsterdam Citron Vodka,743.38,20.600500417014178,False
7473,Kagemusha Sw Potato Soju,4986.28,28.044153156260776,False
7485,M D 20/20,8993.46,28.57142857142856,False
7489,99 Blackberries,16537.95,24.242424242424246,False
7535,Gekkeikan Sake,90652.66,25.876460767946575,False
7537,Avion Silver Tequila,46980.27,13.574826198316863,False
7590,Stoli 80 VAP Lemonade Shaker,4696.4,26.53521846520739,False
7629,Barenjager Honey & Bourbon,9154.68,11.320548615571495,False
7633,Delirio Joven Mezcal,149.97,,False
7680,Viniq Shimmery Glow,20576.96,-5.587608665225583,False
7700,Early Times,47.96,23.102585487906584,False
7715,Andre Extra Dry,244003.85,43.79160410788601,False
7716,Andre Brut,140239.79,35.218036193579586,False
7718,Andre Pink,52191.44,37.20410856646224,False
7725,Great Western Brut,44365.59,39.239239239239225,False
7728,Great Western X Dry,42907.05,39.23923923923924,False
7740,J Roget Brut,23498.77,31.5525876460768,False
7750,Cynar Liqueur,923.67,20.650232225794916,False
7770,J Roget Spumante,175.84,34.212920837124656,False
7780,Herradura Reposado Lot 598,2529.45,24.80974124809741,False
7788,Piehole Apple Pie,21978.44,43.64586385566946,False
7792,Herradura Reposado Lot 599,3817.17,21.87432050445749,False
7818,Andre Cold Duck,15360.84,36.81751779199575,False
7828,Bols Peach Schnapps,5409.65,13.180150286987145,False
7830,Blossom Hill Wh Znfdl,263.76,35.48680618744313,False
7832,Sutter Home Svgn Bl,239.6,34.223706176961606,False
7838,Piehole Pecan Pie,1753.83,43.62908605737159,False
7849,Tooters Apple-tini 15 Pk,53213.37,14.060319803087081,False
7851,Piehole Pecan Pie,361.35,20.2020202020202,False
7855,Tooters Tri Berry Punch 15Pk,519.48,,False
7860,Sutter Home Wh Znfdl,33681.77,32.05342237061769,False
7865,Moet & Chandon Imperial,834892.1,33.13371871646648,False
7867,Tooters Red-diculous 15 Pk,64000.63,15.556831237442509,False
7868,Mumm Cordon Rouge Brut,56628.01,34.99863406819347,False
7872,Piper Heidsieck Brut,48416.27,43.486972457812215,False
7874,Sutter Home Cab Svgn,1048.25,33.3889816360601,False
7878,Allens Coffee Brandy,471064.4,33.91807999076135,False
7890,Barrow's Intense Ginger,3118.96,25.94198066022007,False
7891,DeLeon Platinum Tequila,33877.05,15.611896549433915,False
7898,Tooters Mango Smash 15 Pk,1738.26,,False
7902,Piehole Apple Pie,156.42,27.27272727272727,False
7909,DeLeon Reposado Tequila,19236.05,11.784384008151354,False
7917,Tooters Ala-Bama Slama 15 Pk,62041.76,23.88662088245079,False
7931,Tooters Blu-D Kamikazi 15 Pk,63035.75,28.92168333049103,False
7936,Bayou Spiced Rum,9843.57,28.28282828282828,False
7948,Bayou Silver Rum,7819.02,26.262626262626267,False
7951,Auchentoshan Three Wood,24546.5,27.15254720632269,False
7956,Bayou Satsuma Rum Liqueur,10519.74,20.202020202020194,False
7969,Sandeman Founders RSV Port,66311.19,40.34124557257983,False
7974,Luxardo Sambuca Dei Cesari,299.88,22.488995598239296,False
7977,M & R X Dry Vermouth,87360.72,28.59866539561487,False
7978,M & R X Dry Vermouth,103852.37,45.56084757622767,False
7982,M & R Sweet Vermouth,107834.62,45.64816011778035,False
7985,Noilly Prat Extra Dry Vermou,43606.35,25.32532532532532,False
7986,Sapling Vermont Maple Liquer,55069.3,24.00375526836187,False
7990,Noilly Prat Sweet Vermouth,31748.22,23.123123123123122,False
7991,Stock Italian X Dry Vermouth,47056.73,25.733301060230918,False
7992,Patron Anejo Tequila,30972.69,20.600858369098713,False
7993,Stock Italian X Dry Vermouth,42631.89,22.607981959045212,False
7994,Stock Italian Sweet Vermouth,58873.8,18.913676372172347,False
7995,Patron Reposado Tequila,20826.41,23.728813559322028,False
7996,Stock Italian Sweet Vermouth,33301.92,28.59318621869248,False
8000,The Glenlivet 12 Yr Single,910688.9,21.72830919537946,False
8008,Bols Peppermint Schnapps,1318.68,28.52852852852854,False
8010,Wild Turkey Forgiven,5169.06,28.56883069649027,False
8011,Pepe Lopez White,8701.29,27.527527527527536,False
8012,Pepe Lopez Premium Gold,99.9,25.325325325325338,False
8015,Bayou Satsuma Rum Liqueur,6615.92,8.667577600696495,False
8016,La Vieille Ferme Wh Rhone,113786.72,33.79093799346708,False
8017,Pepe Lopez Premium Tequila,1318.8,28.57142857142857,False
8018,La Vieille Ferme Red Ventoux,141699.28,36.300876052440074,False
8019,Bols Lychee,139.86,28.02802802802803,False
8021,Glenfiddich Special Rsv 12,305773.24,28.15779431843022,False
8023,DeKuyper Triple Sec,230817.31,30.342174076978896,False
8027,Absolut Mandrin,34922.51,22.110552763819097,False
8028,S S Pierce Manhattan,263.76,23.657870791628746,False
8032,Ballatore Gran Spumante,92932.26,34.77373734373833,False
8033,Jack Daniels No 7 Black,155554.75,23.076923076923087,False
8036,Livingston Chablis Cal,46425.28,31.02585487906589,False
8038,Livingston Clrs Rhine Calif,350.46,33.281972265023114,False
8040,Bols Blue Curacao,119788.66,32.599346215242754,False
8043,Bols Triple Sec,1623.23,23.720606445174138,False
8048,Coole Swan Irish Cream,46856.34,17.4451525663336,False
8050,Absolut Mandrin,78169.4,27.140031777140415,False
8053,Seagrams 7 Crown,91251.27,24.242424242424246,False
8057,Corazon de Agave Blanco,43572.03,20.02234001950334,False
8058,Batavia Arrack Rum,31.99,28.071272272585173,False
8059,Corazon de Agave Anejo,23775.96,26.518550670509196,False
8060,Salers Apertif Gentiane,21.99,35.06139154160982,False
8063,Absolut Pears,748.24,20.10050251256281,False
8064,Canadian Club,90718.65,23.23232323232322,False
8065,Seagrams VO,158.37,,False
8066,DeKuyper Triple Sec,285991.46,22.08123277527239,False
8068,Absolut 80 Proof,4538120.6,24.783100739984743,False
8070,The Macallan 21 Yr Old,1919.94,27.007093971686615,False
8072,Taittinger Brut La Francais,173745.35,35.77937481492311,False
8075,Sheffield Tawny Port,14355.63,32.43243243243243,False
8076,Jadot Moulin-a-Vent Jacques,295.84,36.83071930773391,False
8077,Sheffield Very Dry Sherry,20499.48,31.531531531531527,False
8078,Glenfiddich Special Rsv 12Yr,104263.29,31.838051532806986,False
8079,Gallo Fairbanks Red Port,324.35,32.06412825651303,False
8081,Sheffield Cream Sherry,119.8,33.38898163606009,False
8082,Baileys Irish Cream,2068091.16,31.50938665585708,False
8084,Plymouth Navy Strength Gin,221.94,27.00729927007299,False
8085,Wild Turkey,150722.45,22.664175111272417,False
8090,Russian Standard Gold Vodka,1109.63,-8.60286762254083,False
8092,Johnnie Walker Red Label,58772.85,25.76419213973799,False
8096,Beefeater Gin,26745.6,22.61306532663315,False
8097,Patron Citronge Orange,62627.58,27.01541397575957,False
8100,Jefferson's Manhattan RTD,5758.53,26.557819443503817,False
8101,Tanqueray,53950.89,26.13065326633166,False
8102,Absolut Mandrin,198849.84,25.75633955752743,False
8103,Sauza Gold Tequila,62902.62,22.22222222222222,False
8107,Wild Turkey 101,323428.91,24.77438395967756,False
8108,Amaras Cupreata Mezcal,6303.83,22.0845105277268,False
8110,Tribuno Dry Vermouth,42909.27,27.030033370411573,False
8111,Smirnoff 80 Proof,331589.61,22.222222222222218,False
8112,Stolichnaya,1528730.27,21.69809262689618,False
8113,R Mondavi Chard Napa,40183.66,38.28984218958652,False
8114,Arrow Creme de Strawberry,3835.2,20.02503128911139,False
8118,Mr Boston Blackberry Brandy,69280.19,27.385100993516332,False
8119,Pinnacle Grape Vodka,207.84,20.015396458814468,False
8120,Tribuno Sweet Vermouth,71058.14,20.430115395646443,False
8122,Ty Ku Liqueur,296.91,23.067596241285248,False
8123,Mouton Cadet Red Brdx,68651.97,40.998648691363115,False
8124,Mouton Cadet White Brdx,38801.05,39.199454653933344,False
8128,Espolon Anejo Tequila,45282.57,35.55270824955386,False
8130,Bacardi Superior Rum,60147.54,27.906976744186046,False
8131,Lillet White French Aperiti,86729.79,42.30127848804891,False
8135,Choco Lat Liqueur,56433.65,23.111919927206568,False
8136,Lazzaroni Amaretto,3618.19,8.104052026013001,False
8143,Perrier Jouet Grand Brut,238310.5,38.04289781608448,False
8144,Corralejo Reposado Tequila,109744.35,27.299491955622322,False
8149,Sebastiani Cab Svgn Sonoma,35922.03,43.721860930465226,False
8151,St Elder Elderflower Liqueur,410.85,28.282828282828294,False
8152,Skinnygirl Mojito RTD,15779.89,30.673534479644665,False
8154,Cazadores Reposado Tequila,67818.81,28.55234410630324,False
8155,Black Velvet Plastic,93900.98,35.54640217812423,False
8159,Jose Cuervo Especial,1549701.9,25.532071684238094,False
8166,Mount Gay Eclipse,217855.92,26.27920324588839,False
8170,Courvoisier VS Cognac,31711.94,27.424749163879596,False
8171,Leroux Blackberry Brandy,34574.76,28.282828282828294,False
8172,DK Burst Blustery Peppermint,45084.6,28.282828282828287,False
8173,Amarula Cream Liqueur,108737.41,32.24914957970768,False
8178,Bulleit Bourbon,724379.96,30.485923437197233,False
8184,Kahlua,119085.58,22.11055276381909,False
8187,Wild Turkey,105353.21,31.508085989976014,False
8189,Camarena Silver Tequila,136885.21,20.00625195373554,False
8190,Gran Centenario Rosangel,21154.77,23.076923076923073,False
8191,Savory & James Deluxe Cream,42804.12,26.13654947234052,False
8198,Crema de Alba Cream Liqueur,44.97,,False
8200,Chambord Liqueur de France,42048.37,27.090301003344475,False
8202,Sambuca Romana,606781.84,30.105475800000864,False
8203,Grand Marnier,139414.73,49.49832775919732,False
8205,Frangelico Hazelnut Liqueur,34414.16,47.16558532882976,False
8207,Richards Wild Irish White,195.51,22.55639097744361,False
8212,Krupnik Spiced Honey Liqueur,25575.8,27.04353334011057,False
8214,E & J Brandy VS,138201.66,25.925925925925924,False
8218,Camarena Reposado Tequila,115963.75,25.38293216630197,False
8221,Grand Mayan Silver Agave,22717.16,20.002500312539066,False
8223,Dom Chandon Blanc de Noir C,139587.53,31.370001317452928,False
8228,Wild Turkey Diamond Annivsry,5534.59,20.001481591228977,False
8231,Folonari Valpolicella,20209.1,33.496296222988654,False
8232,Riunite Lambrusco,65995.46,26.684411321627284,False
8233,Beaulieu Cab Svgn Rutherford,54922.98,27.448182891751333,False
8235,Riunite Bianco,227.76,34.24657534246576,False
8236,Jim Beam,146467.0,28.187919463087248,False
8237,Grand Mayan Ultra Aged Teq,30996.9,25.372537253725376,False
8238,Suerte Blanco Tequila,7065.82,11.884537109634831,False
8242,Folonari Soave Dry White,20555.16,42.315408880300616,False
8246,BV Coastal Estate Pnt Nr,23527.71,31.614764037809035,False
8252,Gazdina Rakija Plum Brandy,41181.0,20.301838226366527,False
8254,Mateus Rose,6563.97,34.23050379572119,False
8258,Campari,278457.15,29.809936645548525,False
8259,Hornitos Platas Silver,11454.0,26.907630522088354,False
8261,Revolucion Silver Tequila,239.94,,False
8262,Metcalfe's Vermont Maple,60193.59,27.96139921210879,False
8264,Ch Ste Michelle Rsl,259038.34,41.195801362840726,False
8265,Cockburns Fine Ruby Port,60519.42,31.031031031031038,False
8267,Gazdina Rakija Pear Brandy,51254.85,23.86720476208593,False
8268,Paul Masson Chablis Carafe,5159.6,44.79804636018297,False
8272,Paul Masson Rose Carafe,3350.23,45.351811666661696,False
8273,El Mayor Reposado Tequila,79675.68,26.557765180039866,False
8274,Paul Masson Ruby Burgundy Ca,668.76,44.93091692086847,False
8275,El Mayor Anejo Tequila,97170.43,34.84595056335553,False
8279,Nardini Tagliatella Liqueur,849.66,25.370148059223695,False
8280,Piper Sonoma Brut,72035.83,36.779655346512975,False
8282,Berentzen Bushel & Barrel,374.22,28.282828282828287,False
8283,Korbel X Dry,12887.51,34.5357636967886,False
8284,Suerte Reposado Tequila,4428.91,22.30300457674687,False
8288,Korbel Brut,317622.81,37.95695592517426,False
8289,E.H.Taylor Jr Single Barrel,41333.11,27.004500750125025,False
8295,E.H. Taylor Jr Small Batch,44148.96,22.480620155038757,False
8296,Knob Creek Smoked Maple,185815.88,27.454854773445632,False
8298,Skinnygirl Grapefruit Marg,27534.38,27.423097959714372,False
8308,Nardini Acqua di Cedro,1174.53,23.089235694277715,False
8312,Bols Curacao Orange,109769.75,33.80712810223217,False
8322,Chi Chi's Ruby Red Margarita,4780.18,24.026291896957854,False
8323,Jose Cuervo Gold w/Marg Mix,132660.36,24.972614276035422,False
8327,Jose Cuervo Silver w/Marg Mx,37477.8,35.19683652722412,False
8329,R Mondavi Chard Pvt Sel,117955.98,42.79937312207486,False
8337,Marcati Limoncello,12224.54,-6.10133387432164,False
8338,The Glenlivet 12 Yr Single,179479.86,30.456342009627146,False
8339,The Glenlivet 12 Yr Single,544906.37,30.904234061348916,False
8342,Korbel X Dry,209317.89,36.02395380538184,False
8345,R M Woodbridge Cab Svgn Cal,141624.64,42.56767748888894,False
8346,Marques de Riscal Rioja Red,116302.32,36.23752303479416,False
8348,Cabrito Reposado,683.62,,False
8351,Arrow Kirsch,17023.51,24.840764331210185,False
8358,Bacardi 151 Proof,161219.35,27.513756878439217,False
8359,R M Woodbridge Svgn Bl Cal,42736.36,44.83011655648726,False
8361,Carlo Rossi Chablis Calif,73331.08,32.88859239492995,False
8364,Bolla Valpolicella,609.39,35.03503503503504,False
8366,Bolla Bardolino,6721.79,37.35835246266247,False
8367,Carlo Rossi Rhine Calif,26607.25,33.755837224816545,False
8368,Bacardi Superior Rum,29694.78,24.12060301507537,False
8369,Pernod Anise Liqueur,40090.47,30.228356015781305,False
8370,Chi Chi's Margarita,130515.97,33.050238986079634,False
8379,Wild Turkey 101,51221.28,36.36363636363636,False
8385,Glenfiddich 1978 Rare Collct,3499.99,22.48063565895902,False
8386,Dry Sack Sherry,63214.14,26.98295033358043,False
8387,Wild Turkey 101,149388.44,23.419643447645615,False
8391,Cabrito Blanco,1043.42,25.90327959977766,False
8393,Casamigos Reposado,119878.34,34.200406845807166,False
8395,Casamigos Anejo,126810.95,35.12504243521556,False
8398,Casamigos Blanco,144663.93,33.023864345452246,False
8401,Bols Blue Curacao,10088.82,24.840764331210195,False
8402,Spud Pumpkin Spice Vodka,3673.53,40.29611844737896,False
8408,Wild Turkey American Honey,92830.69,39.44512315916213,False
8409,Christian Bros Cream Sherry,5943.93,35.10253317249698,False
8411,Lulu B Cran Cosmo,76.93,,False
8412,Tequila Ocho Plata Fresno,15346.93,28.565713142628518,False
8413,St Elder Elderflower Liqueur,175762.3,20.622568093385205,False
8419,Ocho Tequila Plata Corrales,41.94,,False
8420,Frangelico Hazelnut Liqueur,71714.31,23.531300796173035,False
8421,Beringer Classic Wh Znfdl,210632.5,37.64382039808672,False
8422,Paul Masson Carafe Wh Znfdl,1467.24,42.062648237507155,False
8423,Paul Masson Wh Znfdl,12164.56,40.4716652308016,False
8424,1800 Coconut Tequila,199138.59,34.222749091474434,False
8425,Studebaker Manhattan RTD,14610.27,19.738581148739897,False
8428,Trader Vics Macadamia Nut,11258.43,22.56122745356147,False
8432,Berentzen Icemint Schnapps,176.22,,False
8434,1800 Select Silver Tequila,2129.29,31.87729243081027,False
8437,Maestro Dobel Diamond Tequla,66066.98,28.238554267199746,False
8438,Capt Morgan White Grapefruit,1797.84,27.27272727272727,False
8440,Bailey's Espresso Creme,115722.08,27.597015193643248,False
8441,Baileys Irish Cream,237351.59,30.508272558865094,False
8442,1800 Silver Tequila,63983.5,33.72353809966632,False
8443,Forbidden Secret Wh Choc Cr,17376.65,16.672661301228956,False
8444,Tres Agaves Blanco Tequila,32045.03,29.655675154618365,False
8446,Richards Wild Irish Rose Red,13201.96,22.537562604340565,False
8447,Studebaker Old Fashioned RTD,10625.43,11.302977855955005,False
8448,Cruzan Aged Dark Rum,73330.07,26.333862765984,False
8450,E & J Brandy VS,187580.8,30.397354100206414,False
8451,Cruzan Aged Dark Rum,269353.28,27.68141527736362,False
8452,Cruzan Aged Light Rum,102788.44,26.5266794592855,False
8453,1800 Silver Tequila,18307.98,24.372759856630825,False
8454,Tres Agaves Anejo Tequila,23879.87,25.952695722380387,False
8455,R Mondavi Fume Bl Napa Vly,44623.18,29.73122937450894,False
8456,Harwood Canadian,728.46,28.539659006671602,False
8458,Agave Underground Tequila,24975.95,25.847265068996382,False
8459,Pardiac VS French Brandy,1305.0,1.992337164750958,False
8460,Berentzen Icemint Schnapps,159.9,,False
8462,Frangelico Hazelnut Liqueur,247420.17,31.053697036906897,False
8464,Ch de Montfort Vouvray,30814.33,31.95302315513594,False
8467,Capt Morgan White Coconut,991.98,26.26262626262626,False
8469,1800 Reposado Gold Tequila,195273.25,33.471302392928884,False
8470,1800 Reposado Gold Tequila,19234.26,25.448028673835115,False
8472,1800 Silver Tequila,331230.36,34.99498053258161,False
8473,1800 Silver Tequila,306667.95,34.609991034276646,False
8474,1800 Reposado Gold Tequila,230884.46,34.37779225158765,False
8475,J Roget Extra Dry,43493.42,31.284916201117312,False
8476,1800 Reposado Gold Tequila,49957.46,32.520748652953934,False
8480,Clan MacGregor,329242.0,26.92760947874208,False
8482,Cabot Trail Cana Cream Maple,45284.11,24.664700266826493,False
8483,Rastignac VSOP Cognac,5209.19,9.034226050499209,False
8484,1800 Coconut Tequila,14122.98,22.58064516129032,False
8485,Gozio Amaretto,80290.93,27.383317144290135,False
8489,Rastignac XO Cognac,8734.26,12.94282515061379,False
8491,Forbidden Secret Dark Mocha,34479.04,26.609557574688857,False
8495,Capt Morgan White Pineapple,471.24,28.282828282828287,False
8496,Jadot Chardonnay,46787.84,25.09609334391158,False
8497,Kamora Coffee,85408.45,27.413446795955203,False
8498,R M Woodbridge Svgn Bl Cal,402153.9,42.04348136372668,False
8500,Stolichnaya Chocolat Kokonut,38166.0,35.49861132945553,False
8501,Mother's Pumpkn Spice Liquer,13880.56,45.7174638487208,False
8504,R M Woodbridge Cab Svgn Cal,686725.33,41.60470533393606,False
8505,Hussong's Repasado Tequila,19158.66,11.611041690807188,False
8506,Myers Original Dark Rum,449036.67,30.197491443182123,False
8508,Celtic Honey Liqueur,659.7,27.012278308321967,False
8512,Baileys Irish Cream,1456174.78,26.083334584327844,False
8513,Baileys Irish Cream Mini's 4,245204.17,32.894909576782496,False
8515,Baileys Chocolate Cherry,102789.77,28.60570657955554,False
8517,Baileys Salted Caramel,231267.08,32.32624375246144,False
8518,Ke Ke Beach,988.14,22.45430809399478,False
8519,Dekuyper Orange Curacao,10266.35,20.801940319587782,False
8520,Brady's Irish Cream,54299.23,28.033786114462387,False
8522,Dekuyper Peachtree Scnapps,6537.96,28.28282828282828,False
8523,Glen Ellen Chard RSV,20962.99,35.47094188376754,False
8525,Fetzer Sundial Chard,5046.29,45.11849299188116,False
8526,Chambord Royale de France,355263.51,28.410021620289683,False
8527,Concannon Glen Ellen Wh Zin,15.95,58.6206896551724,True
8534,M & R Asti,31824.87,32.8881469115192,False
8535,Arrow Peppermint Schnapps,25608.6,5.508305803519125,False
8537,Dom Chandon Brut Cuvee,312343.97,37.15928948460249,False
8539,DeKuyper Fleur Elderflower,379.81,27.51375687843922,False
8543,Kringle Cream,5684.66,12.984417713636345,False
8544,Baileys Coffee,498.69,,False
8550,S S Pierce Vodka,3522.18,24.81985588470776,False
8553,Dekuyper Blue Curacao,20909.31,25.879046223906972,False
8558,Irishman Cream Liqueur,129.9,20.01539645881447,False
8562,DeKuyper Peachtree Trav,205463.74,27.4726333707349,False
8563,Chi Chi's Chocolate Malt RTD,461.58,20.655141037306638,False
8565,Skinnygirl Sprklng Margarita,3302.45,39.23147965904101,False
8567,Cribari Chianti,19428.2,38.15690594084887,False
8570,Chi Chi's Churro RTD,736.33,,False
8575,The King's Ginger Liqueur,11006.33,24.241413804601535,False
8576,E & J Brandy VS,83752.16,26.45290581162325,False
8579,Chi Chi's Orange Cream RTD,5914.78,26.637677140992555,False
8580,Alize Coco Liqueur,95.94,21.263289555972488,False
8581,Stagg Jr Bourbon,23395.32,27.005401080216046,False
8587,Vat 69 Gold,32.97,,False
8590,Arrow Peppermint Schnapps,108474.03,34.11161178394496,False
8599,Jenkins Amaretto,52580.41,31.10369432265742,False
8606,Baileys Espresso Creme,10360.35,26.262626262626267,False
8609,Duboeuf Beaujolais Villages,42893.7,31.871347074278972,False
8612,Grand Marnier,351316.84,28.105456032224367,False
8614,Sutter Home Znfdl,431.28,32.3873121869783,False
8616,Olmeca Altos Reposado,1171.56,38.33179692034552,False
8617,Bacardi Black,39598.44,35.432708965302666,False
8618,Olmeca Altos Plata Blanco,337.87,33.39746056175453,False
8619,Canadian Club,70083.97,30.921150728190767,False
8620,Sambuca Romana,138880.17,27.022518765638036,False
8621,Sho Chiku Bai Takara Sake,39507.49,27.027027027027025,False
8622,Dom Perignon,589317.73,39.01075570897892,False
8623,Casamigos Anejo Tequila,23486.45,21.739130434782624,False
8626,Ezra Brooks,326500.2,35.01976415328383,False
8627,Jadot Beaujolais Villages,222471.82,41.6270923661253,False
8628,Jadot Macon Villages Blanc,120124.34,50.14107881883055,False
8629,Ezra Brooks Cinnamon Bourbon,56.97,41.96945760926803,True
8630,Fontana Candida Frascati,23326.6,31.058105338969245,False
8632,Arak-Gantous & Abouraad,23676.83,33.95040636774434,False
8634,Manischewitz Cream White Cnd,1839.89,30.044730935001557,False
8637,Metaxa Ouzo,45723.18,26.82626186542581,False
8642,Jose Cuervo RTD Pink Lemonad,40148.49,8.19582504846384,False
8652,Grande Absente Absinthe,47355.16,25.628886060146343,False
8653,M & R Extra Dry Vermouth,77345.09,33.2703213610586,False
8654,M & R Sweet Vermouth,50572.4,32.892249527410215,False
8655,Plomari Ouzo,47849.83,30.158372558481407,False
8658,Absente 'Absinthe Refined',61679.12,33.5518405580365,False
8660,Drambuie Liqueur,56149.89,22.151957911226546,False
8664,Asbach Uralt German Brandy,44350.95,37.331782070057116,False
8670,Arrow Coffee Brandy,255130.42,38.43823092518721,False
8671,Appleton Est VX Jamaican Rum,48949.89,28.63029927135689,False
8673,Skinnygirl Margarita,122034.44,27.4100655519868,False
8674,Riunite Moscato,37990.76,39.21342979187571,False
8676,Barterhouse Bourbon,17622.65,28.057074276570216,False
8677,Wild Turkey Rare Breed,29904.96,26.146431896247318,False
8678,Banfi Chianti Clsc RSV,219699.09,39.79942292887968,False
8680,Crown Royal,1884307.34,26.484493766287624,False
8687,Paul Masson Ruby Burgundy,8454.25,39.314545938433334,False
8688,Paul Masson Chablis,8297.38,39.204423565028954,False
8689,Paul Masson Rose,42234.28,40.50027607905237,False
8691,Jose Cuervo Especial,494108.17,24.417825351886,False
8692,Grey Goose VX,599.92,28.057074276570198,False
8693,Ezra Brooks,92130.39,30.55327346383751,False
8694,Skinnygirl Cosmopolitan,66501.05,26.76950213568056,False
8696,Gekkeikan Plum Wine,37208.8,31.24852185504504,False
8699,Livingston Rhine Calif,465.41,41.30551556691949,False
8700,Beringer Knights Vly Cab Svg,137281.11,40.30080322048678,False
8701,Sheffield Cream Sherry,48960.99,32.93293293293292,False
8704,Beringer Chard Napa Vly,25874.83,49.22780168990483,False
8705,Livingston Clrs Red Rose,497.37,39.706858073466435,False
8708,Kamchatka Vodka,3547.56,26.550079491255968,False
8712,Cuervo RTD Golden Grapefruit,22655.57,6.694821626646339,False
8717,Sandeman Rainwater Madeira,4739.04,37.16533306323643,False
8718,Gallo Twin Vly Svgn Bl Cal,219.56,31.062124248497003,False
8720,Arrow Blue Curacao,4554.3,25.406758448060078,False
8725,Chambord Royale de France,97193.7,28.97975897614763,False
8726,Baileys Irish Cream,143676.01,28.14070351758795,False
8727,Monkey Shoulder Scotch,128154.43,25.16685533227372,False
8728,Blue Nun Authentic White,16649.73,41.70986556538755,False
8729,Smirnoff Light Strawberry,5.94,25.252525252525267,False
8730,Ruffino Orvieto Clsc,81866.31,28.99460107582716,False
8737,Freixenet Cordon Negro Brut,142631.76,41.81144508067488,False
8741,J Drouhin Chablis,34061.37,34.65386154461786,False
8744,Jadot Bourgogne Pinot Noir,50669.17,32.33250120339449,False
8746,Cavit Pinot Grigio,212476.74,41.110485787761995,False
8749,Lugny Les Charmes Macon,53034.02,37.209361085582415,False
8761,Jose Cuervo Especial,125246.73,34.274403810782125,False
8767,Metcalfe's Raspberry Liqueur,3388.87,34.378126042013996,False
8778,Bulleit Bourbon,525233.04,23.351577425517643,False
8780,Sandeman Fine Rich Madeira,38503.93,36.67423039674131,False
8781,Rodney Strong Cab Svgn,172021.99,41.80144061814422,False
8787,Torresella Pinot Grigio Ven,17597.53,52.52231421114213,False
8788,Stolichnaya,30327.6,23.11557788944723,False
8790,Bolla Valpolicella,63147.64,38.58392807712212,False
8793,Fabrizia's Margarita RTD,94406.84,21.52674530786117,False
8801,Smirnoff Wh Peach Sorbet,346.5,21.21212121212121,False
8808,Salignac VS Cognac,51556.4,25.320619748469642,False
8815,Ch Ste Michelle Chard Colmbi,431702.35,31.68369595393677,False
8818,Jack Daniel BTB NE Tap House,599.88,25.9251850370074,False
8819,Leroux Blackberry Brandy,73185.61,31.436111552530623,False
8822,Absolut 80 Proof,134334.95,26.63316582914573,False
8823,Leroux Apricot Brandy,74626.86,27.270315272543964,False
8828,Lunazul Blanco Tequila,40011.14,10.558909343747763,False
8837,Santa Rita 120 Cab Svgn,55545.27,31.05175292153589,False
8838,Ch Ste Michelle Cab Svgn Col,344457.47,42.392809771261454,False
8840,Burnetts Gin,166549.45,36.64956563951428,False
8847,J Roget Extra Dry,46212.85,33.72287145242069,False
8848,Deep Eddy Lemon Vodka,6712.2,22.222222222222214,False
8849,Mr Boston Amaretto Liqueur,277.92,27.979274611398967,False
8872,Kru Peach Mango Vodka,7.92,,False
8875,Freixenet Cordon Negro Brut,22332.44,34.375822794105794,False
8877,Latour Beaujolais Villages,8482.22,38.12657535409362,False
8892,R Mondavi Cab Svgn Napa,94516.2,37.40755553016308,False
8893,Yukon Jack,80838.42,25.3678634490877,False
8895,Gloria Ferrer Brut,19145.84,34.14464969936028,False
8897,Moet & Chandon Brut Imprl Ro,111649.14,37.31675855273047,False
8898,Yukon Jack,127610.9,27.549057329742215,False
8905,Livingston Cellars Red Rose,53307.54,34.61217681401168,False
8907,Carlo Rossi Burgundy Calif,17328.21,33.76251788268955,False
8908,Carlo Rossi Rhine Calif,964.62,34.620886981401995,False
8909,Carlo Rossi Chablis Calif,2816.97,35.479256080114446,False
8910,Finlandia Vodka,114950.88,22.22222222222222,False
8912,Orgullo Pueblo Viejo Anejo,44.99,,False
8914,Egri Bikaver Bulls Blood Eg,723.81,28.026692087702575,False
8918,Beat 3 Reserve,11236.58,25.09624814667809,False
8921,Sterling Cab Svgn,162549.0,40.238451174722705,False
8922,Taylor Lake Country Red,57008.65,32.415519399249064,False
8923,Taylor Lake Country Wh,63.92,34.167709637046315,False
8929,Sebastiani Chard Sonoma,39102.43,54.656014984235,False
8930,Pueblo Viejo Blanco Tequila,31.98,24.828017510944346,False
8943,Malibu Rum Sparkler RTD,7117.89,22.68579593109756,False
8958,Malibu Peach Sparkler RTD,5284.73,20.32270333583739,False
8961,Jose Cuervo Especial,126761.75,24.83221476510066,False
8962,Pimms Cup No 1,72967.74,27.4311634155039,False
8965,St George Absinthe Verte,18931.58,28.01076296854251,False
8970,Ice Box Manhattan,80009.4,25.50200351458703,False
8976,Beat 3 White Kosher Whiskey,2426.17,31.61361322578386,False
8978,Riunite Lambrusco,49737.85,32.486627387392105,False
8979,Bols Cassis Foam,0.0,,False
8985,J Roget Spumante,50405.85,25.87646076794656,False
8986,Sauza Blue Silver VAP,15962.44,28.01150701271235,False
9028,Prairie Organic Gin,5971.14,25.07728842398605,False
9031,Tempus Fugit de Violettes,32.99,21.885419824189153,False
9035,Tempus Fugit Gran Classico,39.99,24.231057764441115,False
9037,Prairie Organic Cucumber Vod,74104.83,40.160702075694665,False
9066,American Harvest Organic,16794.75,23.66364488902782,False
9090,Harmon Buffalo Trace Barrel,3898.44,24.249699879951983,False
9092,Junipero Gin,23757.38,29.78948015311453,False
9102,Scorpion Anejo Mexcal,359.92,25.91687041564793,False
9103,Scorpion Silver,209.94,22.492140611603315,False
9104,Oro de Oaxaca Mezcal,311.88,26.47171989226626,False
9105,Loukatos Tsipouro Brandy,139.93,25.912956478239124,False
9109,Deep Eddy Ruby Red Vodka,34107.48,23.23232323232324,False
9115,Caffo Limoncino Dell'l Sola,11186.84,29.130120749022964,False
9116,KAH Tequila 3/50mLs Pak,5122.95,25.930372148859536,False
9118,Caffo Sambuca Secolare,11412.76,29.807513695197308,False
9123,Deep Eddy Vodka,1.98,25.252525252525253,False
9126,Caffo Grappa Italiana,373.83,34.65211459754434,False
9129,Peychaud's Bitters,16651.63,23.046092184368742,False
9131,Caffo Dominique Brandy Rsva,344.85,,False
9136,Caffo Amaretto Liqueur,9515.08,27.06293588703405,False
9140,Caffo Vecchio Amaro del Capo,4815.81,25.920873124147352,False
9144,Caffo Anisette di Calabria,143.92,,False
9145,Smirnoff Kissed Caramel,91264.14,24.242424242424242,False
9147,Green Spot Irish Whiskey,29503.69,34.81215400514308,False
9160,Deep Eddy Peach Vodka,18284.31,27.272727272727277,False
9191,Mojoshot Blue Lagoon RTD,316.8,26.262626262626267,False
9195,Svedka Strwbry Lemonad Vodka,118.8,23.23232323232323,False
9219,Mojoshot Sourberry RTD,162.36,,False
9256,Don Ramon Silver Tequila,18548.11,29.979658304808414,False
9291,Grand Marnier Quintessence,4799.94,22.480281003512545,False
9304,Arak Razzouk,18801.45,34.60663938153706,False
9358,KAH Reposado Tequila,40413.09,28.220831418730913,False
9359,KAH Extra Aged Tequila,1249.95,28.0571222848914,False
9360,KAH Blanco Tequila,38147.1,25.46720458435896,False
9361,KAH Anejo Tequila,24096.44,28.34626193744802,False
9373,Rothman & Winter Pear Liquer,21.99,21.282401091405184,False
9376,St Elizabeth Allspice Dram,179.94,25.941980660220075,False
9388,Hennessy Privilege VSOP,97947.7,29.478486988464255,False
9439,Cointreau VAP,3251.0,33.95878191325746,False
9823,Silo Vodka,1902.41,17.16349262251565,False
10009,Long Lake Cab Svgn Cal,209.65,31.0517529215359,False
10010,Long Lake Chard Cal,35.94,35.559265442404005,False
10011,Long Lake Merlot Cal,89.85,44.90818030050083,True
10021,Clayhouse Syrah Paso Robles,5424.22,45.016610683195005,False
10030,Pacifico Sur Pnt Nr Rsv,2387.58,47.3952705249667,False
10032,J Lohr October Night Chard,4697.65,33.316658329164575,False
10051,Joseph Phelps Cab Svgn Napa,49708.1,38.49493342131362,False
10054,Rozes White RSV Porto,892.53,34.228541337546076,False
10057,Rocca delle Macie Sasyr Tscn,1052.19,35.02694380292533,False
10058,F Coppola Dmd Ivry Cab Svgn,293349.46,33.65364299630891,False
10062,Terroirs du Rhone,18518.71,33.93238513913766,False
10121,Columbia Crest 08 Cab Svgn,1115.69,34.31508752431231,False
10122,Columbia Crest Walter Clore,500.79,33.49308093212724,False
10124,Tormaresca Neprica Puglia,709.39,36.96979094715178,False
10126,Creta Olympias Vin Crete Red,143.88,,False
10127,Creta Olympias Vin Crete Wh,287.76,,False
10162,Veuve Clicquot Brut Yellow,2414.9,31.50855107871962,False
10163,Andre Bjls Vlgs La Treille,2795.88,30.24021059559066,False
10164,Andre Bourgogne Pnt Nr RSV,12986.04,35.94506100397043,False
10175,Big House Birdman Pnt Grigio,8567.64,31.18478367438407,False
10205,R Mondavi Pnt Nr Napa Vly,14598.63,37.503519165839535,False
10227,Due Torri Pnt Nr del Venezie,9372.38,36.772516692665036,False
10228,Pinecroft Cab Svgn Cal,197.4,32.522796352583576,False
10229,Pinecroft Chard Cal,236.88,31.61094224924012,False
10233,Gallo Twin Vly Moscato,126.27,32.96903460837887,False
10235,Sheffield Marsala Silver Lne,7982.89,34.31839847473785,False
10236,Layer Cake Malbec Mendoza,178565.6,43.38627372797448,False
10238,Layer Cake Primitivo Puglia,34630.61,34.15726722688396,False
10239,Cannonball Cab Svgn Cal,71724.58,38.702520112352005,False
10242,Rosenblum RSV Znfdl Monte Rs,7476.6,31.014097316962257,False
10254,Beringer Classic Chard,54530.87,37.50180402403263,False
10259,Hobo Znfdl Dry Creek,959.52,32.86643321660831,False
10264,Fort Ross Pnt Nr Sonoma Cst,37307.56,34.64488162720906,False
10265,Fort Ross RSV Pnt Nr Sonoma,65.99,32.883770268222456,False
10266,Klinker Brick Old Vine Znfdl,164001.51,40.131392692664846,False
10267,Klinker Brick Old Ghst Znfdl,5706.48,34.34131022977387,False
10273,Rebel Newmans Own Cab Svgn,529.47,33.733733733733736,False
10274,Rebel Newmans Own Chard,199.8,35.03503503503504,False
10283,M D 20/20 Orange Jubilee,12811.89,35.58897243107771,False
10296,Alamos Slcn Malbec Mendoza,62768.16,39.01713862569813,False
10298,Alamos Torrontes,31632.47,52.65083630838819,False
10319,Five Oaks Wh Znfdl Cal,136.44,35.35620052770449,False
10336,Poema Brut Cava Penedes,371.69,32.44370308590492,False
10337,Poema Cava X-Dry Penedes,131.89,32.443703085904914,False
10357,Gnarly Head Chard Cal,38362.27,36.99582949601261,False
10358,Gnarly Head Merlot Cal,142.84,32.00784094091291,False
10359,Adelsheim Elizbth RSV Pnt Nr,2561.45,37.666165648363226,False
10370,Bouvier Marsannay Rose,545.79,34.62870334744132,False
10372,Hazlitt Red Cat Finger Lakes,20740.75,37.68185817774189,False
10374,Hazlitt White Cat Fngr Lakes,935.93,40.66543438077633,False
10380,Santa Cristina Pnt Grigio,7543.08,39.65621470274742,False
10398,Spring Vly Frederick Rd,2009.4,31.710958495073154,False
10399,Spring Vly Uriah Walla Walla,380.89,38.39953792433511,False
10400,Rodney Strong Symmetry,5863.98,37.29344233779788,False
10402,Silver Oak Cab Svgn Napa,1619.97,31.03390803533399,False
10414,Le Cirque Rose,20565.3,43.60257326661902,False
10415,Le Pive Rose Gris,26937.03,42.62841894596397,False
10420,Barefoot Moscato Cal,93955.78,42.98041057186689,False
10421,Barefoot Moscato Cal,219454.37,44.24348897677453,False
10422,Mirassou Pnt Grigio Cal,23666.31,39.23923923923924,False
10440,Ridge East Branch Znfdl,3448.85,39.77992664221408,False
10441,Charles Smith Boom Boom Syra,25528.14,36.25975100418597,False
10442,K Vntrs The Boy Grenache/Syr,551.88,,False
10443,Charles Smith Kung Fu Girl R,86163.09,43.111951997079025,False
10451,Line 39 Cab Svgn Lake Cnty,132793.46,45.7668623138519,False
10452,Line 39 Lk Cnty Petite Sirah,13834.76,37.522009778268654,False
10453,Line 39 Svgn Bl Lake County,52274.45,45.44487794706591,False
10454,Redtree Cab Svgn Cal,143.84,31.92436040044494,False
10455,Redtree Chard Cal,26.97,32.48053392658509,False
10457,Redtree Pnt Grigio Cal,17.98,33.815350389321466,False
10463,Josef Weinberg Radiance Mosl,359.64,31.531531531531527,False
10469,Easton Svgn Bl Sierra Foothl,14806.59,41.38339752772245,False
10470,Easton Amador Cnty Znfdl,10616.04,35.99873399120576,False
10472,Clos du Bois Pnt Nr Cal,232387.49,34.30516849250361,False
10531,Franciscan Est Svgn Bl Napa,6726.69,36.823905962665144,False
10544,King Est Domaine Ore Pnt Nr,77.94,,False
10576,Diseno Malbec Mendoza,12328.13,37.51177185834347,False
10578,Flying Fish Rsl Wash,155.88,32.87143956889914,False
10579,High Note Malbec Mendoza,59715.35,39.19369140430392,False
10581,Fat Bastard Pnt Nr,13313.74,39.039518572542356,False
10589,Vendange Wh Znfdl,47.88,33.33333333333333,False
10591,J Lohr Fogs Ranch Pnt Nr,3406.84,36.634535229127295,False
10596,Almaden Mt Rhine Calif B/B,106528.44,37.4681915927803,False
10603,Parducci Petite Sirah,14619.44,34.877943341195014,False
10606,Parducci Cab Svgn,7521.45,33.99012158559852,False
10609,Oyster Bay Chard Marlboro,127787.99,20.70303320366805,False
10618,14 Hands Rsl Wash,531.48,33.077444118311135,False
10620,Santa Christina Chianti Supr,179.88,,False
10621,Righetti Campolieti Valpo,6592.12,31.95997645673926,False
10623,Querceto La Corte Toscana,2988.38,33.67175526539464,False
10624,Querceto Il Querciolaia Tosc,4538.22,35.13492073984954,False
10625,Querceto Il Sole Alessandro,2855.58,33.431386968671866,False
10626,MezzaCorona Pnt Nr,72530.69,27.56609650342496,False
10631,Little Black Dress Pnt Nr,125.88,40.89609151572926,True
10632,Vendange Chard,22.47,43.39118825100133,True
10642,Marques de Murrieta RSV Rioj,1178.53,20.797943200427653,False
10647,Fish Eye Cab Svgn,7628.51,32.901706886403765,False
10650,Gaia Notios Nemea Wh,2958.15,33.77110694183866,False
10666,Clayhouse Adobe Cntrl Cst Wh,31188.64,-39.867079808545675,False
10676,W Hill RSV Cab Svgn,11564.31,34.635961851593386,False
10680,Segura Viudas Brut RSV,29658.16,37.44345569650984,False
10701,Yellow Tail Bubbles Rose,1618.38,33.733733733733736,False
10702,Kris Pnt Nr delle Venezie,19482.18,34.63205862998905,False
10704,Brownstone Cab Svgn Cal,1357.49,31.92436040044494,False
10705,Brownstone Chard Cal,278.69,32.92547274749722,False
10706,Brownstone Merlot Cal,467.48,31.92436040044494,False
10707,Howling Moon Pnt Grigio Lodi,459.54,33.73373373373374,False
10708,Howling Moon Pnt Nr N Cst,2798.0,35.09649749821301,False
10715,C Y Toro Privada Rsv Casa Di,17018.14,36.30302724034471,False
10722,R M Woodbridge Chard,4971.59,41.57362131631933,False
10723,R M Woodbridge Chard,283128.36,38.325923973140654,False
10724,Canyon Rd Wh Znfdl,1566.33,34.23799582463465,False
10727,Starborough Svgn Bl Marlboro,237069.63,42.43579407450883,False
10731,A Bichot Chard Bourgogne,7452.23,36.05632139641421,False
10732,A Bichot Pnt Nr Bourgogne,13745.23,37.47212669413316,False
10733,A Bichot Macon-Villages,3372.32,35.15206148882669,False
10734,A Bichot Chablis Long Depaqt,13133.61,34.054079571420196,False
10735,Ch Beauchene Rose,31591.08,31.87355418048386,False
10750,Gattinara Travaglini,15262.5,35.171171171171174,False
10762,Pacifico Sur Svgn Bl,1550.14,43.566387552092074,False
10766,Moillard Ch d'Eau VDP Rose,2230.6,39.87267999641352,False
10792,Perrier Jouet Fleur Rose,7425.53,31.97037787201721,False
10863,Sea Smoke Southing Pnt Nr,4679.28,33.328204339129094,False
10864,Sea Smoke Ten Snt Brb Pnt Nr,1117.87,31.03849284800558,False
10869,Bouza TempranilloTannat,0.0,,False
10870,Bouza Tannat Las Violetas,5664.99,44.475630142330346,False
10874,Cantine Maschio Prosecco Brt,75899.9,32.43825090678643,False
10895,Schmitt Sohne Relax Mosel,48218.77,34.91387275121286,False
10910,Marcarini Barolo Brunate,1979.67,31.0385064177363,False
10916,Piper Sonoma Bl de Bl Sonoma,13274.72,34.35703351935106,False
10917,Coyam Emiliana Colchagua Red,45.98,,False
10927,Barefoot Sparklng Pnt Grigio,31828.14,34.234234234234236,False
10931,Bridlewood Chard Monterey,11816.62,27.354353444555212,False
10932,Bridlewood Blend 175 C C,4453.27,21.85315509726561,False
10935,Grgich Hills Merlot Napa,7953.15,35.05466387531983,False
10937,Grahams 30-Yr Tawny Port,1349.85,31.5035003889321,False
10938,Grahams 40-Yr Tawny Port,1679.88,35.06679048503464,False
10957,Seaglass Svgn Bl Snt Barbara,145958.24,34.690141508968594,False
10972,L Einaudi Dolcetto Dogliani,5792.78,34.63035019455253,False
10991,Ch Nicot Bordeaux,10374.51,4.421991978416332,False
11003,Klinker Brick Farrah Syrah,7315.84,36.02921879100691,False
11016,Franzia Fruity Red Sangria,103.87,35.54443053817272,False
11022,Hogue Cab Svgn Columbia,2303.84,42.245989304812845,False
11029,M Molitor Spatlese Mosel,3944.53,33.66510078513791,False
11037,Beringer Classic Cab Svgn,12401.03,39.24569168851298,False
11038,Beringer Classic Merlot,535.07,21.612125516287595,False
11055,Ramey Cab Svgn Napa,3761.34,34.21652921565187,False
11060,Craggy Range Te Kahu Rd,299.85,33.31665832916459,False
11067,Sterling Chard,40275.33,48.708849809548425,False
11077,Nova 06 Marilyn Merlot Napa,1043.64,31.04518799586065,False
11078,Chenin Bl K Forrester Stlnbh,1427.16,32.430841671571514,False
11080,G Vigouroux Pigmentum Malbec,11411.54,27.717731349143058,False
11088,Gruet Blanc de Noir,319.68,31.531531531531538,False
11089,Jaboulet Cts Rhone Parl Rose,52482.51,48.0165487511935,False
11141,C K Mondavi Chard,125279.82,43.6227638258101,False
11143,C K Mondavi Willow Spr Chard,83.89,48.599356299916565,True
11148,Folie A Deux Chard Napa,107.94,,False
11149,Napa Cellars Svgn Bl,14950.23,23.14820574666744,False
11150,Fish Eye Rsl,191.76,31.53942428035044,False
11152,Stemmari Pt Nr,25744.04,38.785986970188056,False
11153,Canyon Rd Chard,20029.72,33.37041156840934,False
11154,Canyon Rd Cab Svgn,10608.2,32.92547274749722,False
11156,Canyon Rd Wh Znfdl,3982.57,32.48053392658509,False
11163,B Side Cab Svgn,887.63,39.30804501875782,False
11164,Ame Neyers Cab Svgn Napa,1999.75,33.77922240280035,False
11174,Sutter Home Sweet Red,649.35,33.33333333333333,False
11176,Sutter Home Sweet Red,227.62,32.38731218697829,False
11181,Fantinel Brut Rose,189.9,33.75460768825698,False
11187,Phillips Rapture Cab Svgn,5209.08,33.48691131639369,False
11190,Boillot & Fils Gvry-Chambrtn,517.93,,False
11196,Angelini Pnt Grigio Veneto,58661.03,42.89503610829881,False
11199,Carpene Malvolti Prosecco,18305.57,38.80878880034874,False
11200,Palagetto Vernaccia Gimigano,8012.49,36.3211685755614,False
11207,Livon Pnt Grigio,4789.85,31.999958245038997,False
11209,Pezzi King Svgn Bl Dry Creek,2221.29,32.409545804464976,False
11213,Meiomi Pnt Nr,503067.48,35.44517725534554,False
11214,Caymus Cab Svgn Napa Vly,534970.92,28.386395282943617,False
11216,Red Truck Znfdl Sonoma Cnty,71.94,31.943286071726433,False
11219,Josh Cellars Cab Svgn Sonoma,1095045.04,39.57979299189374,False
11227,Girard Svgn Bl Napa Vly,19401.76,38.61629048086358,False
11236,Willamette Pnt Gris Valley,0.0,,False
11238,Willamette Whole Clst Pnt Nr,43182.65,37.605959800984884,False
11239,Willamette Pnt Nr Valley,404.85,35.49462763986663,False
11240,Willamette Rsl Valley Oregon,11080.08,31.52251608291637,False
11249,Joseph Carr Merlot Napa Vly,10321.19,44.821866470823615,False
11259,Jaboulet Crozes Herm 10 Thal,1151.76,35.06980620962701,False
11263,Sequoia Grove Chard,723.66,35.67973910399911,False
11274,Nardi Brunello di Montalcino,649.87,35.62712542508502,False
11279,Cabreo Il Borgo Toscana,764.83,35.074460991331414,False
11280,Cabreo La Pietra White,1253.58,36.94538840760062,False
11285,Chiarlo Barolo Cannubi,79.99,,False
11296,Herzog Kosher Merlot,2471.17,29.056276986204914,False
11306,Clos LaChance Cab Svgn,1317.16,32.91020073491452,False
11310,Beaulieu Tapestry 05 Rsv,13565.76,36.74191493878706,False
11313,Taylor New York Marsala,284.43,32.865731462925844,False
11319,Rosenblum Vntnrs Cv Cab Svgn,116.91,44.72671285604311,True
11320,Edna Valley Paragon Svgn Bl,23877.63,33.970079945120176,False
11321,BV GDL Private Rsv Cab Svgn,4799.6,35.09459121593467,False
11333,Herzog Kosher Cab Svgn,6311.35,32.21735444873126,False
11336,Herzog Kosher Chenin Blanc,1122.86,39.591756763977685,False
11337,Freemark Abbey Merlot Napa,18311.6,39.04628759911749,False
11340,Herzog Kosher Chard,3983.06,32.092411362118575,False
11341,Herzog Kosher Wh Znfdl,97.86,32.9041487839771,False
11353,Latour Meursault AC Blanc,25316.03,50.210400287880844,False
11354,Paso a Paso Tempranillo,12611.96,37.27953466392217,False
11366,Two Oceans WestrnCape Shiraz,6964.77,36.988443265176016,False
11367,Two Oceans WstrnCape Svgn Bl,21002.13,36.79169684217744,False
11372,Au Petit Bonheur Pallieres R,224.85,,False
11373,Cooks Grand Reserve,285.64,35.09312421229519,False
11385,Poggio Al Lupo Tenuta Pnt,643.86,35.072841922157,False
11389,R Strong Rockaway Cab Svgn,145.98,,False
11395,Cadaretta Svgn Bl Semillon C,275.88,31.970421922575028,False
11396,Buried Cane Cab Svgn,6978.23,42.30800647155511,False
11397,Buried Cane Chard,4859.17,35.288742727667476,False
11414,Beringer Classic Moscato,31986.41,42.324443412061555,False
11420,Aresti Est Chardonnay,84.83,,False
11423,Ch Julien Merlot Mont Cnty,12590.2,5.841050976156055,False
11424,Ch Julien Cab Svgn Mont Cnty,371.69,32.860717264386984,False
11426,Emerald Bay Cab Svgn Cnt Cst,0.0,,False
11427,Emerald Bay Merlot Cntrl Cst,21.96,,False
11432,Undone Rsl,49.95,31.53153153153153,False
11433,Undone Pnt Nr,3496.5,31.03103103103103,False
11437,Schug Svgn Bl Sonoma Vly,8634.6,32.89555972482802,False
11440,Peter Vella Sangria B/B,55133.22,39.02601734489659,False
11441,Frei Bros Rsv Znfdl,24380.65,35.491465567981166,False
11443,Ravenswood Petite Sirah Vnts,7078.18,36.59584808524226,False
11449,Cambridge & Sunset Pnt Nr,6808.1,36.375787664693526,False
11453,Hangtime Pnt Nr Cal,560.67,31.95997645673925,False
11456,Burgess Cab Svgn Napa,66261.44,36.36069484756142,False
11460,Freemark Abbey Cab Svgn Napa,67475.35,33.32631842591406,False
11468,Wild Horse Unbridled Chard,0.0,,False
11480,Candia Vyds Noiret Vault RSV,6640.57,32.88859239492995,False
11488,C K Mondavi Cab Svgn,86267.59,26.775316199281786,False
11489,C K Mondavi Cab Svgn,517.34,33.40549735183826,False
11499,C Krug Cab Svgn,62053.75,34.59863424853454,False
11529,Benvolio Pnt Grigio Friuli,4306.05,35.82053157766399,False
11553,M by Michael Mondavi Cab Svg,9162.51,34.63821594737687,False
11640,F Coppola Emerald Pnt Grigio,28519.71,51.55206697403304,False
11653,Mas Belles Eaux Les Cot Roug,50.97,61.33019423190112,True
11668,Taittinger Brut Francaise,382.99,31.97211415441656,False
11698,Lamberti Prosecco X Dry,23979.92,34.35040650677734,False
11699,Lamberti Rose Sparkling,11018.99,3.876489587521176,False
11703,Macchia Mischievous Znfdl Lo,5247.5,31.014768937589327,False
11709,Dusky Goose Pnt Nr,719.88,,False
11743,Parducci Sustainable White,89.88,34.57943925233644,False
11744,Parducci Sustainable Red,155.88,49.73056197074673,True
11745,Colores del Sol Malbec Rsv,10931.84,31.92436040044494,False
11749,Almaden Pnt Grigio B/B,5560.71,36.101684856789866,False
11768,Carpene Malvolti Prosecco,22.98,33.33333333333333,False
11769,Carpene Malvolti Prosecco,10.58,33.270321361058606,False
11770,La Basttistina Gavi,123.92,39.76759199483538,True
11771,Palagetto Sottobosco Rosso,3557.78,34.264063545244504,False
11774,Diamond Crk Cab Svgn Volcanc,4274.81,34.210409351526735,False
11775,Diamond Creek Red Rock Cab S,4724.79,33.33481488066136,False
11776,Diamond Crk Gravelly Cab Svg,3149.86,31.508067025201118,False
11801,Arabella Chard,131.88,33.75796178343949,False
11808,Arabella Shiraz,0.0,,False
11819,Pacific Rim Vin de Glaci Rsl,3966.34,30.655465744237766,False
11820,Scagliola Dolcesvago Moscato,104.79,33.26653306613226,False
11821,Slingshot Cab Svgn,33055.82,38.14741246775908,False
11825,Cupcake Cab Svgn,208652.63,38.05282013459404,False
11826,Cupcake Chard,350764.84,37.27207094074766,False
11827,Cupcake Merlot,121553.51,36.9567855342063,False
11828,Cupcake Svgn Bl,361343.84,47.4107487206645,False
11854,Trivento Amado Sur Malbec,28731.54,34.49192072544666,False
11856,Albola Chianti,3025.49,37.52978856317489,False
11868,Columbia Crest Two Vines Rsl,625.62,34.87420478884946,False
11873,Columbia Crest Svgn Bl Wash,43.94,38.006372325898944,True
11880,R Stemmler Carneros Chard,184.95,31.981616653149498,False
11881,R Stemmler Carneros Pnt Nr E,73.98,31.035414977020814,False
11888,Penfolds Koonunga Hills Shir,48732.74,42.42724706224193,False
11891,Penfolds Bin 389 Cab/Shiraz,27000.79,38.05244216928468,False
11915,Sequoia Grove Cab Svgn,65067.5,38.248741691320554,False
11917,Ch de Beaucastel Pape Rouge,823.96,33.33171513180251,False
11918,Ch de Beaucastel Pape Blanc,999.92,31.50652052164173,False
11926,The Crusher Cab Svgn,10757.43,35.86897614021193,False
11928,Finca Abril Malbec 1922,271.91,32.477658048619034,False
11932,Castello Banfi Belnero Prop,8887.39,35.99707000592975,False
11939,Colimoro Montepul D'Abruzzo,131.88,31.02820746132847,False
11957,Souverain Cab Svgn N Cst,110650.75,17.572135751452205,False
11970,Zaccagnini Montepulciano Rsv,264292.94,47.600938564609415,False
11997,Dom Pierre Damoy Chapelle-Ch,339.96,,False
12005,Nino Negri Sforzato Valtl,740.87,32.42674153360239,False
12021,Jargon Pinot Nr CA,458.7,41.356006104207545,False
12024,Terre Rouge Syrah Les Cotes,9813.79,38.62962219489107,False
12039,Dom de la Fruitiere Chard,2230.14,31.025854879065882,False
12052,Firesteed Rsl,1088.31,45.79209967748159,False
12067,Casalini Pnt Grigio,6535.65,34.620886981402,False
12069,Gnarly Head Pnt Grigio,43697.38,36.15814037363338,False
12073,Montevina Cab Svgn,93.9,19.80830670926518,False
12076,Chapoutier Hrmtage La Sizera,2399.7,33.32916614576823,False
12078,F Coppola Votre Sante Pnt Nr,12040.79,36.5732647110364,False
12079,F Coppola Votre Sante Chard,5063.55,34.70292581291782,False
12084,Monastero Lunanuova Chianti,71.98,,False
12086,Candia Vyds Classic Cab Svgn,7092.93,31.02215868477484,False
12089,Northstar Merlot Walla Walla,2557.31,31.25119754742287,False
12090,Lombardo Marsala Fine IP 421,76.93,31.938125568698823,False
12097,Felino Vina Cobos Cab Svgn,1439.28,32.86643321660831,False
12109,La Crema Pnt Nr Monterey,61101.23,35.889326614210546,False
12110,La Crema Chardonnay Monterey,100054.27,35.52713942143599,False
12111,LaBelle Winery Cranberry,64023.96,32.89555972482802,False
12113,Peter Lehmann Layers White,19623.44,33.79224030037547,False
12115,Long Lake Pnt Grigio Cal,17.97,33.388981636060095,False
12116,Lindemans Bin 85 Pnt Grigio,19779.2,29.718896618670115,False
12117,Antinori Cervaro della Salla,271.92,37.65813474551339,False
12123,Barefoot Cellars Rsl,55077.9,42.79102870661372,False
12124,Gallo Family Vyds Sweet Red,354.29,35.07014028056112,False
12125,Gallo Family Vyds Sweet Red,49.95,32.932932932932935,False
12133,Pro.mis.Q.ous White CA,191.89,31.502423263327945,False
12134,Pro.mis.Q.ous Red CA,461.58,33.30300272975432,False
12139,Silver Oak Cab Svgn Napa Vly,6599.7,31.97418064457475,False
12140,Natura Valle Svgn Bl Casabla,17887.49,38.84323625058631,False
12146,A by Acacia Red Cal,143.88,45.204336947456206,True
12147,Sterling Vintners CA Meritag,127382.74,38.762661252223026,False
12149,Hobbs Crossbarn Pnt Nr RRV,2735.24,33.3425951653237,False
12154,Cousino Macul RSV Cab Svgn,9821.93,37.82871594482958,False
12155,Root 1 Carmenere,19265.56,39.348765361609004,False
12165,Clayhouse Petite Sirah,5510.75,38.63357982125845,False
12181,Cakebread Chard,194360.12,34.65622474404728,False
12188,Oak Leaf Svgn Bl Cal,215.28,33.44481605351171,False
12191,M & R Sparkling Rose,8902.21,41.7207637204694,False
12192,Meander Cab Svgn Napa Vly,8458.63,36.07250819577166,False
12199,Rochioli RRV Chard Cal,1594.71,33.76977632296781,False
12203,Cavit Prosecco Lunetta,80879.04,31.531531531531527,False
12204,Dragani Mntplcno d'Abruzzo,1880.86,32.88814691151919,False
12211,Black Box Rsl,43544.35,40.09337606371435,False
12212,Black Box Svgn Bl,165918.04,41.05889871890965,False
12213,Evodia Garnacha Old Vine,145025.77,39.000723802397324,False
12216,Da Vinci Pnt Grigio,195680.4,32.57648696548044,False
12218,R M Woodbridge Moscato,1035.57,72.65853587879138,False
12220,Angeline Pnt Nr,223629.58,42.15394940150583,False
12224,Banfi Centine Bianco Toscana,4649.83,41.07978141136343,False
12227,Korbel Sweet Rose,52288.09,37.19403405249646,False
12234,Beringer Classic Svgn Bl,10523.5,43.0417636717822,False
12235,Murrieta's Well The Spur,10245.42,37.46064094980977,False
12253,Cecchi Natio Organic Chianti,735.08,34.66833541927411,False
12256,Rex Goliath Pnt Grigio Free,133.9,32.56161314413742,False
12257,Rex Goliath Merlot,38.97,27.7136258660508,False
12258,Rex Goliath Cab Svgn Free Ra,314.73,35.40177294824135,False
12259,Rex Goliath Chard Free Range,583.54,43.40062377900401,False
12268,Snap Dragon Cab Svgn,176.79,37.994230442898356,True
12269,Snap Dragon Chard,125.86,35.48387096774193,False
12270,Wente Louis Mel Svgn Bl,22722.66,37.29396118236157,False
12271,Caposaldo Prosecco Brut,9137.04,34.033778991883594,False
12273,Beringer Classic Moscato,207.84,33.33333333333333,False
12304,Pigmentum Rose Malbec Vigour,8321.06,33.361134278565466,False
12306,Jelu Malbec Rose San Juan,1992.53,33.897105689751214,False
12307,Avinyo Cava Brut,35.98,35.29738743746525,False
12310,Napa Cellars Pnt Nr Napa,12908.2,35.52005701801955,False
12324,Conterno Fantino Barb Alba,2634.07,29.881134518065206,False
12333,Dom Leflaive Merslt 07 d'Ane,236.97,32.89023927079377,False
12339,Volver Tempranillo,8262.32,34.14150020817398,False
12340,La Atalaya Almansa Red,970.4,43.11624072547403,False
12343,Bota Box Znfdl,55937.67,39.38085014981853,False
12346,Carlo Rossi Paisano Zip Tray,179.88,,False
12351,Mercer Cab Svgn,1059.47,32.41620810405203,False
12353,Mercer Merlot,1739.13,34.617308654327175,False
12354,Mercer Pnt Gris,89.93,31.00189035916825,False
12355,Mercer Rsl,89.94,34.62308205470313,False
12368,Vina Zaco Tempranillo Rioja,42649.7,34.668473635219,False
12374,Zanetti Prosecco Frizzante,3466.53,33.333333333333336,False
12378,Pacific Rim Organic Riesling,1117.14,32.87143956889915,False
12387,Desert Wind Cab Svgn,8123.72,29.805557060066075,False
12388,Cecchi Chianti Clsc Rsv Fami,1891.38,36.57012340196047,False
12389,Volpe Rossa Pnt Grigio,2110.08,34.212920837124656,False
12390,Volpe Rossa Pnt Grigio,820.63,35.55926544240401,False
12394,Argiolas SerraLori Rose 13,503.4,44.815256257449334,False
12401,Altos del Cuco Red,8145.54,-13.65458889158974,False
12415,Callia Alta Pnt Grigio,4728.74,31.92436040044494,False
12416,Callia Alta Malbec,9461.46,41.403969366250024,False
12420,J Lohr Late Harvest Rsl,241.89,,False
12428,Firesteed Citation Pnt Nr,6134.12,40.65065567677189,False
12429,F Coppola Diamnd Petite Sira,2409.4,39.70283058022744,False
12443,Kim Crawford Svgn Bl Marlbro,10072.41,22.905243134463348,False
12449,St Clement Cab Svgn Orappas,277.45,31.032618489817978,False
12450,Cellar No 8 Pnt Nr,8085.28,43.70213523835909,False
12465,Cline Cashmere Red Cal,47964.35,52.93087470173159,False
12473,Ch Beauchene CDR White RSV,21778.01,33.99759665828053,False
12475,Ch Beauchene Prm Terroir CDR,132.93,33.754607688256975,False
12476,Ch Donjon Minervois Rose,1279.2,33.333333333333336,False
12477,Ch Lancyre Languedoc Rose,11507.94,32.43812532912059,False
12478,Commanderie Bargmn Prov Rose,79948.61,41.888370542026934,False
12479,Geyser Peak Cab Svgn,57755.93,39.41474061624494,False
12494,M D 20/20 Electric Melon Red,10282.23,32.832080200501245,False
12495,Cupcake Malbec,60351.79,41.155249910566035,False
12496,Cupcake Petit Sirah Cal,536.87,43.321474472404866,False
12505,Angelini Pnt Nr Veneto,31536.69,38.842789144960996,False
12506,Piazzo Barolo,253.93,29.677470168944193,False
12507,Piazzo Barbaresco,9453.63,34.97862725746618,False
12511,Angelini Sangiovese Pesaresi,1888.81,39.076455546084574,False
12515,Jean Luc Columbo Syrah VDP,38.97,35.026943802925324,False
12517,Jean Luc Columbo CDR Red,116.91,53.88760585065434,True
12518,Raimat Vina 24 Albarino Whte,801.66,-30.212309457874902,False
12519,Salmon Creek Pnt Nr Cal,578.71,39.145686094935286,False
12520,Pavao Vinho Verde Adegas Wh,31549.97,41.60957997741361,False
12532,Grand Sigognac Medoc Bordx,367.77,33.33333333333333,False
12534,Ch Beaulieu Grand Vin Brdx,13600.44,31.304869548338143,False
12536,La Garenne Entre Mer Wh,1549.59,32.39308462238399,False
12538,Ch La Croix du Duc Brdx,505.54,31.938125568698812,False
12539,Croix de Basson Rose Organic,1748.75,35.09649749821301,False
12543,Ramon Bilbao Crianza Rioja,83.94,34.238741958541816,False
12544,Ramon Bilbao Tempranillo Ltd,203.88,31.018246027074742,False
12561,Hahn SLH Pinot Noir,2217.12,21.689398859782056,False
12570,Guigal Ermitage ExVoto Rge06,459.98,,False
12575,Bonny Doon Vyd Albarino,125.91,,False
12585,F Coppola Sophia Rsl,255.83,33.616073173591836,False
12586,C Y Toro Frontera Malbec,62584.53,48.422493545929,False
12589,Canyon Rd Pnt Grigio,9704.54,35.490605427974955,False
12592,Ravenswood Big River Znfdl,1328.52,34.56778972089242,False
12593,Ravenswood Belloni Znfdl,3997.59,34.360202021718095,False
12595,Yellow Tail Svgn Bl,383.52,32.916145181476836,False
12606,Sharpe Hill Chardonnay,15.99,33.77110694183865,False
12607,Ravenswood Teldschi Znfdl,1811.37,36.14336110237002,False
12621,Tortoise Creek Cab Svgn,819.36,39.15250927553212,False
12625,Tiamo Pnt Grigio,635.52,36.25377643504532,False
12637,Villa Calappiano Pnt Grigio,98.89,,False
12646,Blackbird Vyds Arise Red,3550.33,35.47839214946216,False
12650,Harbor Town Svgn Bl,17888.65,0.4843853504876078,False
12655,Merriam Cab Franc Windacre V,594.83,33.78108030865962,False
12656,Merriam Vyds Miktos Red,4489.09,52.07848361249161,False
12662,Castillo Monastrell Red,2448.25,35.09649749821301,False
12663,Zin 91 Old Vine Znfdl CA,44809.5,33.116861379841325,False
12665,Umberto Cesari Moma Red,235.72,-39.216019005599875,False
12666,Carpineto Dogajolo Tuscan Wh,49511.85,42.96213936663647,False
12681,The Crusher Pnt Nr,6155.13,35.91199535996803,False
12684,Kim Crawford Pnt Gr Marlboro,9359.92,30.754963717638617,False
12685,Brazin Old Vine Znfdl Lodi,26868.4,41.988358071191435,False
12690,Gramona Imperial Cava Gr Rsv,782.73,33.3218351155571,False
12697,Tapiz Malbec Mendoza,63582.97,35.02919099249374,False
12747,Barefoot Cellars Pnt Nr,47936.4,43.755476005707564,False
12757,Graffigna Centenario Pnt Gri,3099.02,35.573181199217814,False
12768,Castle Rock Pnt Nr Cal Cuvee,1879.29,39.76342129208371,False
12771,Joel Gott Cab Svgn 815,339061.28,36.84336943457537,False
12772,Joel Gott Chard,54505.04,34.23874195854182,False
12773,Joel Gott Znfdl,33045.57,32.19190953583188,False
12774,Joel Gott Rsl Columbia Vly,207.84,35.488837567359504,False
12775,Joel Gott Svgn Bl,91461.57,34.99739836086348,False
12783,Il Colle Prosecco Brut,203.88,31.018246027074742,False
12784,Italo Pietrantonj Montepl,293.79,,False
12803,Ravenswood Vntrs Blend Znfdl,5385.04,38.162019223626935,False
12816,Donum Russian River Pnt Nr,395.94,32.42915593271707,False
12891,Santa Marta Pnt Grigio,95.88,34.16770963704631,False
12900,Madria Sangria,1928.78,31.051752921535897,False
12901,Madria Sangria,42091.18,42.26918798665183,False
12910,Drouhin Gevrey-Chambertin 13,2107.66,32.42458461042103,False
12913,J Drouhin Vosne Romanee 13,4664.51,29.733026620159457,False
12924,Cartlidge & Browne Pnt Nr,5115.0,32.277614858260016,False
12943,Middle Sister Drama Queen Pi,71732.46,51.55833216928571,False
12944,Middle Sister Rebel Red,27327.24,35.899856699761855,False
12945,Middle Sister Mischief Maker,20952.99,35.53783970688671,False
12946,Middle Sister Smarty Pants C,14912.14,34.52971873922857,False
12951,Purple Cowboy Red,12457.0,40.83647748253994,False
12963,Redtree Pnt Nr,6210.72,43.853208645696476,False
12994,Acrobat Pnt Gris Oregon,110585.18,32.335236963940375,False
13045,Double Decker Red,1800.96,52.363184079601986,False
13052,Ch Ste Michelle Gewurz Colum,46415.01,34.60514174186326,False
13059,P Michael La Carriere Chard,1189.86,33.78044475820683,False
13060,Peter Michael Belle Cote Cha,7115.16,36.37866189938104,False
13061,P Michael Les Pavots Est Brd,8459.55,32.884727911059095,False
13062,P Michael Apres Midi Svgn Bl,7048.59,33.32666533306662,False
13064,Peter Michael MaBelleFille C,2699.73,43.22432243224322,False
13065,P Michael L'Espirit Brdx,10798.8,32.88143127014112,False
13081,Dom Ferret Pouilly Fuisse,14683.34,35.73328684073242,False
13082,Cakebread Chard Rsv,2969.46,34.64266230223678,False
13086,Armand De Brignac Brut,37638.67,34.04182453843348,False
13094,The Crusher Merlot,63.95,,False
13097,Menage a Trois Chard,30668.32,37.14745378944787,False
13113,Ch Beaucastel Coud Rouge,9303.18,33.767808426795995,False
13122,La Cana Albarino,7275.26,37.97500020617821,False
13123,Colosi Nero D'Avola Sicilia,18055.83,36.395945243170765,False
13124,Shaya Verdejo Old Vines Whit,2616.1,36.233324414204354,False
13129,Salmon Creek Cab Svgn Cal,54.95,35.03184713375797,False
13132,F Coppola Rosso & Bianc Shir,354.68,47.31025149430473,False
13141,Noble Vines 181 Merlot Lodi,37650.2,31.72838391296726,False
13143,F Coppola Directors Chard,21090.97,31.682563675354906,False
13144,Korbel Brut Rose,2596.05,35.777431097243884,False
13145,F Coppola Directors Cab Svgn,902.54,25.791654663505213,False
13147,F Coppola Directors Pnt Nr,27183.92,32.61428079541141,False
13150,Cadaretta Cab Svgn Clmbia Vy,836.69,,False
13153,Fess Parker Rsl,143.88,31.02585487906589,False
13154,Clayhouse Malbec Paso Robles,20705.2,44.31736954967834,False
13163,Barefoot Bubbly Moscato,100847.39,31.586618156404445,False
13172,Two Vines Vineyard 10 Red,978.65,31.00189035916824,False
13179,Cinquante-Cinq Viogn Lang Wh,323.76,33.061527057079324,False
13181,Alpataco Pnt Nr,735.54,32.89555972482801,False
13183,Alpataco Malbec,575.64,32.457786116322694,False
13188,Jade Mountain Merlot,0.0,,False
13215,Moet Nectar Imperial Rose,43015.07,34.226632666179555,False
13220,Le Sec Richettes Cote d Rhon,14.97,32.06412825651303,False
13224,Alphonse Dolly Pnt Nr,83.94,32.88062902072909,False
13225,Alphonse Dolly Sancerre Cvee,41356.98,40.74228824251674,False
13229,Cakebread Vine Hill Cab,1699.83,32.43324332433243,False
13242,Cadet D'Oc Cab Svgn Rthschld,178.85,37.265865250209664,False
13244,Garden Creek Meritage,1919.76,,False
13245,Garden Creek Chard,1374.75,,False
13251,Apaltagua Envero Gran Rsv,750.5,38.441039307128584,False
13255,Torre Migliori Monte d'Abruz,1061.32,32.5971431801907,False
13258,ChocoVine,62384.91,39.56806221248055,False
13260,Carmenere Santa Rita 120,80.91,,False
13267,Tiamo Prosecco,804.57,35.919808096250165,False
13268,Backhouse Chard,12736.39,40.56824579021214,False
13270,Backhouse Cab Svgn,55.92,43.204577968526465,True
13276,Finca Abril Rapsodia Malbec,187.9,32.62373602980309,False
13278,Sonoma-Cutrer Pnt Nr,28010.66,33.77792597532511,False
13287,Ferrer Bobet Priorat,319.9,,False
13301,Moobuzz Pnt Nr,114.93,37.44888192813017,False
13303,Plungerhead Znfdl Lodi,70100.23,36.38548689497879,False
13310,C K Mondavi Scarlet Five Red,65.94,31.02820746132847,False
13319,Collezione Chianti,179.64,35.070140280561105,False
13321,Collezione Monte d'Abruzzo,588.82,34.66933867735472,False
13329,Cinzano Prosecco,12.99,33.33333333333333,False
13331,Henkell Blanc de Blanc,111.93,,False
13338,C'est La Vie Pnt Nr/Syrh VDP,31896.11,-16.683100227582617,False
13339,C'Est La Vie Chard/Svgn Bl,31434.71,-12.865268997232665,False
13341,Terra d'Oro Deaver Vyd Znfdl,17737.53,36.7765410403816,False
13344,Columbia Crest Two Vines Rsl,5.29,32.51417769376182,False
13358,Dry Creek Svgn Bl,119.92,35.090060040026685,False
13363,Newton Red Label Cab Svgn,14389.25,37.161422589780564,False
13375,Mionetto Organic Prosecco,67.96,32.4308416715715,False
13379,Pertinace Barbera D'Alba,764.49,32.421614409606406,False
13393,Debauchery Carmenere,1330.86,,False
13394,Debauchery Chard,156.33,31.088082901554408,False
13395,Debauchery Svgn Bl,2742.04,34.23874195854182,False
13397,Dom Seguinot-Bordet Chablis,49109.71,37.86359153821108,False
13418,Pacifico Sur Rose Carmenere,153.09,31.550068587105624,False
13421,Liberty School Cuvee Red CC,118.83,35.05007153075822,False
13422,Gnarly Head Pnt Nr,44288.71,36.48844141091488,False
13424,Merriam Vyds Simoneau Chard,39.96,32.932932932932935,False
13427,Liberty School Cab Svgn,12670.34,40.307994892007635,False
13430,Agua de Piedra Malbec Selccn,134120.52,46.470025615767064,False
13433,C Y Toro Carmenere de Casa,14624.21,34.320759890619726,False
13442,Puydeval VDP D'Oc Red Blend,1138.33,31.489111241906997,False
13443,Villa des Anges Cab VDP D'Oc,3461.15,20.539416090027885,False
13445,Dom Pere Caboche Cote Rhone,21411.06,39.42093478790868,False
13446,La Crema Pnt Nr Sonoma Coast,701.46,34.18013856812932,False
13447,Sutter Home Muscato,419.3,33.72287145242069,False
13451,Clifford Bay Svgn Bl Marlbor,14288.09,32.89830901121143,False
13454,Eden Heirloom Blnd Ice Cider,14113.0,33.749025720966486,False
13458,Ch Ste Michelle Harvest Rsl,106909.75,35.78566033500219,False
13461,R M Woodbridge Moscato,43680.86,41.928066434589425,False
13478,Cantele Chard Salento,350.73,38.49114703618168,False
13487,Brancaia Tre Rosso Toscana,17381.26,30.96196708408941,False
13489,Don Miguel Gascon Malbec Rsv,61413.66,32.438125329120595,False
13491,Barefoot Cellars Rsl,51659.72,27.73510967539119,False
13492,Barefoot Cellars Pnt Nr,31755.79,44.66344562676601,False
13494,Altocedro Malbec Reserva,239.92,31.043681227075687,False
13497,Mohua Svgn Bl Marlboro,122141.45,41.7937154012827,False
13498,Riva Rey Tempranillo,16978.73,41.9979586223469,False
13504,New Age Valentin Bianchi Whi,11894.53,-6.924443420631158,False
13505,C Y Toro Casillero Pnt Nr,11780.19,41.853229871504624,False
13525,Stags Leap The Leap Cab Svgn,12812.81,7.931047131737695,False
13527,St Clement Merlot Napa Vly,55.98,,False
13528,St Clement Carneros Chard,539.73,35.467733866933465,False
13530,Home Ranch Sbragia Chard,47958.4,4.434259691732832,False
13539,Solar De Randez Rioja,41.97,38.884917798427445,True
13544,Lucky Duck Cab Svgn,90.96,31.134564643799468,False
13546,Lucky Duck Malbec,45.48,32.45382585751979,False
13548,Lucky Duck Shiraz,56.85,32.45382585751979,False
13550,Z Znfdl Tom Eddy,917.82,32.437732888801726,False
13552,Merry Edwards Pnt Nr Sonoma,17706.15,31.028484453141996,False
13553,Merry Edwards Svgn Bl RRV,25809.99,31.1764940629578,False
13557,Merry Edwards Flax Vyd Pnt N,69.99,34.20488641234462,False
13558,Merry Edwards Pinot Noir RRV,19355.44,39.910846769693684,False
13561,Stump Jump Shiraz,311.74,35.446205170975816,False
13565,Sartori Ferdi Bianco,407.49,,False
13567,Bila-Haut Cotes Roussillon,20823.95,32.56970939711246,False
13575,Brownstone Pnt Nr,359.6,34.260289210233594,False
13576,Columbia Winery Chard,15145.87,41.87808293614035,False
13581,Veuve Clicquot Rose Shop Bag,20345.93,33.76675335067013,False
13582,Merry Edwards Coopers Pnt Nr,0.0,,False
13583,Twisted Cab Svgn Cal,970.92,71.85761957730813,False
13590,Bliss Cab Svgn,363.74,31.951393852751973,False
13592,Bliss Merlot,167.88,32.88062902072909,False
13594,Bliss Chard,5570.56,34.96093750000001,False
13595,Palagetto Brunello d Montlcn,12569.49,34.34196614182436,False
13602,Frescobaldi Mormoreto Cab Sv,10294.35,52.36416092322488,False
13603,Folonari Pnt Nr Venezie,10346.3,35.87272744845983,False
13604,Folonari Pnt Grigio Venezie,0.0,,False
13605,Neal Family Svgn Bl Napa Vly,4903.35,35.63278166967482,False
13606,Neal Petite Syrah Rutherford,303.92,31.034482758620697,False
13614,Acrobat Pnt Nr Ore,32117.72,37.159175682458155,False
13618,Terra d'Oro Znfdl Port,11081.84,31.517509727626464,False
13619,Quinta do Noval Black Port,10035.96,39.38517092535243,False
13620,Columbia Winery Cab Svgn,8262.89,61.87738188454644,False
13636,Charles Smith C Smith Cab Sv,20242.49,45.74308793038802,False
13637,Charles Smith Eve WA Chard,21030.72,32.9529374172639,False
13638,Charles Smith Velvet Dev Mer,65347.5,29.762423964191438,False
13651,Fontanafredda Briccotondo,5805.85,35.45389563974268,False
13654,Alta Vista Malbec Mendoza,137.88,42.81984334203655,True
13661,Duckhorn Decoy Pnt Nr,228007.94,37.053586818073086,False
13662,Duckhorn Decoy Svgn Bl,82049.56,45.201119908504076,False
13663,Duckhorn Decoy Znfdl Napa Vl,45579.62,43.82357729178084,False
13665,Josh Cellars Chard,312371.37,33.52527794080487,False
13669,Folk Machine Pnt Nr,1956.49,36.348767435560625,False
13670,Stellina di Notte Prosecco,7052.94,33.33333333333333,False
13676,Scagliola Busiord Dolcetto,44.92,,False
13688,Murphy-Goode Pnt Nr,1137.16,69.04921031341236,False
13693,Toasted Head Untamed Red,6142.65,33.98126215884023,False
13694,MacMurray Ranch Chard Sonoma,35625.72,32.4577861163227,False
13695,Red Rock Winery Malbec,21334.32,37.40189516234874,False
13696,Barefoot Cellars Pnt Nr,2297.46,32.357473035439135,False
13697,Liberty Creek Vyds Moscato,287.64,33.79224030037547,False
13700,Liberty Creek Vyds Sweet Red,87.89,34.16770963704631,False
13702,Barefoot Cellars Cab Svgn,2329.91,31.43297380585516,False
13703,Barefoot Cellars Moscato,1979.45,33.28197226502311,False
13708,Bota Box Cab Svgn,138489.07,38.69863520637405,False
13709,Jam Jar Sweet Shiraz,16939.61,34.69005484777985,False
13710,Stone Fruit Rsl,6459.62,21.77341701214622,False
13711,Venta Morales Tempranillo,5737.03,46.408681844090054,False
13716,Tisdale Vyds Pnt Nr,494.76,34.58646616541354,False
13718,Redwood Creek Malbec,4273.03,32.36274961795259,False
13723,Big House Red,38430.03,33.91282806700905,False
13724,Big House White,1067.02,34.42297239039569,False
13725,Fish Eye Pnt Nr,119.85,33.291614518147675,False
13726,Fish Eye Pnt Nr,113.94,34.649815692469716,False
13731,Monkey Bay Svgn Bl,23793.21,37.59064035495842,False
13734,Virginie Taunt Svgn Blanc,541.63,35.85473478204678,False
13744,W Hill Est Chard Cntrl Cst,19463.35,32.92547274749721,False
13745,W Hill Cab Svgn Central Cst,8391.6,34.234234234234236,False
13748,Barefoot Merlot 180 Btl Plt,65.94,,False
13766,Yealands Svgn Bl Marlborough,20068.85,33.93169015663577,False
13767,Catena Vista Flores Malbec,5889.79,32.451751250893494,False
13779,Banfi Centine Rose Toscana,14138.98,35.64613571841816,False
13784,Churchills 10 Yr Tawny Port,2033.2,40.86169584890813,False
13791,The Chocolate Block Red,779.74,34.21140380126709,False
13792,The Wolftrap Syrah Vio Mourv,27072.91,31.53510280202609,False
13793,Yellow Tail Svgn Bl,31675.81,37.33640907683181,False
13795,Yellow Tail Tree Free Chard,18490.91,40.38665484824705,False
13796,Peter Paul Pnt Nr Mill Sta,524.85,34.638468133752504,False
13805,Neal Family Vyds Znfdl Napa,4699.11,39.95096943889374,False
13807,Oh Schist Rsl,38657.03,35.4007537568199,False
13808,Tiziano Pnt Gr Delle Venezie,1282.93,33.77814845704754,False
13823,Vistamar Svgn Bl,477.51,39.66199660740089,False
13826,Hazlitt Vyds Red Cat Finger,65.88,32.96903460837886,False
13831,The Show Malbec Argentina,1678.6,31.94328607172643,False
13832,Sutter Home Rsl,29.95,35.559265442404005,False
13835,Down Under Cellars Shiraz,11.99,31.526271893244363,False
13836,R Mondavi Private Sel Pnt Nr,18379.15,42.49434821523302,False
13837,C Y Toro Frontera Pnt Grigio,9999.47,39.659901974804654,False
13854,Mark West Pnt Nr RRV,34295.74,38.91707833101137,False
13860,Calera de Villiers Pnt Nr,989.82,38.152391343880716,False
13867,Borealis Northern Whites,1706.78,38.09864188706219,False
13871,Yosemite Road Cab Svgn,460.68,33.810888252149,False
13872,Yosemite Road Chard,1256.4,32.09169054441261,False
13875,Concannon Selct Petite Sirah,0.0,,False
13887,Nicolis Amarone Valpo Clsc,5707.94,42.505352193610996,False
13888,Tola Grillo Sicilia,14.95,,False
13890,Vistamar Sepia Pnt Nr,8.29,,False
13895,Mohua Pinot Noir,17722.28,37.87797055457876,False
13899,Hogue Genesis Meritage,9212.5,37.61194029850746,False
13916,Stellar Organics Shiraz,155.88,31.023864511162426,False
13918,Stellar Organics Cab Svgn,350.73,32.87143956889915,False
13920,Live-A-Little Ravishing Red,1582.56,34.21292083712465,False
13921,Live-A-Little Wicked White,791.28,31.938125568698805,False
13929,Kirkland Signature Cab Svgn,311.76,39.260969976905315,False
13930,Gallo Copperidge Pnt Grigio,29931.18,32.4749642346209,False
13931,Ghost Pines Znfdl L Martini,40792.99,45.085344320188334,False
13932,Canyon Rd Pnt Nr,10269.76,34.65553235908143,False
13933,Canyon Rd Pnt Grigio,19292.54,34.260289210233594,False
13940,Black Box Malbec,203177.05,42.42078522155923,False
13941,Dom du Grand Tinel Ch d Pape,3239.28,32.42942876194711,False
13942,Dom du Grand Tinel Establet,227.94,32.877072913924714,False
13948,Cade Cab Svgn Howell Mtn,40198.32,41.00857946302233,False
13949,Cade Cab Svgn Napa Cuvee,19098.35,45.84375089994685,False
13950,Cade Svgn Bl Napa Cuvee,1469.54,37.83360779563673,False
13956,Gouleyant Malbec Cahors,14631.92,41.01033903957922,False
13958,Charles & Charles Red,30151.89,37.824859403506714,False
13959,Charles & Charles Rose,489.65,31.951393852751963,False
13960,Vieux Clocher Cote du Rhone,419.7,47.96283059328091,False
13963,Yellow Tail Pnt Nr,70965.76,36.99496771400742,False
13967,Villa Sandi Il Fresco Prosec,13211.91,34.321381238594576,False
13968,Spellbound Chard,52498.59,37.0924438161101,False
13978,Jos Phelps Chard,24807.91,31.980565875964555,False
13979,Jos Phelps Pnt Nr,58363.32,34.63846813375249,False
13980,Dom de Victoires Quincy Whte,775.03,34.668335419274094,False
13981,Alverdi Pnt Grigio,14932.98,40.0486707944429,False
13985,Luiano Chianti Clsc,3214.28,36.27935338551714,False
13990,Big Claw White,194.85,35.026943802925324,False
13991,Colombo Cape Bleue Rose VdP,44825.13,34.23423423423423,False
13993,Sartori Family Pnt Grigio,1605.99,32.41551939924906,False
13994,Banfi Chianti Superiore,13517.0,44.218391654953024,False
13997,Rivers Edge Pnt Nr Barrel,0.0,,False
14004,Layer Cake Virgin Chard,50555.68,32.540122099040104,False
14006,Apothic Winemakers Red Blend,812899.38,38.70040840724961,False
14008,Cigar Box Malbec Mendoza,58660.66,33.25100672239283,False
14013,Joseph Mellot Sancerre White,1699.32,32.89315726290516,False
14020,Apaltagua Grial Carmenere,674.91,,False
14031,Annabella Cab Svgn Napa,1039.35,33.77110694183864,False
14036,Vecchia Cantina Chianti DOC,76.89,,False
14050,Baileyana Firepeak Cve Chard,285.74,20.109190172884453,False
14053,Seven Daughters Red,87.92,34.667879890809836,False
14054,Seaglass Rsl,74203.46,32.4805339265851,False
14061,Shafer One Pnt Five Cab Svgn,30101.3,36.56187606515333,False
14062,Shafer Red Shoulder Chard,16168.89,31.967686093479514,False
14078,Bota Box Malbec,122361.86,39.19061053828374,False
14082,Zinck Pnt Blanc,47.97,33.33333333333333,False
14096,Citation Chard,2519.3,40.62239510975271,False
14097,Bonny Doon Clos de Gilroy Rd,860.43,43.359715491091656,False
14099,Douglass Hill Merlot,143.76,33.388981636060095,False
14100,Douglass Hill Chard,1180.03,32.8881469115192,False
14101,Douglass Hill Cab Svgn,263.56,32.3873121869783,False
14102,Douglass Hill Pnt Grigio,23.96,32.88814691151921,False
14105,Cakebread Dancing Bear Cab S,3909.66,34.637794590833984,False
14110,Bodegas Numanthia Termes,815.66,33.76406836181742,False
14119,Zonin Prosecco Brut,4382.28,34.34650455927051,False
14120,Antica Cab Svgn Napa Valley,2791.4,32.29203983664111,False
14121,Antica Chard Napa Valley,1193.62,32.88986444597108,False
14124,Haras Estate Svgn Blanc,143.88,32.86071726438698,False
14126,Attitude 13 Rose Jolivet,2350.32,35.09649749821301,False
14129,14 Hands Hot to Trot Red,168780.04,32.44359937348042,False
14130,14 Hands Hot to Trot White,16198.86,38.630249289147514,False
14133,Yellow Tail Tree Free Chard,327.59,31.03879849812265,False
14137,Palazzo Montanari Valpo Clsc,220.83,,False
14141,Finca Decero Amano,428.87,,False
14157,Solar de Randez Crianza,17.99,34.63035019455252,False
14169,GSM Le Grand Noir,167.86,34.61217681401168,False
14174,Chalk Hill Estate Red,8408.36,36.27913172128691,False
14184,Ch M Vert Lussac St Emilion,73899.59,36.977295814496394,False
14190,Ch Haut Branda Brdx Rouge,298.73,44.32430622970576,False
14191,Ch Fage Graves de Vayres,12169.85,39.28273561301084,False
14193,Veuve Clicquot Ylw Ice Lettr,359.92,,False
14194,Caparzo Brnllo di Montalcino,20286.66,32.877072913924714,False
14195,Twomey Svgn Bl Napa,4283.36,39.16084569123304,False
14207,Three Saints Steak House Red,167.88,32.4517512508935,False
14209,Dierberg Santa Maria Chard,2279.05,,False
14212,Allan Scott Svgn Bl,455.64,24.308664735317354,False
14217,Chevalier L'Aujardiere Chard,356.79,34.19658622719247,False
14219,Lucien Boillot & Fils Volnay,65.99,35.06591907864827,False
14235,Copa di Vino Cab Svgn,1416.81,34.136546184738954,False
14236,Copa di Vino Chard,1503.96,31.325301204819283,False
14240,Ninety+Cellars Lot 2 Svgn Bl,115066.86,41.241952722095654,False
14250,Ruta 22 Malbec,28879.96,40.30988962588591,False
14265,Vieux Clocher Vacqueyras 07,1609.3,,False
14277,Ferrari Carano Tresor Rsv,414.92,,False
14279,Movendo Moscato,40750.56,41.792996218947664,False
14280,Cupcake Shiraz,11096.37,41.30981573253236,False
14289,Uppercut Cab Svgn,27046.19,17.150142034793067,False
14293,Ch La Mission Haut Brion 07,3647.84,31.5057677968332,False
14300,Masi Passo Doble,6650.4,37.435342235053525,False
14306,Dom les Pallieres Gigondas,5074.92,52.71334326452437,False
14316,R Stuart Big Fire Rose,227.88,34.228541337546076,False
14328,Palmaz Vyds Cab Svgn Napa,3599.64,34.64346434643464,False
14329,Ty Ku Sake Junmai Ginjo,16712.44,40.51377297390446,False
14332,Latour 07 Bonnes Mares AC,639.96,,False
14333,Latour 07 Echezeaux Rouge,479.97,,False
14334,Latour 07 Clos Vougeot Rouge,404.97,,False
14341,Grooner Gruner Veltliner,351.64,39.08542827892162,False
14342,Cupcake Pnt Nr,142812.6,38.99417838482039,False
14344,Sassy Bitch Pnt Noir,143.88,31.526271893244363,False
14347,De Martino Cab Svgn Estate,13.99,34.66761972837741,False
14348,De Martino Carmenere Estate,3611.82,36.344003854012655,False
14352,Coastal Vines White Zinfande,0.0,,False
14357,Chilensis Pnt Nr,2477.52,31.93193193193194,False
14360,Redtree Moscato,8.99,35.483870967741936,False
14363,Educated Guess Cab Svgn Napa,85683.5,44.025979330909685,False
14364,Penfolds Grange 2005,7751.83,34.21127656308253,False
14369,Neirano Prosecco Sparkling,38.97,32.409545804464976,False
14370,Seven Deadly Zins Lodi Znfdl,299.8,32.88859239492995,False
14381,LaBelle Winery Riesling,20643.09,34.20888055034397,False
14382,LaBelle Winery Raspberry,12903.93,33.77110694183866,False
14383,LaBelle Winery Granite Red,31020.6,35.45966228893058,False
14385,Moillard Ch D'Eau Pnt Nr,351.77,30.75873440031839,False
14386,Tarima Monastrell Jumilla,12771.41,36.260679126267185,False
14389,Cedar Knoll Vyd Cab Svgn Npa,1079.73,,False
14390,Il Cavaliere Pnt Grigio,1091.09,38.4487072560467,False
14393,Ch Montaud Cotes de Prov Rse,328398.06,43.997537622481694,False
14398,Ch La Mondotte 07 St Emilion,0.0,,False
14407,Fusional Svgn Bl,39.98,,False
14410,Liberty Crk Vyd Pnt Grigio,990.73,32.57295125816317,False
14411,Liberty Creek Vyd Pnt Noir,231.71,32.41551939924906,False
14413,Tisdale Vyds Pnt Grigio,1244.88,35.087719298245624,False
14415,Peter Lehmann Layers Red,29027.67,32.41551939924906,False
14416,J Lohr Falcons Perch Pnt Nr,75280.13,42.22339945480966,False
14417,Jacobs Crk Moscato,944.65,22.2569205525856,False
14419,Livingston Cellars Pinot Nr,215.73,34.668335419274094,False
14420,Livingston Clrs Pnt Grigio,255.68,35.54443053817271,False
14425,Ch Musar Rouge,6294.57,29.98314420206622,False
14432,Bully Hill NY Rsl,155.88,32.409545804464976,False
14433,F Coppola Rosso Bianco Chard,22068.56,41.02379131216537,False
14436,Byron Santa Barbara Chard,2422.3,44.7673698550964,False
14437,Byron Santa Barbara Pnt Nr,16033.13,35.38279799390387,False
14439,Barefoot Sweet Red,43166.79,42.235176625364076,False
14444,Blackbird Vyds Arrivste Rose,1325.49,,False
14457,Scagliola Mati Barbera,10459.87,39.840361304681615,False
14471,De Loach Merlot Cal,7714.53,37.15715669003815,False
14474,Brownstone Moscato,116.87,31.47942157953282,False
14475,Belcreme de Lys Chard,51742.87,36.34792581084118,False
14483,Victor Hugo Hunchback Red,179.88,34.2228152101401,False
14485,Victor Hugo Cab Svgn,37.98,33.75460768825697,False
14493,Carmel Road Pnt Gris,111.48,31.001076426264802,False
14495,Quinta d Azevedo Vinho Verde,109.9,33.303002729754326,False
14502,Offley White Port,153.89,32.451751250893494,False
14505,Gazela Vinho Verde,189.81,32.432432432432435,False
14526,Girardin Bourg St Vncn Chard,0.0,,False
14538,Ch St Michel Brdx Superur,9696.61,32.90717065036131,False
14539,Dom de Dionysos La Deveze,64516.96,32.888592394929944,False
14542,Ch Haut-BrionPessac-Leo Gr C,299.99,35.484516150538354,False
14545,Ch Mouton Rothschild 07 Paui,1049.97,,False
14551,Cava Mistinguett Brut,86403.86,33.79224030037547,False
14552,Dom de Dionysos Cairanne Cig,21444.52,29.121659053221986,False
14573,Sandrone Dolcetto D'Alba,19.99,,False
14620,Bodega Elena de Mendoza Mlbc,1013.55,31.902718168812594,False
14622,La Marca Prosecco,558344.69,29.2613886952162,False
14623,The Naked Grape Pnt Grigio,31095.01,27.6176145304343,False
14624,The Naked Grape Pnt Nr,13058.88,29.58936754147369,False
14625,Bridlewood Pnt Nr,9520.47,33.733733733733736,False
14626,Carlo Rossi Sweet Red,41.94,33.76251788268955,False
14627,Carlo Rossi Sweet Red,1394.07,33.755837224816545,False
14628,Tisdale Vyds Sweet Red,191.52,35.58897243107771,False
14630,Dom Serene Cote Sud Chard,269.91,,False
14631,Dom Serene Yamhill Cv Pnt Nr,30323.68,34.616906655128936,False
14632,Dom Serene Evenstad 11 Pnt N,16964.16,39.530869786656105,False
14635,Marcarini Ciabot Camerano,662.61,31.959976456739252,False
14638,Bongiovanni Dolceo D'Alba,815.52,32.430841671571514,False
14647,Tierra Divina Malbec,0.0,,False
14652,Cambria Katherine Vyd Chard,1710.93,33.77110694183866,False
14654,Arrogant Frog Chardonnay,239.76,35.03503503503504,False
14655,Arrogant Frog Pnt Nr,2607.39,34.63463463463462,False
14657,The Shepherd Svgn Bl,8671.5,36.36049126448711,False
14661,Dom Serene Evenstad Pnt Nr,239.88,,False
14663,Spellbound Merlot,22967.76,34.09579340780294,False
14666,Raymond Family Clsc Cab Svgn,7258.13,37.72280187872083,False
14670,Sutter Home Moscato,640.93,34.557595993322195,False
14671,Riondo Prosecco,575.64,33.771106941838646,False
14672,Duckhorn Decoy Cab Svgn,508256.95,36.6592645708042,False
14675,Culpeo Malbec,281.25,37.86666666666667,False
14676,Culpeo Pnt Nr,497.52,36.6136034732272,False
14681,Shafer Hillside Cab Svgn 06,779.98,33.334188056104004,False
14682,CC Ranch Cab Svgn CC Ranch,1994.81,32.88884655681494,False
14683,State Ranch 07 Cab Svgn Youn,2834.73,37.8036003428898,False
14684,Cherry Pie Stanly Pnt Nr,19036.02,38.11311398075858,False
14688,Ferrari-Carano RSV Chard,4273.85,35.95938088608632,False
14690,Bridlewood Pnt Nr Monterey C,22869.85,36.74379149841385,False
14697,Ch Musar Jeune Rouge,239.88,31.96598299149575,False
14700,Oak Leaf Sweet Red,20.93,,False
14701,Cupcake Red Velvet,232214.66,39.31848230426107,False
14703,Casa Ferreirinha Esteva Doro,9411.18,37.01576210422072,False
14704,Rex Goliath Free Range Red,5864.68,37.3865240729247,False
14705,Rex Goliath Free Range Red,13.99,31.52251608291637,False
14706,Cupcake Prosecco,422212.55,48.199787050384934,False
14708,Conservancy Concannon Chard,77.94,34.64203233256351,False
14710,Ch Tanunda Gr Barossa Shiraz,11021.59,39.631396196011636,False
14711,Ch Tanunda Gr Barossa Rsl,2089.13,41.19130930100089,False
14712,Lucky Duck Riesling,125.07,33.24538258575198,False
14716,Jeio Prosecco Bisol Desidero,347.82,36.24288425047438,False
14717,Il Donato Pnt Grigio Daunia,609.39,40.84084084084084,False
14718,Dom Janasse Cote Rhone Rouge,56.97,,False
14719,Alto Moncayo Veraton Garnach,12446.34,31.969076853115048,False
14724,Tozai Blossom of Peace,7333.72,33.002078072247095,False
14761,Ch Hermitage Mazeyres Pomerl,332.91,35.063530683968644,False
14782,Penfolds Bin 138 GSM,119.97,33.78344586146537,False
14799,A Bichot Pouilly-Fuisse,11751.31,37.538027675212376,False
14805,Ninety+Cellars Lot 23 Malbec,85790.81,39.025870020343675,False
14808,Ninety+Cellars Lot 21 Fusion,76.93,34.667879890809836,False
14810,Primaterra Prosecco,25889.53,31.528227820281014,False
14811,Primaterra Pnt Nr,11349.74,25.29538121578115,False
14818,Simi Pnt Nr Sonoma Cnty,63531.36,30.01075374429258,False
14826,My Big Fat Greek Red Wine,287.76,35.446205170975816,False
14833,Vinum Cellars Red Dirt Red,718.6,32.81380462009463,False
14834,White Elephant Vinum Cellars,971.46,42.634797109505286,False
14835,Vinum Cellars Pnt Nr,433.7,32.7645838136961,False
14836,Vinum Cellars Chard,358.05,52.45077503142019,False
14837,Vinum Cellars Petite Sirah,86.94,34.64458247066942,False
14838,Layer Cake Cab Svgn,127990.3,44.32717166847801,False
14840,Kris Artist Cuvee Pnt Grigio,39.96,,False
14846,Louro Do Bolo Godello White,0.0,,False
14852,Mooiplaas The Bean Pinotage,27089.17,40.266608389994964,False
14857,C K Mondavi Wh Znfdl,153.8,48.37451235370611,True
14883,Little Yering Pnt Nr Yarra V,719.52,32.421614409606406,False
14895,Vendange Pnt Grigio,48436.8,35.461260859511775,False
14920,Broadbent Gruner Veltliner,16273.27,43.48818645545733,False
14922,Five Oaks Pnt Grigio Cal,613.98,31.39841688654354,False
14923,Five Oaks Pnt Nr Cal,648.09,32.98153034300791,False
14929,Yellow Tail Moscato,2708.61,31.539424280350442,False
14930,Yellow Tail Moscato,154020.92,39.429812521571755,False
14935,J Lohr Tower Road Petite Sir,834.59,36.23455828610455,False
14939,El Jamon Tempranillo,91.92,35.335073977371636,False
14959,Tutunjian Cab Svgn,185.88,34.667527437056165,False
14961,Stone Barn Cab Svgn,277.82,33.82045929018789,False
14962,Stone Barn Chard,1197.5,33.40292275574113,False
14964,Twisted Moscato,1591.23,31.47942157953282,False
14972,Nicolas Feuillatte Brut,36761.85,34.880725534759534,False
14973,Nicolas Feuillatte Brut Rose,2351.47,35.17756977550213,False
14974,Mantane Primitivo Puglio,6205.78,39.47900183377431,False
14975,Cavit Moscato,47949.22,43.316158219049235,False
14983,Ken Wright Clrs Willa Pnt Nr,26215.12,32.91505055097973,False
14988,Argiano Non Confunditur Rsso,263.88,35.470668485675304,False
14991,Banshee Pnt Nr Sonoma Cnty,43594.19,34.513773509726875,False
14993,Neirano Prosecco,547.78,32.96213808463252,False
14996,Teira Merlot,239.85,,False
14997,The Offering Rhone,97.96,34.21804818293181,False
15001,Jubileo Meritage,119.88,32.43243243243243,False
15004,David Stone Pnt Nr,53.88,30.957683741648108,False
15006,B & G Pouilly Fuisse,209.93,32.87762587529176,False
15007,Sean Minor Carneros Pnt Nr,32844.31,29.92542696132146,False
15009,Sean Minor Cab Svgn,38700.64,37.068534267133565,False
15010,Ninety+Cellars Lot 28 Pnt Nr,191.88,34.20888055034397,False
15014,Librandi Ciro Blanco DOC,71.39,,False
15020,Angeline Chard Cal,217.76,45.66495224099927,True
15021,Biagio Bracetto D Aqui,62.94,,False
15035,Morellino d Scansano Rsv,47213.04,33.30300272975432,False
15036,Castello Banfi Excelsus,655.9,43.08583625552676,False
15037,Banfi Poggio Alle Mura Montl,9308.6,38.84794705970823,False
15043,Cuvee Aurora Rose Sparkling,7380.8,31.714719271623675,False
15047,Zaccagnini Pnt Grigio,68835.57,49.208933695181145,False
15054,C K Mondavi Moscato,43.96,23.20291173794359,False
15056,Cono Sur Vision Pnt Nr,2972.34,41.561867081154915,False
15057,Cono Sur Organic Cab Svgn,8875.27,33.113020786973244,False
15058,Cono Sur Organic Svgn Bl,2315.74,41.93216855087358,False
15059,Cono Sur Organic Chard,6143.06,40.04942162375103,False
15063,Almaden Moscato,1151.36,32.90717065036131,False
15064,Sokol Blosser Pnt Gris,4951.14,25.368299018003942,False
15065,Sokol Blosser Pnt Nr,3204.99,42.51963344659422,False
15070,Conquista Oak Cask Malbec IP,97.93,31.95139385275197,False
15076,Cigar Box Cab Svgn Valle Cen,8123.22,35.39852423053912,False
15079,Anna de Codorniu Brut Cava,20522.89,31.69997013091235,False
15082,Project Paso Cab Svgn,203.83,48.62385321100918,True
15084,Project Paso Lonely Oak Red,35.97,48.62385321100917,True
15085,Franzia Tap Pnt Grigio,10350.18,32.57914355112664,False
15089,Mont Redon Cotes du Rhone,26789.25,34.396259693720424,False
15091,Double T Trefethen Red,311.88,31.050404001539043,False
15092,Anne Amie Pnt Nr,23639.89,29.691551018215396,False
15094,Butter Chard,368418.66,37.483275141383984,False
15105,Kendall Jackson Avant Chard,248151.38,36.76616265442489,False
15126,Craggy Range Aroha Pnt Nr 06,184.95,,False
15133,Nativa Terra Cab Svgn Orgnic,119.88,35.43543543543543,False
15136,Mionetto Moscato Dolce Spklg,95.94,31.51969981238275,False
15137,Black Stallion Chard Napa Vy,2670.33,33.771106941838646,False
15138,Black Stallion Cab Svgn Napa,54276.04,36.96356624396327,False
15139,Massimo Malbec Mendoza,19375.47,36.30616444401091,False
15146,Achaval Ferrer Malbec,41945.51,33.806788855350675,False
15156,Yago Sant'Gria Red,48184.97,40.320560539936004,False
15161,Groth Rsv Cab Svgn Napa Vly,17948.25,32.76224701572578,False
15167,De Martino Svgn Bl Organic,167.88,31.52251608291636,False
15168,Durigutti Malbec Mendoza,21656.04,37.27809885833236,False
15171,Cecchi Litorale Vermentino,4416.95,35.574321647290546,False
15178,Tercos Torrontes,1005.69,40.56021239149241,False
15188,Las Valles Carinena Red,1851.94,35.483870967741936,False
15189,Las Valles Viura-Chard,1447.39,31.47942157953282,False
15192,Folonari Moscato,2666.91,35.18978893175998,False
15193,Billecart-Salmon Brut Rsv,27541.73,29.518152999103535,False
15194,Billecart-Salmon Brut Rose,31045.82,30.404737256094382,False
15205,Beringer Cab Svgn Napa Vly,27082.26,49.242640754501274,False
15209,Writer's Block Pnt Nr,2670.33,34.20888055034397,False
15211,Arrowood Chard Sonoma Cty,534.99,,False
15215,Migration Duckhorn Chard,10526.49,32.44414804934978,False
15222,Le Volte Red Toscana,666.77,33.770265608830634,False
15228,Saldo Znfdl Cal,25827.54,32.26114449924384,False
15229,The Prisoner Red Napa Valley,177568.56,39.065879680502,False
15230,Faust Cab Svgn Napa Valley,38330.86,39.535820485113035,False
15232,Flowers Pnt Nr Sonoma Coast,75763.93,36.389347807063324,False
15233,Flowers Chard Sonoma Cst,39241.57,37.250140603446795,False
15234,J Lohr Cuvee Red St E,119.97,51.7379344836209,True
15235,Common Man Pnt Grigio,4854.6,33.37041156840935,False
15239,Podere Poggio Scalette 07,53.99,,False
15247,Juve y Camps Brut Nature,10202.8,37.28780334810051,False
15249,Colby Red,815.04,31.44876325088339,False
15251,Bota Mini Cab Svgn,6802.95,31.578947368421055,False
15252,Bota Mini Chard,18633.3,34.58646616541354,False
15253,Bota Mini Merlot,258.66,34.237995824634666,False
15255,Bota Mini Pnt Grigio,19802.37,32.83208020050125,False
15259,Laguna Chard,2672.09,33.30950679056469,False
15260,Barefoot Cellars Sweet Red,866.24,36.12855559660141,False
15261,Barefoot Cellars Sweet Red,629.53,34.206471494607094,False
15262,Bella Sera Moscato,1590.05,32.049306625577806,False
15263,Bella Sera Moscato,9910.18,35.27140778472238,False
15264,Bridlewood Cab Svgn,18987.82,18.87768053415295,False
15265,The Naked Grape Cab Svgn,10265.43,27.8031217396641,False
15266,The Naked Grape Chard,8147.66,31.239644265961026,False
15272,Ch Montelena Znfdl Napa Vly,174.95,33.781080308659604,False
15289,Backhouse Pnt Grigio,39.95,50.06257822277846,True
15290,Backhouse Pnt Nr,18226.4,39.57994996269148,False
15291,Flip Flop Cab Svgn,4978.6,43.47808620897442,False
15292,Flip Flop Chard,16039.95,43.16784029875405,False
15293,Flip Flop Merlot,95.88,32.916145181476836,False
15294,Flip Flop Moscato,729.07,50.76192958152167,False
15295,Flip Flop Pnt Grigio,28038.46,39.22005702167666,False
15297,Flip Flop Rsl,511.36,50.312891113892356,False
15298,Fish Eye Moscato,113.94,32.91205897840969,False
15300,Riunite D'Oro Moscato,41.93,31.5525876460768,False
15303,The Usual Suspect Cab Svgn,349.65,47.347347347347345,False
15314,Korbel Sweet Cuvee,20739.57,33.338637204146465,False
15315,Middle Sister Sweet & Sassy,32433.54,38.297762131423205,False
15316,Purple Cowboy Cab Svgn,0.0,,False
15319,Angoves Nine Vines Moscato,395.67,34.195162635529606,False
15321,Blufeld Rsl,32045.88,36.223065180297745,False
15322,Vinum Cellars Scrapper Cab F,2581.12,34.64232581205058,False
15323,Vinum Cellars Cab Svgn Napa,283.92,30.064806987883912,False
15327,Rex Goliath Svgn Bl,11.98,34.223706176961606,False
15328,Rex Goliath Svgn Bl,366.68,34.286025962692264,False
15329,Rex Goliath Moscato,301.54,37.45440074285336,False
15330,Rex Goliath Moscato,69.95,32.451751250893494,False
15332,Whitehaven Svgn Bl,20670.95,31.545236188951154,False
15333,Maso Canali Pnt Grigio Coll,2469.94,33.778148457047536,False
15334,Brotte La Griveliere CDR,9872.88,37.78066784970545,False
15340,Caposaldo Moscato,167.88,32.4517512508935,False
15347,Bunraku Nihonjin No Wasuremo,1230.01,15.385240770400241,False
15349,Itami Onigoroshi Junmal Shu,3140.07,34.167709637046315,False
15350,Kitaya Ai No Hime Sprkl Sake,2989.28,32.84804367606916,False
15355,Decoy Duckhorn Chard Sonoma,101184.37,47.15531657705632,False
15356,Seaglass Pnt Nr,46972.98,35.43543543543544,False
15357,Greystone Cellars Cab Svgn,5986.4,35.54724041159963,False
15359,Dry Creek Mariner Meritage,2144.39,33.20804517834908,False
15362,Gaia Notios Red,3054.09,32.4577861163227,False
15365,Alabaster 07 Tinta de Toro,674.95,31.97273872138678,False
15366,Vina Borgia Garnacha,322.62,30.977620730270907,False
15367,Almirez 07 Tinta de Toro,3201.75,,False
15386,Clockspring Znfdl,131.88,,False
15392,Cupcake Riesling,20423.7,38.55765605644423,False
15393,Cupcake Pnt Grigio,335460.35,40.22031217698306,False
15399,Lobster Reef Svgn Bl,25171.12,36.71858860471842,False
15401,Red Rock Pnt Nr,7181.65,40.23100540962035,False
15402,Red Rock Winemakers Red,19.98,34.234234234234236,False
15404,Dom Serene Rose,5676.66,33.18007419856041,False
15414,Best Foot Forward Chard,89.9,31.034482758620697,False
15415,In the Saddle Cab Svgn,71.92,33.37041156840934,False
15418,The First Lady Cab Svgn,779.4,31.947652040030793,False
15423,Astrolabe Svgn Bl Marlboro,90.93,,False
15424,Santa Ema Cab Svgn Rsv,14860.33,17.571413286246,False
15425,John Anthony Svgn Bl,1605.27,34.65211459754434,False
15426,Voga Moscato Italia,2905.55,45.612706716456444,False
15428,Ruffino Prosecco Sparkling,145221.51,31.93497299401446,False
15444,Riff Pnt Grigio,27274.8,39.297813366184165,False
15463,Antinori Tignanello,9115.97,38.77151855479998,False
15466,Mirassou Moscato,21158.82,39.63963963963963,False
15470,Achaval Ferrer Quimera,29358.23,33.318834275772076,False
15476,Vietti Barolo Castiglione,6198.76,33.76675335067013,False
15477,Vietti Nebbiolo Perbacco DOC,724.71,33.333333333333336,False
15478,Vietti Barbera D'Asti Vigne,6401.41,29.954338184868647,False
15482,C Y Toro Frontera Carmenere,9385.73,37.95986034117751,False
15496,C Monaci Kreos Rosato,395.78,32.40689271817676,False
15503,Opici Sangria,55872.77,36.538317323447544,False
15504,Mollydooker The Boxer Shiraz,8862.58,32.23733946548297,False
15505,Mollydooker Carnival of Love,8733.97,36.25865442633762,False
15506,Mollydooker Velvet Glove Shi,1529.91,35.06676863344903,False
15507,Mollydooker Blue Eyed Boy,1839.59,32.2457721557521,False
15508,Mollydooker Enchanted Path,2319.71,39.54244280535067,False
15509,Mollydooker Maitre D Cab Svg,7978.93,33.70527125817622,False
15510,Mollydooker Violinist Verdel,467.78,33.26349993586728,False
15526,Planeta La Segreta Bianco,2076.69,31.92436040044494,False
15527,Roscato Rosso,223386.4,38.94292580031729,False
15528,Cannonball Chard,30223.99,38.23009470291645,False
15529,Goose Ridge Red g3,575.28,,False
15537,Ch Ducasse Brdx Blanc,0.0,,False
15542,Tiziano Prosecco,1529.1,34.66745144202471,False
15545,M Chiarlo Barolo Cerequio,879.89,35.06688336042006,False
15548,Seaglass Chard,57176.4,32.48053392658509,False
15549,CastelGiocondo Brunello 07,21594.6,31.032758189547387,False
15550,Talbott Pnt Nr Santa Lucia,21229.77,34.612574700526665,False
15552,Senda 66 Tempranillo,5003.86,33.39741719392627,False
15569,Agua de Piedra Malbec Selecn,707.16,37.994230442898356,False
15572,Seven Daughters Moscato IGT,2022.16,32.393084622383995,False
15575,Monte Faliesi Falanghina,14428.95,34.593993325917694,False
15582,Vieux Clocher Rose CDR,223.82,34.85836833169512,False
15584,Ch Vrai Caillou Wh Brdx,8367.65,35.236894468578384,False
15589,Right Hand Man Syrah,37.98,38.493944181147974,True
15605,La Mondotte 08 St Emilion,1887.92,31.50557227001145,False
15618,Beringer Classic Red Moscato,324.75,33.33333333333333,False
15619,Beringer Classic Red Moscato,47034.87,40.79169348187845,False
15620,C Y Toro Casillero Diab Malb,21557.6,33.48981333729172,False
15625,Mourvedre Bunnell Family,55.98,,False
15639,Secco Italian Bubbles,870.36,34.114619238016445,False
15643,Poseidons Vyd Molnar Pnt Nr,2778.61,31.515757878939475,False
15645,Obsidian Ridge Cab Svgn,86.97,31.04518799586064,False
15647,Tortoise Creek Znfdl,143.88,31.526271893244363,False
15650,Cuvee de Pena Rose,4213.46,34.13109416014392,False
15651,Villa d Anges Old Vines Rose,15500.92,31.522516082916376,False
15659,Chickadee CA Pnt Nr,0.0,,False
15660,Chickadee Chard,142.89,31.485758275596602,False
15661,Nine Walks Svgn Bl,12.99,,False
15672,Chatom Vyds Cuvee Red CA,14.99,37.758505670446965,False
15675,Six Hats Shiraz,4742.05,39.35955968410288,False
15677,Six Hats Chenin Blanc,143.88,33.778148457047536,False
15688,Cheval Blanc St Emilion 08,7199.84,33.334074090535346,False
15694,Ch Laville Haut-Brion 08,339.99,,False
15717,Ch d'Yquem Sauternes,2573.91,35.48375817336271,False
15720,Clos Rochette Faiveley 09,559.72,33.31665832916458,False
15721,Vincent Marie Antoinette,424.83,,False
15729,Copa di Vino Pnt Grigio,2255.94,33.33333333333333,False
15731,Tiamo Chianti,481.63,60.59007952162448,False
15737,Naked Ryan Patrick Vyd Chard,130.89,45.458018183207265,True
15739,Vina Borgia Garnacha,2954.56,33.27737463446334,False
15743,Bodegas Izadi Tempranillo Rd,29315.08,36.54815200913659,False
15744,Sandeman 30 Yr Tawny Port,1233.86,41.417989074935555,False
15745,Sandeman 10 Yr Tawny Port,6569.69,49.789411676958885,False
15746,Snap Dragon Pnt Nr,1564.26,31.47942157953282,False
15747,BV Coastal Estate Red,450.59,43.94904458598726,False
15748,Rioja Vega Tempranillo Garna,9628.67,41.63763011921688,False
15761,Cantine Maschio Prosecco Brt,5931.35,34.30079155672823,False
15768,Sandeman Vau Vintage Porto,168.95,49.68925717667948,True
15774,Paul D Zweigelt Weinland,534.13,47.28436897384532,False
15775,Paul D Gruner Veltliner,173.88,35.47273982056591,False
15782,Macon Villages Eugene Blanc,29.98,31.95463642428286,False
15785,Le Preare Valpo Clsc Ripasso,16.99,,False
15790,Humberto Canale Malbec Est,1163.03,35.446205170975816,False
15812,Diseno Torrontes Salta,685.02,35.05007153075822,False
15820,Mont Redon CdP Red,13797.27,33.33333333333333,False
15824,Nozzole Chianti Clsc RSV,59229.27,38.8945870850679,False
15825,Octave Vino Verde White,89.9,33.37041156840934,False
15827,Frisk Prickly Rsl,38674.61,34.74206979721321,False
15832,Sunday Mtn Svgn Bl,3166.02,34.64665415884928,False
15833,Je T'Aime Cremant de Limoux,1039.35,31.019387116948096,False
15835,Ninety+Cellars Lot 33 Rose,681.38,43.94904458598726,False
15837,Ninety+Cellars Lot 37 Shiraz,17389.05,45.70318677558579,False
15838,Ravines Finger Rsl Lakes,2724.41,35.62753036437247,False
15844,Ch Charrier Brdx,62.95,35.66322478157268,False
15846,Merry Edwards Svgn Bl RRV,1149.54,31.052420968387352,False
15850,Sextant Znfdl,1144.53,33.33333333333333,False
15851,Sextant Wheelhouse Znfdl,863.04,-38.04226918798667,False
15859,Roland Lavantureux Chablis,8640.59,25.845457312521493,False
15860,Merriam Vyds Rose of Pnt Nr,7836.08,69.38469234617308,False
15871,Cyan Toro Zamora,1231.23,31.51969981238274,False
15875,Ranga Ranga Svgn Bl,49774.75,40.49693870888352,False
15876,3 Brooms Svgn Bl Marlborough,25206.93,34.650709150221786,False
15880,San Polo Brun di Montlcno 11,149.98,35.07134284571276,False
15888,R M Woodbridge Malbec,1050.61,46.416843548033995,False
15889,R M Woodbridge Malbec,45802.53,40.93197471842712,False
15891,Farnum Hill Dooryard Cider,1786.51,32.44370308590493,False
15892,Red Guitar Sangria,43565.91,35.726511852960265,False
15899,Kosta Browne Pnt Nr Sonoma C,10693.85,33.77782557264222,False
15900,Ch St Jean Svgn Bl Sonoma,18418.59,42.533874742854906,False
15901,Merry Edwards Georg Pnt Nr,79.99,37.904738092261525,True
15902,Kosta Browne Pnt Nr RRV,9299.0,32.88525647919131,False
15908,Mommy's Time Out Moscato,323.64,32.92547274749722,False
15911,Primal Roots Red Cal,21219.08,36.1625480463809,False
15914,Simply Naked Merlot,99.75,,False
15915,Simply Naked Cab Svgn,895.13,37.95426362651235,False
15916,Simply Naked Pnt Grigio,21551.3,39.14102629539749,False
15917,Simply Naked Chard,21846.64,37.373619009605136,False
15922,Primo Amore Moscato,70048.41,22.311755541631847,False
15923,Bota Mini Moscato,593.96,32.98538622129436,False
15927,Marcarini Fontanazza Alba,111.93,,False
15929,Marcarini Barolo La Serra,831.84,35.06443546835931,False
15931,Fuligni Brun Montalcino DOCG,2127.72,33.780760626398205,False
15940,Bongiovanni Barolo,2999.4,34.20684136827366,False
15949,Kunde Cab Svgn Sonoma Cnty,540.63,41.48493424338272,False
15951,Tenuta Sette Ponti Oreno,2753.49,32.43193183922949,False
15954,Jacobs Crk Moscato Rose,89.94,51.76784523015343,True
15968,Kunde Chard Sonoma Cnty,870.33,35.488837567359504,False
15970,Alexana Revana Vyd Pnt Nr,8047.11,49.69150415490778,False
15971,Revana Cab Svgn Napa Vly,9679.12,34.63951268297119,False
15976,Hillinger Secco Sparkling,332.31,33.79073756432246,False
15977,Quattro Mani Barbera,1918.8,33.33333333333333,False
15979,Moonlight Meadery Wild,16055.64,35.026943802925324,False
15980,Moonlight Meadery Apple Pie,24291.3,32.87143956889915,False
15981,Verde Sole Znfdl,6549.22,31.90425730086942,False
16000,Drouhin Pouilly Fuisse,8060.64,32.43017924135056,False
16044,Entwine Cab Svgn,3475.65,35.04380475594493,False
16045,Entwine Merlot,1527.24,31.05209397344229,False
16046,Entwine Chard,27.98,34.23874195854182,False
16047,Entwine Pnt Grigio,545.61,51.393852751965696,False
16054,Il Borro Toscana,89.98,33.78528561902645,False
16061,Shannon Ridge 09 Cab Svgn,575.64,37.085678549093174,False
16069,Voila Cellars Pnt Nr,56.97,31.964191679831494,False
16071,Sasa VO Amarone del Valp Cla,463.92,31.971029487842728,False
16072,Patch Block Chardonnay B/B,27.96,,False
16087,The Show Pnt Nr,47.96,35.446205170975816,False
16127,Lindemans Bin 90 Moscato,2377.14,36.621318054468816,False
16129,Pol Roger Brut,96260.04,34.31991094123792,False
16140,Ravines Meritage,1472.39,34.29322394202624,False
16144,Fish Eye Moscato,487.39,31.03879849812265,False
16146,Sean Minor Red Napa Vly,7808.09,35.75214937327823,False
16148,Cavit Alta Luna Pnt Nr,279.8,32.451751250893494,False
16150,Blue Fish Sweet Rsl,164.85,31.938125568698812,False
16151,Cavit Alta Luna Pnt Grigio,22166.83,32.84804367606916,False
16153,Villa Mount Eden Gran Rs Pnt,449.64,31.545236188951158,False
16155,Joseph Phelps Insignia 08,6239.61,33.77711106944184,False
16159,Gnarly Head Authentic Red,37353.59,31.438638160348177,False
16163,Sutter Home Pnt Nr,395.34,33.72287145242069,False
16165,Garnet Pnt Nr Monterey Cnty,6534.21,45.187712057004596,False
16166,Sutter Home Pnt Nr,670.88,32.3873121869783,False
16169,Vina Cobos Bramare Malbec,39.99,,False
16170,Domino Moscato,143.76,45.242070116861434,True
16172,Ch Lamothe de Haux Brdx Red,424.75,34.19658622719247,False
16174,Inkblot Cab Franc,6481.15,38.05883215170147,False
16175,The Naked Grape Moscato,25859.34,28.07032198037537,False
16178,Lobstah White,1108.95,43.66292438793454,False
16179,Perrier Jouet Blason Rose,42752.08,36.56898097121824,False
16180,Skinnygirl Sangria,27162.14,39.91548530417706,False
16189,Frescobaldi Tenuta Castglni,42959.38,-6.572627444809504,False
16190,Morande Edicion Limitada,284.81,34.62308205470313,False
16192,Armand De Brignac Brut,1222.99,,False
16195,Croft Fine Ruby Port,191.84,31.94328607172644,False
16196,Croft Tawny Porto,191.84,33.361134278565466,False
16199,Rickshaw Pnt Nr,1902.88,35.491465567981166,False
16200,Gramona Lustros Gr Rsva Cava,902.79,33.33333333333333,False
16202,Simple Life Chard,911.28,40.900711087700806,False
16203,Simple Life Pnt Nr,15751.23,11.771144221752843,False
16205,Sivas-Sonoma Cab Svgn,8326.17,34.738901559780786,False
16208,Inman Family OGV Est Pnt Nr,1268.73,,False
16210,Inman Family Pnt Nr RRV Sono,335.88,31.975705609146125,False
16214,Bonny Doon Alamo Crk Syrah,40.99,,False
16232,Blackstone Delectable Red,4646.64,39.32475939603672,False
16238,C'est La Vie Syrah-Grenache,27.98,32.4517512508935,False
16239,Domino Cab Svgn,1761.92,41.08926625499455,False
16240,Domino Chard,2070.41,43.81982312682028,False
16241,Domino Merlot,1264.8,42.59962049335863,False
16242,Domino Pnt Grigio,2787.06,42.571742266043785,False
16245,Domino Cab Svgn,2229.21,32.91614518147685,False
16246,Domino Chard,3539.57,31.539424280350442,False
16247,Domino Merlot,1134.58,34.16770963704631,False
16248,Domino Pnt Grigio,2996.25,31.038798498122656,False
16256,Zonin Moscato,383.64,48.952142633719106,False
16257,Sutter Home Pink Moscato,545.09,35.05843071786311,False
16260,The Dreaming Tree Cab Svgn,192234.14,37.67523292168603,False
16261,The Dreaming Tree CC Chard,48796.96,31.30785196454861,False
16262,The Dreaming Tree Crush Red,238209.55,41.45008040189824,False
16263,Dom Fond Croze Rasteau CdR V,15.98,,False
16264,Il Poggione Brunlo d Montlcn,14398.2,32.89161145143144,False
16266,Walnut Crest Malbec,59.94,41.94194194194195,True
16274,Vinum Cellars Chenin Blanc,246.33,31.05590062111801,False
16281,Dom Serene Clos Soleil Chard,89.97,,False
16289,Barefoot Bubbly Pink Moscato,169534.88,34.83068498942519,False
16290,Canyon Rd Moscato,3602.08,32.35908141962421,False
16309,Mollydooker Two Left Feet,6221.07,35.39342910463956,False
16310,Mollydooker Scooter Merlot,6681.29,30.113346374727033,False
16311,Mollydooker Gigglepot Cab Sv,479.88,25.506376594148534,False
16312,Ramon Bilbao Valinas Albarin,111.92,34.66761972837741,False
16314,Line 39 Chard,40901.58,44.515346350923366,False
16315,24 Knots Pnt Nr,9393.62,35.81707584509488,False
16317,Noble Vines 446 Chard Monter,38485.28,27.676867623153573,False
16318,Noble Vines 667 Pnt Nr Mntry,46126.46,36.60111788331469,False
16320,Ninety+Cellars Lot 42 Pnt Gr,69633.05,37.97945084984789,False
16321,Atlas Peak Cab Svgn,559.84,51.75764504144041,False
16325,Smoking Loon Red Loonatic,7823.58,46.0431158114316,False
16326,Black Box Cab Svgn,41986.93,37.70804390794945,False
16327,Black Box Merlot,27371.68,38.6682878069596,False
16328,Black Box Chard,52523.04,35.09705454977473,False
16329,Battle Axe Malbec Mendoza,20377.08,42.428650228590165,False
16330,Cherry On Top Sweet White,64.95,45.03464203233257,True
16349,Cinsault Frick,759.19,35.075541037158025,False
16351,Girls in the Vineyard Cab S,33350.62,33.139054086550715,False
16352,Girls in the Vineyard Svgn B,27810.64,32.46728590208639,False
16355,Halo Cab Svgn,1119.93,,False
16357,Mercer Canyons Rsl,167.88,35.096497498213004,False
16359,St Francis White Splash,71.88,32.8881469115192,False
16360,Columbia Winery Merlot,503.64,63.4024303073624,False
16365,La Demoiselle de By Medoc,59.96,,False
16368,Ch Chauvet Blanc Brdx,87.93,,False
16369,Tiki Sound Svgn Bl,326.71,22.065440298735883,False
16370,Zinsane Znfdl Lodi,14789.49,31.914893617021274,False
16374,Jovly Chinon Cab Franc,51.96,39.260969976905315,True
16377,Ch Moncontour Vouvray Demi S,474.71,30.357481409702757,False
16378,Hob Nob Malbec VDP D'Oc,3556.38,32.20859413223559,False
16380,Duboeuf Bjls Nouveau 2014,84743.89,57.324840764331206,False
16381,Merryvale Signature 07 Cab S,0.0,,False
16389,R. Merlo Pnt Nr,574.72,38.71102449888642,False
16393,Alamos Red Mendoza,25449.13,50.06579792708041,False
16394,Ghost Pines Red L Martini,58908.86,46.13472404660352,False
16398,Shane The Unknown Syrah No C,1559.61,35.48387096774193,False
16399,Shane Judge Vyd Syrah Bennet,1074.75,31.98418236799256,False
16400,Zum Rsl,10857.34,34.217773414114326,False
16424,Rex Goliath Pnt Nr,80.94,46.03409933283914,True
16425,Kirkland Signature Supr Brdx,7.99,32.91614518147684,False
16426,Yellow Tail Sweet Red Roo,1462.17,31.914893617021274,False
16427,Yellow Tail Sweet Red Roo,26505.12,39.9961969611909,False
16428,HandCraft Artisan Coll Chard,21059.92,37.940884865659505,False
16429,HandCraft Artisan Coll Pnt N,25351.34,41.29383298870987,False
16430,HandCraft Artisan Coll Pet S,457.41,32.46977547495683,False
16431,HandCraft Artisan Coll Cab S,26039.76,38.32938552429054,False
16440,Banshee Cab Svgn Napa Vly,6997.94,37.21037905440745,False
16441,Bota Box RedVolution,84026.42,40.54765156006884,False
16443,Sans Liege Cotes du Coast Wh,1346.39,41.55482438223695,False
16445,Sans Liege Groundwork Grenac,1525.23,39.87333057965028,False
16453,Hillinger Eveline Pnt Nr,689.64,36.05359317904993,False
16455,One Four Brut Rose 1/4,57.45,24.6301131418625,False
16458,Gerard Bertrand Corbieres Ro,14163.3,35.407002605325026,False
16460,Gerard Bertrand Pnt Nr Rsv,9456.26,33.209958271028924,False
16461,Gerard Bertrand Cab Svgn Rsv,1073.21,31.836266900233884,False
16466,Gerard Bertrand Gr Terrier R,2055.79,33.313713949381984,False
16468,Gerard Bertrand Chard Rsv Sp,4734.16,36.813288946719155,False
16469,Menage a Trois Moscato,21983.7,36.15860842351378,False
16472,Lock & Key Meritage,779.4,31.48575827559661,False
16477,Cupcake Angel Food,34598.43,37.3054788902271,False
16478,Poema Cava Rose,179.85,33.778148457047536,False
16484,Layer Cake Centrl Cst Pnt Nr,27231.14,34.86603939460486,False
16494,Tenuta di Arceno Chianti Cls,13524.6,36.0927495083034,False
16503,Lafite Rsv Speciale Bl Brdx,485.72,65.46981800214114,False
16520,Biagio Prosecco,17.96,33.85300668151447,False
16523,Calma Rioja,255.84,34.20888055034397,False
16525,Cortijo Tinto Rioja,195.27,35.45347467608952,False
16526,Flaco Tempranillo,8262.92,33.73722606536189,False
16527,Vinyes Domenech Furvus,692.79,32.43407093058502,False
16529,Naveran Cava Brut,521.71,33.351862145636474,False
16530,Castelo do Papa Godello,599.64,35.581348809285565,False
16531,Pazo de Galegos Albarino,230.89,32.872796569795135,False
16532,Zestos Blanco,1489.84,38.56789990871503,False
16537,Root 1 Pnt Nr,9121.53,36.485655367027256,False
16538,Catalpa Malbec,9269.79,42.38704436670088,False
16539,Catalpa Chard,7910.74,39.226418767397234,False
16540,Atamisque Malbec,23657.88,35.93441170552898,False
16541,Atamisque Assemblage,5344.38,31.0397090027281,False
16553,Zestos Garnacha,5685.51,35.30395690096403,False
16555,Murrieta's Well The Whip Wh,10786.37,41.64542844348934,False
16556,The Transcendentalist,1119.6,39.69274740978921,False
16557,Arrowood Cab Svgn Sonoma Vly,8667.01,31.037231986579002,False
16559,Badenhorst Secateurs Red,4045.17,37.315860643681226,False
16560,Badenhorst Secateurs Chen Bl,6785.28,38.924259573665346,False
16568,Moonlight Meadery Sumptuous,12314.52,31.9476520400308,False
16580,Sasa Barolo,99.98,,False
16583,Pali Huntington Pnt Nr,1779.11,32.41620810405203,False
16584,Pali Winsdor Oaks Pnt Nr RRV,389.9,33.26493972813542,False
16585,Pali Summit Station R Pnt Nr,569.81,39.61320440146716,False
16586,Pali Charm Acres Sonom Chard,223.86,,False
16587,Pali Riviera Pnt Nr Sonoma,866.49,32.90170688640377,False
16592,B & G Sauternes,6997.14,38.32508710701802,False
16609,Leese-Fitch Chard,843.28,24.01100464851531,False
16610,Leese-Fitch Cab Svgn,153305.12,35.737045181530796,False
16611,Leese-Fitch Merlot,179.84,36.47686832740214,False
16612,McManis Barbera Jamie Lynn,113.91,42.08585725572821,True
16634,Cuvaison Carneros Pnt Nr,278.91,,False
16642,Gionelli Prosecco,41.94,,False
16646,Cesari Jema Corvina Veronese,3292.11,34.63098134630982,False
16647,Cesari Lugana Cento Filari,10768.71,34.6420323325635,False
16649,Cesari Valpo Classico,989.34,35.49032688458972,False
16653,Quintessa Rutherford Red,10294.29,33.77474308573006,False
16655,Dom Bousquet Cab Svgn Mendza,24776.03,35.888396970781834,False
16656,Dom Bousquet Malbec Mendoza,31388.98,32.33561587538047,False
16657,Dom Bousquet Chardonnay,6402.27,35.29185741932159,False
16661,John Anthony Cab Svgn Napa,2759.54,35.072512085347554,False
16663,Astoria Prosecco 08,0.0,,False
16664,Eden Northern Spy 09 Cider,0.0,,False
16669,Sweet Baby Vyds Blueberry,70912.41,34.18013856812932,False
16670,Sweet Baby Vyds White Peach,44602.8,31.025854879065896,False
16678,Neal Fifteen Forty Cab Svgn,3007.68,32.428981806575166,False
16679,Pennywise Petite Sirah,309.72,35.089758491540756,False
16680,Nicolas Potel Pnt Nr Bourgog,1616.98,63.41327660206064,False
16681,Nicolas Potel Wh Burgundy,132.93,34.64981569246972,False
16683,Pinnacoli Primitivo Manduria,18.99,,False
16684,Sokol Blosser Evolution Red,5368.68,31.790309722315367,False
16688,Ch Lestiac Cotes de Bordeaux,9.49,35.08956796628029,False
16689,Louis Cheze Cote Rotie Demo,115.98,,False
16690,Fayolle Fils et Fille Hermit,1735.72,33.327956121955154,False
16692,Chartron Trebuchet Chard Bou,12105.08,37.80330241518436,False
16694,Adissat Cotes du Rhone,1244.17,33.75583722481655,False
16695,Ch Hyot Brdx Castillon,43333.34,34.44581008525998,False
16696,Alain Lorieux Chinon Express,485.73,31.96220122290161,False
16703,Catena Padrillos Malbec,16219.7,38.402683156901794,False
16708,Bolla Valpo Ripasso Cls Sup,683.46,42.8759547010798,False
16724,Ch Haut Gravet Saint-Emillon,7798.05,35.0587646911728,False
16725,Moonstone Asian Pear Sake,8367.03,33.762517882689565,False
16726,g Sake,819.92,-69.19211630402967,False
16727,Bitch Grenache Aragon,15738.75,33.30950679056469,False
16728,Pine Ridge Forefront Cab Svg,8559.69,35.39801090927358,False
16749,Ninety+Cellars Lot 50 Prosco,39554.19,10.886988205295069,False
16752,Pennywise Cab Svgn,540.53,30.52559524910735,False
16753,Pennywise Pnt Nr,5388.38,42.554162846718306,False
16756,Cocchi Americano,759.62,33.316658329164575,False
16757,Cardamaro Vino Amaro,5836.09,41.36211059116635,False
16758,Dolin Sweet Red Vermouth,55176.56,38.88491779842744,False
16760,Plungerhead OV Dry Crk Znfdl,16.99,33.313713949381984,False
16761,Dolin Dry White Vermouth,54001.4,36.812008577555396,False
16762,Leese Fitch Svgn Bl,533.54,35.07890692356712,False
16773,Hartford Court Pnt Nr RRV,2958.11,32.00388085635761,False
16774,Hartford Court Chard RRV,998.61,34.03731186349025,False
16775,Lucky Duck Moscato,227.4,34.56464379947229,False
16776,Amapola Creek Cab Svgn 10,338.97,31.50721302770157,False
16777,Amapola Creek Znfdl 09,287.96,,False
16778,Lange Willamette Chard,10751.29,31.160539804990854,False
16781,Mica Cab Svgn,9008.68,34.78156622279846,False
16782,Penner-Ash Willamette Pnt Nr,14394.13,34.12939858122721,False
16786,Attrezzi 10 Moscato d'Asti,155.88,32.409545804464976,False
16787,Casa Solar Tempranillo,63.92,,False
16791,Gallo Signature Series Cab S,199.95,34.20855213803451,False
16792,Gallo Signature Series Chard,2349.06,35.49419767907162,False
16793,Gallo Signature Series Pnt N,89.97,33.777925975325104,False
16794,Freakshow Cab Svgn,254650.63,41.5475076578448,False
16795,Salon Brut Bl de Bl 97,5219.82,34.63912548708576,False
16796,Delamotte Brut,3883.89,31.037439268362395,False
16805,Las Rocas Spanish Red,30673.61,33.29161451814769,False
16806,Apothic Winemakers White,147400.08,39.74759036765788,False
16808,Flip Flop Cab Svgn,287.76,,False
16809,Flip Flop Chard,443.63,35.02919099249374,False
16814,H3 Horse Heaven Hills Red Co,26609.49,34.52298409326899,False
16816,H3 Horse Heaven Hills Merlot,23487.98,33.03153357589712,False
16817,H3 Horse Heaven Hills Chard,179.88,51.100733822548364,True
16819,H3 Horse Heaven Hills Cab Sv,98325.35,33.49360058214895,False
16820,Covey Run Chard,0.0,,False
16822,Simply Naked Unoaked Moscato,33.96,44.7585394581861,True
16823,Pfaffenheim Brut Excellence,19.99,,False
16824,Adissat Lirac,6176.91,34.21710855427714,False
16826,Simply Naked Unoaked Svgn Bl,12525.95,36.160929909507864,False
16827,Cesari Bosan Amarone,0.0,,False
16828,Korbel Organic Brut,71140.53,34.910493357302784,False
16829,C Y Toro Gran Reserva Cab Sv,29999.83,32.82015264753168,False
16830,C Y Toro Gran Rsva Carmenere,12490.52,26.758853914808988,False
16837,Beringer Classic Pink Moscat,57972.46,40.09797065710166,False
16839,Le Gr Bouqueteau Chinon Roug,7211.49,35.08442776735459,False
16843,Barefoot Cellars Red Moscato,40557.84,41.00119730242044,False
16846,Uppercut Svgn Bl,95.92,31.025854879065896,False
16850,Blufeld Sweet Rsl,77.87,,False
16851,R M Woodbridge Sweet White,1334.08,32.98153034300791,False
16860,Tikal Natura Malbec,9575.21,32.41620810405202,False
16863,Pacifico Sur Cab Svgn Rsv,269.73,31.53153153153153,False
16864,Pacifico Sur Merlot,116.64,35.528120713305896,False
16868,Don & Sons Pnt Nr Sonoma Cst,6803.3,35.60771978304646,False
16869,Cupcake Chianti,587.16,34.620886981402,False
16873,Tierruca Svgn Bl Rsva,191.76,25.531914893617014,False
16877,Ninety+Cellars Lot 53 Cab Sv,56539.57,37.42987433402837,False
16878,Goosebump Velvety Red,13879.08,36.36292895494514,False
16879,Chilcas Cab Franc,239.88,,False
16880,Chilcas Pinot Noir,19.99,32.416208104052025,False
16887,The Seeker Cabernet Svgn,97.93,31.022158684774848,False
16888,The Seeker Chard,125.91,33.809864188706214,False
16889,The Seeker Malbec,9318.29,35.54514830510749,False
16890,The Seeker Pinot Noir,17446.59,20.1197483290431,False
16891,The Seeker Svgn Bl,17203.76,32.04369277413773,False
16894,El Nido 12 Tinto Jumilla,2639.78,31.03591965997167,False
16896,Nicolas Catena Zapata Mendza,7509.31,34.375062422512855,False
16912,Ch Julien Royalty Red,63.48,34.97164461247637,False
16916,R Mondavi Malbec Private Slt,85.9,40.046565774156,True
16918,Villa Pozzi Moscato,21182.39,40.829151007039336,False
16923,Ch Fonroque 09 Brdx St Emill,1022.69,,False
16931,Caymus Spec Select Cab Svgn,25396.47,33.77311886258209,False
16934,Manero Rosso di Toscana IGT,167.88,32.88062902072909,False
16935,Martinotti Metodo Brut,4.49,,False
16939,Gallo Twin Vly Pink Moscato,469.06,34.2685370741483,False
16940,Gallo Twin Vly Pink Moscato,99.9,32.432432432432435,False
16941,Gallo Pink Moscato Twin Vly,137.25,31.51183970856102,False
16947,Altadonna Nero D'Avola,1594.86,46.533238027162255,False
16948,Rex Goliath Malbec,6435.76,38.10583365445573,False
16950,Rex Goliath White,11.98,32.88814691151921,False
16954,Mapuche Cabernet Svgn,21.98,,False
16955,Mapuche Svgn Blanc,833.28,38.73847926267281,False
16957,Circa Pinot Grigio,455.64,30.15538583091914,False
16959,Ornellaia Bolgheri 09,283.98,,False
16961,CastelGiocondo 10 Brun Montl,4883.26,41.354750719806034,False
16964,Magnolia Grove Cab Svgn,107.82,34.557595993322195,False
16967,Trentadue Merlot Alex Vly,208.89,33.754607688256975,False
16968,Trentadue Znfdl Alex Vly,9342.67,38.38592179751612,False
16971,Angeline Rsv Cab Svgn,20447.39,50.545130698832466,False
16987,Trivento Birds & Bees Sw Red,244.44,31.075110456553762,False
16989,Red Diamond Malbec,7441.25,36.78145472870821,False
16990,Santa Cristina Antinori Wh,13316.24,43.34586940457667,False
16991,Ch Bellevue St-Emil 09 Gr Cr,1819.74,33.33333333333334,False
16996,LaBelle Winery Americus,7196.4,31.015507753876943,False
16998,Ch Rauzan Segla Margaux 09,319.98,33.333333333333336,False
17001,Martinshof Gruner Veltliner,12199.28,33.30950679056469,False
17010,Mas Sorrer Montsant Red,0.0,,False
17011,La Maialina Gertrude Red,37460.58,32.6588109420623,False
17015,Siegel Reserve Cab Svgn,2529.81,49.61756021203173,False
17016,Picpoul d Pinet HB Languedoc,32179.7,33.33871975189327,False
17017,Riebeek Cellars Chard,403.61,33.42335422809148,False
17018,Riebeek Cellars Pinotage,32.97,37.76160145586897,False
17019,Riebeek Cellars Cab Svgn,674.35,37.829020538296135,False
17020,Maipe Malbec Mendoza,6970.87,37.212715199107144,False
17024,Marques de Caceres Albarino,6843.71,32.59679325979622,False
17026,Pares Balta Brut Cava Pendes,2737.37,40.09651599893328,False
17033,Black Box Moscato B/B,134.91,34.2228152101401,False
17039,Sutter Home Pink Bubbly Mosc,582.47,33.75796178343949,False
17040,Sutter Home Pink Moscato,1850.91,33.3889816360601,False
17041,Sutter Home Pink Moscato,31135.98,45.63627032134527,False
17047,Murphy-Goode All In Claret,994.53,37.0044141453752,False
17059,Murai Nigori Genshu Sake,4502.16,36.465163388240306,False
17063,Ch Tanunda Gr Barossa Cab Sv,4326.35,34.70477423232055,False
17065,Be. Bright Pnt Grigio,1042.26,31.552587646076795,False
17069,Tangent Albarino,1666.05,34.63881636205395,False
17073,Tomaiolo Pinot Grigio,37403.83,37.51367172826954,False
17084,Copain Tous Ensemble Pnt Nr,5253.81,33.76406836181742,False
17085,Copain Les Voisins Pnt Nr,2729.3,33.34188253398308,False
17086,Harrison Clarke Syrah,1799.55,33.33333333333333,False
17089,Hedges CMS Svgn Bl,0.0,,False
17093,Guidobono Barbera D'Alba,503.64,34.238741958541816,False
17094,Moscato Pink Bubbly 480 Plt,10539.41,34.66787989080983,False
17100,Z-52 Znfdl Lodi Old Vines,1709.86,35.043804755944926,False
17101,Trimbach Gewurztraminer,16062.4,31.788524753461502,False
17118,Heitz Martha's Vyd Cab Svgn,674.97,35.486021600960036,False
17119,Zaccagnini Cerasuolo Rose,22487.1,34.10711029879353,False
17129,Simply Naked Undressed Red,523.38,34.731934731934736,False
17131,Murphy-Goode Liars Dice Znfd,705.64,39.5952610396236,False
17132,Murphy-Goode Cab Svgn Alex V,3414.5,35.59818421437985,False
17134,Ch Ste Michelle Indn Wls Red,21352.97,40.19848292766767,False
17138,Steele Red Hills Cab Svgn,1249.33,54.14742301873804,False
17142,Caposaldo Sweet Moscato,569.62,47.36490993995998,False
17143,Caposaldo Pnk Merlot Moscato,164.89,32.42161440960639,False
17144,Caposaldo Sweet Red Sprklng,254.83,32.88859239492996,False
17145,Honeymaker Blueberry Mead,14218.88,33.98411126614753,False
17146,Honeymaker Dry Mead,11211.93,42.74348840922125,False
17147,Honeymaker Lavender Mead,12384.82,40.35811582243424,False
17148,Insomnia Red,485.46,41.49054505005562,False
17154,Castano Monastrell Rosado,110.33,,False
17159,Quattro Mani Montepulciano,811.42,32.88062902072909,False
17161,Seaglass Pnt Grigio,22504.99,9.98396355652681,False
17162,Menage a Trois Pnt Grigio,41533.37,35.710586451328176,False
17163,Menage a Trois Cab Svgn,39084.41,37.252960963207585,False
17167,Kendall Jackson Vntr RSV Zin,31494.9,37.67892579433496,False
17168,Kendall Jackson Vntrs Rsl Rs,48048.46,40.733875757932715,False
17170,Zeitgeist Cab Svgn Napa Vly,4604.01,-14.824251033338312,False
17171,Riunite Sweet Red,46.92,,False
17172,Riunite Sweet White,161.73,31.552587646076795,False
17175,Beringer Classic Cab Svgn,104993.36,37.77435068274794,False
17176,Beringer Classic Chard,198440.18,38.11189850765101,False
17177,Beringer Classic Merlot,100059.17,35.82062493622524,False
17182,Mimosa by St Clair Winery,335.76,34.66761972837741,False
17186,Columna Albarino,15379.94,38.972583768207166,False
17187,The Messenger Telegram Red 2,39487.14,-2.9615717927406116,False
17188,The Messenger Telegram Red 1,14002.93,34.30089274173333,False
17194,Uvaggio Primitivo Lodi,2817.65,31.025854879065896,False
17196,Cocchi Vermouth di Torino Sw,37.98,35.07109004739336,False
17200,Leese-Fitch Pnt Nr,13243.55,17.46095269017749,False
17201,Santerra Red 09 Sonoma Cty,13.58,,False
17202,Natura Malbec Ville de Rapel,13972.03,38.80889176447518,False
17204,HandCraft Artisan Coll Malbe,22.47,,False
17209,The Divining Rod Cab Svgn,16901.54,31.737699641571133,False
17216,Gerard Metz Pnt Gris,7251.01,35.288463262359315,False
17218,Catena Malbec Mendoza,107.88,31.92436040044494,False
17219,Honoro Vera Garnacha Calatyd,11493.07,38.65999249982816,False
17234,Earth 3.0 Tempranillo/Syrah,0.0,,False
17235,B & G Vouvray,18135.66,33.507134562513855,False
17263,Lincourt Courtney's Chard,461.58,33.75796178343949,False
17265,Proximo Red Rioja,279.6,34.620886981402,False
17266,The Divining Rod Chard,239.83,35.99216111412251,False
17274,Sensi Tuscano Rosso,67.41,,False
17275,Sensi Tuscano Bianco,269.64,33.377837116154865,False
17281,Ch Magrez Fombrauge 09,4419.66,31.51011616278175,False
17282,Ch Fugue de Nenin 09,173.94,32.42497412901001,False
17289,Sella & Mosca Terre Rare,1633.91,31.95463642428286,False
17292,Defesa Rose Alentejo,5897.46,33.79522709776752,False
17293,Defesa Branco White Alentejo,3078.63,35.02694380292533,False
17294,Defesa Tinto Red Alentejo,5351.88,35.4888375673595,False
17296,Monte Velho Tinto Alentejo R,21474.46,35.03184713375796,False
17297,Clos du Bois Rouge,18719.7,39.37723360951298,False
17298,Anton Bauer Gmork Rose,167.88,34.66761972837741,False
17299,Anton Bauer Pnt Nr,55.97,,False
17308,Novelty Hill Cab Svgn CV,19610.92,29.761785780575302,False
17315,Damilano Cannubi Barolo,4079.49,32.429053631703965,False
17316,Damilano Lecinquevgne Barolo,29230.49,39.12380531424551,False
17320,The Messenger Telegram White,208.89,31.964191679831483,False
17322,Cortijo Rosado Rioja,237.83,34.23874195854183,False
17323,Stonestreet Est Cab Svgn,4170.82,21.858051893872172,False
17324,Acrobat King Est Rose Pnt Nr,31785.28,43.24517512508935,False
17325,The Calling Dutton Chard RRV,7736.13,31.515757878939475,False
17326,The Calling Cab Svgn Rio Lgo,8721.51,32.41296518607443,False
17329,Sean Minor 4B Paso Cab Svgn,12752.72,37.78268479195026,False
17330,Sean Minor 4B Pinot Noir,26796.38,37.73964990793532,False
17331,Sean Minor Four Bears Svgn B,10.99,31.028207461328485,False
17332,Sean Minor 4B Cntl Cst Chard,472.57,32.84804367606916,False
17339,Chicken & Turkey Cotes du Rh,479.47,40.30909128829749,False
17340,Chops & Burgers Bordeaux,4661.44,48.544655728701855,False
17341,Lobster & Shrimp Muscadet,8856.77,59.773371104815865,False
17342,Salmon & Trout Bordeaux Blnc,89.8,33.85300668151447,False
17345,Bogle Essential Red,186549.84,41.57198955517732,False
17346,Ridge Estate Merlot,2303.52,35.486559699937494,False
17347,Ridge Lytton Petite Sirah,7869.52,39.02042310077362,False
17348,Ty Ku Silver Junmai Sake,128.88,36.96461824953445,False
17349,Moonlight Meadery Desire,17795.28,31.02215868477483,False
17350,Moonlight Meadery Sensual,14885.36,32.4517512508935,False
17351,Wine by Joe Pnt Nr,11691.15,34.49489571171356,False
17358,Ch de Bonhoste Red Brdx 09,101.94,36.8452030606239,False
17360,Chapelle-St-Arnoux CdR Rouge,131.88,33.30300272975432,False
17361,Grateful Red Redhawk Pnt Nr,3989.75,34.35678927251081,False
17367,Riebeek Clrs Svgn Bl Swartld,2112.03,38.25182407446864,False
17368,Emblem Cab Svgn Oso Vyd,1074.77,36.50641532606976,False
17369,Gattinara Red,335.84,35.493091948546926,False
17371,Castelmaure Corbieres,467.64,31.94765204003079,False
17372,Mionetto Il Spriz,1668.33,34.23423423423423,False
17375,Legacy Red Alexander Valley,1377.74,32.44008303453482,False
17377,BV Beaurouge Red,6880.41,32.421614409606406,False
17378,Terrazas Torrontes Rsv 10,6460.8,33.438583457157016,False
17381,Barricas Torrontes,23.96,,False
17384,20 Mile 09 Brdx Superior,1949.48,35.07602027207255,False
17385,Ch La Fleur Patris-Querre 09,493.81,31.512120046171603,False
17394,Ch La Mission 09 Blanc Pessc,15199.81,35.06543831797897,False
17399,Ch Coutet Barsac 09 Brdx,710.91,,False
17404,Ch Haut-Brion Blanc 09 Pessc,899.99,,False
17405,Ch Haut-Bailly 09 Pessac Brd,2526.81,35.06278667568991,False
17406,Ch La Chapelle La Mission 09,949.9,,False
17407,Ch La Mission 09 HB Pessac,10399.87,34.64043300541257,False
17408,Ch Haut-Brion Pessac 09 Brdx,3599.96,32.43258258425094,False
17409,Ch La Mondotte 09 St Emilion,1479.96,33.333333333333336,False
17410,Ch Angelus 09 St Emilion,5099.83,34.21114037134571,False
17413,Ch Leoville Barton 10 St Jul,4159.68,34.64112624048005,False
17431,Rhiannon Proprietor's Red,1307.81,35.48680618744313,False
17432,Predator Old Vine Znfdl Lodi,44781.25,33.61618981158409,False
17433,Vino Pnt Grigio,13264.4,31.874792678146015,False
17437,Thomas Goss Shiraz McLaren,269.85,34.18565869927738,False
17444,D'Aquino Asti,0.0,,False
17457,Skinnygirl White Wine,23983.63,38.22419708776362,False
17458,Skinnygirl Rose Wine,15053.0,35.90646382780841,False
17459,Skinnygirl Red Wine,10560.9,36.20146010283214,False
17462,Zacharias Cab Svgn,287.76,32.86071726438698,False
17463,Zacharias Chard,389.61,32.932932932932935,False
17464,Zacharias Merlot,659.45,34.19516263552961,False
17469,Zacharias Ambelos Phos Red,739.26,33.733733733733736,False
17470,Zacharias Ambelos Phos White,689.31,31.931931931931928,False
17471,Loukatos Mavrodaphne Patras,12231.34,31.935176358436607,False
17473,Loukatos Retsina,6316.34,40.742265299208086,False
17485,Barefoot Cellars Red Moscato,13829.16,24.640976024574158,False
17486,Barefoot Cellars Red Moscato,733.37,32.049306625577806,False
17487,The Naked Grape Harvest Red,4817.5,28.38609237156202,False
17488,Solar de Randez White Rioja,0.0,,False
17489,Ch St Pierre Rose,13631.49,38.74638795905657,False
17490,Serbal Chardonnay,389.7,32.409545804464976,False
17493,Cercius CdR Vielles V Rouge,429.69,39.54246084386418,False
17494,Finca Villacreces Pruno Tnto,181.86,,False
17499,Amapola Creek Cuvee Alis Org,149.94,,False
17500,Hob Nob Wicked Red,6362.54,34.51200306795714,False
17503,Montes Twins Red,3087.94,31.02068045363576,False
17504,Butternut Chard,120864.65,40.93339119419945,False
17507,Rainstorm Pnt Nr,8844.43,37.08548770242967,False
17512,Caballero la Cepa Rsv Malbec,47.97,,False
17519,Barboursville Rsv Cab Franc,143.94,33.76406836181742,False
17520,C Y Toro Frontera Vintage Re,104.65,,False
17528,Dom Serene Roadblock Syrah,359.8,31.96220122290161,False
17529,Dom Serene Evenstad Chard,6222.59,34.85429700494489,False
17535,Ninety+Cellars Lot 66 Rsl Mo,13624.9,42.40765069835374,False
17576,Benefactor Cellars Cab Svgn,5.49,,False
17595,Ch La Gordonne Rose,23704.31,31.645046829036584,False
17596,Pink Flamingo Rose,16101.92,34.20163558134682,False
17598,Ch Ducru-Beaucalliou 09 Gr C,1749.93,,False
17601,Ch Palmer Margaux 09 Medoc,7819.77,31.03326568428484,False
17611,True Myth Chard,18664.58,59.670991793011154,False
17612,Tilia Malbec Syrah  Mendoza,11115.04,33.44153507319812,False
17615,Bota Box Rsl,2094.88,34.98816161307569,False
17617,Nostor Tinto Priorat,7242.49,35.611371227298896,False
17621,Raymond Hill Cab Svgn,105.48,31.058020477815703,False
17637,Laurent Reverdy Sancerre,323.76,35.50778354336546,False
17665,Blason de Bourgogne BlncNoir,25.98,,False
17671,Revelation Chard Pays D'Oc,81.48,34.609720176730484,False
17675,Albero Sparkling Wh Organic,5.79,28.497409326424876,False
17677,Penner-Ash Dussin Pnt Nr,169.95,,False
17697,Pearls of Simplicity Junmai,135.96,32.89202706678436,False
17702,Gateway Vinho Verde,32.97,35.031847133757964,False
17706,Il Donato Vino Rosso Puglia,227.76,35.51106427818757,False
17707,Smoking Loon Steelbird Chard,81768.28,43.205066805856745,False
17741,Olivier Leflaive Bourg Al 12,113.94,32.91205897840969,False
17747,Penner-Ash Viognier,251.91,35.72704537334763,False
17748,Black Box Pnt Grigio,46718.83,35.15088027675351,False
17753,Astrolabe Pnt Nr Marlborough,389.85,,False
17754,Chocolate Shop Red,39135.94,34.054733321851984,False
17756,Cline Cool Climate Pnt Nr,46152.05,38.52710767994054,False
17758,Il Poggione Rosso Montalcino,6783.39,35.475182762601,False
17759,Joseph Mellot Reuilly Svgn B,15.99,31.0193871169481,False
17789,Ponti Sweet Vermouth,5.79,,False
17814,Ruffino Chianti Clsc Rsv Gld,65226.78,33.96565030498209,False
17816,Sauvignon Republic Svgn Bl,96.69,33.33333333333333,False
17819,C Y Toro Frontera Chard,17.94,,False
17830,Cazanove Brut Stradivarius98,467.91,,False
17837,Alverez de Toledo Mencia Rbl,5350.84,33.557348005173026,False
17838,Alverez de Toledo Godello,2115.99,36.356031928317236,False
17840,L'Opale de la Presquile Rose,149.9,,False
17841,Dom de Nouelles Rose d'Anjou,1163.16,47.425977509542975,False
17842,Chenade les Rials VDP Tarn,8.99,,False
17856,Charles Joguet Chinon Rose,181.87,35.09649749821301,False
17861,Dom du Gros Nore Antoinette,2713.41,35.48597521200259,False
17863,Tommasi Poggio Tufo Cab Svgn,269.73,31.93193193193194,False
17864,Mermelada Sassy Red,23.98,34.19516263552961,False
17865,Ch St Jean Pnt Nr,140286.33,41.36447221906795,False
17866,James Mitchell Cab Svgn,11831.42,27.93595358798859,False
17867,Beringer Classic Wh Zin Mosc,22619.69,45.464239341918464,False
17869,La Joya Svgn Blanc,83.93,32.44370308590493,False
17875,Darkhorse Chard,58998.16,31.914893617021267,False
17876,Darkhorse Cab Svgn,73340.21,33.29161451814769,False
17880,Manabito Ginjo Sake,5652.99,34.96733587004399,False
17882,Dewatsuru Kimoto Junmai Sake,11248.41,33.40498790495723,False
17885,Dom de Durban Gigondas,121.95,15.785157851578527,False
17887,Trader Joe's Chard 720 Btls,45.48,32.45382585751979,False
17896,Ch L'Argentier Vignes Cin 09,66.95,34.428678117998516,False
17897,L'Argentier Rose d'Aramon,2682.21,36.93446821837217,False
17906,Kim Crawford Chard Unoaked,32639.95,31.703479937928826,False
17908,Rex Goliath Pink Moscato,257.59,36.492099848596595,False
17909,Ravenswood Pickberry Red,2459.18,33.34444814938313,False
17910,Estancia Unoaked Chard,22060.66,36.4462350627769,False
17911,Blackstone Winemakers Malbec,419.3,31.0517529215359,False
17912,Thorny Rose Cab Svgn,6779.85,35.03691084611016,False
17914,Thorny Rose Red,3791.94,33.61709309746462,False
17915,Thorny Rose Svgn Bl NZ,7901.48,37.45981765441411,False
17916,Tenuta San Guido 09 Sassacia,2039.88,35.06676863344903,False
17918,Tenuta San Guido Sassacia,2135.94,,False
17921,Raymond R Field Blend Lot 7,8287.72,32.560462950003135,False
17927,La Crema Pnt Nr Anderson Vly,147.96,31.9816166531495,False
17928,Prima Perla Prosecco Treviso,14225.85,21.023348341223898,False
17929,Giorgio & Gianni Lambrusco,107.88,32.48053392658509,False
17931,Gerard Bertrand Merlot Rsv,335.76,31.52251608291636,False
17932,Camp Meeting Ridge Chard,2321.73,34.21328061402488,False
17933,Camp Meeting Ridge Pnt Nr,650.93,31.035595225293044,False
17934,Sea View Ridge Flower Pnt Nr,461.93,,False
17935,Butterfly Kiss Pnt Grigio,107.64,32.77591973244148,False
17937,Stark Raving Red,4959.52,38.21337548795046,False
17938,Stark Raving White,1604.6,41.54306369188582,False
17940,Butterfly Kiss Chard,1076.4,35.451505016722415,False
17941,Rose 'N' Blum Pink Moscato,89.7,32.77591973244148,False
17944,Beringer Fndrs Est Malbec,153.86,34.667879890809836,False
17945,Ch St Jean Soiree Red,9886.62,51.25593984597365,False
17948,Barco de Piedra Temp Red,407.76,35.49146556798116,False
17949,OneHope Cabernet Sauvignon,195.86,32.88062902072909,False
17954,Drops of Jupiter Red,36250.63,32.91614518147684,False
17957,Bluebird Pinot Noir,9959.21,37.68521800423928,False
17958,Bluebird Chardonnay,215.76,32.48053392658509,False
17967,Banfi Principessa Gavia Gav,62798.38,37.76349007729179,False
17978,Calling All Angels Chard,9963.53,31.53942428035045,False
17979,California 37 Cab Svgn,142.87,35.48680618744313,False
17981,If You See Kay Red Blend,17293.06,39.617858262216174,False
17983,Coppo L'Avvocata,1152.26,26.273584086924828,False
17984,Volpaia Citto Toscana,8514.32,34.2228152101401,False
17985,Ponzi Tavola Pnt Nr,26047.33,32.6963262645346,False
17986,Mas la Chevaliere Chard,359.64,31.03103103103103,False
17988,Porta Vita Blush Rosato,2841.63,32.44370308590493,False
17989,Porta Vita Bianco,827.31,32.86071726438698,False
17990,Porta Vita Rosso,11474.43,31.025854879065896,False
18000,Vendange Sweet White,395.01,31.07769423558897,False
18001,Ruca Malen Malbec Rsv,9945.95,32.90585615250429,False
18002,Vendange Sweet Red,104.85,34.62088698140199,False
18010,Cocobon Red,71999.45,39.26675828773692,False
18011,Bella Bolla Moscato,187.25,34.57943925233644,False
18012,Bella Bolla Pink Moscato,456.89,35.51401869158878,False
18013,Cecchi Sangiovese,153620.59,39.73119749116963,False
18014,Argyle Brut,14523.11,35.479384236571924,False
18017,Verde Sole Pnt Grigio,536.51,34.78965909302716,False
18027,Banfi Rosa Regale,96735.56,40.82804710077659,False
18044,Ch Dauzac Margaux,429.9,,False
18046,Ch La Louviere Pssc-Leg Roug,727.72,32.897268180069254,False
18066,Sutter Home Pnt Grigio,143.04,33.557046979865774,False
18071,Novelty Hill Chard SWC,0.0,,False
18072,Mixed Up Red,25.47,31.919905771495877,False
18073,Debauchery Pnt Nr,11.58,31.951640759930918,False
18083,Madria Sangria Moscato,916.98,31.47942157953281,False
18084,Madria Sangria Moscato,389.35,32.888146911519215,False
18089,Cavit Moscato,569.62,42.56170780520348,False
18093,Ch La Dom St Emil Gr Cru 09,334.95,33.333333333333336,False
18095,Layer Cake Garnacha,7191.57,36.05930276698968,False
18096,Bolla Amarone Valpolicella,39256.7,34.390307896486455,False
18097,Shafer Relentless Syrah,15220.23,35.841376904291195,False
18098,Shafer Hillside Cab Svgn,7594.69,35.55247152945019,False
18099,Shafer Hillside Cab Svgn,5531.88,31.506106423132824,False
18102,Ruffino Greppone Mazzi Bru,8468.37,33.63256447226563,False
18105,Ballatore Rose Moscato,327.59,33.291614518147675,False
18106,Barefoot Cellars Pink Moscat,97980.16,33.71572367303749,False
18107,Barefoot Cellars Pink Moscat,78936.15,45.15453312582384,False
18108,The Naked Grape Malbec,17.97,34.2237061769616,False
18109,Clos du Bois Unoaked Chard,5808.55,32.81972265023112,False
18110,Franciscan Est Cuvee Chard,979.75,33.73309517734116,False
18125,Laya Tinto Almansa,9310.79,32.45084466516805,False
18126,Monte Velho White Alentejo,3835.51,31.483166515013643,False
18127,Esporao Reserva Red Alentejo,299.88,32.89315726290516,False
18130,Castello Di Ama Chianti,3107.16,32.873749662070836,False
18131,Tortoise Creek Chard,696.43,32.804445529342495,False
18134,Joel Gott Alakai Red,11583.72,31.02215868477483,False
18137,Gallo Twin Vly Red Moscato,59.94,31.53153153153153,False
18142,Banfi Brunello Montalcino,111974.13,31.91748844130336,False
18150,O Pinot Pinot Noir,174.93,34.21368547418967,False
18152,Banfi Centine Mntcln Tscna,131280.55,46.69103686722823,False
18157,Maggio Cab Svgn,333.66,38.55421686746988,False
18158,Maggio Chardonnay,131.88,33.75796178343949,False
18159,Maggio Petite Sirah,26.97,20.133481646273637,False
18164,Lyrarakis Okto White,959.4,34.20888055034397,False
18166,Lyrarakis Assyrtiko,431.73,31.95747342088805,False
18167,Lyrarakis Okto Syrah Blend,9190.01,37.94914260158586,False
18173,Seven Falls Chard,1022.07,34.66787989080983,False
18174,Seven Falls Merlot,1725.43,35.031847133757964,False
18175,Seven Falls Cab Svgn,7550.13,32.39308462238399,False
18192,Joseph Phelps Insignia 09,639.98,,False
18193,Joseph Phelps Insignia 09,2559.84,34.639664979061195,False
18199,Valandraud 09 St Emilion Cru,2459.59,31.0385064177363,False
18203,Ninety Cellars Lot 75 Pnt Nr,0.0,,False
18209,Pulenta Est Gran Corte Lujan,759.81,,False
18210,Vina Cobos Cab Svgn Bramare,623.84,,False
18211,Ch La Couspaude 09 St Emilio,129.98,,False
18212,Pulenta Est Malbec Mendoza,3378.7,32.89726818006925,False
18232,Shatter Grenache VdP Catalan,5457.27,44.82241120560281,False
18236,Marchesi Barolo Cannubi 11,2203.71,31.97789182787209,False
18237,M Abbona Dogliani Papa Celso,2698.92,32.41296518607443,False
18239,Pol Roger Rose 02 Brut,935.88,35.478907552250284,False
18240,Renacer Enamore Red,7399.17,32.37836135674678,False
18246,Churchill's Vintage Port 11,413.91,31.506849315068497,False
18254,Jaboulet 09 Dom Terre Ferme,431.93999999999994,34.643700513960276,False
18261,Gravelly Ford Chard,95.88,31.038798498122645,False
18263,Gianni Gagliardo Dolcetto D',949.5,33.754607688256975,False
18265,Gianni Gagliardo Barolo S 07,1580.79,38.08095952023988,False
18266,Gianni Gagliardo Barolo 08,95.98,,False
18267,Caprai Montefalco Passito 06,3518.9,32.44763988746484,False
18268,Caprai Montefalco Rosso 09,813.32,-9.944425318447843,False
18269,Masi Serego Alighieri Amaron,1405.81,33.774834437086085,False
18270,Donnafugata Ben Rye,1223.28,32.90170688640376,False
18271,Masi Campolongo di Torbe Ama,2793.78,35.065753208914096,False
18272,B & G Cotes du Rhone Red,155.88,49.03772132409546,True
18275,Sartori Valpolicella Cls,1597.79,37.82599715857528,False
18276,Cecchi Coevo Wood,4859.18,40.1265234051836,False
18278,Cecchi Nobile Montepulciano,7202.0,32.93529575118023,False
18284,Michele Chiarlo Arneis,1141.3,31.429072110750894,False
18299,Sartori Family Pnt Nr,2876.4,31.03879849812266,False
18300,Vendange Sweet Pink Moscato,195.72,31.902718168812587,False
18304,Satellite Svgn Blanc Marlbor,2063.59,32.030102878963355,False
18309,Grandial Brut Blanc de Blanc,1208.79,34.23423423423423,False
18317,Ch LaCroix Taillefer 09 Rom,909.87,,False
18332,Ch Daqueria Tavel Rose,19595.37,35.34401238659948,False
18337,Mile Marker Pnt Nr,8094.19,39.386152289481714,False
18338,Mile Marker Pnt Gris,671.52,32.88062902072909,False
18344,Gnarly Head Authentic White,1069.81,32.48053392658509,False
18346,Kistler Pinot Noir RRV,3189.42,34.20621931260229,False
18347,Banfi Pnt Grigio San Angelo,156530.98,44.07933816040761,False
18354,Bella Bolla Red Moscato,89.88,33.77837116154873,False
18357,Cavit Alta Luna Phases Rosso,1318.68,33.733733733733736,False
18359,Domaine de la Damase Rhone,1043.28,32.85024154589371,False
18360,Dom de la Damase Grenache,563.53,32.86071726438698,False
18363,Sutter Home Rsl,1000.33,31.5525876460768,False
18364,Lost Angel Moscato,779.22,33.33333333333333,False
18368,Sequin Delicately Pnt Grigio,26327.05,32.41551939924906,False
18369,Sequin Delicately Moscato,17058.65,32.91614518147685,False
18375,Antinori Villa Wh,29022.83,39.72975757360671,False
18378,Stark Raving Cab Svgn,527.56,45.2043369474562,False
18380,Antinori Tenuta Marchese,21272.48,36.47680007220596,False
18381,Block Nine Caiden Vyd Pnt Nr,33942.66,36.99091349941343,False
18382,2 Copas Spain Red,9.99,31.931931931931935,False
18384,2 Copas Spain White,119.88,33.33333333333333,False
18385,B Side Napa Vly Red,1259.46,52.065170787480355,False
18386,Sequin Delicately Rose,2041.08,31.902718168812594,False
18394,Ravines Gewurztraminer,16.99,35.49146556798116,False
18396,The Tractor Guy Pnt Nr,1559.22,35.06753376688344,False
18414,M D 20/20 Habanero Lime Arit,2433.9,32.832080200501245,False
18418,Sonoma Coast Vyds Pnt Nr,22.99,,False
18419,Mark West Pnt Nr Santa Lucia,409.72,45.73855315825441,False
18423,F Coppola Diamond Red,29638.81,35.70703412181529,False
18424,Poggio Altero Antico Brunllo,1025.82,35.05878224249869,False
18425,Poggio Antico Brunllo,1103.76,,False
18426,Poggio Antico Rosso Montlcin,147.96,,False
18427,Duckhorn Decoy Merlot Sonoma,30655.21,39.42615300955367,False
18428,Cocci Grifoni Tellus Red,645.62,32.90170688640377,False
18430,Bertani Secco 09 Edition IGT,2973.53,18.183102238753275,False
18431,Bertani Villa Arvedi Amarone,1259.72,35.47454989997777,False
18432,Bertani Amarone 1993,2039.88,33.33137243367257,False
18433,Bertani Amarone 04,5984.37,33.77197599747342,False
18437,Charles Smith King Coal Red,1199.88,34.643464346434655,False
18438,The Creator K Vintners Walla,1175.79,35.4884800857296,False
18448,Wild Horse Cheval Pnt Nr,899.85,53.95899316552759,False
18449,R Mondavi Heritage Red,18394.44,46.90417321755921,False
18450,Concannon Crimson & Clover,311.76,32.87143956889914,False
18452,Ninety+Cellars Lot 71 Malbec,494.67,33.755837224816545,False
18454,Ninety+Cellars Lot 77 Moscto,95.92,31.94328607172644,False
18458,Tussock Jumper Chard,9.99,31.931931931931935,False
18459,Tussock Jumper Malbec,59.88,34.669338677354716,False
18466,K Syrah The Deal,2478.33,34.19843200865099,False
18467,K Vintners Cab Svgn Stonerid,563.88,32.432432432432435,False
18473,Ch Suau Cotes de Brdx 08,251.86,,False
18474,Ch Suau Cadillac Wh Brdx,71.94,33.778148457047536,False
18507,Cakebread Cab Svgn,110158.05,31.512540390829365,False
18515,Masroig Sola Fred Monstant R,83.93,32.44370308590493,False
18529,Cupcake Moscato,3624.58,37.80796671614367,False
18533,Candia Vyds Diamond,7345.1,31.487658438959308,False
18534,Candia Vyds Black Ice,15478.47,32.86888174347982,False
18535,Candia Vyds Ice Storm,16066.26,31.511254019292593,False
18536,Andrew Will Two Blondes WA,803.88,33.333333333333336,False
18538,Banknote The Vault Red,96.97,39.36268949159533,True
18539,Banknote Counterfeit,579.71,36.26813406703352,False
18540,El Enemigo Malbec Mendoza,4911.24,51.37032602764271,False
18548,Carol Shelton Wild Thing Zin,134.9,35.06300963676799,False
18550,Merry Edwards Olivet Lane,319.96,,False
18551,Antigal Uno Malbec Mendoza,41807.12,34.41882626691339,False
18553,Menage a Trois Pnt Nr,359.76,31.954636424282857,False
18556,Armonia Malbec,0.0,,False
18557,My Big Fat Greek Retsina,199.8,,False
18561,Carlo Rossi Moscato Sangria,1334.11,32.888592394929944,False
18562,Jewell Towne Vyds So Hampton,24498.82,43.969464651766906,False
18564,Northstar Cab Svgn,1499.49,36.70447952303783,False
18565,Red Diamond Pnt Nr,7962.73,38.203982804892284,False
18568,A by Acacia Unoaked Chard Ca,31888.61,32.17731973892873,False
18569,Sterling Rsv Platinum Red,781.83,50.27179821700369,False
18571,Sterling Vyd Aromatic White,2843.37,39.877680358166536,False
18572,Butterfly Kiss Moscato,1653.47,-174.5819397993311,False
18573,Mulderbosch Faithful Hound,239.88,34.21710855427713,False
18575,Sartori Amarone,24234.94,34.13625121415609,False
18578,O'Shaugnessey Cab Svgn Howel,33566.27,41.52683631514613,False
18579,Primo Amore Rsl,137.88,33.33333333333333,False
18583,Heidsieck Monopole Gold Top,8268.26,34.152288389576526,False
18584,Heidsieck Monopole Rose Top,6334.53,38.55013710567319,False
18585,James L'Escargot Svgn Blanc,3252.83,35.09006004002667,False
18586,Eric Kent Small Town Pnt Nr,1389.68,36.491854239825,False
18587,Eric Kent Chardonnay RRV,1253.68,39.174270946334,False
18589,Banshee Mordecai Proprietary,4977.51,34.21710855427714,False
18592,Deadbolt Red,23215.95,44.06001046694191,False
18593,Barefoot Bubbly Red Moscato,16563.42,34.63463463463463,False
18594,Ninety+Cellars Lot 30 CDR,98.91,32.39308462238398,False
18595,Delamotte Bl de Bl Champagne,1149.77,35.487097419483895,False
18597,Seghesio Rockpile Znfdl,2963.22,35.06185838378519,False
18599,Bocelli Sangiovese,431.76,32.406892718176756,False
18600,Perrier Jouet Belle Epoque,33581.26,40.66547830545966,False
18601,Bocelli Prosecco,4728.51,34.64981569246972,False
18609,Hacienda Monasterio Crianza,4749.05,50.97019403880776,False
18610,Cape Point Vyds Svgn Bl,367.84,,False
18611,Stonehaven Svgn Bl,1007.28,35.453895639742676,False
18613,Juve Y Camp Rose Brut Pnt Nr,11329.23,36.01145002793659,False
18614,Ninety+Cellars Lot 78 Cab Sv,1343.04,34.238741958541816,False
18615,Ruca Malen Cab Svgn Rsv,2996.17,33.547161876662535,False
18617,Picket Fence Chard RRV,10204.69,39.9709349328593,False
18618,Picket Fence Pnt Nr RRV,12968.94,33.749712775292345,False
18619,Merry Edwards RRV Pnt Nr,237.93,,False
18621,Villa Sandi Il Fresco Rose,79.95,32.45778611632271,False
18622,Bruno Giacosa Roero Arneisxc,149.88,35.468374699759806,False
18623,Donnafugata Tancredi Red,110.97,,False
18624,Donnafugata Mille una Notte,510.93,31.03164817098233,False
18626,Avalon Merlot Napa Vly,9.99,,False
18627,Viberti Chard,308.23,83.39876066573663,False
18628,Viberti Bricco Airoli,1362.53,32.42497412901,False
18629,Viberti Langhe Nebbolio,5043.51,31.91824741102923,False
18632,Viberti Barolo Buon Padre,212.95,39.37544024418877,True
18635,Castello d Cacchiano Chianti,2207.04,41.23531970421922,False
18636,Castello di Cacchiano Rosso,7504.18,29.667198814527378,False
18637,Iris Vineyard Pnt Nr,6936.53,34.61730865432716,False
18638,Waterstone Cab Svgn,23853.48,33.9484217816436,False
18639,Fetzer Crimson Red Blend,168.87,,False
18640,Fetzer Quartz White Blend,936.33,33.270321361058606,False
18641,Yellow Tail Big Bold Red,89675.35,38.10746208406213,False
18642,Yellow Tail Pink Moscato,66912.72,41.094847138182395,False
18645,Michael David Inkblot Tannat,215.94,,False
18646,Castello del Poggio Rosato,714.21,31.578947368421055,False
18651,Alexana Pnt Nr Willamette,919.6,43.88864723792953,False
18652,Januik Merlot Columbia Vly,549.78,,False
18653,Fuki Plum Wine,8622.79,45.06453247730723,False
18655,Keo Othello Cyprus Red,75.91,,False
18658,Samos High Peaks Muscat,160.86,31.070496083550925,False
18660,Gaia Ritinitis Nobile Retsna,929.38,31.02068045363575,False
18662,Hatzimichalis Kapnias Red,373.83,32.87858117326057,False
18664,Corvo Moscato Siciliarvo,8151.88,34.55693655941942,False
18666,Rickshaw Chard Cal,33.98,32.90170688640376,False
18668,G Bertrand T Jeffrsn Cremant,298.77,32.40954580446497,False
18669,Parducci Small Lot Pnt Gris,85.93,39.06668218317236,True
18671,Martin Ray RRV Pnt Nr,109.95,34.197362437471575,False
18676,Merriam Vyd Block 8 Cab Svgn,134.95,,False
18684,Mount Veeder Cab Svgn Napa,1134.92,35.946145983857896,False
18686,Moillard Chard Tradition,75.96,31.016324381253284,False
18697,Turnbull Cab Svgn 09 Blk Lab,587.94,,False
18721,Hermanos Malbec-Tannat,167.88,32.88062902072909,False
18732,Anarkos Puglia,299.76,32.42594075260208,False
18733,Antinori Villa Chianti Class,31553.89,34.897440537442456,False
18734,Little Black Dress Divalicio,5899.66,35.199316570785435,False
18736,A Portela Mencia,458.73,31.489111241907004,False
18738,Oak Leaf Moscato,35.88,35.11705685618729,False
18739,Robert Sinskey POV Napa Red,8998.49,34.92430396655439,False
18740,Robert Sinskey Aries Pnt Nr,3134.03,39.33689211654005,False
18741,Ca'Momi Pinot Noir Napa Vall,9584.62,55.215751902527174,False
18742,Ca'Momi Cab Svgn Napa,57193.35,43.64510909047992,False
18743,Ca'Momi Merlot Napa Valley,154967.99,35.491968373597665,False
18744,Ca'Momi Chard Napa Vly,19209.66,55.25313826481052,False
18747,Ca'Momi Rosso di Napa,11248.74,31.53153153153153,False
18748,Ca'Momi Bianco di Napa,3763.66,32.44873341375151,False
18753,Yellow Tail Sweet White Roo,778.44,33.867735470941895,False
18754,Yellow Tail Sweet White Roo,427.57,34.113712374581944,False
18756,Yellow Tail Pink Moscato,1238.45,32.91614518147684,False
18757,Yellow Tail Big Bold Red,87.89,33.79224030037547,False
18758,Mouton Cadet Sauvignon Blanc,20190.87,40.55699432466258,False
18761,Eden Vermont Ice Cider,1900.76,30.783476083250918,False
18762,Villadoria Barolo,1439.64,31.507876969242314,False
18767,Cosentino The Zin,629.58,31.487658438959315,False
18768,Cosentino The Franc,17791.21,34.19385190776793,False
18769,Vinum Cellars Znfdl Cal,275.31,31.953071083505876,False
18770,Enza Prosecco,94.95,32.91205897840969,False
18771,Cigar Zin Old Vine Zinfandel,737.59,32.40689271817676,False
18773,Ravines Cabernet Franc,409.75,49.90848078096399,False
18774,Rob Stuart Vignette Pinot Nr,3636.58,32.72085310924,False
18775,Once Upon A Vine Red,515.57,66.88907422852377,False
18778,Once Upon A Vine Pnt Nr,10438.5,39.7518800593955,False
18779,Girl Go Lightly Chardonnay,1216.93,32.10702341137125,False
18781,Girl Go Lightly Moscato,618.2,-119.24943384018117,False
18783,Herencia Altes Garnacha Negr,1443.3,30.9776207302709,False
18784,Clos Erasmus Laurel Priorat,1469.7,33.333333333333336,False
18785,Tineta Tinto Fino Ribera Del,489.65,33.30950679056468,False
18786,Avante Tinto Fino Ribera Del,892.53,32.43812532912059,False
18787,Rio Madre Rioja Graciano,19948.06,38.03577891784966,False
18788,Triton Avante Mencia,2773.15,31.487658438959315,False
18797,Hess Shirttail Crk Vyd Chard,3834.43,35.4683746997598,False
18800,Haunting Whisper DeChaunac,3968.69,31.02585487906589,False
18801,Bolla Prosecco Extra Dry,22178.03,38.92793904598379,False
18806,Moet & Chandon Grand Vintage,47361.16,32.02176635876317,False
18807,C Y Toro Diablo Red,11.99,33.778148457047536,False
18810,C Y Toro Frontera Pnt Nr,32.45,,False
18811,Haunting Whisper Vyds Vignol,3357.2,34.61217681401168,False
18812,Sweet Baby Vyds Strawberry,41616.68,31.945556445156125,False
18813,Sweet Baby Vyds Raspberry,27121.38,34.195162635529606,False
18817,The Dreaming Tree Everyday,15925.05,35.46645065478601,False
18822,Sterling Carneros Pnt Nr,9084.58,35.144387522593235,False
18827,Carmel Road Chard Liberated,191.76,35.04380475594493,False
18829,Champ de Reves Pnt Nr,1401.62,31.78750303220558,False
18830,Salvatore Principe Rose Mosc,38.97,33.33333333333333,False
18831,Line 39 Merlot,211.79,47.8445630105293,True
18833,Sutter Home Red Moscato,47.92,32.88814691151921,False
18835,Don Miguel Gascon Colosal Rd,18104.9,31.94328607172644,False
18836,Coppa La Rocca Gavi,12226.98,38.80205905301227,False
18837,Moonlight Meadery Red Dress,8027.82,33.33333333333333,False
18838,Ty Ku Coconut Nigori,4404.44,40.912806168321055,False
18839,Mas Carlot Grenache Syrah,831.36,34.18013856812932,False
18844,Alberto Furque Malbec Mendoz,1379.08,43.69579719813209,False
18845,Lamiable Brut Grand Cru,0.0,,False
18846,Dom de Pouy Ugni Blanc,395.64,34.21292083712465,False
18851,Atalon Pauline's Cuvee Red N,2358.82,34.61730865432717,False
18852,Mirassou Sunset Red,1334.33,33.79224030037547,False
18853,Barefoot Cellars Pink Moscat,2076.8,32.04930662557782,False
18854,Barefoot Cellars Rich Red,298.74,34.89991296779808,False
18855,Barefoot Cellars Rich Red,339.7,26.87665587282897,False
18856,Barefoot Refresh Sweet White,22467.58,33.839603553208676,False
18857,Barefoot Refresh Crisp White,36234.32,32.12412983050324,False
18859,Mercat Brut Nature,314.79,35.490326884589734,False
18860,Barefoot Refresh Summer Red,20033.19,34.85480844538488,False
18865,Mirafiore Barolo,49823.88,38.85534406393079,False
18866,Tariquet Sauvignon,1247.04,35.026943802925324,False
18868,Josh Cellars Merlot,89948.31,35.45116078334323,False
18874,Jacobs Crk Sweet Red,41.94,42.06008583690988,True
18875,Di Padrino Dry Vermouth,18416.95,35.54443053817272,False
18877,Di Padrino Sweet Vermouth,26902.33,35.54443053817271,False
18879,LaBelle Winery Seyval Blanc,19472.01,33.355570380253496,False
18880,Piccini Memoro,2784.01,36.8120085775554,False
18881,Middle Sister Pnt Nr Goodie,13176.83,34.73384721514962,False
18884,Hess Treo Winemaker's Blend,16431.53,44.268792985193706,False
18886,Marchesi di Barolo Barbaresc,986.79,35.07129176420514,False
18891,Churchill's Vintage Port 11,7492.94,37.033260642684986,False
18893,19 Crimes Red,195851.1,27.77589709733569,False
18900,Anderra Cab Svgn,4374.21,35.282256681777966,False
18901,Anderra Svgn Bl,5655.8,33.45945754800382,False
18906,Kenwood Moscato Zacchera,239.6,,False
18909,Cryptic California Red,9351.54,33.33825230924532,False
18912,Tablas Creek Espirit Rouge,431.91,32.88185038549699,False
18920,Skinnygirl Moscato,80.92,41.17647058823529,True
18923,Rendezvous Rose,44.97,,False
18928,Ninety+Cellars Lot 83 Pnt Nr,558.57,35.488837567359504,False
18937,Yangarra Est Vyd 10 Shiraz,550.8,35.366739288307905,False
18938,Schmitt Sohne Funf Sangria,1858.3,40.62853145347899,False
18941,Tenuta di Arceno Chianti Rsv,59.98,,False
18943,Cannonball Merlot,1342.21,32.901706886403765,False
18945,Poggio Antico Rsv Montalcino,515.94,,False
18947,Austin Hope 10 Grenache,1111.48,-19.300392269766437,False
18948,Austin Hope 10 Syrah,455.88,34.64069491971572,False
18950,Schug Pnt Nr Carneros,58215.64,31.517509727626454,False
18951,Caymus Conundrum Red,80228.71,46.90799590321221,False
18952,J Lohr Falcon's Perch Pnt Nr,7406.01,31.949592290585628,False
18955,Havens Meritage 2011,31.98,,False
18962,Clos du Bois Chard Calcaire,516.53,32.39308462238399,False
18963,Ruca Malen Yauquen Bonarda,231.71,31.539424280350442,False
18964,Sprinkle Cab Svgn,137.77,32.88814691151921,False
18965,Sprinkle Chard,41.93,31.5525876460768,False
18967,Sprinkle Red Blend,41.93,33.72287145242069,False
18971,Tenuta Guado Al Tasso Bructo,12444.83,35.026191599242416,False
18972,Schug Pnt Nr Carneros,6440.14,35.486806187443136,False
18974,Pine Ridge Napa Vlly Cab Svg,13239.68,42.752090684971236,False
18976,Evolucio Fermint Tokaj,1131.95,25.327973850435082,False
18978,900 Grapes Svgn Bl,59.94,32.43243243243243,False
18979,Lillet Rose French Aperitif,1277.29,39.96664813785436,False
18988,Franzia Chillable Red Tap,207832.65,34.75928830239137,False
19000,L'Ardi Dolcetto D'Acqui,3777.67,41.29238392977682,False
19001,Emblem Cab Svgn,34135.16,36.94149961505967,False
19003,Lange Pnt Gris Willamette,940.44,38.5479137425035,False
19019,Save Me San Francisco Merlot,65.94,31.483166515013643,False
19031,Novy Four Mile Creek Red,2266.11,,False
19034,Nicholson Ranch Pnt Nr Sonom,5848.7,35.0744609913314,False
19035,Bollini Pinot Grigio,21541.4,41.33714614649002,False
19036,Nicholson Ranch Est Chard,39588.59,35.49032688458972,False
19037,Gunsight Rock Cab Svgn,12597.09,38.46356579178207,False
19039,The Path Pnt Nr,7052.63,41.74300934544984,False
19040,The Path Merlot,287.76,45.87155963302752,False
19041,The Path Cab Svgn,10335.7,40.43364261733603,False
19042,The Path Chardonnay,100.91,,False
19044,Tasca d'Almerita 08 Cab Svgn,531.9,,False
19045,San Polo Mezzopane 06 Toscan,1684.41,34.81456415005848,False
19046,Falesco 07 Montefalco Sangra,44.99,,False
19047,Corte Giara Valpo Ripasso 11,18.99,,False
19049,Corte Giara Amarone 09,599.88,,False
19050,Castelluccio Ronco 07,49.98,,False
19052,Is Argiolas Vermentino di Sa,43.98,,False
19054,Chateau Gazin Pomerol 10,389.97,31.03315639664589,False
19055,Wolf Blass Yllw Lbl Cab Svgn,11210.76,38.34494717574901,False
19056,Wolf Blass Yellow Lbl Chard,647.28,34.59399332591768,False
19058,Chateau Camensac 10,719.85,32.42342154615545,False
19059,Chateau Carlmagnus 10,944.65,34.19785105594664,False
19060,Chateau Dalem 10 Fronsac,314.91,,False
19061,Ch Olivier Pessac-Leognan 10,3365.34,33.33987056285546,False
19062,Ch Olivier 10 Blanc Pessac-L,3722.27,33.33987056285546,False
19063,Ch Meyney 10 Bourgeois St Es,539.9,,False
19070,J Lohr Est Bay Mist Rsl,1648.35,34.63463463463462,False
19071,J Lohr Valdiguie Monterey,782.13,33.37041156840934,False
19072,Astoria Sparkling Moscato,43.96,33.30300272975432,False
19074,Roaring Meg Pnt Nr,12637.16,41.494449702306525,False
19077,Ornellaia Bolgheri 10,5599.72,34.21171058552928,False
19084,Zolo Chard Unoaked,55.96,,False
19087,Lagar de Bezana Cab Svgn Rsv,13.99,,False
19088,Lagar de Bezana Aluvion Red,343.88,38.827497964406184,False
19091,Gen5 Cabernet Sauvignon,1127.04,33.64565587734241,False
19092,Gen5 Chardonnay,54.95,,False
19105,Rex Goliath Red Moscato,17.97,33.72287145242069,False
19108,Toasted Head BB Oaked Svgn B,642.47,41.511665914361764,False
19109,Estancia Cal Moscato,123.88,35.09848240232482,False
19118,Gandia El Miracle Mariscal,0.0,,False
19120,Bodegas Borsao Berola,19497.44,36.151617853420746,False
19121,Liberty School Pnt Nr CC,56137.25,31.628731368209152,False
19122,Liberty School Merlot CC,24180.77,47.98387313555359,False
19124,Ch la Cour d'Argent Bordeaux,1119.84,65.75225032147449,False
19125,Ch Poujeaux 10 Moulis,866.83,35.06569915669739,False
19126,Delas Cotes du Rhone,21808.34,35.524482835465705,False
19127,Saracco Moscato d'Asti,16394.82,32.00840265400902,False
19137,Gordon Est Cab Svgn Columbia,131.94,32.87858117326057,False
19138,Gerard Bertrand Organic Rose,9.99,,False
19139,Gerard Bertrand Orgnic Chard,19.98,,False
19143,Gerard Bertrand Cigalus Blnc,296.89,,False
19148,Gerard Bertrand Picpoul Pint,1290.05,34.01806131545288,False
19150,Esclans Whispering Angel Ros,50890.11,28.298956319803597,False
19157,Inman Family Endless Crush,1259.55,42.0864594498035,False
19158,Dom de La Petite Cassagne,2916.63,47.58848396951276,False
19160,Tommasi Tenuta Filo Prosecco,11590.8,37.07423128688269,False
19163,Terra Antiga Vinho Verde,14.37,,False
19164,Tracia Malbec,11439.44,45.72776289748449,False
19169,Anterra Chardonnay,4634.2,32.41551939924906,False
19174,Cavicchioli Sw Italian Spkln,12635.45,38.380508806571996,False
19175,Melini Chianti DOCG Riserva,28069.5,38.214075776198364,False
19176,Sutter Home Red Moscato,349.65,33.33333333333333,False
19178,Carnaval Brut Brazilian Sprk,90.93,,False
19179,Carnaval Red Moscato Sparklg,175.84,34.667879890809836,False
19189,Castello di Meleto Chianti,2976.28,42.614270162753506,False
19190,Noble Vines 242 Svgn Bl,23829.5,33.05566629597767,False
19191,Noble Vines 1 Red Blend,24762.95,47.12806834403817,False
19192,Tangent Svgn Bl,11149.08,22.633616406017364,False
19199,La Crema Pnt Gris Monterey,60306.62,32.18111046515292,False
19201,Jadot 12 Steel Chard,832.51,32.430841671571514,False
19204,Pinecroft Pnt Grigio,125.02,32.52279635258357,False
19215,Dom Vacheron Sancerre Blanc,46821.44,33.542753063553796,False
19216,Chronic Cellars Sofa King,5695.04,28.326403326403334,False
19217,Chronic Cellars Dead Nuts,2084.12,30.625875669347252,False
19218,Veuve Clicquot Brut Grande,33717.19,32.88607383948663,False
19219,Eppa White Sangria Organic,3013.68,33.33333333333333,False
19220,Veuve Clicquot Gold Label,48002.75,33.10747821739379,False
19223,Trimbach Pnt Bl,31678.81,32.65277325758134,False
19224,Miraval Cotes de Prvnce Rose,165657.54,36.58360494789431,False
19228,San Callisto Montepulcno 09,527.76,34.65211459754434,False
19229,Capanna Brllo di Montalcino,287.96,,False
19231,Tasca D'Almerita Rosso 06,2148.41,34.17317923487602,False
19232,Tasca D'Almerita Noz d'Oro09,53.98,,False
19233,Tasca D'Almerita Leone 11,1025.46,31.490258030542396,False
19236,Tasca D'Almerita Lamuri Nero,459.64,8.832999738926109,False
19240,Black Cabra Torrontes,9.99,,False
19242,Copain Tous Ensemble Chard,388.13,,False
19243,Simply Naked Unoaked Pnt Nr,564.63,31.43297380585516,False
19244,Trimbach Riesling,18912.29,31.647780358697965,False
19245,Hidden Crush Chard Cntrl Cst,249.75,32.932932932932935,False
19246,Hidden Crush Cab Svgn C Cst,1048.95,34.234234234234236,False
19247,Schug Sonoma Cnty Chard,1403.22,35.46414674819345,False
19249,Educated Guess Chard,11567.31,36.20755387380471,False
19251,Bonterra Pnt Nr,1075.31,48.73013363588174,False
19252,Camp Cab Svgn Sonoma County,1167.27,36.210131332082554,False
19253,Camp Chard Sonoma Cnty,1387.0,39.581831290555144,False
19254,Yosemite Road Moscato,460.68,30.945558739255013,False
19255,Yosemite Road Red,52.35,34.6704871060172,False
19258,The Beach House Chard,28987.25,36.02790882198208,False
19259,The Beach House Red,503.52,28.693994280266917,False
19260,The Beach House Pinot Grigio,51982.42,34.75852028435767,False
19262,Eden Orleans Bitter,296.9,41.36072751768272,False
19264,Dom de Marcoux 12 Nerf Rouge,3499.5,31.50450064294899,False
19265,Tom Eddy Mt Veeder Cab S Rsv,3743.52,35.478907552250284,False
19267,Tom Eddy Manchster Ridge Pnt,3263.32,32.881850385496975,False
19269,Peter Paul Live Free or Die,37666.81,32.77593722430968,False
19270,Veuve Clicquot Brut Yellow,142243.08,34.21368547418967,False
19271,Veuve Clicquot Rose,11120.59,32.05225622021853,False
19275,Stones Currant Ginger Flavor,516.53,35.03184713375796,False
19276,Pali Tower 15 The Winery,38122.75,35.09649749821301,False
19282,Penfolds Bin 8 Cab Svgn/Shir,22997.96,33.971360938100595,False
19283,Roscato Bianco,21191.0,34.972393940823935,False
19284,The Curator White,119.88,32.93293293293292,False
19285,The Curator Red,359.64,31.03103103103103,False
19293,Robert Sinskey Pnt Nr,5884.97,38.18558123490859,False
19302,Tomaiolo Chianti Clsco Rsva,72006.69,37.76921283286317,False
19303,Dalton Canaan White,111.93,,False
19304,Dalton Canaan Red,109.89,35.43543543543543,False
19308,Januik Cab Franc,263.92,,False
19312,Carmel Rd Liberated Rsl,419.72,35.490326884589734,False
19315,Rombauer Cab Svgn Diamond,5000.33,39.355602530233,False
19316,Lyric by Etude Pnt Nr,2204.45,29.757989521195753,False
19318,Ch Leoville-Barton Gr Cru 09,3959.76,34.20813382629251,False
19320,Merriam Danielle Svgn Bl RRV,10108.94,38.13475992537299,False
19321,Goats Do Roam White,431.52,35.483870967741936,False
19322,Kirkland Signature Chard,171.38,31.964056482670088,False
19329,Ca Del Monte Amarone Red,20472.53,35.54563114573528,False
19334,Amadeo Chianti,191.76,31.53942428035044,False
19336,Moletto Prosecco,15469.23,32.08020050125313,False
19337,Robert Mondavi Chard Rsv,167.96,33.34127173136462,False
19340,Cannonball Svgn Bl,15158.79,43.557632238457025,False
19343,Tres Ojos Old Vines Garnacha,0.0,,False
19344,Montebuena Rioja,194.85,34.18013856812932,False
19345,Jip Jip Rocks Shiraz/CabSvgn,1019.4,32.4308416715715,False
19346,Mt Monster Cab Svgn,1535.04,31.0193871169481,False
19347,The Royal Chenin Blanc,203.83,45.20433694745622,True
19349,Trimbach Pnt Gris Rsv,1511.28,33.77798951881848,False
19353,Finca La Linda Rose Malbec,111.92,31.52251608291637,False
19356,C Y Toro Marques Cs Cab Svgn,14994.98,34.481406444023264,False
19357,Kendall Jackson Vntnr Rsv Ch,84546.71,35.88197577410168,False
19360,Finca La Linda Cab Svgn,8189.21,29.321998092612116,False
19361,Finca La Linda Bonarda,167.88,31.95139385275197,False
19364,Luigi Bosca Chard,4748.16,17.55795929370535,False
19368,Luigi Bosca Malbec SV DOC,418.83,39.27846620347157,False
19369,Luigi Bosca de Sangre,2899.77,39.42829948582129,False
19370,Barefoot Perfectly Pink,1145.57,33.62081758425936,False
19372,Liberty Creek Pink Moscato,215.73,32.91614518147684,False
19374,The Naked Grape Cab Svgn,575.64,25.01563477173233,False
19375,The Naked Grape Chard,335.79,22.388993120700437,False
19376,The Naked Grape Pnt Grigio,36037.57,25.871444717276994,False
19377,The Naked Grape Pnt Nr,159.9,23.45215759849906,False
19379,Mia Dolcea Pink Moscato,143.88,35.446205170975816,False
19380,O Wines Red,13.99,32.88062902072909,False
19381,O Wines Chard,11842.52,36.31119052363855,False
19382,Anew Rsl,13142.64,36.98982852760175,False
19391,Ch Hyot Castillon Brdx,629.82,31.494712775078604,False
19392,Dom Virginie Thunevin Brdx,1896.88,41.36898485934799,False
19394,Dom du Gr Montmirall Gigonda,20501.25,36.290470093286984,False
19395,Adissat Gabrielle Ch du Pape,639.84,32.883220805201304,False
19396,La Petite Maison Ventoux Bl,160.77,34.19170243204579,False
19397,Thunevin Calvet Cuvee Constn,9925.48,36.154624259985404,False
19398,Philippe Herard Bl de Blanc,303.62,31.539424280350442,False
19403,The Seeker Rose,111.92,32.88062902072909,False
19406,Dow's 10 Yr Old Tawny Port,7296.82,38.63463810262552,False
19414,Rainstorm Pnt Gris,1306.91,32.44370308590493,False
19417,Latour 11 Merslt-Blgny P Cru,1449.71,33.76675335067014,False
19418,Latour 11 Corton-Chrl Bl AC,7583.21,32.88884258776956,False
19419,Kendall Jackson Vnts RSV Cab,14227.1,35.32202627380141,False
19427,Latour 11 Beaune Vignes Fran,149.97,,False
19430,Taittinger La Francaise,2476.82,33.349213911386386,False
19435,Jean Luc Colombo Ruchets 07,159.98,31.028878609826222,False
19436,Jean Luc Colombo Ruchets 10,1049.85,,False
19443,Cave de Tain St Joseph Red,2041.55,33.31782224290368,False
19444,Cave de Tain Syrah,503.64,31.52251608291637,False
19451,Souverain Svgn Bl No Coast,17868.24,39.67038723455696,False
19452,Trois Couronnes CdR Red,19851.07,39.86183112547585,False
19453,Wente Southern Hill Cab Svgn,65096.43,32.44629544200811,False
19454,J Vineyards Vin Gris Rose RR,1146.26,35.5067785668173,False
19458,Ruffino Unoaked Chard Toscna,10802.81,34.9218397805756,False
19459,Verite La Muse Red Sonoma,849.98,34.210216710981435,False
19464,Flagstone Noon Gun White,8926.23,32.47496423462089,False
19465,Flagstone Longitude Red,7849.77,30.731218876476646,False
19484,Thorny Rose Pnt Grigio,108.89,41.40876113509046,True
19485,R Mondavi Rsv Cab Svgn,6289.63,31.03711983057827,False
19486,Franciscan Equilibrium White,18795.05,37.743182380467196,False
19488,Ram Island Mead Iced Tea,1877.27,39.939912745635944,False
19489,Heavyweight Cab Svgn,7216.58,17.217296835897336,False
19494,Lincourt Lindsays Pnt Nr,47503.31,32.4216144096064,False
19495,Pierre Luc Bouchard Muscadet,107.91,,False
19497,Tintonegro Mendocino Malbec,1780.38,35.03184713375798,False
19502,Nostor Templari Priorat Red,1805.57,31.983805668016196,False
19503,Nostor Sants Priorat Red,193.98,,False
19507,Geyser Peak Svgn Bl,112745.54,43.14494391529811,False
19511,DeMorgenzon DMZ Cab Rose,23.98,34.19516263552961,False
19513,SakeMoto Junmai Sake,7524.63,34.593993325917694,False
19518,Hugel Riesling,298.86,51.65629391688415,False
19522,Banshee 12 Marine Layer Pnt,1221.74,34.645669291338585,False
19526,Rhone Roger Sabon 13 CDR Rou,1440.97,32.88062902072909,False
19531,Claude Riffault Les Boucauds,18033.27,35.57358149686664,False
19543,Caves de Charmelieu St Bris,131.88,,False
19544,Freemark Abbey Viognier,424.83,33.33333333333333,False
19545,Darkhorse Red,41340.26,33.792240300375475,False
19547,Ch Ste Michelle Chard Mimi,649.35,32.432432432432435,False
19549,Opici White Sangria,21567.92,35.43522045704917,False
19552,Tenuta Alzatura Sagrantino,6476.76,35.467733866933465,False
19553,Insomnia Pnt Grigio,233.74,35.48387096774194,False
19554,Insomnia Cab Svgn,22593.56,40.435416109723306,False
19556,Zorvino Bacca Z Blackberry,35786.42,32.88062902072908,False
19557,Zorvino Fragole Z Strawberry,25475.79,32.88062902072909,False
19558,Verite La Joie Red Sonoma,2549.94,31.972517000400007,False
19559,Cardinale Cab Svgn Napa Vly,1124.95,35.48602160096004,False
19566,Contratto 08 Milesimato Brut,2965.62,34.20195439739413,False
19568,14 Hands Moscato,798.15,35.35676251331203,False
19571,Mt Brave Cab Svgn Mt Veeder,6959.03,37.06666015234881,False
19572,Anakota Cab Svgn Helena Dako,1359.83,44.355544443055386,False
19574,Il Fauno Di Arcanum Toscana,458.83,39.866617265653936,False
19576,Quinta do Casal Monteiro,599.5,31.02585487906589,False
19577,Forma de Art Red,7130.22,36.648518559034656,False
19580,Vin Parfait Chard,5.99,,False
19581,Girard Cab Svgn,29875.77,40.68457482434763,False
19583,Lokoya Mt Veeder Cab Svgn,3574.89,31.97329148589187,False
19584,Ciacci 07 Piccolomino Brunlo,779.87,32.88881480246708,False
19586,Ch Godeau St Emilion 10 Cru,125.97,31.507501786139557,False
19588,Ch Lafaurie-Peyragey Saut 10,4454.45,33.33744906778614,False
19589,Ch La Vieille Cure Frnsac 10,37.99,,False
19590,Haut-Carles Fronsac 10,662.87,33.33987056285546,False
19591,Goulee Cos d'Estournel 10,558.87,33.77529658060014,False
19592,Ch Fonroque St Emilion 10,103.98,35.06443546835931,False
19594,Ch Doisy Daene Gr Vin Sec 10,1101.62,34.632631942048974,False
19595,Ch Doisy Daene Sauternes 10,961.87,31.97729422894986,False
19597,Ch Coutet Sauternes-Barsc 10,874.93,32.4345947675814,False
19598,Ch Coufran Haut Medoc 10,689.77,34.21140380126708,False
19603,Ch Jean De Gue Lalande 10,386.91,31.98418236799257,False
19604,Ch Lacoste-Borie Pauillac 10,644.85,33.333333333333336,False
19606,Ch Fontenil Fronsac 10,899.8,31.96265836852633,False
19608,Ch Rollan de By Bourgeois 10,31.99,31.0409502969678,False
19609,Ch Guiraud Sauternes 10,2855.66,31.50375044648172,False
19610,Ch Rieussec Gr Cru 10 Sauter,3499.72,31.03448275862069,False
19611,Veuve Clicquot Brut Yellow,62404.99,40.98343738217088,False
19612,Ch Petit Bocq Cru Borgeos 10,319.9,33.76055017192872,False
19614,Ch Larrivet Haut-Brion 10,179.97,,False
19616,Ch Senejac Haut-Medoc 10,134.95,,False
19617,Ch Suduiraut Sauternes 10,1637.87,31.034209064211442,False
19618,Ch Lafon-Rochet St Estphe 10,4730.43,35.48620315700688,False
19621,Ch Rol Valentin 10,2943.54,33.333333333333336,False
19622,Ch La Tour Blanche 1er 10,104.99,,False
19630,Ch Bernadotte 10 Haut Medoc,1119.68,32.89511288939697,False
19632,Ch de Pez 10 St Estephe Brdx,558.87,35.05466387531983,False
19633,Ch Haut Beausejour 10 Brdx,455.88,,False
19635,Ch St Jean Pnt Nr Sonoma Cst,12140.27,38.311833262357425,False
19636,Ch St Jean Chard Sonoma Cst,118760.95,33.36113427856547,False
19637,Vincent Girardin Bour Bl 11,2098.95,31.015507753876943,False
19645,Line 39 Pnt Nr,95742.8,45.30287394979048,False
19646,JP Chenet Pnt Noir,7773.2,39.89348016261,False
19647,JP Chenet Chard,19.98,34.63463463463463,False
19648,Dachshund Rsl,4716.7,37.312103801386556,False
19652,Alias Chard,582.47,44.76797088262056,False
19653,Alias Cab Svgn,912.17,46.496815286624205,False
19654,Manifesto! Znfdl,64.95,43.18706697459585,True
19655,Manifesto! Svgn Bl,131.88,32.84804367606915,False
19656,Manifesto! Chard No Cst,4548.94,34.26028921023359,False
19657,Manifesto! Cab Svgn,675.48,44.34180138568129,False
19658,Hogwash Rose,944.37,35.090060040026685,False
19660,Red Sox Club Series Cab Svgn,9747.03,32.489383945673715,False
19661,Red Sox Club Series Chard Rs,1499.25,31.51575787893947,False
19662,Santa Rita 120 Svgn Bl,84075.64,32.05342237061769,False
19663,Silver Palm 12 Chard No Cst,913.37,45.57846217852568,False
19668,Gnarly Head Malbec,20145.2,35.68929571312273,False
19669,Murphy-Goode Homefront Red,2495.94,24.733767638645165,False
19671,14 Hands Pinot Grigio,40353.49,36.34679429214177,False
19672,Ladera Stile Blocks Cab Napa,1749.65,33.76675335067014,False
19673,Tavernello Pinot Grigio IGT,71.94,31.02585487906589,False
19678,Austerity White,35.96,,False
19680,Ch Certan De May de Certan,1259.93,33.774098561031174,False
19681,Ch Hosanna 10 Pomerol,259.99,,False
19682,Ch Lafleur Gazin 10 Pomerol,911.84,,False
19684,Ch Magdelaine 10 St Emilion,3739.66,31.03009364487681,False
19685,Ch Puy Blanquette 10 St Emil,179.94,,False
19687,BT Termanthia 10 Toro Red,2771.82,34.210013637249176,False
19693,Fish Eye Moscato,220.83,35.02694380292534,False
19694,Ch Pichon Longueville Rsv Co,2099.72,34.64461928257101,False
19695,Ch Bernadotte 10 Haut Medoc,419.88,31.980565875964555,False
19699,Seratina Primitivo,1486.59,35.50340039957218,False
19700,Heinrich Vollmer Riesling,863.28,31.025854879065896,False
19703,Round Hill Chard,53.88,34.74387527839644,False
19704,Cremant de Loire Belle du Nu,197.89,,False
19705,Ch Tuiliere White Brdx,121.91,42.49036174226888,True
19706,St Jean des Sources Picpoul,293.79,39.67119370979272,False
19709,Soul Sister Pnt Nr,142.87,32.84804367606915,False
19710,JP Chenet Merlot/Cab,287.76,35.02919099249374,False
19713,Anne Pichon Gris Montagne Ro,29.98,36.490993995997336,False
19715,Slices Sangria Red,208.81,31.483166515013654,False
19720,Cutler Creek Wh Znfdl,106.12,33.24538258575199,False
19721,Cutler Creek Chard,30.32,33.24538258575199,False
19722,Taittinger Brut Millesime,419.94,35.062151735962274,False
19725,Cutler Creek Merlot,144.02,35.09234828496042,False
19732,Rib Shack Red,395.64,32.84804367606915,False
19735,Beringer Quantum Red Napa Vl,31159.68,-38.87100252634174,False
19736,Sledgehammer Zinfandel,191.84,34.61217681401168,False
19737,Sledgehammer Forged Red,23.98,33.778148457047536,False
19739,Sledgehammer Cab Svgn,287.76,33.36113427856547,False
19740,Ch St Jean Alexander Cab Svg,24789.7,54.503281604860085,False
19746,Van Ruiten Family Cab Svgn,346.17,35.462345090562444,False
19747,Van Ruiten Family Chard,1208.03,31.000885739592558,False
19748,Clos du Bois Chard,701955.59,39.62085265251609,False
19750,Glory Days Merlot,301.92,33.70429252782194,False
19754,BV Coastal Estate Moscato,164.85,47.22474977252047,True
19755,Velvet Crush Red Blend,14206.15,35.94710741474642,False
19757,Velvet Crush Cab Svgn,163.88,50.57359043202343,True
19760,Rose'N'Blum Red Moscato,136.65,-89.02305159165752,False
19762,Rex Goliath Pink Pnt Grigio,155.79,44.73329481994993,True
19763,M D 20/20 Coco Loco,2090.76,33.33333333333333,False
19767,Smoking Loon Moscato,425.37,3.2865505324775985,False
19768,B & G CDP Rose,2572.73,35.76628717354717,False
19769,Kismet Wine Papa's All-Black,2518.74,34.21710855427713,False
19782,Marques de Caceres Gran RSV,28393.87,35.557498854506264,False
19783,Penfolds Bin 169 Cab Svgn,1399.96,34.209548844252694,False
19785,Warre's Vintage Port 2011,599.85,35.058764691172804,False
19786,Warre's Vintage Port 2011,3074.59,32.88438458461129,False
19787,Bota Mini RedVolution,614.63,27.780941379366443,False
19789,Atalon Svgn Bl Napa Valley,2118.94,35.467733866933465,False
19790,Anderra Carmenere,107.88,32.92547274749722,False
19791,Ch Ksara Bl de L'Observatoir,83.93,,False
19795,Ch Ksara RSV du Couvent,13.99,,False
19796,San Zopito Montepulciano d'A,1349.55,33.344448149383126,False
19797,Lucanto Montepulciano d'Abru,577.66,31.489111241907004,False
19798,Jadot Beaujolais Villages,860.0,36.51162790697675,False
19799,Belle Glos Dairyman Vyd PN,17526.77,39.38717744341941,False
19806,Exem Brdx,3314.63,43.94306453510649,False
19807,Mont Gravet Colombard,1011.08,34.667879890809836,False
19809,Ch Lassegue 07 St Emilion AC,2837.42,35.958018199632065,False
19814,Rodney Strong Charlottes Svg,31211.09,37.52252805012577,False
19817,Ninety Cellars Lot 92 Merlot,142.87,35.03184713375797,False
19818,Ninety+Cellars Lot 90 Rosso,458.83,31.048536494998146,False
19821,Castello Chianti Classico,50408.34,39.27766714793622,False
19822,Ch LaGrange 10 Brdx,5511.48,31.502971978488535,False
19824,Ch Lalande Boire 10 Brdx,2015.52,35.0559657061205,False
19825,Ch Monbousquet 10 Brdx,1049.86,31.510868115748764,False
19826,Ch Talbot 10 Brdx,4934.53,,False
19827,Pomino Chard,5005.11,35.445574622735556,False
19828,Cesari Fiorile Pnt Grigio,95.88,,False
19831,Cesari Boscarel,78581.34,31.531531531531527,False
19832,Altadonna Vermentino,530.41,31.034482758620683,False
19833,Terra di Montevero Toscana,1741.41,-38.26669193354809,False
19834,Sauska Tokaji Aszu,1824.75,31.97698314837649,False
19835,Luiano Rosato,82.25,34.34650455927052,False
19836,Zorah Red,417.81,31.514324693042294,False
19839,Emido Pepe Mntplcno D'Abr 05,111.99,,False
19841,Ch Clos Fourtet 10 Brdx,533.97,35.485139614585094,False
19842,Ch Les Flefs de LaGrange 10,494.89,34.62991775950211,False
19843,Ch Aile d'Argent 10 Wh Brdx,839.94,,False
19845,The Rule Cab Svgn Napa Vly,5026.2,-0.0994787314472166,False
19847,Nanna's Short Cake Znfdl,7955.19,18.932168810550095,False
19848,Carnivor Cab Svgn,335379.21,43.58972042423262,False
19849,Barefoot Cellars Malbec,1692.09,42.87301502875142,False
19850,Barefoot Cellars Malbec,4641.34,30.237819250475077,False
19855,Davis Bynum Jane's Vyd Pnt,22054.88,37.144795165514395,False
19860,Rex Goliath Red Moscato,135.22,39.32850170093181,True
19861,Rex Goliath Pnt Gri,9.98,32.06412825651302,False
19862,Rex Goliath American Chard,39.92,31.46292585170341,False
19863,Rex Goliath Cab Svgn,9.98,35.47094188376753,False
19865,Clarendelle Brdx Rouge,4918.41,31.490258030542385,False
19866,Clarendelle Brdx Blanc,3330.04,32.430841671571514,False
19867,Tierra de Antes Malbec Mndza,130.21,30.957683741648108,False
19870,Yellow Tail Sangria,98812.56,39.319252532269175,False
19871,Yellow Tail Sangria,199.75,34.16770963704631,False
19881,Pravis Pnt Grigio Vignetti,2939.73,34.260289210233594,False
19887,Guasti Clemente Barolo Rsva,15046.99,35.487097419483895,False
19890,Voga Prosecco Brut DOCG,214.87,,False
19895,Skeleton Malbec,17372.57,38.99952626468047,False
19896,Masi Soave 2012 Classico,51121.74,3.8371542126695912,False
19906,The Pessimist Cab Svgn,90.87,31.04434907010014,False
19908,Ravenswood Besieged Red,13144.74,32.51232051756063,False
19909,6 Degrees Chard,59.95,33.361134278565466,False
19914,Gum Drop Pink Moscato,643.08,33.33333333333333,False
19925,Green Lip Svgn Bl,143.88,31.526271893244363,False
19926,Santa Rita RSV Svgn Bl,40826.97,37.574132981213154,False
19934,Perrin Cotes du Rhone RSV Rg,64958.47,33.44193605545205,False
19935,Cielo Pnt Grigio,5792.75,34.16770963704631,False
19936,Prendo Pnt Grigio,1113.02,33.699304594706284,False
19938,Viu Manent Chard Gr Rsva,65.94,,False
19940,Bogle Petite Sirah,82941.16,41.50928200184323,False
19942,Viu Manent Estate Rsv Malbec,615.72,30.705515494055746,False
19943,Viu Manent Rsva Svgn Blanc,95.88,39.54943679599499,True
19944,Cielo Pnt Grigio,1538.46,31.931931931931928,False
19945,Cocchi Americano Rossa,18.99,32.91205897840968,False
19946,Dolin Sweet White Vermouth,1308.12,34.544231416078034,False
19947,Josh Cellars Svgn Bl,63200.15,38.11850130102539,False
19948,Josh Cellars Pnt Nr,165773.68,39.07211325706227,False
19949,Warre's Quinta Cavadinha,2549.27,41.18237770028283,False
19951,Warre's Vintage Port 2000,1781.73,35.06591907864828,False
19954,Ch Cos d'Estournel 10,2699.94,31.507366830374018,False
19955,Ch La Croix de Beaucailou 10,2944.69,32.43499315717443,False
19959,Slctn Laurence Feraud CdR,189.9,,False
19960,La Noble Chard Unoaked,629.55,34.238741958541816,False
19961,Dom du Pegau Chntf du Pape R,13858.02,35.06215173596228,False
19962,St Francis Merlot,56057.64,37.8051591183646,False
19963,Penya Rouge Vin d Pays,8818.32,19.875894728247562,False
19966,Ch Alter Ego 10 Brdx,2249.82,32.88263061044884,False
19967,Ch Branaire Ducru 10 Brdx,5417.57,32.43114532899437,False
19968,Ch Clerc Milon 10,3023.76,31.970791332645454,False
19969,Ch D'Issan 10 Brdx,5543.56,35.06627510119851,False
19970,Ch Ducru Beaucallou 10,7199.82,34.21085527138178,False
19971,Ch Le Bon Pasteur 10 Brdx,1624.87,32.882630610448835,False
19972,Ch Montrose 10,13529.59,32.885845025606834,False
19977,Hideyoshi Namacho Honjozo Sa,4437.56,32.69905082973526,False
19980,Tin Roof Cab Svgn,0.0,,False
19988,Querceto Il Picchio Chianti,1349.73,31.966393278655737,False
19989,Querceto Sangiovese,37444.65,25.057117638968457,False
19990,Sauvion Rose d'Anjou,5191.67,64.88740617180983,False
19995,Ravenswood Barricia Znfdl,3058.3,31.517509727626457,False
19996,Inspired Red Blend CA,36152.53,-7.4168529837331025,False
20000,Soter Vyds Planet Oregon Pnt,1387.82,38.95173725699298,False
20001,Soter Vyds North Vly Pnt Nr,2729.22,31.494712775078593,False
20002,Soter Vyds Mineral Springs P,4822.09,33.32704283827138,False
20008,Steele Out Kaste Lke Cty Red,791.64,35.47066848567531,False
20010,Tin Roof Merlot,47.96,,False
20016,Camelot Pnt Nr,53.94,34.59399332591768,False
20018,Camelot Cab Svgn,119.85,35.54443053817271,False
20019,Camelot Chard,9.99,45.545545545545544,True
20023,Inglenook Cask Cab Svgn,5989.22,36.589071698818884,False
20024,Inglenook Rubicon 09,9132.47,32.952530914418546,False
20030,Trivento Rsv Cab Malbec,12534.4,49.898678835843754,False
20038,Torii Mor Pnt Nr Deux Verres,594.83,31.98056587596456,False
20041,Ramey Chard Hyde Vyd,251.96,,False
20049,Tenuta Sant'Alfonso Chianti,794.47,,False
20050,Occhio A Vento Vermentino,67.83,34.335839598997495,False
20055,Ch Haut Bailey 10 Brdx,1979.91,31.03322878312651,False
20056,Ch Rauzan-Segla 10 Brdx,1469.93,33.77303681127673,False
20057,Ch Lascombes 10 Brdx,2879.84,32.8851602866826,False
20058,Ch Picon Longueville Comt 10,2309.93,33.77375071971878,False
20060,Ch Troplong Mondot 10 Brdx,719.97,33.334722280095,False
20061,Ch Pavie 10 Brdx,3779.93,31.50613900257412,False
20062,Ch Angelus 10 Brdx,3239.94,32.432082075593996,False
20063,Ch Cheval Blanc 10 Brdx,17599.92,33.77469897590443,False
20064,Ch Grand Leoville 10 Brdx,8459.82,32.885806080980444,False
20066,Ch Pagodes de Cos 10 Brdx,99.99,67.53675367536755,True
20067,Ch Bellevue Mondotte 10 Brdx,1559.97,31.973691801765412,False
20075,Rampolla Sammarco Toscna IGT,989.82,32.878705219130765,False
20082,Maison Nicolas Merlot,77.94,35.488837567359504,False
20088,Camp Merlot Sonoma Cnty,575.64,34.64665415884928,False
20090,Amauta Corte IV -Red Blend,113.94,,False
20091,Dos Minas Malbec,2739.69,53.541824074986586,False
20092,Dos Minas Torrontes,297.75,36.775818639798494,False
20093,Ch Beausejour Pentimento,575.76,38.89120466861192,False
20095,Ch Monestier La Tour Blanc,179.88,42.9619746497665,True
20096,Milestone Red,3993.08,42.27613771825258,False
20097,Milestone Cab Svgn,139.86,34.634634634634644,False
20098,Milestone Chard,3117.97,42.85897555140043,False
20102,Julia James Pnt Nr,13650.57,29.174386124535456,False
20105,Jonathan Edwards Znfdl Lodi,176.94,32.89250593421499,False
20108,Sassacaia,8669.49,31.507735749161707,False
20114,Wolfgang Puck Chard,641.54,33.60351653832964,False
20118,Love Oregon Rsl,978.34,31.18956599955027,False
20119,Love Oregon Pnt Nr,659.61,33.897302951744216,False
20124,Bagordi Cosecha Rioja,27.98,34.66761972837741,False
20129,Melee Grenache,143.94,,False
20130,Pommerey Brut Rose Champagne,1559.74,34.20570095015836,False
20132,Jos Phelps Insignia 2010 Red,8447.34,33.77607625595749,False
20133,Fancy Pants Cab Svgn,215.76,32.92547274749722,False
20134,Fancy Pants Chard,8.99,32.48053392658509,False
20144,Ninety Cellars Lot 96 Chard,779.4,31.947652040030793,False
20146,Ch Le Ringue Brdx,254.85,31.018246027074742,False
20149,Bodegas Borsao Wh Campo Brja,39.96,33.33333333333333,False
20150,Grahams 2011 Vintage Port,459.96,,False
20152,La Cote Blanche Mcon V Chard,22540.82,36.1150126747829,False
20160,F Coppola Sophia Chard,16653.34,34.26051470756017,False
20161,F Coppola Votre Sante Ch Red,1569.6,33.33333333333333,False
20162,Hess Select Pnt Nr,9642.64,58.69927737632018,False
20165,Bonal Apertif,56.97,35.49236440231701,False
20167,Plungerhead Lodi Cab Svgn,23864.36,35.10020800893049,False
20170,Piazzo Dolcetto,1167.84,13.981367310590482,False
20174,Dom Bousquet Pnt Nr Rsv,1236.3,38.00048531909731,False
20176,Dom Bousquet Malbec Gr Rsv,311.88,31.050404001539043,False
20177,Robert Sinskey Abraxas,3656.05,38.07934793014319,False
20178,Robert Sinskey Pnt Bl,874.65,34.653861544617854,False
20180,Rosatello Sw Sparkling Rose,14395.84,31.89421388401094,False
20181,Ruffino Prosecco,2257.77,33.33333333333333,False
20182,Washington Hills LH Rsl,8714.44,35.464355713046395,False
20184,Charles & Charles Chard,665.85,34.715025906735754,False
20186,Steele 10 Sangiacmo Vy Pnt N,73.96,,False
20187,Steele 10 Goodchild Vyd Pnt,233.88,,False
20188,Steele 10 Parmalee-Hill Pnt,285.87,,False
20189,Steele 09 Bien Nacido Pnt Nr,342.86,34.62637811351572,False
20192,Byrrh Apertif,689.56,29.618887406462086,False
20200,Sea Smoke Chard,1511.76,32.43371963803778,False
20204,Dibon Cava Brut Rsv,28208.63,37.201983931867666,False
20205,Dibon Cava Rosado,790.41,45.658582254779155,False
20213,Casa Ferreirinha Papas Figos,509.66,34.2228152101401,False
20216,Conti Zecca Negroamaro 10,10859.13,34.23423423423423,False
20217,Fancy Pants Red Blend,341.62,31.03448275862069,False
20218,Chocolate Cuvee,1319.95,37.63400128792758,False
20222,Nantucket Vyd Chard,14.99,33.3555703802535,False
20224,Tommaso Bussola Amarone Clsc,899.85,35.072512085347554,False
20234,Ch Marquis d'Alesme,443.88,31.981616653149498,False
20250,Alma Negra Gran Almanegra,249.95,31.026205241048217,False
20251,Round Pond Est Svgn Bl Napa,17683.7,27.10858021794082,False
20252,Round Pond Est Cab Rutherfrd,6775.86,50.199679450283796,False
20253,Round Pond Est Cab Svgn K&K,12792.24,38.00804237569026,False
20254,Avancia Cuvee De O Valdeoras,2369.43,,False
20255,Breca OV Garnacha Calatayud,31455.76,31.772114232814587,False
20257,Zerran Tinto Montsant,139.91,32.77821456650704,False
20259,Muga Seleccion Esp Rioja,279.92,,False
20265,Louis Jadot Nuits St Geo 11,899.88,34.64461928257101,False
20274,Louis Jadot Chmble-Musgny 11,99.98,31.026205241048217,False
20275,Louis Jadot Les Drazeys 11,73.98,,False
20316,Smith & Hook Cab Svgn,1439.84,31.03678186465162,False
20317,Jonathan Edwards Svgn Bl,149.93,29.173614353364908,False
20319,Jonathan Edwards Chard,143.93,30.54957270895575,False
20324,The Peach Chenin Bl/Viognier,6866.34,39.95578430430186,False
20333,Mommy's Time Out Delicious R,65.94,34.66787989080983,False
20334,Drouet Freres Svgn Bl,131.88,31.938125568698812,False
20339,Pol Roger Brut 2004,12148.44,38.015745231486505,False
20343,Milbrandt Traditions Cab Svg,5382.29,33.96528243554324,False
20344,Milbrandt Merlot Columbia Vy,27.98,,False
20345,Milbrandt Rsl Columbia Vly,425.66,34.421839026453036,False
20353,Quinta da Cosaboa TintaBoa,64.95,34.64203233256351,False
20357,Apothic Dark,243756.84,40.54077005592951,False
20360,Maison N Perrin Crozes-Hermi,49.98,,False
20363,Altitude Project Chard,135.83,34.66833541927411,False
20364,Altitude Project Cab Svgn,87.89,34.16770963704631,False
20374,Duval-Leroy Brut Champagne,303.84,,False
20375,Duval-Leroy Femme de Chmpgne,4199.79,31.036551827591385,False
20376,Duval-Leroy Prestige Rose,395.78,33.35186214563645,False
20377,Duval-Leroy Prestige Rose,2837.34,34.63596185159339,False
20382,Fabrizio Dionisio Rose Syrah,807.46,45.83013400044585,False
20383,Fabrizio Dionisio Cast Syrah,4340.92,35.92971075255937,False
20384,Fabrizio Dionisio Il Cast Sy,287.88,35.05627344726969,False
20387,Antico Colle Chianti Colli,263.76,33.75796178343949,False
20388,Antico Colle Toscana Rosso,129.87,32.432432432432435,False
20395,Antico Colle Rosso di Montep,11538.45,35.03503503503504,False
20398,I Lauri Bajo Montepul d'Abru,36756.56,35.297753652681315,False
20400,Ilauri Le Pinciaie 10 Red,19842.03,36.071258837931396,False
20401,I Lauri Trebbiano d'Abruzzo,371.64,40.71682273167582,False
20402,I Lauri Tavo Pnt Grigio,6754.05,36.201242217632384,False
20403,Tenuta Santo Pietro Imago 11,329.25,43.35611237661352,False
20404,Tenuta Santo Pietro Pio Il C,11486.66,27.085854373682167,False
20405,Tenuta Santo Pietro Viper Su,17170.99,29.724727578316685,False
20406,Tenuta Santo Pietro Percept,14858.74,33.110479085036815,False
20407,Riondo Blu Prosecco,2704.13,35.479803115974455,False
20409,NxNW Red Columbia Valley,8916.63,29.560607538946886,False
20410,Beringer Luminus Chard,9945.25,44.84764083356376,False
20413,Pepperjack Barossa Red,191.92,33.347228011671525,False
20416,Januik Cab Svgn Columbia Vly,1099.56,31.052420968387352,False
20418,Spalletti Chianti Clsco Rsva,74.95,,False
20419,Spalletti Toscana Rosso Palz,59386.03,34.222678296562336,False
20420,Vigne A Porrona Rosso,272.79,33.33333333333333,False
20422,M Chiarlo Barberesco Anni 09,12735.45,35.4769560557342,False
20423,Michele Chiarlo Barolo Anniv,29.99,,False
20424,Viberti Barolo Rsv 06 Volta,4065.57,35.863359873277304,False
20425,Fattoria Pagliaatura Verm 11,1474.77,31.943286071726433,False
20426,Fattoria Illario Rose,2280.48,34.280502350382385,False
20427,Fattoria Heba Marellino 11,6201.35,32.90170688640377,False
20428,Fattoria Poggio Red 10,1457.73,34.210038896091866,False
20429,Carpineto Montepulciano 11,2247.35,-22.29737246089841,False
20431,Januik Muscat Canelli Champx,7127.08,33.29161451814769,False
20439,Torremoron Tinto,1242.98,31.474360005792533,False
20441,Senorio de Barahonda Carro,12.99,,False
20442,Vigna Magana Dignus,359.82,32.416208104052025,False
20443,Barefoot Bubbly Berry Fusion,109.89,33.33333333333333,False
20445,Barefoot Bubbly Tropical Fus,459.54,34.63463463463464,False
20446,Barefoot Bubbly Brut Cuvee,53196.75,32.932932932932935,False
20447,Barefoot Bubbly Pink Moscato,33476.49,34.63463463463462,False
20448,Liberty Creek Chard Tetra Pk,87.73,40.29408412173716,True
20449,Liberty Creek Merlot Tetra P,85.24,37.1656499296105,False
20450,Liberty Creek Cab Svgn Tetra,432.71,40.67389244528668,False
20454,Simi Cab Svgn Alexander Vly,419.96,35.47956948280789,False
20456,Duck Commander Wood Duck,25.47,33.33333333333333,False
20457,Duck Commander Miss Priss,144.33,31.919905771495884,False
20459,Hardys Nottage Hill Chard,22759.44,31.04434907010014,False
20465,Pali Wine Co Pnt Nr Durell,1869.66,34.2062193126023,False
20466,Pali Wine Co Pnt Nr Fiddlstx,419.93,31.971995332555426,False
20467,Pali Wine Co Chard Durell Vy,799.84,32.8865773154631,False
20471,Viu Manet Rsva Chard,215.23,36.02193002834178,False
20472,Viu Manent Rsva Cab Svgn,575.28,39.54943679599499,False
20473,Viu Manet Rsva Merlot,287.64,31.53942428035044,False
20475,Hayes Valley Cab Svgn CC,13356.63,32.43243243243243,False
20477,Hayes Valley Chard Monterey,979.02,34.63463463463462,False
20483,Joel Gott Pnt Nr,36618.65,33.812824885679845,False
20488,Abadia de la Oliva Blanca,203.88,,False
20491,Wild Oats Chard Cntrl Ranges,527.56,39.282735613010836,False
20492,Wild Oats Shiraz Cntrl Range,1426.81,38.4487072560467,False
20498,Jacobs Crk Chard Rsv,455.05,35.49060542797495,False
20503,Villa Cornaro Perl Anima,12.99,32.409545804464976,False
20504,Guenoc Cal Chard,1170.72,3.075030750307503,False
20506,Citran Haut-Medoc,1014.65,31.493618489134178,False
20507,Ch la Pointe Pomerol,2559.2,35.479837449202876,False
20508,Calaches Lanessan Haut-Medoc,1196.37,31.964191679831483,False
20509,Ch Mylord Cuvee Milady,15534.53,40.357320112034294,False
20512,Lacoste Borie Pauillac,7291.13,35.496281097717365,False
20513,Petit Caillou St Julien,6638.71,35.08106243532253,False
20514,Marquis de Calon St Estephe,927.68,34.63263194204898,False
20515,Lions de Suduiraut Sauternes,2050.92,32.91205897840969,False
20516,Ch Le Gay Pomerol,6399.36,32.43324332433243,False
20517,Hauts de Smith Rouge Pessac,5794.39,36.62128368991387,False
20519,La Croix de Carbonnieux Roug,1253.34,33.754607688256975,False
20520,La Croix de Carbonnieux Blnc,1117.57,33.3205078876491,False
20521,Croix de Beaucaillou St Juln,1879.6,34.22004681847201,False
20523,Lady Lola White,23771.4,36.30160613173815,False
20527,Christmas Traditions Pnk Mos,119.88,31.031031031031038,False
20528,Sileni Pnt Nr,82.94,37.78635157945504,False
20532,Bread & Butter Pnt Nr,62560.33,32.16109953384197,False
20533,Bread & Butter Chard,221166.75,34.183709802671515,False
20534,Cielo Pnt Nr,1725.84,31.03879849812266,False
20537,The Pass Svgn Bl,431.52,35.483870967741936,False
20549,Fifty Shades Of Grey Wh Silk,450.59,31.938125568698812,False
20550,Fifty Shades Of Grey Red Sat,1912.26,35.031847133757964,False
20551,Humble Pie Cab Svgn CC,118.93,31.489111241907004,False
20552,Cafaggio Basilica Chianti Cl,16454.27,37.52782712329383,False
20553,Dom Perignon Oeno 96 Silver,827.97,34.63893619334035,False
20554,Franzia Moscato,2700.48,34.25761346131059,False
20555,Red Newt Clrs Rsl Finger Lak,1232.08,38.695539250698,False
20557,The Other Red,30254.54,34.02431502842219,False
20567,The Immortal Zin,503.58,35.02919099249374,False
20568,Ninety+Cellars Lot 94 Cab Sv,250.87,29.525252122613317,False
20576,Peregrine Pnt Nr,485.82,31.048536494998142,False
20592,Fritz Svgn Bl Dry Creek Vly,287.82,37.89868667917448,False
20594,Fritz Pnt Nr RRV,647.76,33.79029270100037,False
20595,Fritz Znfdl Dry Creek Valley,215.88,34.63035019455253,False
20596,Aviary Cab Svgn,119.94,37.91895947973986,True
20598,Perez Cruz Cab Svgn Rsva,5996.25,31.95747342088805,False
20600,Felino Vino Cobos Chard,677.91,34.203655352480425,False
20601,Pulenta Est Chard,0.0,,False
20602,Pali Pnt Nr Rancho La Vina,1919.68,37.63960660110019,False
20605,Viu Manent Cab Svgn La Capil,167.88,31.02215868477483,False
20607,Viu Manent Syrah Olivar Alto,170.91,,False
20608,Villa Fassini Sangio/Cab,89.88,35.51401869158878,False
20609,Villa Fassini Trebiano/Chard,3.99,,False
20610,Cistum Grenacha,233.87,31.96220122290161,False
20614,Las Pizarras Garnacha,419.4,31.902718168812594,False
20625,Monte Degli Angeli,671.72,28.63693205502293,False
20626,Les Dauphins Cotes du Rhone,486.15,52.792348040728164,False
20627,Aichenberg Gruner Veltliner,50.94,30.388692579505296,False
20628,Clos Amador Brut Cava,13.99,44.674767691208004,True
20629,Clos Amador Rose Tendre Cava,497.59,35.400631041620606,False
20632,Smoke Stack Svgn Bl,1034.64,32.35908141962422,False
20637,Netzl Rosanna Rose,391.72,48.320228734810584,False
20638,JCB No 21 Brut,37.98,,False
20639,Antigal Uno Cab Mendza,782.52,40.315902468946476,False
20646,Pleasures Chard,55.96,31.022158684774837,False
20648,Pleasures Pnt Nr,13.99,31.95139385275197,False
20650,Sho Chiku Bai Takara Sake,8265.51,32.89016648700443,False
20653,Natale Verga Prosecco,146.86,32.88846520495711,False
20654,Notarious Cab Svgn,399.9,34.63365841460365,False
20655,Notarious Petite Syrah,79.98,,False
20658,Notarious Syrah,39.99,,False
20659,The Culprit Red,399.8,35.067533766883436,False
20660,WillM Alsace Rsl,12970.0,37.40940632228219,False
20661,Pali Pnt Nr Cargasacchi Vyd,1259.79,40.090015002500415,False
20662,Villa Jolanda Xmas Spumante,7692.3,31.03103103103103,False
20664,Fonseca Porto 11,989.89,34.63718190910101,False
20666,Taylor Fladgate 11 Port,809.91,31.03678186465163,False
20667,Taylor Fladgate 11 Port,184.99,,False
20668,Taylor Fladgate 11 Port,597.87,32.44183518156121,False
20669,Croft Port 11,1039.87,35.06688336042004,False
20670,Catena Zapata Nicasia Vyd,719.92,31.970218913212577,False
20674,Tolaini Al Passo Toscana,15993.6,31.052420968387352,False
20680,A Bichot Champs Martin,245.94,,False
20682,A Bichot Chablis Vaucopins,1623.44,31.493618489134196,False
20684,A Bichot Clos Marechaudes,539.94,35.481720191132354,False
20685,A Bichot Ch Gris Nuits St Ge,648.89,31.039159179521945,False
20689,Charles Fournier Rsl,303.81,35.45966228893057,False
20693,Daou Cab Svgn,19290.35,33.76688344172085,False
20699,Fantini Monteplciano D'Abruz,27395.63,35.165645031707605,False
20700,J Lohr Flume Crossing Svgn B,11666.76,28.482972136222916,False
20702,Sanford La Riconda Pnt Nr,759.8,35.0618583837852,False
20703,Sanford & Benedict Pnt Nr,719.64,32.86643321660831,False
20706,A Proper Claret,45443.73,-3.846713286959491,False
20707,Raffy Malbec Terrior,95.94,,False
20715,Gonzalez Bypass Noe Sherry,1287.72,34.203087627745155,False
20722,Ch Musar Hochar Red,329.89,31.977325775258425,False
20723,Shannon Ridge Wrangler Red,511.68,33.33333333333333,False
20724,Spritz and Giggles,7440.92,30.84134757529983,False
20725,Chronic Cellars Purple Parad,26028.65,34.27588445808754,False
20728,Villa Jolanda Cocnut Moscato,3366.94,43.6520995325132,False
20729,Villa Jolanda Peach Moscato,48740.08,41.10785210036586,False
20730,Villa Jolanda Pineap Moscato,2450.77,44.313011828935394,False
20731,Villa Jolanda Strwby Moscato,48895.28,41.93018221799731,False
20739,Paydirt Red Paso Robles,831.63,45.1426716207929,False
20743,Churchill's Late Bottled 05,2225.1,31.72441688014022,False
20744,Banshee Chard,670.64,54.10354288440892,False
20745,Kono Svgn Bl,10515.83,38.31223973761462,False
20746,Spasso Rosso Toscana,49.95,,False
20748,Terrasole 07 Brunelo d Montl,16496.7,31.026205241048217,False
20758,Feudo Zirtari Chardonnay In,53.96,31.356560415122313,False
20759,B & G Bistro Girls Night Out,33.96,35.924617196701995,False
20761,Lamole Grand Selezione Blk,1035.72,34.19843200865099,False
20762,Lamole Chianti Clsco Racolto,16741.08,41.65609387207995,False
20763,Sassoregaule Maremma Toscana,6615.34,35.193051301973895,False
20765,Furlan Malbec,359.88,35.07835945315105,False
20767,Chehalem Inox Chard Wlmt Vly,1379.31,34.21710855427714,False
20768,Chehalem Pnt Gr Three Vyd,72.45,,False
20770,Chehalem Pnt Nr Three Vyd,3266.48,33.31782224290368,False
20771,Chehalem Ridge Crest Vyds Pn,3275.22,33.76994522505358,False
20772,Dutton Goldfield Chard Dutto,3782.03,33.34188253398308,False
20776,JM Gobillard Tradition Brut,199.95,41.66041510377595,True
20778,Epilogo La Mancha Svgn Bl/Mo,71.91,,False
20781,Steele Clear Lake Merlot Cty,8047.86,37.85652334906422,False
20784,Proemio Chard,325.62,30.56323321663289,False
20787,Proemio Malbec,95.88,34.66833541927409,False
20788,Mt Tabor Galilee Chard,8036.27,34.66745144202472,False
20789,Zin-phomaniac Znfdl,1511.16,45.91439688715953,False
20791,Belle Ambiance Pnt Grigio,19175.52,39.510375729054545,False
20792,Belle Ambiance Chard,352.66,30.777519423807636,False
20793,Belle Ambiance Cab Svgn,458.58,31.950804657856857,False
20794,Kracher Auselese Cuvee,23.98,,False
20795,Kracher Beerenauslese Cuvee,119.88,31.931931931931935,False
20798,Belle Ambiance Red,32.97,,False
20800,Talamonti Moda Montepulciano,15615.73,35.41333002043452,False
20801,Catena Historic Rows Chard,5516.08,28.50575046047193,False
20814,Tarkettle Chard RRV,194.87,35.49032688458973,False
20825,Areo Pnt Nr,47.96,,False
20842,Papi Merlot,101.88,,False
20853,The Beautiful Syrah Walla,179.97,,False
20854,Moutard Champagne,173.97,,False
20855,Cockburns Special RSV,25538.34,33.79522709776752,False
20861,B & G Rose D'Anjou,0.0,,False
20862,W Hill Est Cab Svgn No Cst,112064.21,38.910156953767846,False
20863,W Hill Est Chard N Coast,176611.99,25.77606990329479,False
20864,W Hill Est Merlot Cntrl Cst,37744.91,31.839948750705727,False
20878,Sandrone Barbera D'Alba,147.96,,False
20880,Valmaggiore Nebbiolo d'Alba,986.79,33.326239625452224,False
20883,Quinta do Noval Port 11,3419.62,31.970218913212573,False
20884,Petrolo Inarno Toscana,227.76,32.45521601685985,False
20885,Rentas De Fincas Rioja,899.25,44.12010008340283,False
20886,The Great American Wine Red,59.95,,False
20887,The Great American Wine Chrd,131.89,44.787322768974136,True
20889,La Lecciaia Brunello di Mont,1405.63,31.034482758620697,False
20891,Legend of the Vine Cab Svgn,783.38,33.77926421404682,False
20903,Delamotte Brut,3076.38,33.33333333333333,False
20905,Gekkeikan Suzaku Sake,7848.27,33.815350389321466,False
20912,Whitehall Tre Leoni Red Napa,15029.99,37.02091618158096,False
20913,Benton Lane First Class Pnt,3799.24,34.20684136827366,False
20918,LAN Rioja Reserva,809.52,22.324340349836945,False
20919,LAN Crianza Rioja,139.9,,False
20921,Penfolds Bin 9 Cab Svgn,17287.42,42.030447574016236,False
20931,Frey Vyds Bio Field Blend Rd,33.98,32.4308416715715,False
20932,Frey Vyds Organic Agrul Red,8498.19,40.45990969841814,False
20935,Chehalem Ian's Chard Rsv,832.66,33.319722335647214,False
20941,Valdivieso Brut,220.83,48.03695150115474,True
20944,Valdivieso Cab Franc Rsva,7167.57,35.34866070369734,False
20947,Catalpa Cab Svgn,2812.41,39.73353813988714,False
20948,Honig Bartolucci Vyds Cab Sv,14757.65,35.71605235250869,False
20950,Bouza Merlot Tannat 12,850.54,31.963223363980532,False
20952,Bouza Temp Tannat,699.72,34.21368547418967,False
20953,Cavit Chard,188.79,56.729699666295886,True
20954,Moonlight Meadery Last Apple,1838.85,34.64665415884928,False
20955,Pacific Rim Dry Rsl,773.45,32.46492985971944,False
20959,Dylans Ghost Stags Leap Red,4949.01,39.34786957391479,False
20960,Geyser Peak Tectonic Red,349.86,35.49419767907163,False
20961,Geyser Peak Pluto's Fury Pnt,524.79,,False
20963,Stags Leap Hands of Time Chr,1936.86,35.49146556798116,False
20967,Ninety Cellars Lot 106 Pnt N,175.89,31.01938711694809,False
20968,Ninety+Cellars Lot 113 B Red,22827.8,43.59509019704045,False
20969,Ninety Cellars Lot 105 Chard,415.68,32.87143956889915,False
20970,Ninety+Cellars Lot 104 Vacqu,67.96,,False
20973,Lustau Pedro Ximenez San Emi,107.96,33.34568358651352,False
20975,Belle Ambiance Pnt Nr,8228.5,-27.264993619736284,False
20980,Valley of the Moon Blend 41,659.67,35.467733866933465,False
20985,Tarantas Tempranillo,1091.09,35.02919099249374,False
20986,Pizzolato Fields Prosecco,167.88,31.52251608291636,False
20987,Pizzolato Cab Svgn,90.93,31.947652040030803,False
20988,Pizzolato Merlot,64.95,32.409545804464976,False
20990,Biokult Gruner Veltliner,279.8,31.951393852751973,False
20991,Les Hauts de Lagarde Blanc,688.47,31.02386451116243,False
20992,Les Hauts de Lagarde Rouge,22152.29,37.362232076232296,False
20995,Grape & Vine Merlot,101.99,34.95440729483282,False
20997,Grape & Vine Pnt Grigio,39.48,35.562310030395125,False
21000,Bonpas Ch du Pape Rouge Rsv,5976.59,34.838762571968296,False
21001,Bonpas Cote du Rhone Rouge R,11507.53,39.26707121337073,False
21002,Bonpas Blanc Rhone Vly,2547.96,38.03042433947157,False
21003,Bonpas Ventoux Rouge Rhone,26604.8,-14.806350733702178,False
21004,Castle Rock Pnt Nr Carneros,65126.49,35.043804755944926,False
21006,Ch Lassegue 05 GC St Emilion,4166.57,35.931953621324006,False
21007,Ch Vignot 05 St Emilion Red,824.89,33.79117215628751,False
21008,Cenyth Sonoma Red,2049.62,37.798226012626735,False
21009,Galerie Naissance Svgn Bl,129.95,32.89726818006925,False
21010,La Jota Cab Svgn Howell Mtn,2339.64,34.636097861209414,False
21011,Arcanum Valadorna Toscana,129.98,,False
21012,Arcanum Toscana Rosso,1614.81,,False
21013,WindRacer RRV Pnt Nr,755.82,32.88878304358181,False
21014,WindRacer Anderson Vy Pnt Nr,335.92,,False
21015,WindRacer RRV Chard,1679.52,35.06716204629895,False
21016,WindRacer Anderson Vly Chard,1609.54,31.494712775078597,False
21017,Estancia Monterey County GSM,2065.02,54.82077655422223,False
21019,Black Box Pnt Nr,229216.88,41.811475664444956,False
21025,Querceto Vin Santo Chianti C,406.89,34.63098134630981,False
21026,Rotari Trento Brut,52.43,,False
21027,Kinsella Est Cab Svgn 10,4829.58,31.037481520132186,False
21031,Shannon Ridge Chard HE Lake,335.79,35.0844277673546,False
21032,Taylor Fladgate 10-Yr Tawny,72904.09,37.96792470765358,False
21033,Taylor Fladgate 20-Yr Tawny,91592.28,33.2977844857667,False
21034,Cyrus Cab Svgn Alex Vly,3563.35,32.999845650862255,False
21039,Temptation Znfdl,441.72,42.339038304808476,False
21041,Alexander Vly Vyds Merlot,6072.19,35.56081084419295,False
21043,Alexander Vly Vyds Syrah,0.0,,False
21045,Eden Ice Cider Honey Crisp,1938.79,35.69391218234053,False
21046,Eden Ice Windfall Orchard,359.8,45.91439688715953,False
21055,Sandeman Imperial 20-Yr Taw,88566.56,39.140822450369534,False
21057,DuCourt Brdx Blanc,305.64,30.9776207302709,False
21058,Ayala Brut Majeur,8117.15,30.235981840917077,False
21060,Ayala Rose Majeur,2607.56,33.43202073969534,False
21076,Natura Pnt Nr,12455.09,37.08299177284146,False
21078,Justin Obtuse,1054.09,43.97157737954064,False
21080,Landmark Overlook Pnt Nr,2083.25,46.50186007440298,False
21081,Martinelli Belle Vigna Pnt N,4171.93,31.033598358553476,False
21082,Martinelli Guiseppe & Luisa,439.92,,False
21083,Wild Ridge Pnt Nr Sonoma Cst,167.96,32.88878304358181,False
21084,Glazebrook Svgn Bl Marlboro,272.79,31.947652040030803,False
21086,Bright Light White,370.47,,False
21087,Gundlach Bundschu 07 Vintage,455.92,,False
21089,Quivira Znfdl Dry Creek Vly,137.88,35.0739773716275,False
21098,Rutherford Ranch Chard,15928.97,35.39450447831843,False
21099,Hey Mambo Swanky White 08,255.68,,False
21100,Robert Hall 13 Syrah,74720.59,32.88062902072908,False
21101,Niner Twisted Spur 10 Red,96660.27,31.96220122290161,False
21102,Taylor New York Marsala,575.28,33.79224030037547,False
21103,Farnum Hill Dooryard Still,1378.85,34.195162635529606,False
21105,Ken Volk Pnt Nr Cuvee St Mar,5493.22,36.48898096198587,False
21107,Charles Brotte Gr Vallon Rse,688.47,,False
21108,Santons Rose de Provence,143.84,,False
21109,Les Lauzeraies Tavel,637.42,33.30300272975432,False
21110,Light Horse Pnt Nr,44.97,,False
21111,Light Horse Chard,233.83,28.751657186845136,False
21112,Wicked Bold Cab Svgn,279.72,31.931931931931935,False
21113,Wicked Soft Chard,249.75,34.63463463463464,False
21114,Wicked Juicy Grenache,349.65,31.931931931931928,False
21115,Wicked Smooth Merlot,2213.25,34.270868632102115,False
21117,Wicked Bright Pnt Gr Veneto,3182.05,31.602268977545933,False
21119,Wicked Silky Shiraz,118.44,31.91489361702126,False
21121,Line 39 Cab Franc Cntrl Cst,492.55,,False
21123,Southern Right Svgn Bl,611.49,33.361134278565466,False
21127,Fire Brix Chard,0.0,,False
21129,St Supery Svgn Bl Napa,48544.5,36.89501385326865,False
21131,Fire Brix Cab Svgn,0.0,,False
21144,Cherry Tart Pnt Nr,15096.05,34.22418447209701,False
21145,David Girard Vyds Code Rouge,29423.46,35.02919099249374,False
21149,Graffigna Centenario Cab Svg,27.96,34.19170243204579,False
21151,Flight Song Svgn Bl,24432.56,42.34709747975652,False
21152,Flight Song Pnt Grigio,71.88,,False
21155,Quinta do Crasto Douro S per,574.77,39.49579831932773,False
21156,Huber Hugo Red,461.67,31.02215868477484,False
21157,Huber Hugo Gruner Veltliner,8741.4,44.278948452193006,False
21158,Huber Gruner Veltliner Trais,475.72,35.491465567981166,False
21159,Nyers Vyds Sage Canyon Red,132.93,31.01632438125329,False
21160,Nyers Vyds Vista Luna Znfdl,3100.59,33.78808549340609,False
21166,La Crema Pnt Nr Williamette,10032.56,33.27485706539506,False
21168,Honoro Vera Merlot Jumilla,543.36,30.977620730270907,False
21169,Honoro Vera Organic Jumilla,908.43,34.157832744405184,False
21171,Ornellaia Bolgheri 13,0.0,,False
21172,Ornellaia Bolgheri 11,1599.92,31.036551827591392,False
21178,Sensi Dalcampo Chianti Rsva,12456.57,46.13854375642733,False
21179,Amapola Creek 09 Cab Svgn,2507.56,29.356027373223377,False
21180,Amapola Creek Chard RR 14,551.7,-17.50951604132679,False
21181,Belaire Sparkling Rose,53708.03,34.01947530006221,False
21194,Paul Hobbs Beckstoffer Cab S,6389.85,46.64898237047818,False
21195,Paul Hobbs Las Piedras Cab S,2449.89,45.814710048206244,False
21196,Paul Hobbs Crossbarn Chard,5527.89,33.85125246703535,False
21201,Bota Box Pnt Nr,49884.98,38.252355719096215,False
21208,Kendall Jackson Grand Rsv Ch,184705.82,36.763356996547266,False
21212,Klassen Chard Calaveras Cty,29.97,,False
21213,Volcanes Summit Series Cab S,143.88,29.190992493744787,False
21216,Il Poggione Monalcino Rsv 07,2552.77,32.88584557167312,False
21217,Copain Wentzel Pnt Nr,839.86,34.63910651775296,False
21218,Heitz Znfdl Ink Grade Vyd,15260.82,40.80318095620025,False
21223,Americano Petite Syrah,1560.12,36.543342819783085,False
21226,Tisdale Vineyards Moscato,47.88,33.83458646616542,False
21227,Livingston Cellars Moscato,111.86,34.668335419274094,False
21228,The Naked Grape Box Harvest,31.98,25.01563477173233,False
21229,Barefoot Cellars Riesling,84.37,33.28197226502312,False
21230,The Naked Grape Box Moscato,1956.78,26.180766361062556,False
21231,La Marca Prosecco,58038.62,38.23933098340381,False
21232,Barefoot Bubbly Prosecco,31863.17,38.0241827790518,False
21233,Cavicchioli Prosecco,51093.56,37.4533307133032,False
21234,Cavicchioli Rose,77.88,,False
21250,Bodega Garzon Albarino,179.88,35.090060040026685,False
21251,Renwood Old Vine Zinfandel,21183.9,33.0567081604426,False
21252,Renwood BBQ Zinfandel,1151.04,32.86071726438698,False
21254,Renwood Timberline Znfdl,46003.08,35.06139154160983,False
21259,Paul Hobbs Crossbarn Rose PN,1120.41,33.33333333333333,False
21260,Benvolio Toscana Rosso,649.5,32.40954580446498,False
21267,Latour 13 Cuvee Bourgog Blnc,7419.36,33.33333333333333,False
21268,Henry Fessy 09 Pouily-Fuisse,417.62,,False
21270,Kendall Jackson AVANT Svgn B,11530.1,39.003998230717855,False
21271,Kentia Albarino Rias Baixas,16298.72,36.32874237976971,False
21272,Comoloco Monastrell Jumilla,269.7,31.034482758620683,False
21273,Arindo Verdejo Rueda,708.37,36.499287095726814,False
21275,Honoro Vera Blanco Rueda,43.96,32.84804367606915,False
21276,Silver Oak 05 Library Rls CS,1689.87,,False
21277,Nicholson Ranch Chard Son Ct,29436.03,29.869517051042553,False
21280,Rodney Strong Bros Ridge Cab,1532.79,35.48431291957802,False
21281,Rodney Strong Rsv Alex Vy CS,24123.97,32.798415849464256,False
21282,Lunetta Rose Brut,215.82,33.36113427856547,False
21284,Elk Cove Pinot Bl,2356.69,33.35186214563646,False
21286,Elk Cove Five Mtn Pnt Nr,2067.56,31.964247712279214,False
21287,Foley Johnson Cab Svgn,6227.2,30.620503597122305,False
21288,Autard Chntf du Pape,279.92,,False
21293,Clos du Bois Chard,139.8,33.762517882689565,False
21296,Medlock Ames Red 10,95.94,,False
21298,De La Costa Sangria,15.58,,False
21300,Clos LaChance Meritage,399.6,31.931931931931935,False
21301,Clos LaChance Svgn Bl,25.98,,False
21307,Chloe Chard,838.43,29.70432832794628,False
21308,Chloe Pnt Grigio,79159.54,34.310532880812595,False
21309,Chloe Red,834.39,26.454056256666536,False
21311,Cakebread Clrs Two Creeks 12,16155.96,32.88322080520129,False
21313,Kedem Concord Grape Kosher,1957.8,35.928082541628356,False
21317,Bartenura Moscato,63850.36,33.30950679056468,False
21318,Barefoot Refresh Crisp Red,546.08,33.62144740697334,False
21319,Wlm Hill Est No Cst Svgn Bl,46544.88,31.812908315587013,False
21320,Zion Dolev Muscato,1329.79,35.48680618744313,False
21321,Rex Goliath Red Sangria,10827.22,36.92323606613701,False
21323,Rosatello Sweet Moscato,2716.11,34.456262817043495,False
21324,Rosatello Sweet Rose,98.89,31.034482758620683,False
21325,Kim Crawford Pnt Gr Homstead,1553.47,36.507946725717275,False
21326,Kim Crawford Svgn Bl Sptfire,35574.69,39.27668800487088,False
21328,Skinnygirl Chard,152.84,39.28291023292332,True
21329,Masi Campofiorin,75564.46,33.648278569052174,False
21333,Mas Carlot Marsanne Roussann,272.79,31.947652040030803,False
21334,Ilauri Prosecco Extra Dry,135.9,36.2766740250184,False
21338,Vincent Delaporte Sancerre,14652.67,35.06753376688344,False
21339,Flowers Sonoma Cst Chard,599.94,35.483548354835484,False
21340,Flowers Sonoma Cst Pnt Nr,399.96,33.33333333333333,False
21341,Essenciel Paradis Prvnc Rose,38580.37,34.3353886963759,False
21342,Dom du Garde Temps Tour Rose,7787.13,34.20888055034397,False
21343,Montecillo Rioja Crianza,0.0,,False
21350,Candor Znfdl,167.88,35.45389563974268,False
21352,C Y Toro Don Melchr Cab Svgn,8250.97,34.31245053611878,False
21353,Smoking Loon Malbec Carancho,21566.72,44.06882455932103,False
21355,Cantina Gabriele Dolc White,808.75,34.71406491499227,False
21357,Stephen Vincent Cab Svgn CC,14.99,,False
21359,Stephen Vincent Pnt Nr,254.85,33.31371394938199,False
21363,Perez Cruz Carmenere Ltd Ed,2398.8,32.86643321660831,False
21364,La Caplana Gavi di Gavi,6654.65,32.409668427340286,False
21366,Tamaya Svgn Bl,2320.1,35.79587086763502,False
21367,KJ Est 12 Chard Camelot High,4978.34,31.977325775258432,False
21368,KJ Est 12 Pnt Nr Outland Rdg,1749.5,31.037439268362387,False
21369,Kendall Jackson Grand Pnt Nr,16914.7,36.29919537443762,False
21371,Nodus Red,155.88,45.419553502694384,True
21374,10 Span Chard CC,3325.56,31.508678237650205,False
21375,10 Span Cab Svgn CC,2703.89,33.77837116154873,False
21376,Tullia Prosecco,491.67,33.82146561718226,False
21377,Circa Rosso,116.91,32.87143956889915,False
21379,Alhambra Red Blend,158.89,29.869721190760895,False
21380,Bartenura Asti Spumante,2631.15,35.505387378142636,False
21381,Barkan Clsc Cab Svgn,9121.48,35.453895639742676,False
21382,Barkan Clsc Merlot,6015.7,35.09649749821301,False
21383,Barkan Clsc Chard,1189.15,33.80986418870622,False
21384,Ch Ste Michelle Cold Ck Cab,3320.73,34.525239932183574,False
21385,Ch Ste Michelle Cold Crk Cha,1766.1,38.89926957703415,False
21386,Segal's Cab Svgn Spcl Rsv Ga,5625.32,35.493091948546926,False
21389,Ch Ferriere Margaux,437.88,,False
21392,Bodegas Jeromin Zesto Rosada,287.76,31.02585487906589,False
21394,Stolpman Vyds L'Avion White,0.0,,False
21397,Stolpman Vyds Hilltops Syrah,0.0,,False
21401,Wrath Pnt Nr Ex Anima,25.99,,False
21406,Banshee Rose 14 Pnt Nr Sonom,203.88,34.66745144202473,False
21407,Bartenura Ovidia Est Chianti,2056.53,34.66761972837741,False
21408,Ramon Cardova Garnacha,2500.61,33.35186214563646,False
21409,Mumm Cordon Rouge Brut,10018.33,31.97199533255542,False
21410,Goose Bay Svgn Bl,10273.59,31.016324381253295,False
21411,Segal's Fusion Chard/Colombd,2654.34,34.20888055034397,False
21412,Cesari Bardolino Chiaretto,4394.5,33.79224030037547,False
21413,Ch de Berne Rose,449.7,31.02068045363576,False
21416,Round Hill Comm Man Wh Znfdl,1006.32,32.3873121869783,False
21418,G Bertrand CdRoses Blanc Lan,269.85,34.18565869927738,False
21419,Round Hill Comm Man Cab Svgn,3643.44,31.53942428035045,False
21420,Round Hill Common Man Chard,3164.04,32.91614518147685,False
21422,Beso Del Sol Sangria,20956.36,16.350740300319334,False
21424,Tons de Durum Douro Red,733.4,33.73329697300245,False
21425,Szigeti Pnt Nr Rose Brut,53.98,,False
21426,Szigeti Gruner Velt Skt Brut,1383.42,46.92284338812509,False
21427,Verde Sole Chard,923.16,38.12556869881711,False
21428,Verde Sole Petite Sirah,5506.91,29.814542093478924,False
21429,Chateau Gazin Pomerol 11,2232.71,,False
21430,Ch Larrivet Haut-Brion P Leo,167.96,,False
21431,Ch Pape Clement Pess leognan,4231.54,34.64507011631699,False
21432,Ch Grande Pontet St Emilion,233.94,35.060271864580656,False
21434,Les Pagodes d Cos St Estephe,844.87,,False
21435,Ch Phelan Segur St Estephe,835.78,34.64069491971571,False
21438,Ch Boyd Cantenac Margaux,4179.62,31.03009364487681,False
21439,Ch Talbot Saint Julien,515.88,,False
21440,Cheval Blanc,2609.97,32.88543546477545,False
21441,Goulee Cos d'Estournel Medoc,728.73,,False
21442,Chapoutier Cotes du Rhone R,6767.79,33.333333333333336,False
21443,Ch L'Englise Clinet St Emiln,947.94,35.06551047534655,False
21444,Ch Palmer Margaux,2379.93,31.50680902379481,False
21445,Alto Ego De Palmer Margaux,2665.69,35.48086986858937,False
21446,La Demoiselle Sociando Haut,424.83,31.972789115646254,False
21447,Ch Leoville Barton St Julien,3254.65,35.48768684804818,False
21448,Ch Quinault L'Enclos St Emln,42.99,,False
21449,Chateau d'Issan Margaux,1079.8,32.89498055195407,False
21450,Le Petit Cheval St Emilion,719.85,33.3319441550323,False
21452,Ch Paive Macquin Saint-Emiln,1007.84,,False
21453,Ch Ducru Beaucaillau St-Juli,3233.79,31.03448275862068,False
21454,Croix de Beaucaillau St-Juli,299.94,,False
21455,Ch Leoville Las Cases St-Jul,1639.92,34.21142494755841,False
21457,Clos de L'Oratorie St-Emilon,494.89,,False
21458,Ch Langoa Barton St Julien,1563.77,32.88718929254302,False
21459,Chateau Montrose St Estephe,3977.74,34.211386365121896,False
21460,Les Fiefs de Lagrange St Jul,191.94,,False
21461,Ch Rayne Vigneau Sauternes,2319.6,31.039834454216237,False
21463,Chateau Pontet Canet Pauilac,3919.72,31.973712408029144,False
21464,Sociando Mallet Haut-Medoc,863.76,,False
21465,Ch Haut Brion Pessac-Leognan,2279.97,31.972789115646254,False
21466,Ch La Mission Haut Brion P-L,3149.93,33.77408386853042,False
21467,La Clarence de Haut Brion PL,4402.63,31.03622153122111,False
21468,La Chapelle de la Mission Ha,2369.7,31.02924420812761,False
21469,St Supery Cab Svgn,95233.54,39.368419991528185,False
21470,Ch Angelus Saint Emilion,2929.9,34.639407488310184,False
21471,Ch Haut Marbuzet St Estephe,1080.77,35.47563311342839,False
21472,Ch Haut Bailly Pessac-Leogan,1623.86,31.037158375722047,False
21473,Ch Malartic-Lagraviere Rouge,235.96,34.209187997965756,False
21474,Ch Malartic-Lagraviere Blanc,363.96,,False
21475,Ch St Jean Cinq Cep Cab Svgn,1359.83,31.028878609826226,False
21476,Cos d'Estournel St Estephe,2099.93,33.77445914863829,False
21477,Ch Canon Saint Emilion,1689.87,31.510116162781742,False
21478,Chateau Lascombes Margaux,1151.84,,False
21480,Ch La Gaffeliere St Emilion,155.98,,False
21481,Chateau Giscours Margaux,399.92,31.966393278655737,False
21482,Ch Lynch Bages Pauilac,2824.75,,False
21483,Ch Haut Bages Liberal Paulic,741.86,31.515380260426497,False
21485,Ch Lynch Moussas Pauilac,1079.7,35.48207835509865,False
21486,Twelfth Night Pnt Nr,206.91,31.013484123531963,False
21487,Twelfth Night Svgn Bl,92.94,31.956100710135576,False
21488,Twelfth Night Rsl,911.48,33.76486593232983,False
21489,El Petit Carlania Trepat,803.57,31.826723247507992,False
21491,Erre d Herrero Verdejo Rueda,269.82,31.954636424282857,False
21499,Napa River Chard Napa Cnty,167.76,34.19170243204578,False
21502,Cambridge Chard Carneros,1743.04,37.59867817147053,False
21503,Cambrige Meritage Napa Vly,1282.44,41.399207760207105,False
21504,Ponte Vinho Verde,719.28,31.931931931931935,False
21505,Margaride's Chard Arinto,23891.88,-33.241754102230544,False
21510,Mezzacorona Cab Svgn,16064.55,32.71769206109103,False
21517,Riunite Lambrusco Cuties,3645.72,35.04492939666239,False
21519,Copain Monument Tree Pnt Nr,1049.79,34.20684136827365,False
21520,Merriam Cuvee Pnt Nr RRV,574.77,35.49419767907162,False
21523,Merriam Gloeckner Cab Svgn,1287.77,32.88087158421148,False
21526,Listel Grain de Gris Rose,16160.75,33.0321921940504,False
21528,Aviary Red Blend,5894.72,36.12181749090712,False
21529,Ch St Sulpice Rose 13,2039.43,35.02694380292533,False
21533,10 Span Pnt Nr CC,2441.74,31.5086782376502,False
21534,Broadbent Vinho Verde Rose,26608.49,36.149477102984804,False
21536,La Merika Chard CC,29.97,34.63463463463463,False
21537,La Merika Pnt Nr CC,15.99,34.20888055034397,False
21538,La Merika Cab Svgn CC,566.64,39.517153748411694,False
21552,Vindicated Cab Svgn,30749.93,36.77936827823673,False
21561,Talley Vyds Chard,6182.25,33.8994702575923,False
21562,Talley Vyds Pnt Nr,2099.3,35.47849283094365,False
21564,Folk Machine Parts & Labor R,291.31,32.16848031306856,False
21573,Casal Garcia Vinho Verde Ros,18911.62,36.1192748162241,False
21576,Chalk Hill Chard,45165.77,38.74358834134788,False
21581,Epiphany Revelation,7278.61,35.67439387465463,False
21583,The Big Easy Red,5843.73,39.86785837127998,False
21584,Fess Parker Ashleys Chard,86.97,34.218696102104175,False
21586,Celani Family Chard,610.87,34.220046818472014,False
21587,Celani Family Cab Svgn,311.96,31.0296191819464,False
21590,Red Lace Luscious Red Blend,0.0,,False
21592,Veuve du Vernay Brut Rose,1090.99,37.973766945618195,False
21593,Melini Orvieto Clsc Orzalume,159.8,31.038798498122667,False
21595,Veuve du Vernay Sprklng Brut,1394.0,49.21090387374462,False
21596,Siduri Pnt Nr Sonoma Cst,43930.15,34.21010399463694,False
21601,Candoni Moscato,362.25,31.538992408557625,False
21609,Josh Cellars Legacy Red,156988.39,33.014371317522276,False
21614,Billette Bousquet Prov Rose,1067.11,31.94328607172643,False
21615,Moonstone Coc Lemongras Sake,3809.55,31.47353361945636,False
21616,Moonstone Plum Sake,461.68,34.17085427135678,False
21617,Querry Cider,2656.2,31.47353361945636,False
21619,Yosemite Road Pnt Grigio,530.48,34.09742120343841,False
21622,Lima Loureiro Vino Verde DOC,1640.4,43.428432089734216,False
21625,Kirkland Signature Chard 12,319.8,33.333333333333336,False
21627,Ferrari Carano Pnt Grigio,23147.05,33.6690852614048,False
21628,Ironside Cab Svgn,608.57,44.604564799447886,False
21631,Shelburne Vyds Marquette Red,238.87,30.17540921840332,False
21632,Simi Chard Sonoma Cty,5097.83,25.155213100476082,False
21633,Wild Horse Pnt Nr CC,395.64,35.48680618744313,False
21634,Estancia Rsv Meritage Paso R,1079.76,32.42942876194711,False
21635,Franciscan Est Cab Svgn,902.79,34.635961851593386,False
21643,Gruet Bl de Bl 25th Annivrsy,588.69,35.492364402317016,False
21645,Foxen Chard Block UU,1652.43,35.08106243532252,False
21646,Foxen Pnt Nr Santa Maria Vly,439.89,,False
21653,Pendulum Red,135.92,32.4308416715715,False
21654,Ch Valcombe Rose Ventoux,223.86,34.20888055034397,False
21670,Colpetrone Sagratino Mn DOCG,149.94,,False
21672,Peachy Canyon Westside Znfdl,14392.0,37.02056698165648,False
21673,Juan Gil Dry Wh Muscat Jumil,687.37,40.88336703667602,False
21674,Villa di Capezzana Carmignan,971.64,,False
21684,Underwood Pnt Nr,8082.38,28.086034064223664,False
21685,Cameron Hughes Cam Col Cab S,9603.24,33.90105839279243,False
21686,Cameron Hughes Cam Coll Char,297.79,35.96829980858995,False
21690,Kenwood Chard 12,2037.6,34.628975265017665,False
21691,Tracia Syrah,44.94,30.97463284379172,False
21693,Chalk Hill Pnt Nr RRV,12911.31,33.781080308659604,False
21696,Shelburne Vyds Lake View Wh,298.77,33.33333333333333,False
21698,Terra de Touros Red,487.39,34.6683354192741,False
21699,Terra de Touros White,953.32,32.81164771535266,False
21700,Ram Island Lavender Lemonade,3880.38,41.34337358712292,False
21709,Tenuta Bellafonte Monte Sagr,109.98,,False
21710,Farnese Edizone Cinque Autoc,413.91,31.028484453141985,False
21711,Shardana Valli Di Porto Pino,2324.07,33.33333333333333,False
21712,Ferghettina Francia Mil Brut,799.84,31.026205241048217,False
21713,Gia Frizzante Chard,14.99,,False
21716,Terrilogio Primitivo,189.76,42.95952782462057,True
21728,Ch d Macard Brdx Superieur,89.97,,False
21729,Santi Pinot Grigio Delle Ve,10760.58,36.149166680606434,False
21730,Ch Les Ormes Saint-Julien,6668.85,33.78168649767201,False
21731,Ch Moulin de la Rose St-Juln,5983.12,32.43123988821886,False
21732,Terre du Lion Saint-Julien,1159.71,35.0587646911728,False
21733,Dom Fond Croze CdR Serra Grd,2117.37,32.409545804464976,False
21734,Gr Montmirail Muscat Venise,5257.37,31.51575787893947,False
21735,Millet Roger Sancerrre,41673.63,31.021799636844694,False
21737,Paul Hobbs Beckstoffer Cab S,3509.87,55.257602133412355,False
21743,Telmo Rodriguez Gaba do XII,107.88,34.59399332591768,False
21750,Santos Sangria,12917.07,31.531531531531538,False
21752,Flag Hill Cayuga White,31461.78,41.64742109314858,False
21753,Dom Taumassou CdR 12,327.59,,False
21754,Notre Dame Cousignac Blnc 13,199.8,,False
21757,Jovino Pnt Nr Williamete Vly,181.87,31.02215868477484,False
21761,Ch Riotor Rose Cotes de Prov,373.78,35.07945850500294,False
21767,Claude Riffault Noue Rose Sa,619.69,32.866433216608314,False
21769,Eden Sparkling Cider,352.44,38.91726251276812,False
21771,Jamieson Ranch Cab Svgn,2274.35,32.89511288939696,False
21772,Whiplash Red,31.74,,False
21775,PopCrush White,472.57,34.66787989080982,False
21776,PopCrush Red,32.97,,False
21777,Ch La Rame Brdx Rouge,257.84,32.0508842693143,False
21781,TerraMare Rosso,0.0,,False
21783,Grape Time Winery Amarone,5126.2,35.50778354336546,False
21784,Grape Time Winery Rsl Granny,15432.12,33.333333333333336,False
21785,Ghostwriter Pnt Nr,227.92,31.239031239031235,False
21787,LiDestri Spicy Bloody Mary,71.92,35.038932146829815,False
21788,LiDestri Bloody Mary,35.96,23.359288097886548,False
21789,Carpene Malvolti Sprklg Rose,6666.66,31.413031413031412,False
21791,Michael David Svgn Bl,55544.4,31.53153153153153,False
21795,Canyon Rd Cab Svgn,9536.89,32.35908141962421,False
21798,CYT Diablo Devil's Coll Red,44.97,,False
21799,Ch Lafite Rothschild 10 Brdx,19199.88,31.034568966056035,False
21812,Angeline Svgn Bl RRV,255.15,34.15637860082305,False
21813,Canyon Rd Chard,17660.73,33.40292275574112,False
21814,Hartford OV Znfdl RRV,3294.97,33.76055017192871,False
21822,Tenuta S Anna Ex Dry Prsecco,215.88,,False
21824,Taken Red Napa,27888.84,32.41296518607442,False
21830,Buoncristiani Family Red OPC,1139.77,34.9210805688867,False
21831,Buoncristiani Family Chard,1835.49,35.482078355098636,False
21832,Dom Bousquet Cab Svgn Rsv,4461.21,34.64665415884929,False
21833,Frey Vyds Organic Blanc,337.74,32.40954580446498,False
21834,Meiomi Chard,55900.79,33.73810996231002,False
21836,Merriam Pnt Nr Cuvee RRV,14156.89,35.131727377976375,False
21837,Gerard Bertrand Gr Teroir Rd,1148.39,56.39025069880441,False
21841,Gerard Bertrand 13 Gris Blan,179.88,59.77318212141427,True
21849,Attems Pnt Grigio Ramato,12815.33,29.855571413299543,False
21850,Fetzer Quartz White,12.53,,False
21853,Signorello's Hope Cuvee Char,683.9,,False
21854,Signorello's Cab Svgn Napa,1083.86,46.924879596995915,False
21856,Waterstone Chard Carneros,0.0,,False
21857,Willamette Vly Tualatin Est,914.79,36.687108516708754,False
21858,Willamette Vly Elton Pnt Nr,1115.74,39.48231666875795,False
21859,Tiefenbrunner Pnt Grigio,43892.81,35.80199126007197,False
21860,Le Grande Courtage Brut,652.6700000000001,44.58455268359201,False
21861,Diseno Red Blend Mendoza,6982.32,36.666322941371924,False
21864,Dom Carneros Brut,65147.87,41.25212382231377,False
21883,Chusclan Les Genets CDR,19474.14,34.19170243204579,False
21884,St Julien Rose CDR,174.5,32.37822349570201,False
21924,BV Coastal Estate Svgn Bl,560.35,63.46033728919426,False
21951,Ruffino Aziano Chianti Clsc,51363.72,35.14574100162528,False
21957,Cooks Spumante,18621.61,34.28076304895226,False
21958,Le Grande Courtage Rose,219.89,33.316658329164575,False
21959,Le Grande Courtage Brut,4192.01,40.89136237747525,False
21960,Le Grande Courtage Rose,1456.43,40.10422746029676,False
21965,Marques de Caceres Blanco Wh,34616.21,44.77604567339982,False
21975,Trim Cabernet Sauvignon,727.44,34.64203233256352,False
21977,Massolino Barolo Margheria,2441.63,31.504773450522805,False
21978,Doga Delle Clavule Vermentin,269.7,,False
21979,Massolino Dolcetto D'Alba,3890.71,31.489111241907008,False
21980,Massolino Barolo Parussi,989.85,32.42915593271708,False
21981,Massolino Barolo Serralunga,7878.03,35.05876469117279,False
21982,Massolino Nebbiolo Langhe,2161.06,,False
21983,Massolino Barbera D'Alba,5343.03,35.07504168982768,False
21985,Menage a Trois Midnight,196130.54,39.94323372586442,False
21992,Art of Eart Montepulciano d',2160.89,24.2969332080763,False
21997,Magnolia Court Merlot Paso R,258.63,-19.885550786838344,False
22000,Cooks Brut,5055.4,33.30300272975432,False
22001,Ballard Lane Chardonnay Cent,19.98,,False
22004,Smashberry Red,477.6,34.505862646566165,False
22006,Magnolia Court Chardonnay Ce,55.92,,False
22007,Schmitt Sohne Auslese Michls,9370.14,32.457786116322694,False
22008,Schmitt Sohne Kabinett Mchls,5118.06,32.40954580446498,False
22010,LiDestri Red Sangria,4351.16,33.37041156840934,False
22011,LiDestri White Sangria,197.78,33.815350389321466,False
22012,Vieux Clocher Chateauneuf Du,944.73,31.98056587596456,False
22014,Foss Marai Prosecco,21830.32,37.77351866578227,False
22016,Foss Marai Prosecco,2946.86,34.60972017673048,False
22017,Foss Marai Roos Spumante Bru,190.24,2.1026072329688814,False
22019,Mumm Napa Brut Rose,167619.57,43.0954333076979,False
22022,Lower East Side Cab Svgn,3908.88,37.221915228914675,False
22027,Jacobs Crk Cab Svgn,31019.36,30.742768387226555,False
22028,Gramercy Clrs Grenache,4399.12,31.966393278655737,False
22030,Pulenta Est La Flor Malbec,18375.96,40.507489132540556,False
22032,Hob Nob Wicked Red Ltd Ed,509.49,34.63463463463463,False
22038,Jam Cellars Toast,1202.48,26.960947375424126,False
22039,Ghost Pines Pnt Nr L Martini,28492.39,34.98011223347709,False
22043,Five Oaks Wh Moscato,678.41,32.98153034300791,False
22045,Woodwork Chard,23.98,33.778148457047536,False
22046,Woodwork Cab Svgn,143.88,33.36113427856547,False
22047,Woodwork Pnt Nr,11029.35,37.33220906037074,False
22048,Maggy Hawk Afleet Pnt Nr,1924.65,34.64266230223678,False
22049,Maggy Hawk Jolie Pnt Nr,109.98,,False
22050,Maggy Hawk Stormin Pnt Nr,439.92,31.042007637752317,False
22052,Lokoya Howell Mtn Cab Svgn,1949.94,33.77334687221146,False
22053,Lokoya Diamond Mtn Cab Svgn,974.97,33.77334687221146,False
22054,Lokoya Spring Mtn Cab Svgn,4549.86,35.06569432905627,False
22055,The Girls in the Vineyard Wh,1151.4,39.49973944762898,False
22057,Le Macchiole Bolgheri Rosso,1349.5,35.494627639866614,False
22058,Le Macchiole Paleo Rosso,959.9,,False
22065,Dom Zind Humbrecht Rsl 12,2616.81,31.96907685311505,False
22067,Dom Zind Humbrecht Pnt Bl 12,967.56,33.788085493406086,False
22073,Opus One 11,2529.89,31.97095525892429,False
22075,Kesselstatt Piesporter Gold,929.69,31.977325775258425,False
22077,C Y Toro Casa Diablo Chard,7148.72,38.18529750780559,False
22079,C Y Toro Casa Diblo Cab Svgn,78070.79,49.05604259928713,False
22080,Hacienda Zargon Merlot,19.98,44.84484484484485,True
22081,Hacienda Zargon Cab Svgn,0.0,,False
22086,Queens Peak Cab Svgn Sonoma,1804.71,33.30950679056469,False
22087,Juxtapoz Red North Cst,14328.6,9.533380790865834,False
22091,Presswork Grenache Mclaren V,158.22,31.968145620022742,False
22092,Latour L'Ardeche Chard,558.57,37.644341801385686,False
22093,Trione Family Vyds Svgn Bl,0.0,,False
22094,Trione Family Vyds Red Blend,0.0,,False
22097,Hacienda Haro Lopez Cri Rsva,179.88,37.75850567044696,False
22098,LAN Rsva Rioja,188.92,31.357188227821293,False
22099,Serbal Rose,247.8,,False
22101,Spiral Cellars Napa Vly Red,82.9,,False
22103,Nodus Cava Brut,0.0,,False
22105,Castello Di Cacchiano Chiant,799.8,33.33333333333333,False
22107,Emmolo Merlot,5045.13,31.03983445421624,False
22108,Emmolo Svgn Blanc,937.33,35.09649749821301,False
22119,Don Simon Selecion Chard,464.07,35.07014028056113,False
22120,Don Simon Selecion Shiraz,29.94,35.07014028056112,False
22138,Madame Fleur Rose Vin d Pays,63.92,32.91614518147684,False
22143,Simi Cab Svgn,262676.49,37.879587168231154,False
22149,Paso Robles Svgn Bl,29.16,31.550068587105624,False
22161,Santa Rita Organic Svgn Bl,9.99,66.46646646646647,True
22167,Dom de Reuilly Pnt Gris,119.88,33.33333333333333,False
22168,Tangent Pnt Gris,2527.7,32.39308462238399,False
22169,Billecart-Salmon Brut Rsv,399.84,37.85514205682273,False
22170,Bone Shaker Znfdl,15273.65,37.10442494099314,False
22171,Lucienne Smith Vyd Pnt Nr,1799.6,31.02911758168481,False
22173,Lucienne Doctor's Vyd Pnt Nr,767.84,38.21629506147114,False
22174,QM Alvarinho White,1821.1,32.34308934160672,False
22178,Portal 40 Yr Old Tawny Port,189.99,34.21232696457709,False
22183,Ninety+Cellars Lot 112 Svgn,359.64,31.03103103103103,False
22188,Villa Maria Private Bin Red,142.39,,False
22192,Placido Chianti,21919.22,38.05463880557794,False
22194,Placido Pinot Grigio Venezi,45344.7,35.17125485448133,False
22195,Placido Pinot Grigio Venezi,107.88,40.711902113459395,True
22197,Undurraga U Label Cab Svgn,77.94,,False
22201,Tormaresca Primitivo,491.63,38.2116632426825,False
22206,MU Creamy Vanilla Latte,142.89,31.023864511162426,False
22207,Star Insolia Chard,367.77,32.89555972482801,False
22208,Moon Nero d'Avola,63.96,,False
22209,The Insider Cab Svgn,953.47,34.630350194552534,False
22220,Salted Caramel Martini Wine,199.29,33.29820864067439,False
22222,LaLuca Prosecco,12664.99,42.46122578857148,False
22223,Auspicion Cabernet Sauvignon,41.97,34.66761972837741,False
22225,Gifft Chardonnay,279.8,42.45889921372409,False
22226,Geyser Peak Pnt Nr,71.96,44.46914952751528,True
22227,Gifft Red Blend,3137.74,53.25489046256222,False
22228,Luiano Ottantuno Chianti,3197.22,33.764332764088806,False
22230,Glam Prosecco,8026.98,43.96497811131957,False
22234,Casalini Monteplciano D'Abrz,1090.44,31.47353361945637,False
22238,Seven Sisters Cab Svgn,69.95,33.30950679056469,False
22247,Piccolo Fiore Rosso di Sicil,54.53,,False
22262,Meinklang Pnt Nr,215.88,,False
22263,Volker Eisele Family Est Cab,949.81,35.06701340268053,False
22264,Cuttings Red,11397.72,33.76675335067013,False
22270,Markham Cab Svgn,12492.93,33.60132490936875,False
22274,Complicated Chard,15367.38,-15.171226324851734,False
22275,Markham Merlot,39727.02,36.186655832730466,False
22276,Menage a Trois Prosecco,119.92,34.2228152101401,False
22279,Cruz Garcia Real Sangria Rd,733.37,31.43297380585516,False
22282,Sycamore Lane Pnt Nr,101.88,34.157832744405184,False
22289,Pichot Dom Moriette Vouvray,32850.41,33.828649322793844,False
22291,Locations E Red Spanish,14348.2,38.02706959758019,False
22292,Locations F Red France,299.85,33.76688344172087,False
22294,The Calling Pnt Nr RRV,7921.83,31.052420968387356,False
22297,Zorvino Vyds Pearz,20629.35,32.43243243243243,False
22298,Zorvino Vyds Sangiovese,10579.03,35.468374699759806,False
22318,Lecciaia Brunello M Reserve,12277.19,36.09677784574483,False
22323,Anton Bauer Wagram Rsv,224.91,,False
22324,Hillinger Leitheberg Blaufra,259.87,1.3006503251625796,False
22326,Saved Red,13218.5,34.00915383742482,False
22327,Saved Rose,1388.01,-5.775174530442871,False
22336,EnRoute Pnt Nr,11621.91,34.936512156779735,False
22337,Maison L'Envoye The Attache,3772.98,33.33333333333333,False
22338,Maison L'Envoye Two Messenge,4574.24,34.20546363986147,False
22339,Heartland Spice Trader Sh/CS,9950.78,43.24304225397406,False
22340,Gerard Bertrand Languedoc Rg,1727.26,28.0733647511087,False
22344,Rioja Bordon Rsva Tempranllo,28191.19,36.887410570465455,False
22345,Rioja Bordon Gran Rsva Tempr,5297.88,40.656262505002,False
22347,Capezzana Barco Reale d Carm,481.6,9.634551495016606,False
22349,Callaway Svgn Bl Cellar Slct,31.95,24.569640062597802,False
22352,Terlato Fmly Vyd Angels Peak,1154.67,35.06716204629895,False
22353,Dylan's Ghost Hell Hollow CS,11074.62,34.43224237039285,False
22355,Wairau River Svgn Bl,415.74,35.45966228893058,False
22356,Lake Chalice Svgn Bl,31.98,,False
22357,Lake Chalice Pnt Nr,43.98,,False
22358,Seifried Nelson Svgn Blanc,287.82,31.019387116948096,False
22359,Maimai Hawke's Bay Svgn Bl,69.95,,False
22360,Carrick Unravelled Pnt Nr,49.98,,False
22361,Ecco Domani Prosecco,1047.9,35.07014028056112,False
22362,Barefoot Bubbly Peach Fusion,26823.15,35.43543543543544,False
22363,Andre Moscato,558.04,38.7570783456383,False
22364,Andre Pink Moscato,240.58,37.85019536121041,False
22367,Ch Massiac Viognier,764.49,33.755837224816545,False
22384,Maimai Hawke's Bay Syrah,50.97,31.95997645673926,False
22385,Lake Chalice Cracklin Savie,186.89,34.66745144202471,False
22387,Gnarly Head Authentic Black,48189.54,33.64825644735351,False
22388,Hayes Valley Meritage Red CC,119.88,,False
22389,Villa Cornaro Prosecco,11287.38,32.464929859719426,False
22390,Ch Julien Chard,35.97,34.19516263552961,False
22392,Ch Julien French Kiss,76.93,29.117379435850776,False
22395,Allegrini La Poja,539.94,33.33703744860541,False
22396,Allegrini Dedicato A Walter,269.97,35.481720191132354,False
22397,Allegrini Solosole Vermentin,1849.03,42.13668788499917,False
22398,Allegrini Sondraia,3134.37,31.640808200691055,False
22399,Truchard Vyds The Shepard Rd,917.57,38.37527382107087,False
22402,Aska Bolgheri Rosso,434.85,33.3218351155571,False
22404,La Pettegola Vermentino,269.85,32.90717065036131,False
22406,Three Wishes Cab Svgn,223.72,34.954407294832826,False
22407,Three Wishes Chard,157.92,31.610942249240114,False
22408,Three Wishes Merlot,246.75,33.43465045592705,False
22412,Harthill Farms Chard,45.48,35.092348284960416,False
22413,Harthill Farms Cab Svgn,595.03,34.30079155672823,False
22416,Layer Cake Sea of Stones Red,16461.83,35.44065270993566,False
22417,Elouan Pnt Nr Oregon,18610.71,0.03852620346025624,False
22418,Pizzolato Moscato,1049.25,31.52251608291637,False
22419,Farm Napa Vly Cab Svgn,130.47,31.961370429983905,False
22420,Farm Napa Vly Chard,1674.33,35.054021608643446,False
22421,Marchesi di Barolo Monferrat,16897.2,28.783467083303744,False
22422,Stephanie-Aviron Bjls Vlg 12,1622.84,,False
22426,Zapata White Stones Chard,269.97,,False
22429,Chrstian Moreau 13 Valmur,279.96,,False
22431,Jos Faiveley Chablis AC 12,134.95,,False
22432,Dom Faiveley LatricChmbrt 12,429.98,,False
22433,Dom Prieur Meurslt Mazray 13,1671.78,34.215028293196475,False
22435,O Leflaive Pulgny Montrcht12,405.93,,False
22438,Ch Fuisse Pouilly Fuisse 12,1399.72,31.50630126025205,False
22439,S Aviron Cd Brouilly 12 Viel,949.5,35.49236440231701,False
22440,S Aviron 12 Fleurie Madrieir,1077.51,32.42382901318781,False
22441,Omaka Springs Svgn Bl,28091.26,32.88859239492994,False
22447,Pizzolato Pnt Grigio,30133.89,32.47496423462089,False
22448,Jam Cab Svgn,12500.17,23.5596795883576,False
22449,Bota Brick Pnt Grigio,387.63,36.42906895751102,False
22450,Bota Brick Cab Svgn,427.59,35.75621506583409,False
22451,Bota Brick Chard,269.74,35.804849113961595,False
22454,The Black Dog Chard,79.92,,False
22456,L'Ecole No 41 Red Columbia V,1898.1,34.51872925557135,False
22457,L'Ecole No 41 Chard Columbia,474.81,40.656262505002005,False
22458,Casa Lapostolle Canto Apalta,0.0,,False
22459,Belcreme de Lys Pnt Nr,9.99,16.11611611611611,False
22460,Uppercut Chard,97.93,31.52251608291637,False
22470,Stellar Organics Merlot,233.82,31.94765204003079,False
22471,Dom Specht Rsl Alsace,271.84,32.4308416715715,False
22472,Achaval Ferrer Cab Svgn,229.9,34.62374945628535,False
22473,Cakebread Clrs Cab Svgn 11,779.94,33.77182860220017,False
22474,The White Doe White,181.86,32.87143956889915,False
22475,MSH Cellars Svgn Bl Napa Vly,1918.4,31.526271893244367,False
22477,Mionetto IL Moscato,747.06,-6.8267609027387515,False
22478,Mionetto IL Lambrusco Sprklg,167.88,31.52251608291636,False
22481,Maison Bouachon Les Barianne,489.51,,False
22490,Can Blau Tinto Montsant,95.94,33.771106941838646,False
22500,Chaman Petit Verdot,239.88,31.515757878939464,False
22504,Dom Gres St Vincent CdR Vlgs,103.87,35.04380475594493,False
22508,Blindfold White,12685.77,31.043681227075698,False
22509,Alderbrook Pnt Nr RRV,21426.09,32.90717065036131,False
22515,Justin Vyds 13 Svgn Bl C Cst,41898.12,33.19356572562206,False
22516,J Lohr Cypress Brl Frm Chard,494.45,33.815350389321466,False
22517,J Lohr Cypress Cab Svgn,2750.94,34.260289210233594,False
22518,Justin Vyds 13 Chard C Cst,227.88,,False
22524,Dry Creek Vyds Est Block 10,7470.5,37.018941168596484,False
22528,Jadot Clos Vougeot 12,279.98,,False
22531,BV Coastal Estate Chard,19073.77,31.436312800248718,False
22533,Jadot Marsannay Clos Roy 12,349.9,34.20977422120606,False
22534,Jadot Fixin 12,209.94,35.06716204629895,False
22535,Jadot Vosne Romanee 12,155.96,,False
22537,Jadot Corton Pougets 12,56.99,,False
22538,Jadot Corton Greves 12,179.98,,False
22539,Jadot Beaune Bressandes 12,179.96,34.20760168926428,False
22540,Jadot Beaune Clos Ursules 12,42.99,,False
22542,Jadot Volnay Santenots 12,257.94,,False
22543,Jadot Santenay Clos Rous 12,139.96,32.89511288939697,False
22544,Jadot Pernand Vergelesses 12,104.97,,False
22547,Jadot Savigny Narbantons 12,104.97,35.495855958845375,False
22548,Jadot Cote de Beaune Vill 12,59.98,,False
22549,Jadot Savigny Les Beaune 12,489.86,33.32380680194341,False
22551,Jadot Monthelie Sous Roch 12,104.97,,False
22552,Jadot Santenay Malte Roug 12,69.98,,False
22553,Jadot Santenay Gatsulard 12,34.99,,False
22554,Jadot Pernand Croix Blanc 12,104.97,32.437839382680764,False
22555,Jadot Savigny Beaune Blan 12,59.98,,False
22556,Piccini Chianti,155.88,38.876058506543494,True
22559,Jadot Ch Des Jacques 12,119.96,,False
22560,Hoya de Cadenas Cava,49.47,34.20254699818072,False
22562,High Note 1100 Meter Red,226.78,35.77916923890995,False
22565,Clayhouse Cab Svgn,3311.82,35.48562421870754,False
22566,LaBelle Winery 2013 Dry Rsl,11975.44,34.66761972837741,False
22567,Our Daily Red Cab Svgn,579.48,71.19486436115139,False
22568,Beringer The Waymaker Red,6267.1,21.335226819422065,False
22569,Bota Box Svgn Bl,57590.75,36.40471777151713,False
22572,Freeman Vyd Pnt Nr RRV,809.82,32.89619915536785,False
22579,Fox Brook Cab Svgn,202.71,31.044349070100147,False
22581,Fox Brook Pnt Grigio,153.78,33.76251788268956,False
22583,Cambria Julias Vyd Pnt Nr,44194.12,32.66796578368344,False
22584,Cambria Katherines Chard,52837.03,34.698695214322235,False
22590,Ch Motte Maucourt Brdx,179.88,34.62308205470313,False
22591,Ch Manos Cadillac,15.99,34.20888055034397,False
22592,Brandborg Benchlands Pnt Nr,24.99,32.41296518607442,False
22593,The Divining Rod Red,10764.3,31.694583019796912,False
22595,CK Mondavi Blonde Five,65.94,31.938125568698812,False
22596,Erath Leland Pnt Nr,1860.51,32.814658346367395,False
22597,Erath Prince Hill Pnt Nr,2451.35,33.73651253390989,False
22598,Animo Cab Svgn,5179.26,35.490784397771115,False
22599,Antica Fratta Franciacorta B,6680.38,-2.4705181441774267,False
22600,Jos Phelps Insignia 11,1799.95,34.20928359121086,False
22601,Jos Phelps Insignia 11,11339.37,32.43513528529363,False
22615,Freixenet Cordon Negro Brut,607.24,32.91614518147685,False
22617,Viberti Barbera D'Alba Gemel,2417.58,31.931931931931935,False
22618,Medlock Ames Cab Svgn,19.99,,False
22619,Promesses de France CdRhone,71.91,31.038798498122656,False
22620,Victor Vyds Old Vine Znfdl,107.88,,False
22621,A Bichot Adelie Mercury,815.76,32.89202706678436,False
22622,A Bichot Savigny Beaune,244.95,,False
22624,A Bichot Merc Champs M,515.88,34.635961851593386,False
22625,True Myth Cab,31105.92,63.026266382733574,False
22626,Ryan Patrick Redhead Red,0.0,,False
22629,Ryan Patrick Ryan's Rsl,933.2,32.790398628375485,False
22630,Ryan Patrick Rsv Cab,3106.93,29.262004615488607,False
22632,Buil & Gine Montsant 17X1,2077.29,38.425544820415055,False
22633,Buil & Gine Priorat White,47.98,,False
22634,Buil & Gine Priorat Red,20.99,,False
22640,Crossbarn Cab Svgn,439.89,34.20855213803451,False
22641,Castello Di Ama Chianti Clsc,239.88,,False
22643,Chartron Trebuchet Puligny,2897.54,31.973329099857118,False
22644,Gaston & Ravaut Bourgn Chard,699.75,32.44015719899964,False
22645,Gaston & Ravaut Bourgog Vlg,5144.39,30.021635218169703,False
22646,Guillaume Vrignaud Chablis,1039.6,35.475182762601,False
22647,Guillaume Vrignaud Chablis 1,455.88,34.21953145564623,False
22648,San Felice Il Grigio Gr Sel,6675.28,35.608993180810394,False
22649,San Felice Campogiovanni Bru,6048.79,32.88657731546309,False
22653,Esser Vyds Chard,428.7,37.29881035689292,False
22656,Iron Horse Est Pnt Nr,99.95,32.86643321660831,False
22657,Iron Horse Est Chard,2968.94,30.057865770274915,False
22659,Iron Horse Wedding Cuvee,350.91,37.573736855604004,False
22661,Iron Horse Est Brut Rose,1722.39,-9.15181811320316,False
22662,Trefethen Chard Napa,28305.42,35.76841467111245,False
22663,Iron Horse Ocean Rsv Nationa,779.71,-3.6949635120749953,False
22664,B & G Sancerre Svgn Bl,243.91,36.497068590873674,False
22665,Trefethen Cab Svgn,21698.98,34.12077434054503,False
22671,Round Hill Chard,4378.87,34.66761972837741,False
22672,Mumm Brut Cve Napa,2059.64,34.46621739721504,False
22675,For A Song  The Score,1454.18,33.29161451814768,False
22696,Delish Svgn Bl,10799.34,34.25931584707954,False
22697,Girard Old Vine Znfdl,21633.52,54.163353906345336,False
22700,Paul Hobbs Pnt Nr Katherine,934.89,,False
22702,Peter Michael Danseuse Pnt N,2771.73,33.52599279150568,False
22703,Carne Humana Red,664.81,33.32380680194341,False
22711,Ilauri Bajo Montplc d'Abruzo,539.7,45.91439688715953,False
22725,Adelsheim Chard Willmete Vly,1813.24,50.70922768083651,False
22737,Rotation Chard,0.0,,False
22739,C&P Breton  Les Perrieres,0.0,,False
22740,C&P Breton Chinon St Louand,1024.59,34.21368547418967,False
22743,Austerity Pnt Nr,55.96,39.313795568263046,True
22744,Austerity Chard,265.81,34.23874195854182,False
22745,Falesco Montiano,149.97,,False
22750,Franzia Refreshing White Ta,643.56,30.262912548946485,False
22756,LaMarca Prosecco,727.72,52.5971527510581,False
22757,Black Opal Cshmre Cab/Merlot,15193.79,39.05918141556517,False
22758,Copain Tous Ensemble 12 Chrd,65335.14,34.64665415884928,False
22763,Los Dos Moscato & Chard,159.85,66.59368157647795,True
22765,Renacer Red Mendoza,593.91,38.15729656008485,False
22768,Stags Leap Hand of Time Red,4893.96,33.34722801167153,False
22776,Claudia Papayianni 08 Red,0.0,,False
22778,Orestiadi Ludovico,1259.55,31.975705609146125,False
22781,Rage Znfdl,1196.79,33.777855764169146,False
22782,La Roquete Chat du Pape Red,582.89,,False
22786,Masi Brolo Campofiorin,144.95,,False
22787,Tenuta La Fuga 09 Brun Montl,199.96,,False
22789,Bolla Prosecco 3pk/187mls,1573.95,31.02068045363576,False
22793,Kenwood Yulupa Pnt Nr,1177.69,31.03448275862069,False
22794,Kenwood Yulupa Cuvee Brut,1477.06,35.11705685618729,False
22796,Raymond Generations Cab Svgn,1399.86,32.88328832883288,False
22798,Elk Cove La Boheme Pnt Nr,2960.37,33.326239625452224,False
22799,Farmers of Wine Italian Red,693.55,37.38735491312811,False
22800,Alexander Vly Wicked Weekend,623.61,,False
22801,Fetzer Valley Oaks Cab Svgn,42956.1,49.68048775377653,False
22808,Honeymaker Spiced Mead,792.39,35.4888375673595,False
22809,Opici Toscano Twist Neck 12,4736.05,34.61217681401168,False
22811,Manischewitz Cream Peach,119.76,33.26653306613226,False
22813,Angels Landing Cab Svgn,4817.59,35.067533766883436,False
22819,Rozes Infanta Isabel 10 Yr,3325.65,35.618600875016924,False
22820,Rozes Vintage 2000 Old Port,6448.5,35.473365899046286,False
22821,Corvo Pnt Grigio,2659.38,32.12026863404253,False
22822,Corvo Pnt Nr,10321.5,32.38870319236544,False
22823,Fincas de Ganuza 03 Rsva,539.9,42.452305982589365,False
22826,San Vicente 04 Rioja,92.97,,False
22827,Taittinger La Francaise,679.92,32.42734439345805,False
22828,Beaux Freres Vyds Pnt Nr,5669.37,34.214912768085334,False
22829,Finca Coronado 04 Tierra Cas,38.37,,False
22830,Beaux Freres Pnt Nr Will Vly,6898.85,33.77229538256377,False
22831,Grady Family Vyds Znfdl,503.64,35.09649749821301,False
22833,Grady Family Vyds Cab Svgn,194.87,34.22281521014009,False
22836,Veracruz Joven Verdejo,1057.13,35.06664270241126,False
22838,Vinchio Vaglio Barbera,1239.93,35.88267079593203,False
22839,Tomada de Castro Albarino,215.88,33.35186214563646,False
22840,Banfi Poggio All'Oro Br Mont,3755.75,44.17892564734075,False
22841,Banfi Poggio Alle Mura Rsva,1876.82,37.72764569857524,False
22842,Corral De Peidra Cab Svgn,9196.54,33.030465805618206,False
22849,XO Pnt Nr,155.88,35.026943802925324,False
22853,Venta Morales Organic Tempra,246.21,35.45347467608951,False
22854,Vega Sindoa Cab Svgn Navarra,6523.72,33.06640996241409,False
22857,Freedom Hill Vyd Pnt Nr,57.98,34.21869610210417,False
22858,Canary Hill Vyd Pnt Nr,144.95,35.49499827526733,False
22860,Graham's Six Grapes Gift Pk,379.8,35.49236440231701,False
22861,K Vintners Syrah The Hidden,2799.6,35.49078439777111,False
22863,Vino Dious Gruner Veltlnr 13,1019.15,32.86071726438698,False
22864,Vino Dious Chard 13,662.49,32.87143956889915,False
22865,Vino Dious Welch Rsl 13,899.25,33.361134278565466,False
22866,Vino Dious Cab Svgn Rose 13,896.31,32.409545804464976,False
22867,Vino Dious Cab Svgn 11,1245.11,31.951393852751963,False
22883,Citra Trebbiano D'Abruzzo,5622.77,30.425039615705423,False
22889,Le Petit Haut Lafitte Brdx,1691.53,32.4256737982773,False
22895,Sutter Home Red Blend,101.83,32.053422370617696,False
22896,Sutter Home Red Blend,79.92,33.733733733733736,False
22898,Dona Paula Est Red Blend,1390.84,32.86071726438698,False
22899,Simi Svgn Bl,136233.8,46.98687109953623,False
22901,Hermann J Wiemer Dry Rsl,13833.27,31.15611854608491,False
22902,Hermann J Wiemer Semi Dry Rs,9760.21,34.15203156489461,False
22903,Banfi Sangiovese CollePino,25937.94,39.5002070326325,False
22904,Mercer Canyons Cab Svgn,237.86,33.78457916421424,False
22905,Mercer Canyons Chard,2277.77,15.687273078493435,False
22906,Mercer Canyons Red,546.24,31.985940246045697,False
22910,Mazis Chambertin Gr Cru,2203.81,,False
22912,Ladoix Bois Roussot,293.94,,False
22913,Jean-Marc Morey Beaune Greve,319.94,,False
22914,Mount Veeder Cab Svgn,60749.2,35.27025870299527,False
22915,Pernand-Vergelesses Fichots,146.97,,False
22918,Blossom Hill Merlot,791.28,32.84804367606915,False
22919,Complicated Pnt Nr,16141.5,31.964191679831487,False
22922,Patricius Tokaj Furmint,2496.64,-16.45731863624712,False
22923,Patricius Tokaj Harslevelu,2344.48,-31.56350235446666,False
22924,Patricius Sarga Muskotaly,2317.22,-45.88515548804172,False
22927,Paydirt Svgn Blanc,1007.28,31.02215868477483,False
22928,Desert Wind Ruah Red,644.69,38.306783105058244,False
22930,La Puerta Alta Malbec Bonrda,191.88,32.89555972482802,False
22932,Dr Konstantin Frank Pnt Nr,0.0,,False
22933,Carol Shelton Coquille Blanc,39.98,,False
22934,Carol Shelton Rocky Rsv Znfd,782.76,30.706730032193764,False
22935,Adelsheim Bryan Creek Pnt Nr,2449.65,33.333333333333336,False
22937,Tranzind Red Blend,2504.4,45.37613799712506,False
22938,Black Stallion Carnrs Pnt Nr,24174.99,31.43848249782109,False
22939,Lynch Bages 09 Pauillac,2619.96,32.4325562222324,False
22940,Leoville Poyfre St Julien 09,1847.94,32.88743141011073,False
22941,Haut-Bailly Pessc Leognan 06,5932.83,35.48525745723373,False
22942,Clos de Marquis 09 St Julien,5615.76,31.035514338219585,False
22943,D'Armailhac Pauillac 05,12187.56,31.972273367269572,False
22944,Talbot St Julien 10,4589.82,35.064120161574955,False
22948,Daou Rsv Znfdl,662.83,,False
22950,Pierre Andre Chablis,4604.38,34.52278048293147,False
22951,Pierre Andre Meursault,4589.1,31.02569131202197,False
22957,Guigal Cote Rotie Br et Blnd,4224.35,34.63609786120942,False
22958,Cavit Select Red Blend,647.28,49.165739710789765,False
22963,Phillipine de St-Cyrille CdP,70569.12,34.615310492748094,False
22966,Adelsheim Auxerrois Ribbon S,901.59,32.42382901318781,False
22967,Cambria Clone-4 Pnt Nr,351.84,35.06139154160982,False
22968,Klinker Brick Marisa Znfdl,2274.35,33.32380680194342,False
22970,Bluegray Priorat DOQ,2356.69,35.075041689827685,False
22972,L.A. Cetto Cab Svgn,431.64,34.19516263552961,False
22974,L.A. Cetto Svgn Bl,431.64,33.77814845704753,False
22975,L.A. Cetto Nebbiolo Priv Rsv,63.48,,False
22995,Valckenberg Pinot Blanc,4705.05,-11.79052294874656,False
23013,Marietta Clrs Christo Red,4224.36,33.38067778314347,False
23014,Marietta Clrs Angeli Cuvee,4588.22,33.15621308481285,False
23015,Marietta Clrs ARME Red,4015.11,20.495079835919814,False
23018,Fetzer Rsl Cal,325.71,35.181603266709644,False
23021,Jarhead Red,3469.52,35.096497498213004,False
23022,Jarhead Chard,2476.22,39.761410537028205,False
23024,Louis de Sacy Brut Gr Cru,794.85,33.32704283827138,False
23025,Carlo Rossi Red Sangria Cal,3867.42,31.954636424282857,False
23028,Gallo Twin Vly Cab Svgn Cal,203.13,32.05828779599272,False
23029,Cherri Rosso Piceno,41.97,32.4517512508935,False
23032,Zenato Cresasso,2149.57,-2.040408081616308,False
23033,Jacobs Creek Two Lands Cab S,55.96,31.022158684774837,False
23035,Jacobs Creek Two Lands Shirz,97.93,51.10793423874197,True
23036,Jacobs Creek Two Lands Pnt G,819.78,41.85757154358487,False
23038,Zenato Lugana Brut,699.77,36.0061162953542,False
23039,Trombetta Family Wines Pnt N,2649.47,33.76675335067013,False
23040,Aquilon 06 Garnacha de Borja,629.93,34.214912768085334,False
23041,Spring Valley Katherine Cab,881.76,38.56831790963527,False
23042,Nozzole Le Bruniche Chardon,129.9,31.485758275596616,False
23043,Bella Bolle Fusione Red,98.89,33.815350389321466,False
23044,Phantom Bay Svgn Bl,431.52,34.59399332591768,False
23045,El Enemigo 11 Cab Franc Mend,6247.5,34.653861544617854,False
23047,From the Tank Red Keg,5531.76,,False
23048,Dom Sigalas 11 Nychteri Assy,124.95,,False
23049,Benziger Svgn Bl N Cst,23244.86,33.810399374313285,False
23050,Stonestreet Est Chard Sonoma,979.72,35.49585595884538,False
23060,Navarro Vyds Pnt Nr l'Ancien,2219.26,33.34444814938313,False
23061,Navarro Vyds Chard,1739.13,32.86643321660831,False
23064,Liberty Creek Moscato,40.37,37.527867228139705,False
23065,Liberty Crk Pnt Grigio,35.88,32.107023411371244,False
23066,Toad Hollow Risque Sparkling,1173.3,39.56362396658996,False
23067,Perrier Jouet Grand Brut,22829.22,34.788924019305085,False
23068,Nicolas Perrin Cote Rotie 11,239.96,34.205700950158366,False
23069,Delamotte Bl de Bl Brut,3298.68,33.33333333333333,False
23070,Nicolas Perrin St Joseph,493.81,,False
23071,Rombauer Vyds Chard Carneros,1385.23,34.630350194552534,False
23074,Madrigal Cab Svgn,14452.27,31.51338855418561,False
23075,Madrigal Petite Sirah,6897.94,31.018246027074735,False
23076,Madrigal Znfdl,10534.47,35.09649749821301,False
23078,Sbragia Home Ranch Merlot,549.75,35.470668485675304,False
23079,Bolla Torr'Alta Veronese Ros,2050.92,47.02474986835177,False
23084,Villa Olmi Cabernet Svgn,107.88,31.03448275862068,False
23088,Villa Olmi Prosecco Ex Dry,71.93,35.18698734881134,False
23090,Angels Cup Cab Svgn,0.0,,False
23095,Glen Ellen Cab Svgn RSV,179852.7,31.902718168812598,False
23098,DeLille Cellars Doyenne AIX,935.76,31.033598358553473,False
23099,Il Poggione Rosso Franceschi,146.97,,False
23101,Steelhead Red,1628.37,34.63463463463462,False
23103,DeLille Cellars Gr Ciel Cab,4549.65,35.06423571043926,False
23105,DeLille Cellars D2,8985.86,32.88878304358182,False
23106,Panther Creek Pnt Gr William,239.85,,False
23107,Duckhorn Howell Mtn Cab Svgn,7309.57,35.48444026119182,False
23109,DeLille Cellars Chaleur Blnc,1146.69,32.873749662070836,False
23110,Duckhorn Estates Merlot,3059.82,35.48444026119184,False
23112,Patz & Hall Hyde Vyd Chard,279.95,31.96999464190033,False
23114,Patz & Hall Pnt Nr Sonoma Cs,6038.49,32.8832208052013,False
23116,Patz & Hall Sonoma Cst Chard,6499.03,35.49560472870567,False
23117,Trackers Crossing Moscato,146.79,31.04434907010014,False
23121,Steele Stymie Merlot Lake Cy,580.81,50.17819941116716,False
23122,Innocenti Vignalsole Rosso,5896.74,34.84535523017803,False
23123,Federico Ferrero Chard Langh,5708.65,33.09626619253238,False
23126,Giorgio Carnevale Barbr Asti,8584.84,32.44370308590493,False
23129,Sensi 18K Prosecco,66119.48,37.94796934277159,False
23130,Alexanders Crown Cab Svgn,5389.26,35.93109258042849,False
23131,Davis Bynum Jane's Vy Svgn B,482.79,,False
23132,Davis Bynum Jane's Vy Pnt Nr,49.99,,False
23134,Carpano Bianco Vermouth,2026.09,33.70679486103775,False
23135,Castle Rock Sonoma Cty Pnt N,16.98,,False
23137,Circadia Cab Svgn Napa Vly,74.99,68.03573809841312,True
23138,Toschi Chard,155.87,38.03169307756464,True
23139,Toschi Pnt Nr,59.95,31.943286071726444,False
23143,Bogle Chard,591669.53,43.30511662481588,False
23144,Ch Andron Blanquet St Esteph,863.73,35.479837449202876,False
23145,Ch de Chantegrive Graves Rou,2174.25,33.77026560883063,False
23146,Ch Dupray St-Emilion,2098.95,38.769384692346165,False
23147,Ch Floreal Laguens Brdx,3761.3,42.64483024486215,False
23148,Jekel Rsl Monterey,4659.01,35.94089731509484,False
23149,Ch Fougere La Noble Rouge,4550.42,44.22009396934789,False
23150,Jekel Cab Svgn Monterey,1649.59,-41.831606641650374,False
23151,Ch La Bouree Castillion Brdx,2216.8,32.38902923132444,False
23153,Butternut Pnt Nr Cal,20259.68,57.449278567084974,False
23155,Rocca Delle Macie Chianti C,25711.81,35.465375638665655,False
23156,Bertani Amarone Valpolicell,8799.12,41.17411741174118,False
23157,Champlain Orchards Sprklng C,2676.97,33.78222393228164,False
23159,Champlain Orchards Ice Cider,12371.24,32.43555213543671,False
23160,Champlain Orchards Ice Cider,881.02,32.92547274749722,False
23161,Loft Cab Svgn,24312.77,31.13548970355908,False
23167,Loft Chard,347.83,22.338498691889715,False
23168,Blanc de Bleu Mousseux Brut,23371.38,37.882743766093405,False
23169,Nino Negri Vigneto Fracia 09,34.99,,False
23170,Marchesi di Barolo Sarmsa 07,1139.85,31.030398736675874,False
23172,Castello Banfi Brun Montalcn,8832.11,33.24811398408762,False
23173,Four Star Cab Svgn,3987.15,32.451751250893494,False
23175,Taittinger Rose Cuve Presti,0.0,,False
23182,Mark West Pnt Nr Willamette,607.74,35.699476749925964,False
23185,Lee Family Farm Albarino Mon,1313.27,51.19510839355198,False
23186,Morgan Winery Double L  Rsl,3333.55,41.62679425837321,False
23188,Jean Dauvissat Chablis St Pi,7617.25,33.716236174472414,False
23189,Walt La Brisa Chard,4507.42,24.42505912473211,False
23190,Walt La Brisa Pnt Nr,935.76,31.98255963067453,False
23191,Clos Pegase Svgn Bl Napa,59855.07,33.755837224816545,False
23192,Martinelli Bondi Home Pnt Nr,6110.03,33.767264645181776,False
23193,Martinelli Vellu Ranch Znfdl,2483.54,31.50583441378033,False
23194,Gary Farrell RRV Chard,5683.26,35.124206881261806,False
23195,Gary Farrell RRV Pnt Nr,2319.42,31.032758189547394,False
23196,Yellow Tail Sangria Bubbles,668.66,32.06412825651302,False
23197,Yellow Tail Sangria Blanco,27532.43,38.95969226108992,False
23200,Natura Rose,440.6,26.917839310031777,False
23201,Sterling Vntnr Coll Rose Ltd,1013.19,46.75628460604625,False
23202,Truvee Chard,1783.29,35.27412815638511,False
23203,Truvee Red,1563.51,35.19708860192772,False
23204,Benvolio Prosecco Italia DOC,341.81,35.075041689827685,False
23205,M & R Prosecco Frizzante,1567.02,33.33333333333333,False
23206,Ch La Paws Chard,16.47,,False
23209,Uppercut Meritage,239.88,33.316658329164575,False
23211,Wild Horse Pnt Gris CC,9732.06,32.52836501213515,False
23212,The Dreaming Tree Pnt Nr CA,57856.24,39.56703719425943,False
23214,White Knight Viognier,142.89,44.72671285604311,True
23215,Carmel Road The Barrymore PG,842.49,32.322045365523635,False
23218,Tangent Chard,21428.55,32.93293293293293,False
23220,Parducci Pnt Nr,14535.01,36.15236590824499,False
23229,Ch St Jean Belle Terre Chard,65146.54,31.02068045363576,False
23230,High Valley Svgn Bl 13 Lake,7988.29,32.88062902072909,False
23231,Stags Leap The Investor Red,14217.48,34.135163193477325,False
23233,Drouhin Arthur Chard,197.94,,False
23235,Mud House Svgn Bl,23188.63,36.92745108270735,False
23236,Scaggs Vyds Mt Vedeer Montag,1247.68,31.033598358553476,False
23237,High Valley Vyd Cab Svgn,13.99,,False
23239,Hay Maker Svgn Bl,22602.06,37.8849538493394,False
23240,14 Hands Red Blend Ltd,9570.42,45.94594594594594,False
23241,14 Hands Svgn Bl,16640.6,37.610422701104525,False
23242,Columbia Crest H3 Svgn Bl,519.04,57.105425400739826,False
23245,Torres Altos Ibericos Rioja,10488.49,35.577571223312404,False
23246,Torres Celeste Crianza,10052.91,35.42228071274884,False
23249,Rosemount Gewurz/Rsl,9045.22,36.226426775689255,False
23250,Ch de Jarnioux Bjls,3886.05,33.59066404189345,False
23253,Summers Cab Svgn Rsv,76661.65,34.61730865432715,False
23255,Balletto Vyds Pnt Gris,30694.4,33.778148457047536,False
23256,Robert Hall Cab Svgn,25727.61,32.88062902072909,False
23257,Jason Stephens Syrah,13206.56,33.30950679056468,False
23258,David Bruce Pnt Nr Anderson,6237.92,35.47849283094365,False
23259,Vegan Vines Chard,5825.52,31.92436040044494,False
23260,Penny Wise Svgn Bl,1309.52,35.252611643961146,False
23262,Bruno Giacosa Extra Brut,214.95,,False
23265,Frescobaldi Monte Chianti Rs,2839.29,32.8832208052013,False
23266,Ornellaia Ornus,99.99,31.503150315031505,False
23267,Siduri Pnt Nr 13 Clos Pepe,7631.39,35.21088556606332,False
23270,Campo Viejo Gr Cava Brut Rsv,31702.09,34.6740230691415,False
23271,Darkhorse Merlot,33078.6,32.91614518147684,False
23272,Columbia Winery Red Blend,1642.63,63.80316930775647,False
23273,Apothic Crush,108390.36,28.996084153609225,False
23275,Black Ink Red Wine,15844.43,34.802766650488536,False
23278,Turnbull Cab Svgn 11,1982.63,37.799286805909325,False
23279,Turnbull Syrah 11,21241.5,34.21368547418967,False
23280,Ch Clarence de Haut-Brion 11,149.99,,False
23281,Ch Lafitite Rothschild Pa 11,8549.91,32.885609322203386,False
23282,Ch Le Petit Lion Marquis 11,1061.82,,False
23284,Ch Les Carruades 11 Lafitte,4179.81,35.065230237738085,False
23285,Ch Meyney Saint-Estephe 11,1375.68,,False
23286,Ch Pape Clement Bl Gr Cru 11,2199.89,33.77668883444172,False
23287,Ch Lynch Bages Paulliac 11,9799.3,33.77384098864204,False
23288,Ch La Dame de Montrose 11 Es,311.94,,False
23289,Ch Mouton Rothschild 11 Paui,12599.82,31.506164373776762,False
23290,Ch Brane Cantenac Margaux 11,649.9,35.066933374365284,False
23291,Ch Cantenac Brown Margx 11,119.98,31.971995332555426,False
23292,Ch La Mission Haut Brion 11,1759.96,31.97345394213505,False
23293,Ch Pavie Macquin St Emiln 11,2213.73,32.88205878765704,False
23294,Ch Echo de Lynch Bages Pa 11,849.83,,False
23295,Ch Giscours Margaux 11 Gr Cr,1023.84,34.20847007344898,False
23296,Livingston Burgundy Calif,79.9,35.54443053817272,False
23297,Fonterutoli Chianti Clsco,7740.48,32.87858117326057,False
23307,Ch St Sulpice,39737.19,48.67221361148083,False
23308,Ch Canon St Emilion Gr Cr 11,1396.89,31.03393968028979,False
23309,Ch Smith Haut Laftte Roug 11,678.93,,False
23321,Connetable de Talbot 11 Brdx,927.71,,False
23322,Ch Suduiraut 11 Sauternes Pr,1484.85,,False
23323,Alter Ego de Palmer Mrgx 11,2240.73,34.64272803952284,False
23324,Ch Angelus 11 Brdx,2799.9,32.43330118932818,False
23325,Ch Bellevue-Mondotte 11 Emil,1889.91,35.063574455926464,False
23326,Ch Bernadotte Haut-Medoc 11,1074.57,35.49419767907162,False
23327,Ch Cheval Blanc St Emil 11,8099.91,31.507016744630494,False
23328,Ch Clerc Milon Pauillac 11,1747.77,31.030398736675885,False
23329,Ch Clos d'Estournel 11 Est,1799.92,33.77483443708609,False
23330,Ch de Pez St Estephe 11,386.91,,False
23331,Ch Ducru Beaucaillou 11 Jul,1499.9,34.208947263150876,False
23332,Ch Haut Beausejour 11 Esteph,809.7,33.34568358651354,False
23333,Ch Lagrange St Julien 11 GC,359.94,31.038506417736293,False
23334,Ch Lalande Borie 11 Julien,1471.54,35.479837449202876,False
23335,Ch Leoville Las Cases 11 Jul,1999.9,33.33166658332916,False
23336,Ch Pavie St Emilion 11 Gr Cr,2759.88,32.43184486282012,False
23337,Ch Pichon Longevile 11 Comts,4199.7,32.430887920565745,False
23338,Ch Talbot St Julien 11 GC,439.92,35.47917803236953,False
23339,La Croix de Beaucaillou 11 S,1349.73,,False
23340,Le Petit Mout Roths 11 Pauil,2099.86,32.88885925728382,False
23341,Les Fiefs de Lagrange 11 Jul,494.85,31.039709002728106,False
23344,Gekkeikan Nama Sake,1400.88,33.85300668151447,False
23345,Neyers Vyd Chard Carneros,28625.5,47.62012890604531,False
23347,The Auctor Red Blend,319.68,,False
23348,Neyers Vyds Chard Novillero,449.9,,False
23349,Guigal Cotes du Rhone Rose,28406.05,33.3555703802535,False
23350,Lapierre Raisins 14 Gaulois,2056.53,31.522516082916376,False
23351,Renwood California Znfdl,6094.44,32.921810699588484,False
23353,Parducci True Grit 11 Cab Sv,21138.78,31.51969981238274,False
23354,Paul Dolan Deep Red 09 Mendo,69221.36,45.553915727746464,False
23355,Paul Dolan 12 Cab Svgn,39273.8,35.95730486991328,False
23356,Bacio Divino 12 Pazzo,45585.27,34.19736243747157,False
23357,Saddleback Clrs 09 Cab Svgn,40649.3,35.4830218478547,False
23359,Ferrari Carano Cab Svgn Rsv,695.86,32.038053631477595,False
23360,Ninety+Cellars Lot 35 Tempo,15057.86,42.15486131495445,False
23361,Boundary Breaks Rsl Rsv #198,359.82,31.51575787893947,False
23362,Boundary Breaks Dry Rsl #239,721.62,31.01632438125329,False
23364,Elderton E Series Shiraz/Cab,503.72,35.46414674819345,False
23365,Elderton Barossa Shiraz,8434.3,37.355797161590175,False
23366,DeWetshof Limestone Hl Chard,9177.07,40.16412645866272,False
23373,M D 20/20 Banana Red,10385.97,32.080200501253124,False
23377,The Loop Svgn Bl,167.88,33.30950679056468,False
23379,Luiano Sangiovese,15119.39,33.36113427856547,False
23380,Elvi Mati Rioja 11,209.79,,False
23381,Pacifica Cab Svgn/Merlot 11,7321.93,34.630350194552534,False
23382,Haywood Chamizal Znfdl 09,66118.65,31.957473420888043,False
23383,Vivanco Rioja Rsva 08,13235.21,32.43084167157151,False
23384,Dom Fouassier Sancerre 13,2014.88,32.40689271817676,False
23385,Dom Roux Bourgogne Chard,5021.46,35.55738769202583,False
23386,Dom Roux Bourgogne Pnt Nr,5725.12,36.7167849756861,False
23387,Middle Sister Malbec,14801.19,12.748096605745882,False
23388,Light Horse Cab Svgn,14639.85,43.2330249285341,False
23389,Opici Fish Bottle Bianco,19611.28,35.80143672417098,False
23390,Conti Zecca Primitivo,520.84,34.29844097995545,False
23391,Trombetta Family Pnt Nr Gaps,3989.43,31.03300471495927,False
23392,Stonehedge Amador 12 Znfdl,3696.3,33.733733733733736,False
23393,Havens Cab Svgn 11,3795.89,35.07504168982768,False
23394,Couleurs Du Sud Viognier,2547.45,32.43243243243243,False
23395,Pavilion St Pierre Cdu Rhone,9021.97,35.44259180644581,False
23396,Montignana 09 Chianti Clsco,662.49,,False
23397,Secoli 13 Prosecco Valdobbia,3453.12,32.860717264386984,False
23398,Treana Chard CC,233.87,32.40689271817676,False
23399,Summers Est Cab S Andriana C,243.85,16.89563256100061,False
23400,Pico & Vine Cab Svgn Napa,1636.44,31.935176358436614,False
23401,Bridlewood Slct Pnt Nr Lucia,5436.6,32.457786116322694,False
23403,La Merika Pnt Grigio Montery,4674.8,31.47942157953281,False
23404,Secoli 14 Pnt Grigio Venezia,189.81,31.93193193193194,False
23406,The Naked Grape Box Merlot,10839.3,26.381777421051172,False
23410,Trinchero Clouds Nest Cab Sv,349.95,,False
23411,Gloria Ferrer Royal Cuvee,1322.51,,False
23412,Gloria Ferrer Carneros Cuvee,359.94,,False
23413,Trinchero Napa Haystack Cab,139.98,,False
23414,Barefoot Cellars Rosa Red,406.58,55.374096118844996,False
23415,Darkhorse Svgn Bl,17671.69,62.7570990663598,False
23418,Castello Di Bolgheri Super,179.97,,False
23420,Dom D'Andezon CdRhone Red,7691.18,37.42000577284631,False
23423,Santa Rita RSV Chard,8522.86,35.05466474868765,False
23425,La Jota Howell Mtn Merlot,1429.78,32.43575934759193,False
23426,Mt Brave Malbec Mt Veeder,143.98,36.44950687595499,False
23430,Ninety+Cellars Lot 118 Svgn,38.97,33.795227097767516,False
23432,Perrusset Macon Villages,2830.23,33.771106941838646,False
23433,Bruno Colin Chass-Mont Morge,1979.78,,False
23434,Bruno Colin Chass-Mont Rouge,551.92,35.48340339179591,False
23436,Dom R Bouvier Marsny Rose 14,3551.13,34.64981569246972,False
23438,Frost Bitten Ice Rsl,19365.28,35.00946022985466,False
23442,Sule Susumaniello IGP,20.99,31.967603620771794,False
23444,Quota 31 Primitivo IGP,287.76,31.02585487906589,False
23445,Ma Terr Aglianico Vulture,167.88,31.95139385275197,False
23451,Terra Mia Lacryma Christi Wh,778.87,32.621618498594124,False
23452,Santa Rita Secret Rsv Red,8864.14,35.03893214682981,False
23460,Marilyn Meritage Red,3380.31,31.02674015105124,False
23464,Kendall Jackson Pnt Gris VR,45805.74,36.45342264965045,False
23466,R Merlo Blackbird Red,93.94,31.019799872258876,False
23468,Il Poggione di Montalcino,715.96,34.63880663724231,False
23469,Hugel Les Amours Pnt Bl,4746.22,40.82575186148135,False
23470,Bullet Proof Picasso Svgn Bl,131.88,32.39308462238398,False
23471,Three Wishes Pnt Grigio Colm,194.11,35.56231003039513,False
23472,Dom Vocoret & Fils Chabls 13,360.81,39.54713006845708,False
23473,Auvigue Saint-Veran 13,314.82,39.05088622069754,False
23474,Anew Rose,14112.27,32.96634772435619,False
23475,Ghostwriter Chard Santa Cruz,202.93,31.04518799586066,False
23477,Luna di Luna Prosecco,1495.12,35.07945850500294,False
23479,Handcraft Pnt Grigio,20047.04,38.26919086309001,False
23484,Ranch 32 Chard,13.99,32.4517512508935,False
23491,True Myth Chard Keg,310.99,34.21010321875302,False
23493,Ch Bouscaut Rouge 11 GCG,1609.54,31.037439268362387,False
23494,Ch Doisy-Daene Sauternes 11,419.86,32.87762587529176,False
23495,Ch Cantegril Sauternes 11,449.75,31.96220122290161,False
23496,Ch Reserve d La Cometesse 11,689.85,31.506849315068497,False
23497,Ch Gruaud Larose 11 St Julin,2719.66,31.503937992249032,False
23498,Coste di Brenta Cerasuolo,186.83,31.028207461328478,False
23508,Vino.e Falanghina Beneventno,558.57,31.48575827559662,False
23510,Plantaze Vranac Montenegro,2483.74,35.03184713375796,False
23511,Plantaze Cab Montenegro,2077.11,32.39308462238399,False
23512,Plantaze Krstac Montenegro W,4504.08,35.50913838120104,False
23513,Plantaze Merlot Montenegro W,1857.31,31.938125568698812,False
23514,Plantaze Vranac ProCorde Red,5733.25,32.91326908821348,False
23516,Chloe Pnt Nr,40203.35,32.784954487623544,False
23517,Luiano Rosato,302.75,31.709331131296448,False
23518,Bolla Prosecco 2 Pk,79.11,35.03981797497156,False
23519,Slow Press Chard,9333.16,-3.9545020121802255,False
23520,Slow Press Cab Svgn,2848.1,31.95463642428286,False
23521,Insurrection Cab/Shiraz,24996.34,32.64461917224681,False
23522,13 Celsius Svgn Bl,34041.23,62.1251347263304,False
23523,19 Crimes Cab Svgn,63682.42,36.46902865814457,False
23524,Kesseler Rsl R Kabinett,11.99,33.778148457047536,False
23525,La Vieille Ferme Red B/B,499.8,31.97278911564626,False
23527,Santa Maria Alla Pieve Valpo,3387.56,32.965320171450834,False
23528,Santa Maria Alla Pieve Soave,1295.02,31.28754768266127,False
23530,Santa Maria Alla Pieve Ripas,1729.28,37.046632124352335,False
23533,Yellow Tail Moscato Bubbles,259.8,34.64203233256351,False
23534,Zenato Alanera Rosso Verones,3968.74,40.89106366252261,False
23535,Wente Pnt Nr Riva Ranch,23867.7,2.344172249525509,False
23538,Vin Vault Cab Svgn,352.82,64.79791395045632,False
23539,Vin Vault Chard,11762.87,35.32760287242825,False
23541,Vin Vault Malbec,119.94,35.06753376688344,False
23542,Vin Vault Pnt Nr,314.7,34.604385128693984,False
23543,Guillermo Mndza Kosher Malbc,863.34,34.25533393564528,False
23552,Les Dauphins Rose,55.96,,False
23554,Riva Rose Brut,291.82,36.220958124871494,False
23560,Flip Flop Chard,0.0,,False
23561,Flip Flop Sangria,71.88,32.3873121869783,False
23562,Flip Flop Crisp White,107.82,31.55258764607679,False
23563,Flip Flop Pnt Grigio,35.94,31.552587646076795,False
23565,10 Span Pnt Gris Monterey Cy,2082.22,34.57943925233644,False
23566,Vin Vault Red,73.43,31.07721639656817,False
23568,Criterion Rioja,0.0,,False
23579,Trader Joe's Pet Rsv Merlot,89.88,35.11348464619491,False
23587,The Cottage Svgn Blanc,402.69,36.79753656658968,False
23591,Spottswoode Lyndenhurst Cab,1399.8,,False
23592,Daou Soul of a Lion Red,3194.72,34.12630840887464,False
23593,Daou Mayote Red,383.96,,False
23595,Almaden Burgundy B/B,89359.33,35.914570979885376,False
23596,Menage A Trois Znfdl,12.99,32.409545804464976,False
23603,Sidebar Svgn Bl,1943.19,34.639433097123806,False
23616,.nparalleled Svgn Blanc,1094.63,32.91614518147685,False
23618,Ornellaia Bolgheri 12,5999.7,32.43162158107906,False
23623,Apimed Trnava Mead,335.7,40.12511170688114,False
23624,Apimed Slovak Mead,464.58,38.163502518403725,False
23625,Apimed Old Slavic Mead Dark,953.1,34.93862134088763,False
23626,Apimed Old Slavic Mead Light,635.4,39.093484419263454,False
23632,Firesteed Wines Rose Pnt Nr,15302.43,42.08880550343965,False
23633,Chateau Simon Bordeaux Blanc,1625.04,42.874021562546154,False
23635,Tortoise Creek Rose le Charm,52480.84,39.55965643842591,False
23644,Beringer Red Crush,223.68,33.76251788268956,False
23645,Beringer Red Crush,9.98,,False
23647,Ponzi Pinot Noir Rose,13693.15,31.965982991495746,False
23649,Tom Gore Cabernet Svgn CA,35551.69,37.17150999010174,False
23650,Tom Gore Chardonnay CA,21827.09,34.43885556892833,False
23655,Tavernello Pnt Grigio,143.76,44.07345575959932,True
23659,Bouvier Marsannay Roug Clos,1295.52,,False
23660,Chapoutier Bel Cotes Rhn Ros,17679.39,34.18013856812932,False
23661,Bouvier Morey St Denis Rue d,1812.63,33.33333333333335,False
23662,Dom Cachot Monot Ct Nuits,4534.32,33.34568358651352,False
23663,Higher Ground Pinot Noir,3429.36,34.64203233256351,False
23665,Cooks Brut,2593.54,30.761044749647194,False
23666,Cooks Extra Dry Champagne,2973.11,29.870068715923736,False
23669,Clos Cant St Emilion Grand C,2869.59,33.333333333333336,False
23679,A Bichot Secret de Fam PN,99.95,31.96598299149575,False
23680,A Bichot Cremant Brut Rose,3402.27,31.76144162573811,False
23692,R Mondavi Merlot Napa,41227.64,37.47941914696062,False
23694,Dom Perignon Rose,2529.89,31.505717639897384,False
23712,Bell'Agio Chianti Flask,68464.06,34.506951530481835,False
23739,Liberty School Cab Svgn,221735.87,43.588626413940155,False
23745,Ch Angelus 12 St Emilion,5585.86,31.97323241183989,False
23746,Ch Brannon 12 Pessac-Leognan,1709.81,33.77041893543726,False
23747,Ch Cantemerie 12 Haut-Medoc,2172.47,31.98341058794828,False
23748,Ch Cantenac 12 Brown Margaux,2359.6,,False
23749,Ch Carbonnieux 12 Pess-Leogn,1394.69,,False
23750,Ch Clerc Milon 12 Pauillac,629.91,35.062151735962274,False
23752,Ch Gloria St Julien 12,1907.47,34.64851347596555,False
23753,Ch Grand Puy-Lacoste 12 Paul,1349.82,33.77783704493933,False
23754,Ch Haut Bailly 12 Pessac-Leo,2089.78,,False
23755,Ch Haut Brion 12 Pessac-Leog,5289.9,31.972249002816678,False
23756,Ch La Mission 12 Haut Brion,4979.85,32.43169974999248,False
23757,Ch Labegorce 12 Margaux,923.72,,False
23762,Ch Margaux 12 Margaux,4769.91,31.972301364176676,False
23763,Ch Marquis de Terme 12 Mrgx,3338.37,32.44008303453483,False
23764,Cashmore Black Opal Shiraz,17932.94,42.30650412035059,False
23765,Ch Moulin Rouge 12 Haut-Medo,467.61,,False
23766,Ch Montrose 12 St Estephe,2450.81,,False
23768,Sociando Mallet 12 Haut-Medo,2507.43,31.96180950215958,False
23769,Ch Pape Clement 12 Pess-Leog,5599.5,34.208411465309396,False
23771,Ch Pichon Baron Pauillac 12,4349.7,35.485205876267315,False
23772,Ch Pontet Canet 12 Pauillac,2947.78,35.4802597208747,False
23773,Ch Prieure Lichine 12 Mrgx,519.9,,False
23774,Ch Rol Velentin 12 St-Emilio,689.85,,False
23775,Ch Siran 12 Margaux,575.76,,False
23777,Ch Smith Haut Lafitte 12 Whi,3869.7,32.42887045507404,False
23778,M Chiarlo Barbera D'Asti,30266.87,42.18480470560714,False
23779,Clos L'Englise 12 Pomerol,899.9,,False
23780,La Chapelle Mission Haut Bri,2295.72,32.88205878765702,False
23781,Le Clarence de Haut Brion 12,1741.87,32.88305097395327,False
23783,Pavillon du Ch Margaux 12 Ma,3695.78,31.972141198880895,False
23784,Zolo Malbec Rsv,713.63,39.23461737875369,False
23785,Pink Pegau Rose,9595.2,44.822411205602805,False
23791,Pio II Chianti 07,83.88,32.90414878397711,False
23792,Camila Malbec,234.96,32.48212461695608,False
23793,Les Embruns Rose,1104.15,37.182448036951506,False
23794,Anton Bauer Pnt Nr Rsv,134.97,34.20760168926427,False
23795,Casa Silva Carmenere,13671.45,32.45778611632271,False
23796,Mayu Pedro Ximenez,9534.66,31.9476520400308,False
23797,Mayu Carmenere Syrah,11937.81,31.94765204003079,False
23798,Aquitania Cab Svgn,2526.42,35.08442776735459,False
23799,Casa Silva Svgn Gris,2302.6,35.18631112655259,False
23800,Boya Svgn Bl,6995.0,34.238741958541816,False
23801,Boya Pnt Nr,7867.08,33.33333333333333,False
23805,Cappelletti Apertivoch,459.77,32.8664332166083,False
23807,Couly-Dutheil Chinon Rose,1219.39,36.66833416708355,False
23809,Angels Landing Chard,119.94,34.21710855427713,False
23810,Angels Landing Rsv Cab Svgn,1259.58,33.34444814938313,False
23820,Le Mistral Red,16243.5,35.494197679071625,False
23823,Round Hill Cab Svgn,3105.78,35.09649749821301,False
23825,Tortiose Crk La Charmel Mus1,5859.55,49.42103062521866,False
23827,Fattoria di Basciano Chianti,7601.81,32.20469861782917,False
23828,Ermisch Pnt Nr Erendira Rise,4390.78,32.425673798277295,False
23830,Florette Rose de Provence,299.8,,False
23831,Manon Rose de Provence,1359.2,45.08534432018835,False
23832,Manon Rose de Provence,323.64,34.260289210233594,False
23840,Roth Est Red Heritage Sonoma,12017.32,35.07504168982768,False
23841,Fantini Sangiovese,139.9,32.451751250893494,False
23843,Kistler Hyde Chard,875.88,34.210165776133714,False
23848,Dom Cherrier Sancerre,88498.18,34.74570889480438,False
23851,Louis M Martini Cab Svgn,7479.37,35.081029551954245,False
23852,Ferrari-Carano Pnt Nr AV,29.99,35.07835945315105,False
23853,Matrix Pnt Nr RRV,5310.82,25.12794634350251,False
23854,Mazzocco Cab Svgn Sonoma,99.95,35.46773386693347,False
23855,Mazzocco Znfdl Sonoma,41.97,,False
23856,Pezzi King Cab Svgn Dry Crk,65.97,32.87858117326057,False
23857,Pezzi King Chard Sonoma,179.9,31.96220122290161,False
23858,Pezzi King Znfdl Dry Creek,5898.19,31.01476893758932,False
23860,Concannon Founder Cab Svgn,725.52,53.09295401918624,False
23861,Concannon Founder Chard,4790.71,46.71875358767281,False
23862,Concannon Founder Petit Srah,433.69,32.451751250893494,False
23863,Bisol Crede Prosseco Super V,263.88,34.60663938153706,False
23866,Landhaus Mayer Gruner Veltli,24705.77,33.182896141265786,False
23870,Col-di-Sasso Sangiovese/Cab,20654.77,33.702093995721086,False
23871,Duckhorn Chard Napa Vly,8537.56,31.494712775078597,False
23873,Cloudy Bay 12 Te Koko,3879.03,33.333333333333336,False
23874,Ruinart Champagne Gift Box,13772.58,31.560390282721162,False
23875,Inglenook 1882 Cab Svgn,2608.5,37.81866973356335,False
23876,Love Lane Cab Svgn,1668.47,22.146037986898175,False
23877,Love Lane Carmenere,2897.33,31.990487793934413,False
23878,Love Lane Svgn Bl,4360.13,24.64376062181632,False
23886,Cycles Gladiator Chard,15702.33,39.74047163701183,False
23887,Cycles Gladiator Pnt Nr,545.61,35.45389563974268,False
23888,Cycles Gladiator Petite Sira,731.39,32.86071726438698,False
23889,Corbett Canyon Wh Znfdl,25625.46,40.675094222698824,False
23890,Cycles Gladiator Merlot,615.56,34.6676197283774,False
23891,Cycles Gladiator Cab Svgn,14927.86,-7.126004665102702,False
23892,Line 39 Pnt Grigio,135.88,,False
23894,Lindemans Bin 45 Cab Svgn,389.61,33.33333333333333,False
23895,Lindemans Bin 50 Shiraz,14310.78,35.02240967997551,False
23896,Riebeek Cellars Cape Rose,2559.03,41.64742109314858,False
23897,Michel Chapoutier Vigne Rose,6987.63,33.33333333333333,False
23898,Dr Konstantin Frank Rose,5012.05,46.55679811653914,False
23899,Vino Rose,1982.48,37.89596868568662,False
23900,Salmon Run Rose,5107.74,34.195162635529606,False
23902,Dom St Andrieu Rose CdP,2702.31,34.20888055034397,False
23904,C Krug Chard,902.54,36.34187958428436,False
23905,King Rabbit Malbec Pay D'Oc,143.82,33.29161451814768,False
23916,Anna de Codorniu Brut Rose,191.88,34.64665415884928,False
23917,Mionetto Prosecco DOC Brut,23915.6,34.880998176922176,False
23919,J J Vincent Pouilly Fuisse,16666.09,41.99545304267527,False
23920,Broadside Cab Svgn Paso Rob,326.94,53.398177035541686,False
23921,Landmark 12 Overlook Chard S,2249.25,34.64488162720907,False
23924,Cote Mas Rose Aurore,11983.67,31.479421579532808,False
23925,Cote Mas Blanc Mediterrane,1609.21,35.48387096774193,False
23926,St Paul's Pnt Nr Alto Aldige,1199.4,32.86643321660831,False
23928,La Mura Rosso,838.8,31.47353361945637,False
23929,La Mura Blanco,1258.2,33.33333333333333,False
23932,Morel Cru Bjls Brouilly,384.78,32.76157804459692,False
23933,Sequinot-Bordet Chablis Four,7233.73,30.522980537012025,False
23934,Talmard Macon Chard,215.88,33.79655364091161,False
23935,Dom Sourdais Chinon,742.51,35.789416977549116,False
23936,Morel Bjls-Vlgs Emeringes,951.35,32.63257476218007,False
23937,Caillot Bourgogne Rouge,131.94,32.87858117326057,False
23938,Alphonse Dolly Pouilly-Fume,1914.16,34.4819659798554,False
23939,Alias Pnt Nr,21.98,32.39308462238399,False
23943,Canella Bellini Fusion,9320.44,31.0517529215359,False
23944,Ch du Courlat 10,5747.7,31.052420968387352,False
23945,Ch Haut Piquat 09,626.67,31.49025803054239,False
23946,Ch La Cardone Medoc 09,2858.57,31.965982991495757,False
23947,Ch Larose Trintaudon 09,18640.23,35.473113797415586,False
23948,Ch La Croix Lartigue 09,3937.99,35.49628109771737,False
23949,Ch Valfontaine 10,2937.06,35.03503503503503,False
23950,Ch Haut-Robert 10,3494.82,32.84804367606915,False
23951,Ch Moulin de Pillardot 10,3132.15,33.75796178343949,False
23953,Rainstorm Pnt Nr Rose,143.92,,False
23954,Notre Dame Luberon Rose,7332.66,35.03503503503504,False
23955,Alta Vista Rose,258.77,,False
23957,Angels & Cowboys Rose,12087.36,32.45175125089351,False
23959,Thorn Napa Valley Merlot,5380.62,31.982559630674533,False
23961,Ken Wright Cellars Pnt Nr,1319.76,33.333333333333336,False
23962,Enzo Boglietti Dolcetto Alba,1255.4,39.49338856141469,False
23963,Chiroubles Clos Les Farges,2088.09,,False
23964,La Font de Notre Dame Rastea,1011.56,39.14745541539799,False
23965,Dom le Clos des Lumieres CdR,1777.95,41.770016029697125,False
23966,Nortico Alvarinho,629.55,31.951393852751963,False
23968,Santa Julia Malbec,3417.15,31.025854879065896,False
23969,Bellafina Prosecco,1686.47,7.538823696834222,False
23970,La Fiera Montplciano D'Abruz,8.49,,False
23973,Catena RSV Cab Svgn,31668.76,36.93747402803266,False
23974,Catena RSV Chard,26265.33,32.88205402330753,False
23975,Ninety+Cellars Lot 123 Chard,237.83,35.09649749821301,False
23979,NinetyCellars Lot 122 Chard,681.38,31.028207461328485,False
23982,Earthshaker La Quete Lirac C,191.88,34.64665415884928,False
23983,King Estate Dom Pnt Nr 12,3761.43,32.42915593271707,False
23984,Triennes Rose 2012,10942.7,34.222815210140105,False
23987,Gerard Bertrand 14 Gris Bl,33726.66,20.085771908632534,False
23988,Rio Madre 2014 Rose Rioja,947.07,34.60039912572461,False
23989,Sierra Cantabria 14 Rose Rio,181.86,31.02386451116243,False
23990,Moncigale Rose Cd Provnce 14,2278.19,31.197134567353906,False
23991,Martin Ray 14 Rose of Pnt Nr,10852.76,34.2228152101401,False
23996,Ch Muraires Cd Provence Rose,15612.19,35.46773386693347,False
23997,Pascal Jolivet Sancerre Rose,3998.0,33.766883441720864,False
23998,Belguardo Serrata Toscana,2957.04,32.432432432432435,False
24000,Santa Rita Coll Prv Cab Svgn,11.98,,False
24001,Lee Family Farm Rio Tinto S,730.57,31.489111241907004,False
24002,Corbett Canyon Chard,74471.4,37.455452697277074,False
24003,Corbett Canyon Cab Svgn,18187.93,44.909728594732876,False
24004,Gerard Bertrand 12 Roses,254.83,33.755837224816545,False
24005,Wild Thing Chard,29.98,46.29753168779186,True
24006,Jacopo Blondi Santi 10 Sasso,524.85,31.98056587596456,False
24012,Bertani Secco 11 Orig V Ed,1524.39,31.492597038815518,False
24013,Heritance Cab Svgn,1429.45,34.20546363986148,False
24014,Au Contraire Chard RRV,21128.05,35.750814675277645,False
24015,Mazzei Zisola Notto Rosso,1367.28,35.07109004739337,False
24018,Fontanafredda Barolo Serralu,19604.7,32.44120032441201,False
24020,Rosenblum Vntr Cve XXX Znfdl,11084.11,34.15059937153277,False
24022,Fulchino Vyds 603 Red,6805.46,32.88859239492996,False
24023,Cavit Merlot Trentino,215.76,32.48053392658509,False
24024,Fulchino Vyds Barbera Red,7636.18,31.51575787893947,False
24026,Bella Bellina FrongoLata,319.68,31.931931931931935,False
24027,Hess Coll Small Block Malbec,1769.7,,False
24029,W Hill Est Cntrl Cst Pnt Nr,28810.1,28.57851933870414,False
24030,Hugel Alsace Pnt Gr Classic,90.95,38.97746014293568,True
24033,Canyon Rd Svgn Bl,4536.13,34.237995824634666,False
24035,Lamberti Prosecco Extra Dry,558.4,33.237822349570195,False
24040,Merieau 12 Les Hex PN VdP,506.61,32.40954580446498,False
24043,Dom de la Nobl Chinon Rose,97.93,31.95139385275197,False
24044,Dom LaFage Mira Cd Rousillon,179.88,34.62308205470313,False
24046,Michel Torino Don David Cab,87.48,,False
24047,Kikkoman Plum Wine,7012.2,35.48387096774193,False
24048,Ozeki Dry Sake,4935.06,32.932932932932935,False
24049,Ozeki Hana Awaka Sprkl Sake,6041.28,34.260289210233594,False
24050,Choyomusubi Ryo Junmai Sake,6728.82,31.485758275596616,False
24051,Genbei San Demonslayer Sake,1371.71,35.058430717863104,False
24052,Poochi Poochi Sparkling Sake,1993.67,35.09006004002668,False
24053,Ozeki Yamadanishiki Jun Sake,539.46,32.432432432432435,False
24054,La Volpe Prosecco,415.74,34.20888055034397,False
24055,La Volpe Pnt Grigio,1127.16,30.469498562759505,False
24056,Honig Svgn Bl Rsv,11716.83,32.91205897840969,False
24060,Robertson & Duke Napa Cab Sv,71.97,34.22259274697791,False
24062,Atelie Pink Moscato,329.78,31.02068045363576,False
24063,Atelie Prosecco,65.96,34.627046694966644,False
24064,Austerity Cab Svgn,209.85,31.022158684774837,False
24065,Camelot Cab Svgn,87.92,31.48316651501365,False
24066,Camelot Merlot,98.91,34.66787989080982,False
24075,Bouvet Brut,2064.21,32.93124246079615,False
24086,Hess Select Chard,106340.62,40.90096521912322,False
24088,Hess Select Cab Svgn,176810.6,43.40554242788611,False
24090,Gour de Chaule Gigondas Trad,4228.59,27.14238079359786,False
24094,Gallo Copperidge Cab Svgn,22934.19,34.620886981402,False
24095,Gallo Copperidge Cab Svgn,1815.45,32.330827067669176,False
24096,Gallo Copperidge Chard Cal,34027.32,34.620886981401995,False
24097,Gallo Copperidge Chard Cal,2453.85,35.58897243107769,False
24098,Gallo Copperidge Wh Znfdl,14266.59,33.333333333333336,False
24099,Gallo Copperidge Wh Znfdl,901.74,34.335839598997495,False
24101,Soli White Blend,7878.14,32.91614518147685,False
24103,Filon Garnacha Calatayud,8.49,32.39104829210836,False
24104,Le Paradou Gren Vin de Franc,203.76,31.44876325088339,False
24106,Oliver Chanzy Rly 1 Cru Mar,3324.05,31.494712775078593,False
24107,Oliver Chanzy Mers Les Meur,479.92,,False
24109,Beringer KVR Cab Svgn,7898.42,31.50630126025205,False
24111,Don Ramon Oak Aged 12 Tinto,1672.14,15.684093437152391,False
24118,Cecchi La Mora Morellino,5129.64,34.95683907642642,False
24119,Cecchi La Mora Vermentino,10349.2,35.56023654002241,False
24121,Willamette Vly Dijon Chard,1553.26,32.872796569795135,False
24123,Garnacha de Fuego 14 Rose Ar,8507.83,37.29294073812006,False
24124,Tarima 14 Blanco Alicante,2127.86,38.95369056234903,False
24125,Botani 13 Muscat Srra Malaga,4074.58,40.25101973700357,False
24127,Three Thieves Chard,159.8,35.54443053817272,False
24129,Three Thieves Cab Svgn,95.88,34.66833541927409,False
24130,Indigano Pnt Grigio,0.0,,False
24132,Sutter Home Malbec Arg,71.88,32.05342237061768,False
24134,Newman's Own Common Good Red,79.92,35.03503503503504,False
24135,Chanson Vire Clesse,1586.31,32.88386254893431,False
24136,Chanson Le Bourgogne Pnt Nr,1126.51,34.623749456285346,False
24138,Gaja Pieve Santa Restituta M,1349.85,,False
24139,Nobilo Icon Pnt Nr Marlboro,9557.55,23.0660577239983,False
24142,Tablas Creek Patelin Blanc,527.76,31.014097316962257,False
24143,Ozeki Platnm Junmai Dai Sake,69.93,34.234234234234236,False
24144,Ozeki Junmai Reishu Sake,1449.8,31.976824389570968,False
24145,Ozeki Nigori Unfiltered Sake,335.52,31.473533619456358,False
24146,Louis Latour 12 Marsannay Bl,23348.32,33.766883441720864,False
24147,Toucas Vinho Verde DOC,878.12,40.77347059627385,False
24148,Roncolato Valpo Super S Barb,173.88,33.33333333333333,False
24149,La Monacesca Verd di Mattell,779.61,32.41620810405203,False
24151,Mas Janeil Cotes Roussillon,53796.05,33.303002729754326,False
24152,Grape Time Super Tuscan,7325.07,31.50481838398814,False
24153,Grape Time Wh Cranbery Pnt G,7625.13,32.87143956889915,False
24154,Ch La Gordonne Chapelle Rose,167.94,32.440157198999636,False
24156,NY Yankees Cab Svgn,2302.83,34.45890491265096,False
24158,Cambridge Pnt Nr RRV,174.93,35.49419767907163,False
24159,Krupp Bros The Doctor Red,1999.8,32.43324332433243,False
24161,Krupp Bros Chard,65.99,35.49022579178663,False
24165,Enzo Boglietti Brl Case Nere,2124.75,35.06294858218614,False
24166,Enzo Boglietti Barolo Fosati,2399.68,32.88438458461128,False
24167,Giacomo Borgogno & Figli Neb,899.75,,False
24169,Monsanto 09 Il Poggio Chiant,749.85,,False
24170,Adelsheim Caitlins Rsv Chard,1639.59,35.05876469117279,False
24174,Marenco Strev Moscato D'Asti,0.0,,False
24175,Stella Moscato,139.9,35.09649749821301,False
24178,Ch Alie d'Argent Mout-Rth 12,2969.73,31.975634148558964,False
24180,Boscarelli Vino Nobile Monte,1810.5,33.222866611433304,False
24181,Constanti Brunello Montalcno,1841.75,26.56440885027827,False
24182,Conterno Barolo Sori Gnestra,3097.66,31.41080686711905,False
24183,CaRome Barbaresco Chiarmanti,823.9,32.22478456123314,False
24185,Conterno Fantino Barolo Mosc,4370.53,31.971179696741586,False
24187,Mirafiore Nebbiolo Langhe,1154.65,,False
24188,St Francis Cab Svgn Sonoma,197484.76,45.43163735773839,False
24191,Mirafiore Dolcetto D'Alba,679.68,35.07532956685499,False
24193,Ch Montaud Cotes de Provence,34638.87,38.01913861508763,False
24195,Casa E Mirafiori Barb d'Alba,972.63,37.878741145142556,False
24197,Route 128 Est Viognier Yrkvl,19.99,31.015507753876935,False
24198,Route 128 Est Pnt Nr Santa B,322.83,32.91205897840968,False
24200,Pacifico Sur Rsv Malbec,9.99,31.031031031031038,False
24202,Taylor Fladgate 40 Yr Tawny,1217.93,35.01350652336341,False
24203,Vega Sindoa 14 Garnacha Nava,1704.66,62.110919479544314,False
24205,Raeburn Chard RRV,7974.19,37.572217366277954,False
24206,Flint & Steel Svgn Bl Napa V,119.92,33.3555703802535,False
24207,Calista Pnt Nr The Coast Ran,199.92,34.65386154461785,False
24208,R M Woodbridge Znfdl Cal,13136.12,40.48349132011583,False
24211,Julius Treis Trocken Rsl,137.94,35.0587211831231,False
24216,Dom Ste Michelle Extra Dry,2201.4,36.18606341419097,False
24218,Aizpurua B,536.7,33.42649524874231,False
24222,Louis de Grenelle Rose,734.51,35.49032688458973,False
24227,Arca Nova Rose,263.76,31.02820746132847,False
24229,K Vintners Merlot Northridge,321.93,,False
24231,K Vintners River Rock Syrah,91.98,,False
24237,Ironside Red Blend,344.77,32.888592394929944,False
24241,Tenet Syrah Le Fervent,2833.5,18.051879301217575,False
24243,Tenet Syrah The Pundit,2706.67,36.219044065216664,False
24244,Ch Corconnac Svgn Bl,5661.64,39.68320133388912,False
24246,Marco Barbanera Chianti DOCG,479.2,,False
24249,Montes Spring Harvest Svgn B,239.52,32.46492985971944,False
24251,Barefoot Crisp White Spritz,271.66,32.41551939924906,False
24252,Barefoot Summer Red Spritzer,367.54,32.415519399249064,False
24253,Franzia Dark Red Blend,18073.74,30.9707896650057,False
24256,Elk Cove Est Rsl,1241.31,,False
24260,Red Car Ritchie Vyd Chard,1006.81,31.04359313077939,False
24261,Red Car Chard Sonoma Cst,2277.33,,False
24262,Red Car Fort Ross Pnt Nr Sea,2015.68,,False
24265,Antinori Chianti Clsc Pepoli,10940.35,40.11297627589611,False
24273,von Buhl Jazz Rsl,1359.11,31.569188660226178,False
24274,Armand Kabinett Rsl,577.7,33.010212913276796,False
24275,Becker Family Pnt Bl,395.78,35.29738743746525,False
24276,Paul Buisse Svgn Bl Touraine,1007.16,32.860717264386984,False
24279,Fontanafredda La Rosa Barolo,1329.81,33.77625375053579,False
24280,Mazzei Siepi,3059.64,31.50958936345452,False
24281,Col D'Orcia Brunello Montalc,4329.57,26.684174178960035,False
24282,Paul Hobbs Nathan Coombs Cab,2969.91,35.06469893027061,False
24285,Dom Clavel Languedoc,3987.15,35.45389563974268,False
24286,Kendall Jackson Gr RSV Cab S,64862.24,36.529974912984805,False
24287,Bollini RSV Pinot Grigio,239.85,34.64665415884928,False
24288,Olivier & Lafont Ventoux Bl,5934.6,35.031847133757964,False
24289,Thierry Delaunay Tour Svgn B,23301.42,35.94536298646177,False
24290,Ch La Gr Metaine Entre Mers,10407.95,36.886706796247104,False
24291,Dom Fond Croze La Croix Coq,14050.19,33.35186214563646,False
24292,Olivier & Lafont Ventx Rouge,6692.91,31.938125568698805,False
24293,G&P Ravaut Ladoix Lacorvee,549.89,,False
24294,La Gr Comtadine Vacqueyras C,19030.48,35.067533766883436,False
24295,Motto Znfdl Unabashed,265.78,38.911882007675516,False
24297,Motto Cab Svgn Backbone,13996.36,32.90026835548671,False
24298,Ty Ku Cucumber Sake,359.7,34.195162635529606,False
24299,Rosemount Diamond Merlot,10800.19,35.70224227536738,False
24301,Mija Sangria,22448.86,38.74263548349449,False
24303,Cupcake Black Forest,63883.71,32.98884801774975,False
24304,Muga 2014 Rose Rioja,4490.79,32.88062902072909,False
24305,Marquis d Gelida Brut Rsv,2903.33,35.69246348158838,False
24308,Twomey Pnt Nr RRV,3839.2,,False
24309,Point North Pnt Nr Oregon,137.94,32.448890822096566,False
24310,Hi! Prosecco,56199.34,30.6789367989019,False
24311,Ch Calon 12 Segur St-Estphe,5015.43,31.037617911126276,False
24312,Ch Clos Fourtet 12 St-Emilin,5499.45,32.883288328832876,False
24313,Ch Cheval Bl 12 St-Emilion,4439.94,35.06533872079352,False
24314,Ch Pez 12 St-Estephe,3211.27,35.48533757672199,False
24319,Ch Leoville Barton 12 St-Jul,199.98,33.33333333333333,False
24322,Ch Phelan Segur St-Estphe 12,5648.87,34.20684136827365,False
24323,Ch Pichon Long Comtesse L 12,12609.03,31.971690130009993,False
24325,La Crema Chard Sonoma Cst,658288.13,34.90228055608415,False
24327,La Crema Pnt Nr Sonoma Cst,323546.96,36.41652513131325,False
24328,Ch Ducru Beaucaillou 12 St J,3564.77,34.64094457706949,False
24329,Ch Cos d'Estournel St-Est 12,2969.85,31.50664174958331,False
24330,Ch Reserve de la Comtesse 12,5779.77,31.027878271972774,False
24331,Ch Talbot St-Julien 12 GCC,5855.04,35.07132316773241,False
24332,Tortoise Creek Svgn Bl,152.88,38.85400313971742,True
24334,Sea Pearl Svgn Bl,818.37,31.02386451116243,False
24335,Gran Passione Gavi,5797.83,42.53315464578989,False
24336,Meridian Cab Svgn Cal,384.65,31.02820746132847,False
24337,Gran Passione Rosso IGT,1918.72,44.829886591060706,False
24341,Dom Henri Boillot Mersault,1259.82,33.77625375053579,False
24346,Antinori Badia Chianti Clsc,455.88,34.21953145564623,False
24347,Fess Parker Marcella's White,1570.01,36.12333679403315,False
24349,Fess Parker Pnt Nr Bien Naci,1594.71,35.47917803236953,False
24353,Diora Pnt Nr,4287.23,52.60436225721502,False
24357,Bota Box Nighthawk Dark Red,48915.0,32.43790248390064,False
24359,Stradanova Barolo,195.96,33.78240457236171,False
24361,JJ Prum Graacher Him Rsl Aus,5826.76,34.645669291338585,False
24363,Mommessin Les Gr Mises Amour,1091.58,37.629857637552895,False
24364,Mommessin Gr Mise CdBrouilly,324.87,,False
24365,Mommessin Les Gr Morgon C Py,299.88,31.49259703881553,False
24366,Mommessin Dom Presle Bjls Fl,779.61,,False
24367,Ch de Pierreux Brouilly Bjls,79.96,31.015507753876935,False
24368,Navarro Vyds Late Harvest Ge,911.52,34.228541337546076,False
24369,Forefront Pine Ridge Znfdl,63810.78,31.526271893244367,False
24370,Aviary Chard,215.88,42.301278488048915,True
24371,Tozai Typhoon Sake,79.95,34.64665415884928,False
24377,Bon Affair Svgn Bl Spritzer,8977.01,32.06412825651302,False
24378,Napa Highlands Meritage,32947.02,31.531531531531527,False
24379,Madison's Ranch Cab Svgn,30175.77,32.409545804464976,False
24384,Dom Faiv Nuits-St Geo Poret,559.93,,False
24385,Dom Faiv Cham Clos De Beze,2141.93,31.50756560671916,False
24386,O Leflv Ruly Cr Ls Cloux,1304.55,,False
24387,Steph Avrn Julienas Vielles,1599.2,32.86643321660831,False
24388,Steph Avrn Chn Vielles Vig,999.5,31.96598299149575,False
24390,O Lflv Bour Les Setilles,1799.25,,False
24392,Ch Fuisse Pouilly Fuisse Tet,6010.33,31.036398999722152,False
24393,Ch Fuisse Pouilly Fuisse Les,809.85,31.042785701055763,False
24394,Dom Ch Moreau Chablis Les Cl,1109.85,,False
24396,Dom Prieur Corton-Bressandes,1889.9,34.208159161860415,False
24398,Fleur de Pnt Nr California,16990.0,32.901706886403765,False
24404,Carpineto Valcolomba Verment,3608.99,34.195162635529606,False
24405,Ch Sociando Mallet 06 Haut-M,809.73,,False
24406,St Mayhem White Aged/Peppers,1885.18,31.97042192257503,False
24408,Chapelle de Bastion Picpoul,3066.93,31.931931931931935,False
24410,Marques de Grinon 10 Caliza,557.69,31.517509727626464,False
24411,Marques de Grinon 10 Cab Svg,999.75,32.433108277069266,False
24415,Hidalgo Gobernador Oloroso S,899.7,33.77792597532512,False
24416,Hidlago Morenita Crm Sherry,5572.71,35.02694380292533,False
24417,Sutter Home Gewurz,17.97,34.557595993322195,False
24418,Hidlago Panesa Fino Sherry,4280.94,33.809864188706214,False
24419,Bonterra Mendocino Org Chard,148890.37,39.96077785285912,False
24422,Cade Rsv Cab Svgn,1614.91,34.549912998247585,False
24423,Odette Est Cab Svgn,0.0,,False
24424,Adaption by Odette Chard,3294.97,34.198186933416686,False
24425,Adaptation by Odette Cab Svg,49.99,35.06701340268054,False
24426,Plumpjack Rsv Chard,2069.58,37.27133041486678,False
24427,Plumpjack Est Cab Svgn,5567.52,43.28821450125011,False
24428,Toschi Vyds Cab Svgn,66.94,,False
24429,Baracchi O'Lillo,18596.49,32.443703085904936,False
24430,Eden Ice Sprklng Cider Semi,297.49,40.186224747050325,False
24432,Tintero Langhe Arneis,2004.77,33.815350389321466,False
24438,Quara Malbec,11.99,32.44370308590492,False
24439,Des Amis Rose,10247.2,17.64774767741433,False
24441,Underwood Cans Pnt Gris,754.92,31.04434907010013,False
24442,Underwood Cans Pnt Nr,775.89,35.47925608011445,False
24447,TC Le Charmel Pnt Nr France,41.97,33.30950679056468,False
24449,Santa Barbara Winery Chard,265.85,41.658830167387634,False
24450,Santa Barbara Winery Pnt Nr,246.87,34.649815692469716,False
24451,Llopart Rose Cava Brut Rsva,4800.04,38.260514495712535,False
24452,Vega Sindoa 14 Chard Navarra,1984.3,35.06022274857632,False
24453,Estancia Meritage,63306.06,34.337376232228,False
24454,Convento Las Claras 12 Tinto,4065.15,35.01346813770711,False
24455,Franciscan Cab Svgn Napa,235731.91,41.721203548556495,False
24456,Franciscan Est Chard Napa,73061.67,47.42169183923663,False
24458,Franciscan Magnificat Red,18536.41,34.330973473288516,False
24465,Tenuta di Capraia 11 Chianti,2558.72,32.8664332166083,False
24469,Ch du Nozay Sancerre,83.97,,False
24470,L'Oiseliniere Musc Sevre Ill,170.91,,False
24471,Cres Richards Stecia Larzac,539.73,,False
24473,Andre Jacquart Brut Experien,499.9,,False
24475,Bertagna Vougeot La Perrier,1139.88,,False
24476,Les Pasquets Entre Deux Mers,789.21,32.93293293293293,False
24477,Coffinet-Duvernay Chass-Mon,314.95,,False
24478,ZIPZ Cab Svgn,139.62,-14.525139664804449,False
24479,ZIPZ Pnt Grigio,10.74,35.75418994413408,False
24483,Daou Rsv Cab Svgn,3409.38,34.64266230223678,False
24486,Farmstead Long Meadow Chard,2943.45,34.22854133754607,False
24487,Farmstead Long Meadow Pnt Nr,83.97,31.975705609146125,False
24489,Hunt & Harvest Cab Svgn,28345.1,38.75096577538975,False
24491,Long Meadow Ranch Cab Svgn,503.88,33.341271731364614,False
24492,Long Meadow Ranch Svgn Bl,0.0,,False
24493,Buehler Cab Svgn Napa,70717.5,38.4282532612154,False
24494,Buehler Wh Znfdl Napa,2037.96,31.931931931931928,False
24495,Ch Giscours Margaux 06,1924.45,33.32380680194342,False
24496,Luce Brunello Montalcino 10,2183.79,31.974228291181845,False
24497,Killibinbin Seduction Cab Sv,19121.41,33.959368059154635,False
24498,Cuvaison Chard,14354.38,35.20374965689914,False
24503,Far Niente Chard Napa,60369.23,31.30054830913033,False
24510,Tin Barn Svgn B Hi Vista Vyd,1439.1,32.45778611632269,False
24511,Tin Barn Znfdl RRV Gilsson,263.88,32.42382901318781,False
24512,Tin Barn Cab Svgn Sonoma Cty,1671.24,37.28967712596635,False
24513,R8 Cab Svgn,347.71,33.361134278565466,False
24514,R8 Chard,190.84,33.85034583944666,False
24515,Cartlidge & Browne Chard,3952.27,-2.874297555581991,False
24516,Cartlidge & Browne Cab Svgn,167.88,33.30950679056468,False
24518,Ray's Station Cab Svgn,89.95,32.40689271817677,False
24520,I Lauri Spumante Brut Rose,7884.93,31.02386451116243,False
24521,F Ferrero Dolceto D'Alba DOC,165.88,,False
24525,Tablas Crk Patelin Tblas Ros,0.0,,False
24526,Snowden Cab Svgn The Ranch,1665.66,,False
24527,Scott Family Est Chard Arroy,2818.59,34.61730865432716,False
24528,Scott Family Est Pnt Nr Arro,4270.22,31.513130471029598,False
24529,Joseph Drouhin Mersault,1735.69,31.505626004643684,False
24530,Joseph Drouhin Puligny-Montr,1874.71,30.451109771644685,False
24531,Joseph Drouhin Cote de Beaun,1689.35,34.205463639861485,False
24532,Joseph Drouhin Cote de Nuits,1619.43,32.42066653081641,False
24533,Joseph Drouhin Santenay Red,599.8,,False
24534,Joseph Drouhin Nuits St Geo,1829.73,34.42311160663049,False
24535,Giesen Svgn Bl,24219.8,25.859007919140538,False
24539,Stonestreet Est Vyds Svgn Bl,1049.65,33.34444814938314,False
24540,Signo 11 Bobal de Manchuela,6019.14,34.476686038204804,False
24541,Ferreira Quinta da Leda Dour,194.97,,False
24545,Sileni Nano Pnt Nr,75.81,32.33082706766917,False
24546,Selini Nano Svgn Bl,1807.47,33.33333333333333,False
24548,Fenouillet Beaumes Terres Ve,1729.05,20.991295798270716,False
24552,Gnarly Head 1924 Double Blac,38903.49,33.67767262011711,False
24553,Ch Lassegue 2/05-09-10 6 Pak,0.0,,False
24554,Merieau L'Arpent des Vaudons,1675.71,33.33333333333333,False
24555,Claude Riffault Chass Sancer,890.67,32.419414597999264,False
24556,Mas Alta Black Slate Priorat,611.64,31.489111241906997,False
24557,Dom La Fage Tess Carignan VV,1454.88,32.40954580446498,False
24558,Dom La Fage Cve Nicholas VdP,5366.85,20.395576548627226,False
24559,Dom Janasse Terre d'Argile,1019.49,32.86643321660831,False
24560,Dom La Fage Tessellae CdRous,15565.29,24.25068855125732,False
24561,Ch St-Roch Chimeres CdRoussi,735.54,35.45966228893057,False
24563,Hey Mambo Sultry Red,129.9,34.64203233256351,False
24564,Chronic Cellars Suite Petite,1109.26,31.487658438959304,False
24566,Head to Head Red Toscana,409.59,35.03503503503502,False
24567,Ravenswood Mendocino OV Znfd,9323.51,36.79504821681963,False
24568,PopCrush Sparkling Wine,107.88,31.92436040044494,False
24570,Oko Cab Svgn VdP L'Herault,143.88,32.44370308590493,False
24571,Oko Organic Prosecco,38.97,32.409545804464976,False
24572,Galerie Latro Cab S Knights,999.8,33.32666533306662,False
24573,Oko Malbec Mendoza Organic,119.9,39.699749791492906,True
24574,Galerie Pleinair Cab Svgn NV,2349.53,34.206841368273665,False
24575,Failla Pnt Nr Sonoma Cst,3464.01,33.78108030865961,False
24576,Failla Chard Sonoma Cst,3603.97,31.980565875964555,False
24578,Jean Laurent Blanc de Noirs,1982.57,41.851737895761566,False
24579,Mt Beautiful Svgn Bl,12957.38,31.678008980210503,False
24580,Mt Beautiful Pnt Nr,12902.42,37.52722357511227,False
24583,Moshin Vyds Pnt Nr Sonoma Cs,319.92,34.20855213803451,False
24584,Moshin Vyds Pnt Nr Est Grown,0.0,,False
24585,Moshin Vyds Pnt Nr RRV,2953.79,38.84026961970892,False
24586,Moshin Vyds Chard,202.93,33.77026560883063,False
24587,Woodbridge Harvest Spice Red,3588.79,21.95949052466151,False
24588,Boundary Breaks OLN Rsl,6440.83,33.96192726713794,False
24589,Navardia Rioja Organic,233.82,31.02386451116242,False
24590,Dominios Rueda,125.82,32.90414878397711,False
24591,Dominios Ribera del Duero Cr,2132.81,0.707048447822353,False
24592,Vendange Cab Svgn,61116.33,41.164284570097706,False
24593,Bodegas La Cartuja Priorat,17647.58,45.92765693653181,False
24594,Torresella Prosecco Xtra Dry,21863.99,43.35507837316062,False
24595,Greg Norman Svgn Blanc Marlb,4034.61,33.33333333333333,False
24596,Pitagora Red Blend,118.95,37.53678015973098,False
24599,The Lost Colony Red Sonoma,803.51,30.48001891700165,False
24600,Manteo Red Blend Sonoma Cnty,407.76,34.19658622719247,False
24602,Terre del Barolo Barbrsco 10,1446.27,23.42992663887102,False
24603,Zeni 11 Amarone Classico,17844.05,32.87762587529177,False
24604,Dark Horse Pnt Nr,27845.15,32.415519399249064,False
24605,Fortant Chard,12939.12,39.16495093947657,False
24606,Fortant Cab Svgn,18554.57,40.51896648642356,False
24612,Estancia Pnt Nr Monterey,90391.57,52.07710188018639,False
24615,Pieropan Soave La Rocca,559.86,33.33333333333333,False
24621,Cline Chard Sonoma Cst,14122.12,54.69915281841538,False
24622,Emblem Cab Svgn,279.96,,False
24627,SMV SMV Blustery Blend White,82.95,32.61000602772755,False
24631,Acumen Moutainside Red Napa,114829.05,32.89315726290517,False
24634,Marques de Caceres RSV Red,77100.85,39.85922334189572,False
24642,Red Fire OV Znfdl,0.0,,False
24643,Kibo Junmai Sake,197.67,32.38731218697829,False
24645,Carmel Road Drew's Bl Pnt Nr,371.82,30.869775697918357,False
24646,Pierre Dupond Renjardire CdR,1907.43,32.42320819112628,False
24647,Dom Perignon P2 Blanc 1998,16499.45,35.48451615053836,False
24648,Mumm Napa Bl de Blanc,37761.92,43.45795976475772,False
24650,Perrier Jouet BE Luxury Case,8801.22,31.55562524286405,False
24655,Ch de Ruth CdR White,0.0,,False
24658,Plumpjack Syrah Napa Valley,351.94,,False
24662,Silver Totem Cab Svgn,10674.66,32.416208104052025,False
24663,M Chiarlo Rovereto Gavi 13,16901.43,31.51969981238274,False
24664,M Chiarlo 10 Chiarlo Rosso,8401.59,33.733733733733736,False
24665,Nardi Casale 08 Bosco Brunel,33643.98,31.046802429439087,False
24666,Salviano Orvieto 13 Clsco,9675.89,35.043804755944926,False
24668,Darioush Merlot Napa Valley,2099.65,31.0385064177363,False
24669,Darioush Cab Franc Napa Vly,1439.76,35.072512085347554,False
24670,Freemark Abbey Cab Svgn Ruth,5249.25,31.975996570938705,False
24671,Palacios Bolo Godello Valdeo,1245.11,31.52251608291636,False
24672,Bolla Merlot,4383.84,38.801598598488994,False
24673,Bolla Pinot Grigio,23926.8,35.59021682799204,False
24678,Olivier Chanzy Chard VdFranc,1693.87,34.623082054703126,False
24684,F Coppola Vendetta Cab/Malbc,4593.04,33.728423876125625,False
24685,Calera Central Chard,155.88,,False
24686,Barco Negro Douro,43297.81,31.038798498122656,False
24691,Ch Vignot 09 St Emilion Gr C,2291.63,36.27287127503132,False
24692,Calmel & Joseph Chard,2432.69,-15.517801281708726,False
24694,Cormons Schioppettino,363.72,31.02386451116243,False
24696,Black Stallion 10 Trans Cab,269.98,,False
24697,Schmitt Sohne Relax Pink Ros,39816.72,37.26856456282687,False
24699,Alfred Gratien Champagne Bru,7568.39,33.90575802779719,False
24700,Cavas Hill 1887 Brut Cava,1724.74,38.34201096976937,False
24701,Gratien & Meyer Cremant Brut,1399.1,34.38639125151884,False
24703,Kenwood J London Cab Svgn,19432.84,51.088569658372116,False
24704,Kenwood Chard Sonoma,6248.46,29.602494054535033,False
24705,Kenwood Merlot Sonoma,3328.63,44.178836338073026,False
24706,Kenwood J London Znfdl,8419.15,41.741149640997016,False
24710,Onix Classic Priorat,239.88,32.86643321660831,False
24712,Ennuk Red Terra Alta,265.86,35.49236440231701,False
24714,La Perla Rioja Blanca,107.91,31.025854879065896,False
24715,Banfi Summus Tuscany Red,2902.52,34.727064757521056,False
24717,Merum Monastrell Jumilla,455.62,33.778148457047536,False
24720,Tenuta Sette Ponti Crognolo,1091.61,33.762057877813504,False
24722,Feudo Saia Nero d'Avola 13,1285.55,32.89642565438916,False
24723,Tenuta di Biserno Il Pino,779.87,31.038506417736293,False
24724,Nozzole La Forra Chianti Gra,480.87,31.494998648283318,False
24725,Nozzole Vineto Il Pareto,1322.79,35.069058580727095,False
24727,Nardi Brunllo d Montlcino 10,2649.5,34.21400264200793,False
24728,Nardi Rosso di Montalcino 13,1319.4,31.514324693042294,False
24731,Masi Rsvra di Costasera Amar,1679.72,,False
24732,Masi Serego Alighieri Vaio A,1763.72,34.640419114145104,False
24734,Dom Piquemal Cotes du Roussi,359.76,31.02068045363576,False
24736,Dumangin Champagne Cuvee 17,11809.99,32.051932304769096,False
24751,Lugny Macon Vllgs Vielle Rsv,191.88,32.89555972482802,False
24752,A Bichot Petit Chablis,8693.33,33.815350389321466,False
24753,Girl & Dragon Cab Svgn,23646.78,31.97906860891842,False
24754,Girl & Dragon Malbec,643.54,32.451751250893494,False
24755,Sokol Blosser Evolution Pnt,16640.67,42.279547638406385,False
24757,Domain Drouhin Pnt Nr Ore,9069.84,37.00881162181472,False
24759,Sokol Blosser Evolution Sprk,4551.97,16.886754526062347,False
24766,Tenshen Red,13446.03,31.487658438959304,False
24768,Vinsacro Rioja,35865.57,31.519699812382747,False
24769,Bellefleur Malbec Brut Rose,119.96,31.043681227075687,False
24771,Les Darons Lang J Carrel Rou,37089.97,34.55378907019877,False
24772,3 Ball Znfdl,14312.4,34.973868813057216,False
24773,Actum Sinister,8.99,32.92547274749722,False
24774,J Bouchon Canto Norte,2857.8,35.488837567359504,False
24775,J Bouchon Canto Sur,3520.29,31.48575827559661,False
24776,Amayna Chard,51.98,31.050404001539043,False
24777,Mayu Svgn Bl,1221.06,33.33333333333333,False
24778,Rocca Delle Macie Chianti C,31364.1,35.02954014302976,False
24779,Straccali Chianti,113039.15,35.950155322293206,False
24782,Casa Silva Los Lingues Cab S,9961.77,31.519699812382747,False
24783,Bagordi Crianza Rioja,0.0,,False
24784,Roncolato Pnt Grigio Veneto,428.58,31.009379812403747,False
24786,Opus One 12,158963.61,35.79192747321227,False
24787,Rodney Strong Chard Sonoma C,21769.11,35.06753376688344,False
24788,Gentleman's Collection Cab S,33807.96,38.39379838357594,False
24789,Gentleman's Collection Red,0.0,,False
24790,Ridge Monte Bello 12,1520.91,,False
24791,St Mayhem Red Coffee & Peppe,367.84,32.44889082209656,False
24792,St Mayhem Wh Peach & Ginger,643.72,32.88386254893433,False
24793,Canyon Oaks Pink Moscato,71.88,33.72287145242069,False
24798,The Pinot Project Pnt Nr,16918.53,38.23423193386186,False
24799,The Chard Project Chard,3980.06,36.84266066340708,False
24800,The Pinot Project Pnt Grigio,2025.57,27.14347072675839,False
24804,Whitehall Lane Cab Svgn Leon,409.95,33.77241126966703,False
24805,Menage a Trois Silk Soft Red,133363.09,38.49989528586957,False
24808,Buenas Tempranillo,252.77,33.75796178343949,False
24812,Tortoise Creek Cal Pnt Nr,1805.61,32.409545804464976,False
24813,Looking Glass Cab Svgn,39.48,31.0030395136778,False
24816,Looking Glass Wh Znfdl,39.48,31.0030395136778,False
24817,Mirassou Pnt Nr,13309.62,27.362313875227102,False
24818,Rancho Zabaco Monte Rsso Znf,5740.72,17.866748421800754,False
24819,Brancaia Blu Rosso Toscana,1649.78,35.48473129750633,False
24820,Ch Bourbon La Chapelle Medoc,0.0,,False
24825,Anakota 11 Helena Montana CS,1919.76,32.42905363170397,False
24826,J Phelps Insignia 2012,23198.84,33.33166658332916,False
24827,J Phelps Insignia 2012,3599.91,32.433310832770815,False
24829,Cecchi Chianti Classico,133815.98,35.276743480113524,False
24837,Wycliff Brut,52200.39,31.4629258517034,False
24840,Honig Svgn Bl Napa,81443.11,45.18976497827748,False
24841,Porta 6 Red,11927.97,35.66038479305364,False
24842,Jacobs Crk Shrz/Cab Svgn,30202.93,33.83953146267598,False
24844,Mureda Tempranillo Organic,1312.54,19.021134593993317,False
24845,Mureda Svgn Bl Organic,530.41,16.796440489432687,False
24846,Franciscan Merlot Napa,56537.7,36.51581157351643,False
24847,Mureda Cab Svgn Organic,1339.51,16.240266963292544,False
24853,Cantine Cantena Fiano Avelno,322.83,31.49025803054239,False
24854,Contramalini Valpo Clsco,0.0,,False
24856,Cantine Cantena Taurasi,359.88,31.04368122707569,False
24857,Ch du Parc Brdx Rouge,1207.99,29.015140853815012,False
24858,Ch Plaisance Cuvee Alix Roug,4290.11,31.760024801228866,False
24860,Mystos Longboard Vyd 13 Pnt,4179.24,35.47917803236953,False
24863,Double Canyon Heaven H Cab S,5469.72,31.054606085869118,False
24866,Villa Maria Pnt Nr Private B,609.61,37.36815340955694,False
24868,Ch St Sulpice Brdx Blanc,6746.08,34.35950952256718,False
24872,Soter Vyds Brut Rose,2319.6,33.781686497672005,False
24873,Fontana Candida Pinot Grigi,125.86,33.37041156840934,False
24874,Benziger Merlot,11044.97,35.08520168004077,False
24875,Glen Ellen Merlot RSV,164887.11,34.620886981401995,False
24876,Wine & Soul Manoela Douro,4046.02,35.64787124136805,False
24878,Fabre Montmayou Gr Vin Lujan,286.93,,False
24881,Monjardin El Cerezo Chard,1260.97,32.93813492787298,False
24882,Boones Strawberry Hill,1988.35,35.1170568561873,False
24883,Foz Arouce 11 Beira Atlantic,2830.46,32.47952629607908,False
24884,Muxagat Barroca Tinto Doura,967.52,,False
24885,Passadouro 12 Tinto Douro,4770.65,33.6411180866339,False
24886,Opici Lambrusco,120.89,,False
24887,Novelty Hill Svgn Bl,49500.45,31.931931931931928,False
24888,Armand de Brignac Brut Rose,9239.78,33.77461368127813,False
24895,Pomino Benefizio Bianco,2851.38,34.20308762774516,False
24896,Pomino Vinsanto,1529.66,31.96265836852634,False
24897,Carpineto Rosso di Montalcno,6489.6,30.066568047337288,False
24907,Bogle Old Vine Znfdl Cal,114241.84,38.38663662980219,False
24913,Smith & Sons Cab Svgn,137.94,31.491953023053497,False
24921,Appolo Vyds Seyval,715.52,30.232558139534877,False
24922,Appolo Vyds China Girl,901.4,30.308409141335694,False
24923,Sea Smoke Pinot Noir,674.95,33.77287206459738,False
24924,Sea Smoke Sea Spray Blanc,1242.34,30.86594652027625,False
24925,Immersion Red,94.95,33.75460768825698,False
24926,Herzog Kosher Znfdl,409.59,31.531531531531527,False
24928,Rive Droite Rive Gauche CDR,33361.89,31.479421579532808,False
24929,Corvo Nero d'Avola & Pnt Gr,5367.76,50.59093551127473,False
24930,L'Ecole No 41 Cab 12 Walla W,2966.31,34.21725982786694,False
24932,McGuigan Bin 3000 Merlot,0.0,,False
24933,Lancaster Est Cab Svgn,55146.21,35.0587646911728,False
24934,T-Vine Zinfandel Napa,82714.82,31.487658438959308,False
24935,T-Vine Grenache Napa,26727.17,33.755837224816545,False
24936,T-Vine Petite Sirah Napa,10822.78,35.490326884589734,False
24937,NH Winter Warmer Red,4459.95,34.648370497427095,False
24938,NH Barnett Hill Dry White,3757.65,33.771106941838646,False
24939,NH 1761 Walpole Rose,3266.28,31.4902580305424,False
24942,Ch Poujeaux Brdx Rouge,0.0,,False
24944,Sur de Los Andes Malbec Rsva,2086.84,31.517509727626457,False
24951,Jackhammer Pnt Nr,6097.06,-11.076814071044055,False
24952,Jackhammer Chard Monterey,8068.42,2.1667191346013297,False
24953,Chloe Prosecco,46386.85,37.10426554077287,False
24955,De Gregorio Rahana Chard DOC,0.0,,False
24963,Ch Messile Aubert Montgne St,4266.06,31.014097316962264,False
24964,Ch Jean de Gue Lalande de Po,3759.06,34.63365841460365,False
24965,Ch Haut Gravet Gr Chemin St,769.78,31.037439268362384,False
24966,Rastignac Pineau des Charent,167.88,34.66761972837741,False
24967,Terra d'Oro Ch Bl/Viognier,4975.85,32.44370308590492,False
24970,Hayes Ranch Red Blend,269.7,31.479421579532808,False
24971,Hugel Gentil White,16149.82,41.403433598640724,False
24975,Tenshen White,4605.44,34.63035019455252,False
24977,Spring Mountain Cab Svgn 10,1055.84,31.035005303833913,False
24980,Opici Homemade Barberone Bia,191.92,31.971654856190074,False
24981,Opici Homemade Barberone Red,0.0,,False
24982,Molly Dooker Girl on the Go,0.0,,False
24985,Bodega Zafado Malbec,35.96,31.47942157953281,False
24987,Rock Wall 12 Monte Rosso Znf,3159.21,35.05876469117279,False
24990,Turnbull Cab Svgn Oakvile 12,2309.67,33.776253750535794,False
24991,Ch Behere Courtin Pauillac,2654.55,31.513815901000175,False
24992,Buglioni L'Amarone,4289.22,34.2062193126023,False
24993,Tardieu Laurent Le Becs Fins,2221.83,31.964191679831483,False
24994,Couvent des Thorins Moulin,649.75,32.89726818006925,False
24995,Roth Est Svgn Bl Alex Vly,45355.39,31.726593024555626,False
24996,Lincourt Steel Chard,119730.15,31.53153153153153,False
24997,W Hill Merlot Napa,3159.91,43.325284580889964,False
24998,Royal Tokaji Mad Cuvee,3249.21,38.84975117028448,False
24999,Schramsberg Mirabelle B Rose,9408.24,31.140362065593557,False
25000,Schramsberg Blanc de Blancs,1049.85,,False
25001,Dom Fleurot-Larose Chass-Mon,223.96,33.77388819432042,False
25002,Presqu'ile Pnt Nr Snta Maria,599.85,,False
25003,Tenuta Sette Cieli Indaco,2159.55,31.964992706813927,False
25004,Tenuta Sette Cieli Yantra,725.67,33.788085493406086,False
25005,Volpaia Chianti Clsco,14320.04,35.07504168982768,False
25006,Volpaia Prelius Vermentino,944.37,,False
25007,St Supery Elu Meritage Red,3904.29,34.206219312602286,False
25008,St Supery Dollarhide Svgn Bl,1019.66,35.078359453151045,False
25009,St Supery Dollarhide Cab Svg,2719.66,34.21677709713714,False
25011,St Supery Rutherford Merlot,1871.52,34.64991023339318,False
25012,Virtu St Supery White Blend,879.56,31.965982991495746,False
25014,Dom Tabordet Pouilly Fume,3223.71,,False
25015,Ch Graves de Pez St Estephe,4738.42,31.977325775258425,False
25016,Roger et Didier Raimbault Rs,1649.34,,False
25017,Ch Tertre de Viaud C d Bourg,2841.63,31.94328607172644,False
25018,L'Enclos de Viaud Lalande Po,3148.95,31.043681227075687,False
25020,Ch de Pierreux Brouilly Rsv,1681.34,31.069266180546478,False
25021,Mark West Black Pnt Nr,90162.59,34.26710568097034,False
25027,KJ 12 Vintners Rsv Cab Svgn,1067.88,31.03719519047085,False
25030,Cardinale 12 Cab Svgn Napa,1499.94,39.189567582703305,False
25036,Albola Pinot Grigio,64481.99,32.397914518457014,False
25039,Sutter Home Svgn Bl,13275.57,44.36984626648799,False
25043,Bully Hill Goat Wh Semi-Dry,9643.8,39.289491694145454,False
25046,Bully Hill Love My Goat Rd,44356.8,40.94253868628937,False
25054,Jadot Clos Vougeot 13,2939.79,34.63818844203158,False
25055,Jadot Echezeaux 13,1799.9,35.06305905883661,False
25056,Jadot Gevrey Chambertin 13,2699.73,35.48354835483548,False
25057,Jadot Marsannay Clos Roy 13,1583.52,34.64686268566233,False
25058,Jadot Bourgogne Le Chapitre,1014.65,33.32183511555709,False
25060,Jadot Gevrey Chambertin 13,295.94,32.87152801243495,False
25061,Jadot Vosne Romanee 13,1319.78,32.88881480246708,False
25062,Jadot Nuit St George 13,603.88,30.608730211300255,False
25063,Jadot Savigny 13 Clos de Gue,2279.43,31.032758189547383,False
25064,Jadot Beaune Bressandes 13,1099.75,32.89383950897931,False
25065,Jadot Beaune Clos des Ursule,468.93,,False
25066,Jadot Beaune Les Cent Vignes,1079.76,,False
25067,Jadot Pommard 13 Clos Commar,839.86,,False
25068,Jadot Volnay Santenots 13,519.92,,False
25069,Jadot Cote de Beaune Vlgs 13,1979.34,32.44414804934978,False
25070,Jadot Savigny les Beaune 13,2169.38,32.437839382680764,False
25071,Jadot Pommard 13,158.97,31.968295904887718,False
25072,Mastroberardino Radici Taura,934.83,31.969448990725596,False
25076,Jadot Monthelie 13 Sous Roch,1224.65,32.89511288939697,False
25077,Jadot Mercurey 13,1919.36,34.64488162720906,False
25078,Jadot Savigny Bl Clos de Gue,1119.72,34.633658414603644,False
25082,Jadot Bouzeron 13,1605.27,32.42382901318781,False
25083,Jadot Rully 13,1117.57,34.20546363986148,False
25084,Calera Ctrl Coast Pnt Nr,3221.84,36.056414967844454,False
25085,Jadot Marsannay 13,1259.58,33.34444814938313,False
25086,Jadot Pernand Vergelesses 13,2087.42,31.03639899972215,False
25089,Jadot Saint Aubin 13,797.79,31.034482758620697,False
25090,Jadot Ch des Jacques Fleurie,2155.02,32.42382901318781,False
25091,Jadot Ch des Jacques La Roch,767.76,31.04095029696781,False
25104,Nickel&Nickel Truchard Chard,1785.62,34.220046818472014,False
25105,EnRoute Chard Brumaire RRV,6719.57,35.47563311342839,False
25106,Pulenta Est Gran Cab Franc,1405.62,,False
25107,Riglos Gran Corte Mendoza,419.9,,False
25108,Miner Cab Svgn Napa Vly,2399.5,,False
25109,Tomaiolo Toscana,11837.71,35.146240277891586,False
25112,Voss Svgn Blanc Napa Vly,14.99,32.88859239492995,False
25113,Keller Est 13 Cruz Vyd Chard,1109.7,31.494998648283318,False
25117,Zuccardi Q Malbec,1639.18,35.067533766883436,False
25118,Foxglove Cab Svgn,614.59,31.487658438959308,False
25119,Foxglove Znfdl,359.76,32.421614409606406,False
25120,Foxglove Chard,524.65,35.09006004002668,False
25122,Kumeu River Village Chard,1295.28,,False
25124,Jadot Burgundy Hills Wh 14,38574.9,35.03184713375797,False
25125,Zorvino Vyds Mango Magnifico,16224.51,31.545236188951158,False
25126,Zorvino Vyds Peachez,15494.49,33.73373373373373,False
25130,Stratus Cab Franc VQA,2219.26,31.0436812270757,False
25133,Vendange Chard,153.78,33.33333333333333,False
25137,Nicole Chanrion Cote de Brou,2392.67,31.96220122290161,False
25138,Terlatto & Chapoutier Shiraz,60869.55,31.015507753876946,False
25139,Chigard Fleurie Les Moriers,3418.29,31.96598299149575,False
25140,Nicole Chanrion Cote de Brou,2548.98,33.7735094037615,False
25141,The Federalist 1776 Zinfande,22478.59,34.16370866678026,False
25142,Brewer-Clifton Machado Pnt N,364.95,,False
25143,Brewer-Clifton 3D Chardonnay,179.97,,False
25145,Brewer-Clifton Sta. Rita Cha,1119.68,,False
25146,Barefoot Cellars Winter Red,6105.9,36.7071193435857,False
25147,Zinzilla Zinfandel,7419.51,36.36506993049407,False
25148,McNab Ridge Petite Sirah,467.74,32.907170650361316,False
25150,McNab Ridge Cab Svgn,53.97,34.18565869927738,False
25151,Fred's Red Mendocino County,197.82,31.48316651501365,False
25153,Veuve du Vernay Sparkling Ro,191.52,34.335839598997495,False
25154,Vina Cobos Cocodrilo Corte,1874.25,31.97278911564626,False
25156,Champagne Malard Grand Cru B,1149.77,34.20684136827365,False
25157,M Lynch Bordeaux Blanc Grave,3858.45,32.12689033160984,False
25158,M Lynch Bordeaux Rouge Medoc,7370.09,32.979651537498185,False
25159,L'Eglise Saint-Hilaire Borde,2166.14,32.25091637659616,False
25160,Cinq les Pattes Bordeaux Bla,1266.92,33.59328134373125,False
25161,Baron La Rose Bordeaux Blanc,1988.11,24.99358687396572,False
25162,D.des Senechaux CdP,7748.45,34.20684136827366,False
25163,Colavita Pnt Nr,51731.33,35.07014028056112,False
25171,Gardacho Garnacha,383.76,33.771106941838646,False
25176,Casas Del Bosque Sauv Bl,740.6,34.21550094517959,False
25177,Newhall Farm Ice Cider,32.99,,False
25179,Grahams 1977 Vintage Port,2155.89,33.77723353232308,False
25180,Grahams 1983 Vintage Port,699.93,,False
25181,Grahams 2000 Vintage Port,7295.24,32.88884258776956,False
25182,Grahams 2000 Vintage Port,1839.6,,False
25183,Brewer-Clifton Sta. Rita Pnt,2690.31,,False
25184,Riglos Gran Cab Svgn,1849.26,31.052420968387356,False
25185,Black Pearl Oro,8298.96,25.665866566413133,False
25186,Jadot Ch d Jacques Morgon 11,8040.81,33.333333333333336,False
25187,Ch Bruni Brdx Superieur,5462.19,33.69088222855667,False
25188,Ch Les Granges Brdx,3399.37,34.220752668876884,False
25190,Sixto Chardonnay,5974.34,34.64851347596555,False
25191,Cousino Macul Cab Svgn,445.64,40.786284893636115,False
25192,K Vintners The Klein,149.98,34.64461928257101,False
25194,Ch Beaulieu Lalande de Pomer,5572.72,32.430841671571514,False
25195,Ch Brane-Cantenac Margaux 01,8579.22,35.06682425675061,False
25196,La Pommeraie de Brown Pessac,1007.64,33.76205787781351,False
25197,Ch La Rousseliere St Estephe,36747.55,33.77558503900261,False
25198,Ch Fombrauge Le Cadran de Fo,5209.07,34.197851055946636,False
25199,Le Prelat CdR Blanc,2277.29,37.07520781279502,False
25200,Le Prelat CdR Rouge,5406.97,34.55965170881289,False
25201,Ch Croix de Jaugue St Emilio,6589.53,34.64981569246971,False
25202,Rosenblum R Sauret Zinfandel,66508.53,31.94328607172643,False
25203,Aveleda Follies,3429.36,31.48575827559662,False
25204,Ch Rollan de By Medoc,5197.92,31.97278911564626,False
25205,Silverado GEO Cab Svg,437.94,35.059597205096594,False
25206,Quinta do Noval 2013 Port,3599.6,32.43693743749305,False
25210,Siduri Pnt Nr Williamette Vy,28408.19,30.581004984830074,False
25211,Ch de Carles Brdx,48192.9,34.64203233256351,False
25212,Mionetto Prosecco Extra Dry,38763.13,12.356355124057318,False
25216,Castello D'Alba Vinho Tinta,8209.0,-11.90766232184188,False
25220,Castelo do Sulco Tinto Rsva,311.78,28.52011033421001,False
25221,Gnarly Head OV Zinfandel,119.88,31.031031031031038,False
25222,G Ferrer Etesian Pnt Nr Rose,755.46,35.45389563974268,False
25224,G Ferrer Etesian Pnt Nr,15.99,32.457786116322694,False
25225,Ch Montelena Cab Svgn 2006,2029.86,33.774743085730044,False
25226,Il Molino di Grace Chianti C,3181.26,33.33333333333333,False
25228,D Guillot Broux Bourgogne,753.74,35.494998275267335,False
25229,D Guillot Broux Blanc Les Ge,492.83,32.42497412901001,False
25236,Horseshoes & Handgrenades Re,12184.37,23.35163820534012,False
25244,M Sullberg Cab Svgn,208.81,35.031847133757964,False
25246,M Sullberg Chard,65.94,35.48680618744313,False
25250,TJ Lot #45 Zinfandel Tilting,167.88,33.30950679056468,False
25252,Hauts de Smith Rouge P-Le 12,3868.71,35.47849283094365,False
25253,Ch du Levant Sauternes,2958.15,34.20888055034397,False
25254,Ch des Perligues Graves,2770.79,32.68201487662365,False
25255,Calera Ctrl Coast Chard,5301.33,36.23826473733949,False
25256,Ch St Louis Vieux Galvesse L,5266.9,34.66745144202471,False
25257,Ch Boston Margaux,6454.87,31.46244618404398,False
25258,Ch Maine d'Arman Cote Bourg,3867.04,28.743431668666474,False
25259,Ch Martinon Brdx Rouge,3637.69,35.48680618744313,False
25260,Lavergne Brdx Rouge,9867.65,35.043804755944926,False
25262,Ziobaffa Organic Tuscan Red,1364.09,31.487658438959308,False
25264,Pommery Falltime Extra Dry C,15952.09,36.77856631952302,False
25265,Brittan Vyds Chard Wlmete Vy,3912.09,32.42614561525936,False
25268,Cantine Maschio Sparkling Ro,727.44,35.02694380292534,False
25269,R Mondavi Cab Svgn Pvt Sel,188333.86,44.91340006518211,False
25270,Cantine Maschio Sparkling Ro,568.5,35.09234828496042,False
25273,Kir-Yianni Paranga VdP Maced,209.86,32.4216144096064,False
25275,Zoe Red by D Skouras,299.75,32.443703085904914,False
25279,Pommery Cuvee Louise 2002,2624.79,35.48283862709016,False
25280,Menage a Trois Merlot,155.88,33.33333333333333,False
25281,Ransom Dry Vermouth,12185.55,31.612442606201608,False
25282,Ransom Sweet Vermouth,14312.42,33.85171759912021,False
25283,Ransom Selection Pnt Nr,6497.4,33.33333333333333,False
25284,Merryvale Cab Svgn,42652.81,31.037439268362395,False
25285,A Bichot St-Amour Champlette,6804.39,33.735573651716024,False
25286,A Bichot Morgon Les Charmes,9209.12,32.012613583056805,False
25287,A Bichot Fixin Pnt Nr,2831.03,,False
25288,A Bichot Ch Gris Nuits 13 Ge,1119.86,34.21677709713714,False
25289,Notre Dame Cousignac Vent 14,36201.21,33.33333333333333,False
25290,Notre Dame Cousignac CdR 13,54815.13,31.031031031031027,False
25291,Notre Dame Cousignac 13 Gigo,34792.66,31.017231795441923,False
25292,Ch Grand Renom Brdx Bl 14,14807.65,32.860717264386984,False
25293,Croft Reserve Tawny,719.64,35.46773386693346,False
25295,Stark Conde Cab Svgn,39520.44,31.031031031031038,False
25301,Barrique Pnt Nr,169.9,31.489111241907004,False
25302,Barrique Chard,1036.39,34.66745144202473,False
25304,Cyprus Pnt Nr,139.96,31.98056587596456,False
25305,Cyprus Chard,549.78,34.21368547418967,False
25306,Cyprus Cab Svgn,34.99,35.49585595884538,False
25310,A la Carte White,374.75,35.090060040026685,False
25317,Grammercy Cellars Cab Svgn,799.84,34.64692938587717,False
25319,Ch Deux Rocs Premices Red,1948.5,33.795227097767516,False
25321,Capeside Cellars Svgn Blanc,19.47,33.28197226502311,False
25324,Gran Moraine Y-C Pnt Nr Oreg,113.97,35.0618583837852,False
25325,Gran Moraine Y-C Chard OR,36.99,31.494998648283325,False
25327,Siduri Pnt Nr RRV,1104.61,30.799105566670576,False
25333,Garda Pinot Grigio,2463.26,35.483870967741936,False
25334,Masseria Prosecco,959.04,31.53153153153153,False
25335,George Wine Co Pnt Nr Sonoma,3035.54,34.21730565237157,False
25337,Ch Francs Brdx CdFrancs,12317.75,34.19658622719247,False
25338,Ch Chantelune Margaux,4199.16,35.06701340268054,False
25339,Le Haut Medoc de Lascombes,5283.49,34.20977422120606,False
25340,Dom La Soumade Rast Prestige,2124.15,,False
25341,Bollinger R.D. 2002,3359.88,33.7762062930819,False
25348,Merlo Family Vyds Pnt Nr,431.76,34.18565869927738,False
25349,Merlo Family Vyds Chard,0.0,,False
25351,Cusumano Merlot,307.78,31.52251608291636,False
25352,Cecchi Chianti DOCG,15899.24,-13.157861633637847,False
25353,Calmel & Joseph CdRoussillon,3973.16,31.52251608291637,False
25354,Calmel & Joseph Terra Larzac,2478.76,32.41620810405203,False
25355,Bench Chardonnay,43.98,31.96907685311504,False
25356,Bench Pnt Nr,1363.38,35.47066848567532,False
25357,Bench Cab Svgn,571.74,31.014097316962253,False
25358,Honig Late Harvest Svgn Bl,0.0,,False
25360,Honig Cab Svgn,799.9,33.77922240280034,False
25361,Honig Cab Svgn,459.77,31.965982991495746,False
25364,Cyrus Alexander Vly,1199.88,34.643464346434655,False
25365,Alexander Vly Vyds Sin Znfdl,77.98,31.982559630674533,False
25367,Alexander Vly Vyds Merlot,116.97,31.033598358553473,False
25371,Alexander Vly Vyds Cab Svgn,99.9,31.53153153153153,False
25373,Sella & Mosca RSV Cannonau,50443.77,39.806204016868676,False
25374,Fratelli Urciuolo Fiano,575.28,35.04380475594493,False
25375,Sella & Mosca Vermentino Ca,9020.97,33.33333333333333,False
25376,Artesa Rsv Pnt Nr,2858.68,-16.91549946128984,False
25378,Fratelli Urciuolo Greco di T,791.01,32.41551939924906,False
25381,Selbach-Oster Riesling,1512.11,31.489111241906997,False
25382,Drouhin Laforet Red Bourgog,4371.57,31.962201222901605,False
25383,Von Winning Riesling Pfalz,2680.52,29.658424484801454,False
25386,Champagne Pommerey 04 Gr Cru,14797.04,33.76675335067014,False
25387,G Vigouroux L Comtes Cahours,37772.19,32.932932932932935,False
25389,Agiorgitiko Argilos Nemea,179.88,34.2228152101401,False
25390,Xinomavro Naoussa Young Vine,191.88,35.08442776735459,False
25401,Assyrtiko-Athiri Atlantis,191.88,33.771106941838646,False
25406,Moschofilero Mantinia Spirop,0.0,,False
25411,Artesa Rsv Chard,2724.72,-22.93960480342936,False
25414,Falesco Tellus Cab Svgn IGT,923.16,31.48316651501365,False
25415,Schlosskellerei Gobelsburg,5124.79,43.12586466957671,False
25416,Gaston Chiquet Trad Brut 1er,10333.36,30.50856642950599,False
25417,Kunde Cab Svgn Sonoma Valley,15061.93,45.17462237575132,False
25418,Malamatina Retsina,4967.55,30.76768225785347,False
25419,Kunde Chard Sonoma Valley,51729.74,43.619318403688084,False
25421,Pol Roger 06 Brut Vintage Ro,6071.31,,False
25422,Conde de Valdemar Cosecha,63.92,,False
25423,Pol Roger 02 Sir W Churchill,10386.53,31.508213041314082,False
25425,La Scolca Black Label Gavi,431.88,31.036398999722138,False
25426,Fattoire Barbi 13 MdScansano,1619.19,33.31665832916458,False
25427,Fattoire Barbi 10 Brunello,6424.47,34.22243391283638,False
25428,Luigi Bosca Los Miradores Ma,1033.62,29.045490605831926,False
25429,Ch Pesquie Quint Ventoux Red,263.88,35.470668485675304,False
25430,Schlink Haus Auslese,359.73,37.10282712034025,False
25431,Schlink Haus Kabinett,659.4,35.48680618744313,False
25432,Schlink Haus Spatlese,137.88,31.070496083550918,False
25444,Calera Mt Harlan Chard,1784.55,29.192233336135164,False
25445,Maynard's 10 Yr Tawny Port,9615.19,32.41620810405203,False
25448,Taylor Fladgate 30 yr Tawny,2419.78,35.485044094917725,False
25449,San Guido Sassacaia,1049.97,33.77525072144918,False
25457,GH Mumm Cordon Rouge,472.49,34.63988655844568,False
25458,Seven Hills Cab Svgn Columbi,2344.98,34.623749456285346,False
25459,Seven Hills Merlot Seven Hil,1022.69,35.07123370718399,False
25461,Piper Heidsieck Rare 2002,449.97,,False
25462,Buehler Estate Cab Svgn Napa,4271.69,36.30460075520461,False
25464,Eden Rose Cider Keg,502.98,35.06302437472663,False
25465,Benziger Tribute Estate Red,5639.06,33.33888981496916,False
25466,Zonin Prosecco,275.77,34.612176814011676,False
25467,Schug Cab Svgn,4523.19,31.052420968387345,False
25468,Run Riot Pnt Nr,53.97,36.18677042801557,False
25478,Estro d Piona Sparkling Rose,449.75,32.40689271817676,False
25480,Boyle MacDonald Cab Svgn Nap,11497.74,34.642460170433495,False
25481,Angela Yamhill-Carlton Pnt N,1072.71,35.063530683968644,False
25482,J. Ordonez Victoria Moscatel,2413.39,33.755837224816545,False
25484,Finca Sandoval Tinto Manchue,5343.03,33.35186214563646,False
25493,Lunadoro Toscana Memoria IGT,399.75,33.771106941838646,False
25494,Avante Mencia 09 Castilla Y,0.0,,False
25496,Sierra Cantabria Unica Rsv 0,6008.66,31.962201222901616,False
25497,Triga Alicante Tinto 11,4077.96,35.06753376688344,False
25499,KJ Est Cab Hawkeye Mtn,299.94,32.42648529705941,False
25500,KJ Est Chard Santa Maria Vly,167.94,33.762057877813504,False
25502,Bouchaine Pnt Nr W Lindsay V,16943.22,31.97278911564626,False
25503,Bouchaine Terraces Vyd Pnt N,17368.05,34.653861544617854,False
25504,Renwood Clarion Red,60785.69,32.84804367606916,False
25505,B Doon Not Drinking Any Merl,54035.91,33.733733733733736,False
25506,B Doon The Heart Has Rieslin,27493.59,34.668335419274094,False
25507,Masi Frescaripa Bardolino Cl,1546.71,31.943286071726433,False
25508,Sbragia Zin Ginos Vyd- Dry C,32597.88,31.96220122290161,False
25509,Lockwood Pnt Nr,26806.45,33.29161451814768,False
25510,K Volk Pnt Nr San Benito,46316.61,31.490258030542396,False
25511,Schug Chard Carneros,72715.58,32.40689271817676,False
25512,Sbragia Cab Svgn Monte Rosse,2437.47,32.87671232876711,False
25513,Elvio Cogno Dolcetto D'Alba,2198.9,31.015507753876946,False
25514,Elvio Cogno Barolo Cascina N,9034.2,32.695756126718464,False
25515,Bootstrap Red,19463.64,31.53942428035044,False
25517,Match Book Lake Cnty Cab Svg,16366.09,10.172435810874813,False
25519,R.Mondavi PS Bourbon Barrel,28901.25,21.275031356775226,False
25520,Nobilo Chard,18168.33,37.641984706354414,False
25521,Z Alexander Brown Uncaged Pn,33757.6,14.40149773680593,False
25522,Sutter Home Clsc Cab Svgn,44925.0,31.5525876460768,False
25523,Z Alexander Brown Uncage Red,179.88,34.2228152101401,False
25524,Z Alexander Brown Uncaged Ca,45340.04,12.512119530551805,False
25526,Frescobaldi Massovivo Vermen,1253.34,31.016324381253284,False
25527,Masi Mazzano Amarone 03,4199.72,32.43549569971332,False
25528,Masi Campo Torbe Amarone 00,3719.69,33.7778148179015,False
25531,BR Cohn Silver Cab Svgn Snm,50490.92,25.21934636960467,False
25532,BR Cohn Olive Hill Cab Svgn,99.98,33.32666533306662,False
25535,Ch de Reynaud Cotes du Bourg,4367.7,35.49236440231701,False
25537,R Stemmler 13 Pnt Nr,47045.31,32.90170688640376,False
25538,St Clement Svgn Bl,37001.14,31.025854879065896,False
25539,Three Knights Svgn Bl,54954.99,29.029029029029036,False
25540,Richard Grant Cuvee Rose Brt,56883.34,32.451751250893494,False
25541,Masi Bonacosta Valpolicella,2863.22,35.0584307178631,False
25542,Dom des Chasseignes Sancerre,119.94,32.416208104052025,False
25544,Tilia Bonarda Mendoza,8553.93,25.09197526750862,False
25545,Miolo  Lote 43,359.88,35.07835945315105,False
25548,Miolo Chardonnay,149.9,32.88859239492995,False
25549,Alisios Pinot Grigio,119.88,33.33333333333333,False
25550,Alisios Tempranillo Touriga,389.61,33.733733733733736,False
25553,Billecart-Salmon Blanc de Bl,2735.62,34.643700513960276,False
25554,Brotte Espirit CdR,42674.68,-14.199989314506874,False
25555,Brotte Optimum Chat du Pape,9197.7,31.507876969242314,False
25557,Kenwood Cab Svgn Sonoma,16100.75,37.61160194400882,False
25559,Marquis de la Tour Brut,29.94,34.669338677354716,False
25560,Piledriver Red Blend 13,47212.89,30.9776207302709,False
25561,Stateland Cellars Cab Svgn 1,39424.55,28.553908668583418,False
25562,Elvio Cogno Barolo Ravera,8328.81,34.63351907415345,False
25563,Elvio Cogno Barbera D'Alba B,5971.19,34.64686268566232,False
25564,Elvio Cogno Barolo Vignaelen,3499.65,32.88328832883289,False
25565,Black Box Pnt Nr,6931.32,17.69879330344004,False
25566,Quivira 12 Znfdl Dry Creek V,7040.58,32.40954580446498,False
25567,Saddleback Clrs 11 Cab Svgn,41181.16,35.06185838378521,False
25568,Shooting Star 12 Barbera Cnt,11225.95,35.04380475594493,False
25569,Steele 10 Pnt Nr Sangiacomo,22721.79,34.64665415884929,False
25570,Steele Wines Scarlet Lake Cn,28085.82,32.47496423462089,False
25572,Vineyards Found 14 Chard Nap,22020.31,35.490326884589734,False
25573,Louis Latour 12 Bourgogne Ga,25370.84,31.526271893244367,False
25574,Simmonet-Febvre 12 Bourgogne,3381.18,31.94328607172644,False
25575,Louis Latour 14 St Veran Bla,28110.42,32.89555972482801,False
25576,Simmonet-Febvre Cremant de B,18019.12,34.6676197283774,False
25577,Parducci 13 True Grit Cab Sv,76133.58,32.45175125089351,False
25578,Parducci 13 True Grit Chard,24927.81,34.18013856812933,False
25581,BV Coastal Estate Merlot,15790.38,32.266734556103145,False
25584,Rex Hill Seven Soils Chard,8894.29,-28.332784291944584,False
25585,Rex Hill Williamette Pnt Nr,3115.94,28.2887346996412,False
25586,Rex Hill Williamette Pnt Nr,831.81,34.620886981401995,False
25587,Geyser Peak Znfdl,26718.56,31.914893617021278,False
25588,High Valley Znfdl,55406.43,-44.69226766640624,False
25589,Dalliance Chardonnay,38671.29,33.733733733733736,False
25590,Cross Springs Pnt Nr Colusa,48887.62,34.260289210233594,False
25591,Sauska Aszu Essencia,1313.64,34.20115100027405,False
25592,Writer's Block 12 Lake Count,8851.14,34.63463463463463,False
25593,Virginia Dare Pnt Nr RRV,68.97,29.882557633753805,False
25594,Virginia Dare Chard Sonoma C,8055.36,27.158066182020413,False
25596,Kettmeir Muller Thurgau Alto,3798.1,33.31665832916458,False
25597,Kettmeir Pnt Grigio Alto Adi,3438.28,31.015507753876953,False
25602,Ramey Cab Svgn Pedregal Vyd,4559.76,35.065003421232696,False
25603,Verrazzano Chianti Clsc,44422.07,36.02234204754529,False
25604,Ramey Annum Cab Svgn Napa,2374.75,34.214127802926626,False
25605,Frog's Leap Petite Sirah,2204.37,31.037439268362395,False
25606,Hoopla Chardonnay,417.78,35.07109004739336,False
25607,Liparita Cab Svgv,1209.78,35.060920167303145,False
25608,Artesa Elements Cab Svgn,544.36,-49.78323168491439,False
25609,Wilson Winery Znfdl,6187.91,17.95501227393417,False
25614,Bodega Chacra Barda,49.98,32.89315726290516,False
25618,W Hill Est Bench Blend Napa,11481.94,5.479387629616593,False
25621,Forest Glen Cab Svgn Cal,5368.34,43.48793109229296,False
25622,Forest Glen Chard,8401.61,40.42963193959254,False
25623,Forest Glen Merlot Cal,2519.21,39.752541471334254,False
25625,Gran Pasas Monastrell,7650.04,34.32086629612394,False
25628,Marchesi Barolo Gavi de Gavi,296.81,28.9444425726896,False
25629,Marchesi Barolo Ruvei B Alba,179.9,31.96220122290161,False
25630,Marchesi di Barolo Barb DOCG,14178.3,13.248414831115142,False
25633,David Girard Vyds Syrah Okei,5997.0,32.416208104052025,False
25634,Trader Joe's Petit Rsv Znfdl,93.48,31.06546854942234,False
25637,Browne Family Vyds Cab Svgn,7402.02,30.07692494751433,False
25638,Browne Family Vyds Tribute R,6455.9,29.868802180950766,False
25640,Picket Fence Cab Svgn Alexan,11101.11,-19.28753070638881,False
25641,Fonseca Guimaraens Port,439.89,34.633658414603644,False
25643,Kunde Magnolia Lane Svgn Bl,8003.41,44.89211473609374,False
25645,Marchesi Di Barolo Zagara Mo,14755.91,8.545999535101535,False
25646,Marchesi Di Barolo Sbirolo N,227.88,34.649815692469716,False
25647,De Loach Russian River Chard,15708.66,28.75089281962942,False
25649,De Loach Chard Cal,38994.15,33.60696412154132,False
25650,Long Barn Chardonnay,22242.29,39.571015394547956,False
25651,Long Barn Pnt Nr,13.99,32.88062902072909,False
25652,Red Autumn Red,2869.66,39.821442261452574,False
25653,Ca'Momi Chard Rsv Napa,4408.53,34.21140380126709,False
25656,14 Hands Red Blend Stampede,25884.53,33.58098447219246,False
25658,Kir-Yianni Akakies Yianakoho,395.78,33.79655364091162,False
25676,NxNW Cab Svgn Columbia Vly,1799.25,31.513130471029594,False
25678,Ch Recougne Brdx Superieur,14122.96,17.21735386916056,False
25684,Jekel Pnt Nr Monterey,3405.76,-41.05280466034012,False
25688,Quinta dos Murcas Rsv Red Al,503.88,33.341271731364614,False
25689,Nisia 13 O V Verdejo Rueda,5609.76,32.92547274749722,False
25690,Cepa 21 Ribera Duero 06 Tnto,6746.25,35.07504168982768,False
25691,Tineta Avante 10 Tinto Fino,6846.77,33.30300272975432,False
25692,Carpineto Chianti Castldo 14,10795.7,30.472317682040078,False
25693,SCV Gold Hills Chard 12,15494.88,35.31489111241906,False
25694,Cornerstone Pnt Gris 13 Napa,13916.07,32.43243243243243,False
25695,Carpineto Molin Vecchio,479.8,33.34722801167153,False
25696,Bonny Doon Vin Gris de Cigar,47909.08,35.30245206127941,False
25697,Artesa Cab Svgn Estate Rsv,559.92,31.033004714959272,False
25698,Masi Tupungato Corbec,167.88,31.95139385275197,False
25699,Havens Merlot Napa 13,39440.27,35.46773386693346,False
25700,Resonance Pnt Nr,239.96,32.88881480246708,False
25701,Viberti Barolo Buon Padre,1055.76,32.89383950897931,False
25702,Ruca Malen Petit Verdot,227.88,31.964191679831494,False
25703,Murphy-Goode Svgn Bl,33438.0,36.52730426460913,False
25704,Murphy-Goode Chard Sonoma,38262.61,40.19312848757573,False
25705,Cornerstone WV Pnt Nr 11,28389.78,32.681126799855434,False
25706,North by Northwest Rose,29590.76,32.37402486451851,False
25707,Schramsberg Brut Rose,1577.59,39.653522144536915,False
25708,Schramsberg Blanc de Blancs,18592.94,40.53603141837708,False
25709,Hallowed Ground Proprtry Red,50800.23,32.457786116322694,False
25710,Edna Valley Paragon Pnt Grig,17312.78,0.5257387894953927,False
25711,Alexander Vly Vyd Cab Svgn,63030.82,39.51825472046849,False
25714,Grgich Hills Cab Svgn Napa,36684.4,41.45740423722346,False
25715,Grgich Hills Fume Bl Napa,15336.82,44.474017429949626,False
25716,Grgich Hills Chard Napa,56005.94,39.83709585090438,False
25718,Penfolds 08 Grange,3749.95,35.06446752623367,False
25723,Prophecy Pnt Nr,19144.19,38.02485244870636,False
25724,Storypoint Chardonnay,2154.23,32.45521601685986,False
25725,Prophecy Svgn Bl,30239.76,38.85665759252056,False
25726,La Marca Prosecco,1595.47,32.40800516462233,False
25727,Chappellet Cab Svgn Pritchrd,2449.86,34.21338362192125,False
25728,Chappellet Signature Cab Svg,50550.21,34.80994440972649,False
25729,Chappellet Mt Cuvee Napa,17754.08,35.47849283094365,False
25730,Chappellet Chard Napa,4558.48,35.47849283094364,False
25731,Sonoma Loeb Chard Sangiacomo,7816.6,31.013484123531974,False
25732,Sonoma Loeb Pnt Nr Dutton Ra,4690.62,31.038540747278603,False
25733,Regusci Est SLD Merlot,3665.22,35.47563311342839,False
25735,Hazana Vinas Viejas Rioja,6026.98,21.78869018977994,False
25736,Moulin de Gassac Guilhem Red,5696.87,31.539424280350442,False
25737,Mas De Daumas Gassac 15 Rose,5109.16,32.90717065036131,False
25738,Mas De Daumas Gassac Red 13,2355.38,34.21953145564623,False
25739,Stemmari Pnt Grigio,13846.81,31.596591561522107,False
25740,Oberon Chardonnay,5356.47,22.84974992859104,False
25741,Cesari Recioto Valpolicella,1279.68,35.483870967741936,False
25742,Jadot Combe Aux Jacques Bjls,0.0,,False
25745,Riojana Chard,89.88,30.97463284379172,False
25746,Riojana Malbec,179.76,33.77837116154873,False
25747,Riojana Cab Svgn,449.4,32.44325767690254,False
25748,Duca di Salaparuta Paso Mule,945.57,34.19736243747158,False
25749,Duca di Salaparuta Platino I,113.94,32.91205897840969,False
25750,Moulin Gassac Guilhm Rose 15,5840.69,31.03879849812265,False
25751,Riunite Peach Moscato,59.94,31.931931931931935,False
25753,Barefoot Refresh Summer Red,19839.17,33.29161451814768,False
25754,Barefoot Refresh Summer Whit,18936.3,35.043804755944926,False
25755,Peter Vella Moscato Sangria,119.92,33.755837224816545,False
25757,Stonehedge Meritage 13 Napa,21856.85,36.85091859073928,False
25758,Angels Landing Svgn Bl,461.72,35.47604608853851,False
25759,Angels Landing Pnt Nr Sonoma,79.96,32.8664332166083,False
25761,Tellus Chardonnay,1573.63,34.008629728716414,False
25765,Simi Cab Svgn Alexander Vly,367.98,34.20838089026578,False
25766,Simi Cab Svgn Alexander Vly,91.98,35.072841922157,False
25767,Franciscan Est Cab Svgn Napa,379.97,47.369529173355794,False
25768,Estancia Rsv Meritage Paso R,103.99,31.503029137417055,False
25769,R Mondavi Winery Cab Svgn Na,123.99,32.43003468021614,False
25770,Franciscan Est Cab Svgn Napa,2399.88,34.21171058552928,False
25771,Juve y Camps Sweet Rsva Spar,167.88,28.091493924231592,False
25773,Anima Negra Quibia,363.74,33.80986418870622,False
25774,Ch Tourril Panatella Red,2101.37,34.668335419274094,False
25776,Canvasback Red Mtn Cab Svgn,9552.55,32.88022569889714,False
25777,Ch Bonnet Red,7606.64,36.86358234384695,False
25778,Duckhorn Migration Pnt Nr RR,10468.17,34.63098134630982,False
25779,Ch Bonnet White Entre-Deux-,209.86,32.88859239492996,False
25781,The Crusher 12 Sugar Beet Rd,167.88,31.52251608291636,False
25785,The White Knight Prosecco,16.99,31.95997645673925,False
25789,Ch Pitot Brdx,5290.75,31.63067618012569,False
25790,Love Noir Pnt Nr,16781.38,12.455471480891326,False
25791,Girasole Pnt Nr,266.82,37.0586912525298,False
25792,Girasole Cab Svgn,277.8,35.49316054715622,False
25793,Girasole Chard,335.76,38.52751965689779,False
25794,Girasole Hybrid Red,584.56,40.61174216504722,False
25796,Grgich Hills Znfdl,10776.92,34.20977422120606,False
25797,GH Mumm Rose,24941.8,-24.602073627404604,False
25798,D. Cohn Cab Svgn Bellacosa,2672.01,31.97480548351242,False
25800,Acacia Winery Chard Carneros,287.88,31.513130471029594,False
25801,Acacia Winery Pnt Nr Carnero,447.84,32.86888174347981,False
25802,Dynamite Cab Svgn N Cst,26154.92,33.830116857554906,False
25807,Hoopes Oakville Cab Svgn,4139.31,34.63910651775296,False
25808,Edna Valley Chard,74889.73,32.71750345474606,False
25809,Hoopes Napa Cab Svgn,781.83,32.44183518156121,False
25810,La Croix Belle Champ du Coq,4360.15,31.034482758620683,False
25811,La Croix Belle No 7 Rose 15,4672.25,34.66745144202472,False
25812,Ch Rombeau Elise 11,3565.77,31.51969981238274,False
25813,Ch Rombeau L'Eleve 13,1438.8,31.02585487906589,False
25814,Ch Albajan Picpoul 15,2398.0,34.195162635529606,False
25815,Dom Souyris Le Chemin 14,987.24,32.409545804464976,False
25816,Les Hauts Calas Chinian 14,1478.52,31.531531531531538,False
25817,Guigal Chtnf du Pape,16391.81,36.42111517886066,False
25818,Fitou Rsv 14,2107.89,33.33333333333333,False
25819,Ch de Mattes Corbieres 13,1483.65,35.031847133757964,False
25820,La Roche Trouee Red 14,1079.1,32.86071726438698,False
25827,Angeline Cab Svgn California,18956.13,-21.764516280485516,False
25831,Dry Creek Chenin Blanc Dry,11332.41,41.6936909271726,False
25832,Dry Creek Fume Bl Sonoma,78827.57,39.99968538926165,False
25833,Ch Genins Brdx,3165.36,32.860717264386984,False
25834,Dry Creek Chard Sonoma Cnty,139.93,34.61730865432716,False
25837,Dry Creek Merlot,559.64,19.07654921020656,False
25838,Dry Creek Cab Svgn Sonoma,15493.28,37.76475994753854,False
25841,Ch La Roseraie Brdx,5806.53,31.94765204003079,False
25842,Ch Bois du Fil Brdx,179.88,34.2228152101401,False
25843,Ch Bois du Fil Brdx,5051.63,32.4216144096064,False
25844,Ch Chaigneau Brdx,8887.06,33.35186214563646,False
25846,Groth Svgn Bl Napa Valley,107613.5,37.8539867209969,False
25852,Dom Serene Rose,3208.19,31.97223356472029,False
25853,Purple Heart Red,8988.8,34.051263794944816,False
25857,Cline Merlot Sonoma Coast,19111.96,-20.386082850738493,False
25859,Handsome Devil Cab Svgn,373.66,31.938125568698815,False
25863,Locations OR Red,4534.11,35.47311379741558,False
25866,Le Cirque Rouge,2210.58,26.25645758126826,False
25867,D Cabirau CdRoussillon Rouge,1193.36,33.445062680163566,False
25868,Comm Bargemone d'Aix Blanc,2578.71,31.015507753876946,False
25870,Man Svgn Bl,35560.13,32.478762029272666,False
25875,Ruffino Rose Sparkling,18884.87,22.52681644088628,False
25876,The Dreaming Tree Svgn Bl,20708.52,21.533359216399827,False
25877,Ravage Cab Svgn,31992.61,20.234297858161618,False
25879,Firestone Santa Ynez Rsl,2070.02,38.30494391358537,False
25883,Honig Cab Svgn Napa,83399.58,33.27731386656863,False
25886,Storybook Mt Znfdl Mayacamas,4023.85,31.037439268362395,False
25887,Joel Gott Merlot,16844.76,12.125076284850595,False
25888,Neyers Vyd Pnt Nr Roberts Rd,2127.44,31.508291655698873,False
25890,Lila Rose 4 Pk Cans,65.94,33.75796178343949,False
25891,Lila Pnt Grigio 4 Pk Cans,1747.41,31.938125568698812,False
25892,Lila Svgn Bl 4 Pk Cans,2198.0,34.21292083712466,False
25893,MJ Candice Red 13 Roussillon,1571.57,35.03184713375796,False
25894,Deneufbourg White 14,1042.84,31.4794215795328,False
25895,JeanJean Terrasses Larzac 13,1105.21,32.88062902072909,False
25896,JeanJean Mas de Lunes 12,2286.57,33.33333333333333,False
25898,Alexana Willamette Chard,0.0,,False
25900,La Maldita Garnache Rioja,11030.05,15.716157225035229,False
25901,Cupcake Prosecco,17352.63,35.435435435435444,False
25904,Casal Garcia Sangria,7507.95,3.0108085429444813,False
25905,Miner Svgn Bl Napa,2164.86,31.4902580305424,False
25907,Hess Cab Svgn Shirtail Ranch,1043.28,34.23050379572119,False
25909,Merryvale Profile Napa,4994.73,31.03410995188929,False
25915,Hogue Cellars Chard Wash,1161.71,32.35747303543914,False
25917,Hogue Cellars WA Svgn Bl,1514.53,41.08469294104441,False
25918,Hogue Cellars Rsl Wash,7521.83,43.95034187159242,False
25919,Hogue Clrs Merlot Wash,632.39,43.28183557614763,False
25925,Bonny Doon Le Cigare Volant,1605.99,,False
25926,Outlier Pnt Nr,57.45,32.8981723237598,False
25930,Bieler Pere et Fils Rose,146.86,34.2230695900858,False
25932,Gabbiano Chianti Clsc,38258.67,38.37169457275958,False
25934,Gabbiano Chianti,54359.79,39.167995314183514,False
25935,Gabbiano Chianti Clsc RSV,54405.54,31.53153153153153,False
25936,Roscato Rose Dolce,9692.64,-11.96206606249691,False
25937,Cavit Select Red Blend,6526.31,-61.44590128265433,False
25940,Wine Cube Chard,135.92,34.19658622719246,False
25941,Wine Cube Cab Svgn,84.95,34.66745144202472,False
25958,DarkHorse Rose,6511.85,32.415519399249064,False
25963,Macrostie Carneros Chard,24807.36,40.84400758484579,False
25964,MacRostie Pnt Nr Sonoma Cst,16802.65,19.993870014551284,False
25966,Robert Sinskey Pnt Nr Carner,34848.23,33.27465986077341,False
25971,Zuccardi Q Cab Svgn,1059.47,32.41620810405203,False
25984,C Y Toro Casa Diablo Svgn Bl,21481.09,37.28865713983788,False
25985,C Y Toro Casa Diablo Merlot,11893.09,33.30530585407156,False
25988,Infamous Goose Svgn Bl,24404.22,19.04449312454978,False
25989,Antech Limoux Emotion Sprklg,1664.81,32.451751250893494,False
25990,Antech Limoux Brut,1618.65,32.44370308590492,False
25991,Vista Point Pnt Grigio/Col,251.28,34.95702005730659,False
25992,Murphy-Goode Cab Svgn Cal,41579.08,41.173397775996975,False
25993,Vista Point Merlot,125.64,30.94555873925501,False
25994,Rodney Strong Merlot Sonoma,67047.42,27.457313047989018,False
25995,Gallo Cafe Znfdl Cal,15163.07,35.30986798847462,False
25997,Vista Point Chard,310.61,34.0974212034384,False
26000,Vista Point Cab Svgn,209.4,33.810888252149,False
26003,Notorious Pink Grenache Rose,1205.33,35.464146748193436,False
26006,Clos De L'Obac 05 Priorat,4019.12,34.335874519795375,False
26008,Silver Palm Pnt Nr CC,417.78,35.07109004739336,False
26010,Byron Pnt Nr Nielson Vyd SMV,575.82,31.978743357299162,False
26012,Bodega Noemia D Patagonia 13,2873.85,31.052420968387352,False
26013,Toad Hollow Cab Svgn Lodi,14704.57,-3.0814229861872917,False
26016,Kuleto Native Son Napa Red,76175.55,32.45175125089351,False
26017,L'Excellence Blanc 2015,1658.34,31.531531531531527,False
26020,Hirsch Gruner Veltliner,1443.24,34.64981569246972,False
26021,Nigl Gruner Veltliner Freiht,1439.28,34.61730865432717,False
26024,Ch le Pape Pessac Leo Rouge,1907.47,33.3425951653237,False
26025,Ch Cru Godard Cd Brdx Rouge,3523.74,31.630597036103687,False
26026,Ch Capbern Gasqueton St Este,6000.93,35.08106243532252,False
26027,Ch Beauchene CdPape Blanc,2072.4,30.544296467863358,False
26028,Wines of Substance Cab Svgn,5467.19,32.823443121603596,False
26032,Ferrari Carano Prevail,89.99,32.43693743749305,False
26046,Dievole Chianti Classico,0.0,,False
26047,Tamellini Soave DOC,179.88,33.3555703802535,False
26049,Simonnet-Febvre Bourgogne Br,2323.45,34.62308205470313,False
26050,Henry Fessy Bjls Vlgs Crus d,548.39,34.260289210233594,False
26051,Ch des Labourons Fleurie Rou,1064.29,34.623082054703126,False
26052,Malabalia Canale Barbera D'A,0.0,,False
26058,Matua Rose Wine,6235.84,33.755837224816545,False
26061,Centonze Frappato Rosso Sici,2935.74,31.485758275596602,False
26062,Torres Garnacha 5G,1368.63,35.435435435435444,False
26063,Columbia Crest Red Grand Est,1834.17,15.293020821406959,False
26066,Bell'Agio Rosso Dolce,11774.48,7.916782736902181,False
26069,Sartori Bardolino Chiaretto,1151.28,33.771106941838646,False
26075,Intrinsic Cab Svgn,2838.58,32.8664332166083,False
26076,Earthshaker Svgn Bl/Semillon,129.86,34.02125365778531,False
26077,Ninety Cellars Lot 129 Znfdl,76.93,34.21292083712466,False
26078,Locations CA Red,3934.36,32.430179241350565,False
26080,Nickel & Nickel Stiling Vyd,1268.73,35.47563311342839,False
26081,Nickel & Nickel Merlot Harri,1322.79,32.878234640419116,False
26082,Casal Garcia Duoro Red,231.71,34.6683354192741,False
26084,Gravel Bar Cab Svgn Columbia,37.98,33.75460768825697,False
26085,Skyfall Cab Svgn,1367.28,31.964191679831487,False
26087,Ravage Knight Fall Dark Red,8249.12,33.36113427856548,False
26088,R Mondavi Maestro Red Napa V,15346.93,31.966393278655737,False
26089,Pietro Rinaldi di Como Dolce,407.76,34.19658622719247,False
26090,Pietro Rinaldi Monpiano Barb,719.64,32.416208104052025,False
26091,Pacific Rim Rsl,34934.78,31.885645193700938,False
26092,Blackstone Merlot Cal,174141.38,41.79098615159706,False
26093,Pietro Rinaldi Argante Nebbi,623.76,35.05194305502116,False
26098,Champy Brut Sonoma Cnty,17344.15,11.317072326980568,False
26102,Finca El Origen Rsva Malbec,623.52,31.485758275596602,False
26104,Spottswoode Cab Svgn Napa,9989.38,34.51425413789444,False
26105,Spottswoode Svgn Bl Napa Vly,6010.33,32.4256737982773,False
26134,Clos du Bois Znfdl Sonoma,16194.9,35.90760054091102,False
26142,Finca Valpiedra Rsv Rioja 08,359.9,35.06529591553208,False
26143,R Mondavi Pvt Sel Svgn Bl,35232.93,44.35773578864999,False
26145,Finca Montepedroso Verdejo,374.75,31.95463642428286,False
26146,Montelvini CabMerlot,221.99,31.974413261858647,False
26153,Paul Dolan Svgn Bl 14 Potter,35054.91,33.33333333333334,False
26156,Pino Pnt Nr Oregon,0.0,,False
26160,Eagle Glen Cab Svgn Napa Vly,6970.83,33.788085493406086,False
26163,Lindemans Cawarra Shiraz/Cab,3480.42,34.6182357301705,False
26166,Black Stallion Est Svgn B 15,7034.31,12.65810008373246,False
26167,KJ Jackson Est Cab Svgn Alex,449.82,31.492597038815518,False
26168,KJ Jackson Est Pnt Nr Anders,101.94,33.78457916421424,False
26169,Louis Latour 13 Pnt Nr Bourg,167.88,33.30950679056468,False
26175,Tom Gore Svgn Bl,8963.09,33.105882011672314,False
26181,Jaume Serra Cristalino Brut,150538.11,47.951618364279966,False
26183,Schucks North Cst Chard,14.99,34.2228152101401,False
26186,Binyamina Chard,1673.67,38.09592094020925,False
26187,Binyamina Cab Svgn,2280.32,25.88408644400786,False
26197,American Thread Pnt Nr,2350.32,32.880629020729096,False
26198,Chronic Cellars Pink Pedals,797.52,29.220583809810407,False
26199,Chronic Cellars Eunice X,653.63,32.12826828633937,False
26201,Our Daily Chard,8254.05,9.184582114234823,False
26203,Jas Des Vignes 15 Rose,179.88,34.62308205470313,False
26204,Dom de La Foret 15 Rose,374.75,33.3555703802535,False
26205,Memoires 15 Rose,179.88,33.3555703802535,False
26211,Compilation Cab Svgn,658.8,35.154826958105645,False
26219,Gloria Ferrer Carneros Chard,4102.63,34.549057555763014,False
26222,Jarvis Cab Svgn Rsv Napa,0.0,,False
26223,Jarvis Chard Finch Hollow Un,109.99,34.63951268297117,False
26224,Jarvis Chard Estate Napa,1919.68,32.88881480246708,False
26225,Jarvis Cab Svgn Napa,1169.91,35.48734518039849,False
26227,Jarvis Lake William Red Napa,1119.92,34.20958639902851,False
26233,Varner Chard El Camino,699.72,33.33333333333333,False
26234,Varner Pnt Nr Los Alamos,724.71,31.49259703881553,False
26235,Margaret's Chard,59.95,31.0258548790659,False
26236,Marques de Caceres Rose,46849.84,43.95677765388313,False
26238,Margaret's Cab Svgn,143.88,34.19516263552961,False
26239,Sokol Blosser Rose of Pnt Nr,15381.9,33.75460768825698,False
26240,Pomelo Rose,4939.88,32.44370308590492,False
26242,La Fleur d'Amelie Brdx Rose,4871.25,31.947652040030793,False
26243,A Proper Pink,4442.58,34.18013856812932,False
26246,Emphasis-Ktima Pavlidis-Syrh,221.94,33.765882670992156,False
26247,Roederer Brut Premier,10601.89,35.39774511903065,False
26248,Roederer Cristal,86785.94,38.04222204656653,False
26250,Roederer Est Brut,86717.61,37.30215811990206,False
26253,Harlaftis Chard,203.88,31.95997645673926,False
26254,Kalogeri Papagiannakos Cab S,125.94,33.34921391138638,False
26255,Pofyros-Spiropooulos,149.94,31.052420968387356,False
26256,Ornellaia Poggio Alle Gaz 14,0.0,,False
26257,Luce Brunello Montalcino 11,311.97,34.637945956341966,False
26258,Ornellaia Bolgheri 13,0.0,,False
26259,CastelGiocondo 11 Brun Montl,923.86,35.065919078648285,False
26260,Luce Della Vite Toscana,899.91,31.033103310331033,False
26266,The Divining Rod Pinot Noir,33.98,31.95997645673925,False
26268,Tasca Grillo Cavallo DOC,4765.02,35.45966228893058,False
26269,Dom Anderson Chard,0.0,,False
26273,Field Stone Cab Svgn Alexand,18.99,32.91205897840968,False
26274,Finca Alcayate Malbec 14,1153.9,35.46234509056245,False
26275,Fathom Merlot 13,39320.73,34.18013856812933,False
26277,Popcorn Chard,9158.84,9.985107284328587,False
26278,Freixenet Cordon Negro,107.91,31.025854879065896,False
26280,Chalone Estate Grown Chard,41126.28,33.33333333333333,False
26281,Guigal Gigondas,6207.93,32.44414804934978,False
26283,Benton-Lane Est Pnt Nr Willm,948.27,34.64203233256351,False
26285,Moet & Chandon Imperial,115389.38,38.47536055744471,False
26287,DeWetshof Bon Vallon Chard,0.0,,False
26288,Spy Valley Rose,5520.72,35.8344563752554,False
26290,Pratsch Organic Rose,12396.78,34.69949454616441,False
26291,1000 Stories Znfdl,1918.8,31.957473420888043,False
26298,Mont Gravet Rose,350.73,33.79522709776752,False
26299,Excelsior Svgn Bl,4572.6,7.872982548222038,False
26300,Brooks Rsl Willamette,19.99,32.416208104052025,False
26302,Brooks Janus Pnt Nr,1055.68,31.49439224007275,False
26303,Brooks Pnt Nr Willamette,499.8,35.49419767907162,False
26304,Brooks Runaway Red,263.88,34.197362437471575,False
26314,OTWC Pnt Nr Willamete Vly,139.93,31.96598299149575,False
26315,Primarius Pnt Nr,208.89,34.64981569246972,False
26316,Fish House Svgn Bl,287.76,27.27272727272726,False
26317,House Wine Chard,22001.77,15.675375208449141,False
26318,House Wine Cab Svgn,21749.91,35.46414674819344,False
26319,Steak House Cab Svgn,7094.91,34.74519056619463,False
26320,Ghost Block Cab Svgn Sngl Vy,1044.89,33.771975997473426,False
26324,Elizabeth Rose Pnt Nr,239.88,34.61730865432716,False
26327,Cellier des Dauphines CdR,95.88,33.79224030037547,False
26328,Cristom Vyds Viognier Estate,1231.56,31.97570560914612,False
26329,Cristom Pnt Nr Sommers Rsv,2300.41,34.21390100025648,False
26330,Cristom Pnt Nr Mt Jeffrson C,12585.29,37.65054281625613,False
26331,Cristom Estate Pnt Gr Eola A,1955.97,34.64981569246972,False
26335,Beran Znfdl Sonoma Cty,2519.16,33.777925975325104,False
26336,Canella Rose Brut,197.64,34.24408014571948,False
26339,Ch Castel Maures 15 Rose Cuv,9147.97,35.14058310204341,False
26340,Avancia 15 Cuvee De O Rose M,4196.53,32.43084167157151,False
26341,Balletto 15 Rose Pnt Nr RRV,9956.14,33.78457916421424,False
26342,Ch Vincens 15 L'Instant M Rs,3728.13,31.023864511162426,False
26344,A to Z Rsl,1002.41,33.313713949381984,False
26345,A to Z Rose,798.53,32.90170688640376,False
26347,Charles & Charles Riesling,279.8,31.02215868477484,False
26348,Walt Pnt Nr Shea Vineyard,3149.55,32.43320474353479,False
26349,Walt Gap's Crown Pnt Nr,1119.84,35.062151735962274,False
26351,Cella Lambrusco,71.94,35.446205170975816,False
26352,Armas de Guerra Rosado Mncia,10814.27,31.022158684774837,False
26353,Lago Rose,9937.35,31.02386451116243,False
26354,Le Cengle CdProvence Rose,4728.36,32.409545804464976,False
26355,Bleu de Mer Rose,9404.76,32.40954580446498,False
26356,Le Val Grenache Rose,7835.87,32.39308462238398,False
26357,Storypoint Cab Svgn,3306.69,32.93293293293292,False
26358,Prophecy Pnt Grigio,12088.87,17.146433041301638,False
26359,Fizz 56 Sparkling Red,12628.35,31.57894736842105,False
26361,Prophecy Red Blend,13830.78,-11.140803338640328,False
26363,E&J Gallo Vyds Sweet Peach,0.0,,False
26372,Anselmi San Vincenzo,1797.0,32.053422370617696,False
26374,Orin Swift Papillon Red,17448.23,31.036672487696464,False
26376,Orin Swift Palmero Cab Svgn,10161.58,31.983805668016196,False
26377,Orin Swift D66 Grenache Cata,9950.31,32.873749662070836,False
26378,Orin Swift Fragile Rose VDP,5091.17,31.96220122290161,False
26379,Orin Swift Machete Red,14762.79,33.33333333333333,False
26380,Orin Swift Abstract Red,13403.81,35.073460456392624,False
26381,Orin Swift Mannequin Chard,5595.07,32.42497412901,False
26382,Gordo Monastrell & Cab Svgn,441.74,32.43084167157151,False
26383,Buehler Chard RRV,161330.26,36.54949790572457,False
26388,Ch Puybarbe Cd Bourg Merlot,143.92,31.01723179544191,False
26390,Pepperwood Grove Cab Svgn,11075.07,27.204071847852873,False
26391,Pepperwood Grove Chard,8214.98,30.915230469215988,False
26392,Pepperwood Grove Pnt Nr,9378.43,29.097620817130377,False
26394,Trapiche Cab Svgn,545.09,31.55258764607681,False
26395,Trapiche Cab Svgn Oak Cask,24491.1,51.89844474115086,False
26396,Trapiche Chard,1725.12,35.058430717863104,False
26398,Trapiche Malbec,646.92,34.2237061769616,False
26399,Trapiche Malbec Mendoza Oak,135124.03,48.398386282587936,False
26402,Franciscan Est Rsv Merlot NV,45.99,27.04935855620788,False
26403,Mouton Cadet Ryder Cup Red B,12045.38,29.439170868831035,False
26404,Wild Horse Cheval Sauvage Ch,0.0,,False
26405,Simi Dry Rose Sonoma Cnty,155.88,35.488837567359504,False
26419,Roscato Rosso,5849.24,30.94555873925501,False
26420,Villa Russiz Pnt Grigio,1849.26,32.41296518607442,False
26421,Villa Russiz Les Enfants Bia,881.58,34.2067651262506,False
26422,Royal Tokaji Szt Tamas,386.97,32.88627025350803,False
26423,Arnaldo Caprai Grecante Grec,1614.15,32.438125329120595,False
26426,Pommery Brut Royale,96632.93,39.009196968362644,False
26427,Latour Pouilly Fuisse,61188.34,35.85454352904491,False
26428,Latour Macon Village Chamery,29613.06,35.36919183630466,False
26429,Bollinger Brut Special Cuve,21367.27,34.37963764205722,False
26430,Contos de Valpiedra Rioja,199.9,32.86643321660831,False
26431,Harken Chard,16233.81,34.070806545105555,False
26434,Ch Gassier Pas du Moine Vict,8851.15,31.491953023053497,False
26435,Savory & James Fino Sherry,4245.75,32.932932932932935,False
26436,Savory & James Amontillado,1958.04,34.63463463463462,False
26437,Ch le Borderon Haut-Medoc,10387.53,31.016324381253295,False
26439,Chene Bleu Rose,539.91,35.48924820803467,False
26442,Fortant Heritage Lang Rouge,23377.38,32.4577861163227,False
26443,Latour Grand Ardeche Chard,19144.82,22.550851875337557,False
26445,F Boschendal Rose Garden,597.54,33.795227097767516,False
26450,Pere Anselme CDR Rose,10755.03,35.029190992493746,False
26454,Luxury Edition Prosecco,740.43,33.33333333333333,False
26456,Ravenswood Vntnrs Blnd Chard,74008.87,38.266183499356224,False
26457,Luxury Edition Pnt Nr Rose S,623.52,34.64203233256351,False
26458,Groppello CaMaiol Red,63.96,31.0193871169481,False
26460,Golan Heights Yarden Cab Svg,3017.11,31.180169102220347,False
26461,Golan Heights Yarden Chard,2145.02,30.92092381423017,False
26462,Ravenswood Znfdl Sonoma,29938.56,37.08715449240044,False
26463,Ravenswood Vints Blend Znfdl,162565.51,38.59038734599978,False
26464,Golan Heights Yarden Svgn Bl,3202.22,31.461923290717053,False
26473,Ch Moulin Canon Fronsac,703.68,32.42382901318781,False
26478,Neveu Sancerre Cd Embouffant,5412.15,34.64981569246972,False
26479,Ch Haut Lariveau Fronsac,1499.5,31.977325775258425,False
26484,Apaltagua Rose Carmenere,7671.02,32.393084622383995,False
26485,Vivanco Rose,4016.65,31.025854879065896,False
26490,Ch Beaulieu Rose Cote d Prov,575.04,34.557595993322195,False
26491,Ch Paradis Rose Cotes D Prov,8716.29,32.40954580446499,False
26492,Chene Bleu Rose,9146.95,32.87762587529177,False
26493,Mas la Chevaliere Rose,1896.54,31.023864511162426,False
26495,Buglioni Disperato Bianco,2392.74,31.490258030542385,False
26496,Gosset Excellence Brut,1763.59,30.906843427327214,False
26497,Ch Ste Michelle Canoe Rdg Me,10817.03,35.92353908605227,False
26498,Gosset Grand Rose Brut,829.9,34.208940836245326,False
26499,Ch Gassier Espirit CdProvenc,14445.97,31.962201222901616,False
26500,Clau de Nell Anjou Cab Franc,287.94,35.069806209627004,False
26501,Rodney Strong Knotty Vn Znfl,15169.43,26.16077202637146,False
26502,Laroche Chablis St Martin,351.84,31.514324693042283,False
26503,Leflaive Macon Verze,6010.33,31.508752431230892,False
26508,Ch Maycott Red,10.49,35.081029551954245,False
26510,Castorani Rose Ceraslo D'Abr,110.91,36.38084933730051,False
26514,Villa Jolanda Prosecco,2551.12,32.424974129009996,False
26515,West Side Wine Co Cab Svgn,223.86,33.33333333333333,False
26516,West Side Wine Co Chard,191.88,32.45778611632269,False
26517,Altocedro Finca Tanos Malbec,1783.95,35.079458505002954,False
26518,Solimar Vinho Verde Branco,2949.78,31.04434907010014,False
26520,Albert I Noya Xarello Clsc,911.34,35.51912568306012,False
26521,Astraly Touraine Nobel Rose,89.94,31.02068045363576,False
26530,Corbett Canyon Merlot,20904.43,42.26563460472255,False
26534,Lazzaroni Dry Marsala,3308.32,31.034482758620697,False
26535,Lazzaroni Sweet Marsala,3335.29,31.92436040044494,False
26538,Gruet Sauvage Bl de Bl,6013.66,35.12902292447528,False
26539,Regnard Macon Lugny Chard,131.94,31.51432469304229,False
26551,C R Clrs Fortissimo Red,34766.19,35.47066848567531,False
26557,King Est Pnt Gris Ore,50540.92,36.662807087801326,False
26558,King Est Pnt Nr Ore,27331.52,36.57901207104472,False
26560,Castello di Bossi Chianti Cl,6380.01,32.45778611632269,False
26561,Zardetto Private Cuvee Glara,21.98,27.752502274795265,False
26562,Zardetto Private Cuvee Glara,7.98,33.83458646616541,False
26567,Ninety+Cellars Lot 130 Chard,27.98,33.80986418870622,False
26568,Ninety+Cellars Lot 131 PN RV,161.91,33.35186214563646,False
26569,Ninety+Cellars Lot 132 Rose,203.83,34.61217681401168,False
26570,Schlosskellerei Gobelsbrg Rs,191.88,35.45966228893057,False
26571,Juniper Estate Cab Svgn,2039.49,35.0587646911728,False
26575,Dr Tanisch Feinherb Rsl,359.76,32.421614409606406,False
26580,Sullivan Toile Cab Svgn Napa,68015.07,31.514324693042294,False
26583,Billecart-Salmon Brut 02 N F,2417.87,31.033926555191126,False
26586,Elk Cove Goodrich Pnt Nr,989.78,35.0744609913314,False
26591,Ninety+Cellars Lot 50 Prosec,450.59,33.757961783439484,False
26592,Broadside Margarita 13 Cab S,3558.22,34.61730865432716,False
26594,Felton Road Pnt Nr Calvert,896.87,34.207856211045076,False
26596,Felton Road Chard Bannockbrn,395.91,32.89383950897932,False
26606,Loredona Moscato Monterey,19934.72,31.0517529215359,False
26611,Pull Eighty Pnt Nr,219.9,37.60800363801727,False
26615,Turning Leaf RSV Cab Svgn,886.52,32.053422370617696,False
26617,Brousko Dry Red,131.88,33.75796178343949,False
26620,Dom Paul Cherrier Sanc Rose,319.84,31.965982991495746,False
26621,Ghostwriter Cab Svgn Bates,0.0,,False
26623,Marchesi Bassini Sangiovese,359.64,34.63463463463463,False
26624,Marchesi Bassini Chianti Rsv,413.64,33.33333333333333,False
26625,Maz Caz Rose,814.49,30.934695330820517,False
26626,Maz Caz Rouge,575.64,31.95747342088805,False
26627,Maz Caz Blanc,863.46,33.333333333333336,False
26629,Nexo Rioja,119.88,31.931931931931935,False
26631,Vignaioli Casdoni Barolo,755.79,31.98110586273964,False
26632,R Mondavi Pvt Sel Znfdl,4906.19,45.289114363691574,False
26644,Guenoc Est Guenoc Vly Chard,71.39,,False
26645,Darting Rsl Kab,220.87,31.018246027074746,False
26646,Guenoc Petite Sirah N Cst,8288.7,36.50512143038113,False
26652,Arrowood Sonoma Est Cab Svgn,1766.96,34.19658622719247,False
26654,CP Vini Salice Salentino Rsv,0.0,,False
26655,Castignano Marche Sangiovese,13.49,35.50778354336546,False
26663,Benziger Pnt Nr Sonoma,2158.92,34.21710855427714,False
26666,C K Mondavi Merlot,125.84,49.52320406865861,True
26670,Gerard Bertrand Kosmos Rouge,769.65,35.47066848567531,False
26671,Catena Zapata 3pk 09-10-11 R,719.98,31.973110364176787,False
26672,Tridente Tempranillo Castila,18947.03,-12.858215773131725,False
26673,Honoro Vera Jumilla Rose,215.76,31.47942157953281,False
26674,Lady Lola Pnt Grigio Del Ven,0.0,,False
26677,Feudi D San Gregorio Serpico,4738.42,32.44414804934978,False
26678,Fontanafredda Barolo Serralu,2728.18,32.4216144096064,False
26679,Mazzel Castello Fonterutoli,2907.09,34.63463463463464,False
26680,S A Prum Luminance Rsl Mosel,7942.06,31.914893617021274,False
26681,Villa Novare Valpol Ripasso,4256.91,31.902718168812594,False
26682,Feudi d San Gregorio Patrimo,3199.36,31.50630126025205,False
26683,Heritance Svgn Bl,28426.38,35.03893214682982,False
26684,Mark West Pnt Grigio CA,19209.03,11.51494895890108,False
26685,Ch Fuisse Pouilly Le Clos 14,512.91,35.47990875592208,False
26686,Dom Faiveley Chamber 14 Beze,0.0,,False
26687,Dom Faiveley Nuits Porets 14,0.0,,False
26688,Dom Faiveley 14 St George AC,685.86,35.0683813023066,False
26689,Faiveley Gevrey Chmbtn AC 14,489.9,35.0683813023066,False
26690,Dom Faiveley Mercry Rouge 14,2424.03,31.052420968387363,False
26691,Dom Faiveley Corton-Charl 14,0.0,,False
26692,Faiveley Meursault  4 Blagny,1196.81,35.48182251150976,False
26693,Dom Billaud Simon Chablis 14,1808.33,33.79029270100037,False
26694,Dom Ch Moreau Chablis 14 Cls,538.93,32.88738797246395,False
26695,Dom Ch Moreau Chablis 14 Val,271.92,31.509267431597532,False
26696,O Leflaive Rully 14 Le Cloux,1014.65,35.08106243532252,False
26697,O Leflaive Ch-Mnt 14 St Marc,1329.81,34.63351907415345,False
26699,JJ Vincent Bourgogne Blnc 14,1158.39,34.64981569246973,False
26701,O Leflaive Bourgne Setill 14,2988.7,35.49369290996084,False
26702,Niner Wine Est Red Paso Robl,203.88,32.90170688640376,False
26704,Summers Calistoga Cab Svgn N,199.92,32.41296518607442,False
26705,Mazzei Castello Font Gr Slzn,1151.76,34.21546155449051,False
26706,Feudi Di San Gregorio Tauras,1174.53,35.49419767907162,False
26707,Faustino Gr Rsva Rioja,10270.89,35.49419767907162,False
26708,Monte del Fra Amarone Valpol,14082.9,17.25283854887842,False
26709,Fontanafredda Arneis Langhe,1609.21,31.479421579532808,False
26710,Feudi Di San Gregorio Fiano,26032.05,-77.67982160452212,False
26713,Victor Hugo Les Mis Rose,201.37,35.506778566817296,False
26716,Arpa Brunello di Montalcino,28727.02,31.978743357299145,False
26717,Arpa Pnt Grigio,14885.1,33.333333333333336,False
26728,Santi Infinito Rose 14,794.47,33.3555703802535,False
26729,Hecht & Bannier Cotes du Rou,3190.32,34.64981569246972,False
26730,Hecht & Bannier Langudc Rose,134.91,34.2228152101401,False
26732,Bonterra Cab Svgn Organic,142666.23,48.232437346946085,False
26735,It's a Headsnapper Prosecco,111.86,33.79224030037547,False
26739,Chalk Hill Chard RRV,17940.58,32.051472137467144,False
26740,Carpineto Rosso Toscano,0.0,,False
26742,Bridlewood Viognier,21530.61,33.80986418870622,False
26744,Santa Lucia Sangvs Monte Ant,63748.87,44.96325974091776,False
26750,Baron de Seillac Brut Rose,311.76,31.023864511162426,False
26754,Dom Faiveley Mercurey 14 Bl,6344.47,31.73015240043691,False
26755,Franzia Chianti Tap,32300.58,41.861291654824775,False
26756,A Innocenti Nonni Cab Svgn,623.52,34.18013856812932,False
26760,Maal Biutifil Malbec,0.0,,False
26762,Chalk Hill Pnt Nr Sonoma Cst,51414.2,35.154879391296554,False
26763,Marcarini Nebb Langhe Lasarn,1234.35,31.49025803054239,False
26764,Kay Brothers Hillside Shiraz,707.88,33.32768265807765,False
26766,Neyers Vineyard Left Bank Rd,1829.39,34.211403801267096,False
26767,Elk Cove Clay Court Pnt Nr,989.78,35.47454989997777,False
26768,Fire & Flood The Fire Pnt Nr,6298.74,32.426485297059415,False
26769,Fire & Flood The Flood Pnt N,7498.5,33.766753350670136,False
26770,Cignale Colli Toscana Cntrl,1451.78,31.504773450522798,False
26771,Conterno Fantino Rosso Langh,195.96,33.78240457236171,False
26772,Einaudi Barolo Terlo,1159.8,33.333333333333336,False
26774,El Coto Blanco Rioja,7569.7,22.93221660039367,False
26779,Stonehedge Cab Svgn Cal,10399.8,33.30640973864882,False
26781,Mer Soliel Reserve Chard SB,441.74,31.489111241907008,False
26787,Moet & Chandon Imperial,56903.66,38.710023221704894,False
26802,L Aubry Fils Rose Brut 1 Cru,2013.62,31.04359313077939,False
26803,Gaston Chiquet Special Club,3242.53,31.975648644731123,False
26804,L Aubry Fils Brut 1er Cru,4318.92,31.032758189547394,False
26811,Canyon Rd Merlot Cal,5719.26,33.40292275574113,False
26812,Louis Latour 14 Beaune Bl AC,359.88,32.87762587529176,False
26813,Simonnet-Febvre 14 Chablis,174.93,31.97278911564626,False
26814,Simonnet-Febvre 14 Chablis,730.57,35.491465567981166,False
26815,Louis Latour 14 Chass-Mont B,649.9,33.774426834897675,False
26816,Louis Latour 12 Beaune Vigne,279.96,32.89041291613087,False
26817,Ravenswood Vntrs Blnd Merlot,71148.67,28.24671213109114,False
26818,Ravenswood Znfdl Napa,21100.76,39.382278173866716,False
26820,Teruzzi Vernaccia Terre Tufi,591.26,34.16770963704631,False
26821,Estancia Merlot Central Cst,47256.54,48.40125832318659,False
26826,Pellegrino Marsala Sweet,659.45,35.44620517097582,False
26827,Cavit Merlot Trentino,34517.23,36.58375831432593,False
26828,Citra Sangiovese Red,161.73,,False
26833,Clemento VII Toscano,4637.68,33.76688344172087,False
26834,Melsheimer Handwerk Mosel Rs,1493.85,34.6420323325635,False
26835,Lagler Gr Velt Smaragd Stein,1529.15,35.46414674819345,False
26836,Lagler Rsl Smaragd Elmerberg,2133.03,35.06139154160984,False
26837,Landhaus Mayer Zweig Burgenl,699.39,29.78881596820085,False
26838,St Hilaire Cr de Limoux Rose,44.97,13.408939292861909,False
26839,Bon Affair Svgn Bl Spritzer,99.9,34.634634634634644,False
26840,Josh Cellars Cab Svgn Paso R,1580.07,34.66745144202472,False
26842,Pierre Angulaire Brdx Blanc,1007.28,31.02215868477483,False
26844,Blue Current Junmai Ginjo,5298.21,31.964191679831494,False
26845,Stillman St Chard,142.89,34.180138568129316,False
26846,Josh Cellars Craftsman Chard,285.78,35.02694380292533,False
26847,Josh Cellars Craftsman Cab S,3189.72,33.30950679056468,False
26848,Speri Amarone Del Valpoicela,1799.76,32.884384584611276,False
26849,Seven Daughters Pnt Nr 4 Pk,1978.68,35.49032688458972,False
26850,Seven Daughters Moscato 4 Pk,4691.87,33.3555703802535,False
26851,Eric Kent Stiling Vyd Pnt Nr,2699.46,33.76675335067013,False
26852,Eric Kent Sascha Marie Pnt N,1299.74,34.20684136827366,False
26853,Eric Kent Cuvee Renee Svgn B,1589.47,31.043681227075698,False
26854,Eric Kent Green Acres Chard,1055.76,33.7804046374176,False
26860,Lagar Da Condesa Albarino,1987.83,31.489111241906997,False
26861,Camigiliano Brunello Di Mont,3079.23,33.78344586146537,False
26862,La Quintinye Rouge Vermouth,3198.0,31.51969981238274,False
26864,La Quintinye Blanc Vermouth,2798.25,32.89555972482802,False
26865,Thunevin Calvet Constance Bl,1064.29,31.02068045363576,False
26866,Thunevin Calvet L'Amourette,881.51,32.40689271817676,False
26867,Roger Didier Raimbault Sance,3988.67,31.04368122707569,False
26868,Olivier Chanzy Nuits St Geor,2999.5,33.338889814969164,False
26869,Olivier Chanzy Les Morgeots,4133.61,32.889895273138976,False
26870,Olivier Chanzy Meursault,5339.11,35.072512085347554,False
26871,Dom Dionysos Charline CdR Bl,2464.63,34.630350194552534,False
26872,Dom Fond Croze Serre CdR Bl,1439.04,33.755837224816545,False
26876,Pol Roger Brut Vintage,12158.48,32.42905363170396,False
26877,Argentiera Poggio Ginerpi Bo,227.88,32.43812532912059,False
26882,Trinchero BRV Cab Svgn Napa,1839.77,32.89161145143142,False
26883,DBR Legende Brdx Rouge,2218.52,31.954636424282857,False
26885,Jolivet Sancerre,42593.14,35.989645280906736,False
26886,Jolivet Pouilly Fume Pascal,571.74,32.42382901318781,False
26889,Jaboulet Crozes Hermitage L,2462.81,43.56365290054857,False
26890,Davis Bynum River West Chard,11824.59,14.774212044561374,False
26891,Predator Cab Svgn,7169.92,34.81656699098457,False
26892,Leyda Pnt Nr Leyda Vly,3969.56,20.011285885589327,False
26896,19 Crimes Warden Red,2823.87,34.653861544617854,False
26913,Boen Pnt Nr RRV,1949.35,35.078359453151045,False
26919,Jimenez Landi Bajondillo Men,371.76,31.052291801162042,False
26921,Tenuta la Favola Bianco,419.76,34.19096626643796,False
26923,Rosso del Popolo Lange Rosso,359.76,33.3555703802535,False
26935,Ramos Pinto Fine Ruby Red P,1678.88,34.62308205470313,False
26939,Ramos Pinto 10-Yr Tawny Red,4668.87,45.37414834852973,False
26943,Jordan Cab Svgn Alex Valley,15096.98,33.766753350670136,False
26944,Jordan Chard Sonoma,5978.07,41.306475166734415,False
26945,Ferrari-Carano Fume Bl,210229.32,45.03603969227509,False
26947,Ferrari-Carano Merlot,17467.8,35.5934920253266,False
26948,Ferrari-Carano Chard,295359.45,41.22952558314962,False
26949,Sonoma-Cutrer Chard RRV,192403.31,32.448890822096566,False
26950,Firefly Ridge Chard,5.79,31.088082901554404,False
26966,De Loach Cab Svgn Cal,35659.59,36.98825477241886,False
26983,Almaviva Rothschild & CyToro,2999.7,34.64346434643465,False
26985,Pierre Andre Bourgogne Chard,2123.75,42.73101824602708,False
26990,Colavita Pinot Grigio,15034.87,35.07014028056112,False
26992,Pierre Andre Gevry-Chambertn,2345.49,31.02848445314198,False
26994,Frank Family Vyds Chard,7953.79,35.482078355098636,False
26995,Frank Family Vyds Cab Svgn,18140.76,31.505626004643684,False
26996,Bleu de Mer Blanc,4804.25,29.51553312171516,False
26997,Graffigna Gr Rsv Malbec,127.93,28.484327366528568,False
27005,Ghost Block Est Cab Svgn,2099.65,31.97199533255542,False
27009,Bouchard Aine & Fils B Chard,3330.04,31.489111241907004,False
27010,J Moreau & Fils Chablis,8964.39,31.137534176893233,False
27011,Bouchard Aine & Fils Mersult,3247.42,35.059832112877295,False
27012,Bouchard Aine & Fils B Pnt N,5181.95,31.959976456739252,False
27013,Bouchard Aine & Fils Fixin,1599.6,33.78344586146536,False
27014,Jean-Claude Boisset Gev-Chmb,2659.62,32.89041291613088,False
27015,Dom la Vougeraie La Justice,899.9,31.503500388932103,False
27016,Bouchard Aine & Fils Chard,6232.37,32.429557295218345,False
27017,Bouchard Aine & Fils Pnt Nr,7971.76,35.60819693518119,False
27022,Barra Petite Sirah,160.93,33.318834275772076,False
27027,Leyda Lot 21 Pnt Nr,759.81,35.0587646911728,False
27031,Opus One 2013,52468.02,31.97101777425563,False
27033,Penfolds B28 Shiraz/Kalimna,890.73,40.19399818126705,False
27042,Luna di Luna Chard/Pnt Grigo,79616.07,34.44251895377404,False
27051,Killibinbin Sneaky Shiraz,0.0,,False
27053,Ponte Vinho Verde Rose,209.79,34.234234234234236,False
27056,Klinker Brick Cab Svgn Lodi,5385.83,33.78457916421424,False
27061,A Bichot Chablis Les Clos 14,1119.84,33.77625375053579,False
27062,A Bichot Chablis 14 Les Vauc,959.76,31.032758189547387,False
27063,A Bichot Montagny 1er Cru 14,989.7,33.767808426796,False
27064,A Bichot Morey St Denis 14 S,1021.86,33.771749554733525,False
27065,David Bruce Pnt Nr Sonoma,25900.44,31.46494808582402,False
27066,A Bichot Merc Champs Mart 14,959.76,35.0587646911728,False
27067,A Bichot Rochegres 14 Moulin,183.96,31.963470319634705,False
27069,Medici Ermete Concerto Lmbrs,0.0,,False
27071,Medici Ermete Solo Lambrusco,215.88,34.18565869927738,False
27083,Santa Margherita Rose Brut,8165.92,31.599623802339487,False
27089,Ch Perron Brdx Rouge,263.88,33.78808549340609,False
27091,Reverdy Sancerre Blanc,723.72,37.20775990714642,False
27092,Feast Agiorgitiko,1079.1,34.61217681401167,False
27093,Feast Moschofilero,299.75,34.195162635529606,False
27094,Corvo Terrae Dei Nero d'Avol,3563.54,31.03879849812265,False
27095,Bertani Villa Arvedi Amarone,4738.42,31.977325775258425,False
27097,Vieux Telegraphe Chtnf Pape,12673.31,31.030804107214287,False
27098,Grattamacco Bolgheri Rosso,299.97,34.21342134213422,False
27100,La Maialina Gilfredo Verment,4302.69,34.6876024068664,False
27103,Apothic Inferno,47582.37,34.64203233256352,False
27105,Lan Rioja 2011 Ltd Edition,4364.03,33.785285619026446,False
27106,Lavau 13 Red Rhone Gigondas,2274.09,33.77350940376151,False
27111,Masi Amarone Costasera Valp,23696.05,32.88881480246708,False
27121,Alessio Bianco Vermouth,0.0,,False
27123,Alessio Chinato Vermouth,0.0,,False
27124,Winemakers Secret Barrel Red,10838.96,14.929107589658047,False
27131,Santi Amarone Proemio 06,1099.78,34.64692938587717,False
27132,Luigi Bosca Malbec 13,1329.3,32.43812532912059,False
27133,Fattoire Dei Barbi 08 T Monl,359.95,33.33796360605639,False
27134,Ca'Bianca Chersi Barbera 12,39.98,31.965982991495746,False
27135,Le Ragose Valpo Clsco 09,1630.98,32.457786116322694,False
27136,Hugel Alsace Rsl 10 Grs Laue,535.92,35.482907896701,False
27137,P Jolivet Ply Fume 14 Griott,359.85,35.0562734472697,False
27138,Korbel Brut,2702.31,32.4577861163227,False
27139,Hecht & Bannier Bandol 11 Re,890.67,34.642460170433495,False
27140,Coto de Imaz Red Gr Rsva 08,1295.46,34.22259274697791,False
27141,El Coto Real Rioja Rsva  10,237.93,33.77463959988231,False
27142,Starmont Chard Carneros,11858.11,35.446205170975816,False
27143,Bouchaine Chard Carneros,6044.64,37.298499166203456,False
27144,Bouchaine Pnt Nr Carneros,13762.35,37.298499166203456,False
27145,Schmitt Sohne QbA,71068.4,37.55199216529427,False
27146,Codice Sierra Cantabria Red,7500.62,35.35654385904098,False
27157,Ch Graves Rabion St Emilion,6670.55,33.3555703802535,False
27158,Ch Lamonthe St Germain Brdx,5582.92,31.938125568698815,False
27159,Ch du Moulin Entre-Deux-Mers,1813.35,31.02820746132847,False
27160,Vieux Telegraphe Chtnf Bl,2991.56,,False
27161,El Pundito 06 Gr Rsva Rioja,359.94,31.50525087514585,False
27162,Vatan 13 Tinta de Toro,319.92,35.0587646911728,False
27163,Rio Madre 14 Rioja Tempranlo,2989.28,35.03184713375797,False
27164,Guillaume Vrignaud Chablis,674.75,34.642460170433495,False
27165,Jean-Paul & Benoit Droin 14,2660.79,31.969076853115048,False
27166,Dom Giraud 14 CdR Rouge,1405.26,33.33333333333333,False
27167,Dom De La Janasse 13 Ch Pape,1979.67,33.77229538256377,False
27168,Finca Villacreces Pruno Ribe,1405.26,34.228541337546076,False
27169,Mas Doix 12 Salanques Priora,2099.4,32.89511288939698,False
27170,Damilano 11 Brunate Barolo,4199.3,35.07251208534756,False
27171,Gagliole 13 Rubiolo Chianti,2958.15,31.95747342088805,False
27172,Pecchenino 12 Siri d'Jermu D,1405.26,35.49236440231701,False
27173,LeSalette 12 Amarone Valpo,341.94,32.42674153360239,False
27176,Peter Vella Delicious Red B/,18362.75,38.62575050033355,False
27178,Ridge Monte Bello Chard,611.91,33.32843065156641,False
27180,Sensi 18K Moscato Rose,9469.75,15.565352834024129,False
27189,Jamieson R Double Lariat Cab,647.88,34.63604371179848,False
27191,Trefethen Rsv Cab Svgn,971.91,34.642096490415774,False
27192,DeLoach Est Vyd Chard,1268.73,35.47563311342839,False
27193,Trefethen Dragon's Tooth Red,2159.6,34.21003889609186,False
27194,Buena Vista Champagne Vctoir,499.9,32.886577315463086,False
27195,JCB No 69 Sparkling Rose,4237.88,32.41620810405203,False
27196,Buena Vista Cab Svgn Sonoma,1273.51,35.05194305502116,False
27197,DeLoach Est Vyd Pnt Nr,1652.71,32.88296192314441,False
27198,Buena Vista Ch Napa Vly Cab,2924.35,34.629917759502106,False
27201,DeLoach OFS Chard,4577.71,35.06753376688344,False
27202,DeLoach Sonoma Cnty Chard,56533.41,31.93193193193194,False
27203,DeLoach Ethans Vyd Znfdl,51388.44,31.947652040030793,False
27204,Conundrum Sparkling 25th Ann,1199.52,31.972789115646254,False
27206,Irony Black Monterey,0.0,,False
27212,R Mondavi Cab Svgn Oakville,14137.53,39.759208291688864,False
27214,Poggio Antico 14 Rosso Monta,2719.2,32.892027066784344,False
27219,Poggio Antico 11 Brun Altero,5444.28,29.471665674799972,False
27220,Poggio Antico 10 Rsva BdMont,229.98,32.68110270458301,False
27221,Poggio Antico 11 Brunello Mn,7471.71,30.956768932413066,False
27233,Turning Leaf RSV Merlot Cal,22941.7,31.55258764607681,False
27235,Dom du Touch Gascogne White,0.0,,False
27243,Stars Like Ours Rose,11668.32,34.63463463463463,False
27250,Forestville Cab Svgn Cal,55.93,31.038798498122656,False
27251,Forestville Chard Cal,95.88,31.914893617021274,False
27255,D'Arry's Original Shrz/Grnch,11488.4,10.626370948086759,False
27259,Cooper & Thief Cellarmasters,26769.34,19.321283229246593,False
27262,Aviary Cab Svgn,0.0,,False
27264,Red IQ,186.83,32.39308462238399,False
27267,Krupps The Water Witch Red,283.96,34.21608677278489,False
27269,Krupps Bros Synchrony,0.0,,False
27273,Albatros Malbec Cahors,3196.8,4.104104104104112,False
27274,Jos Phelps Insignia 13,209.99,34.63974474974999,False
27275,Jos Phelps Insignia 13,0.0,,False
27276,Zaccagnini Rsl,27383.54,31.92436040044494,False
27279,Ch Canon St Emilion 07,1547.82,35.48086986858937,False
27284,Ch Giscours Margaux 07,1799.7,33.77229538256377,False
27285,Ch Grand Puy-Lacst Pauilc 07,739.9,31.97729422894986,False
27286,Ch Malartic-Lagraviere PL 07,1299.74,32.88657731546309,False
27287,Ch Rauzan-Segla Gr Cru 08 Ma,5199.35,31.028878609826226,False
27288,Gemma di Luna Sprkl Moscato,16126.55,3.586321934945779,False
27289,Ch Plaisance Alix CdBrdx 12,747.56,34.19658622719247,False
27290,Ch Pape Clement Pess-Leo 13,1039.92,34.21032387106701,False
27291,Waterbrook Chard Rsv Col Vly,3518.24,33.76688344172085,False
27303,Wyndham Bin 555 Shiraz,18131.59,33.473512251269746,False
27316,W Selyum Pnt Nr Eastside Rd,1147.86,33.33333333333333,False
27318,W Selyum Pnt Nr Foss Vyd RRV,429.95,32.434003953948135,False
27319,W Selyum Pnt Nr Hirsch Vyd,0.0,,False
27320,W Selyum Pnt Nr Sonoma Cst,719.88,31.97199533255542,False
27322,W Selyum Pnt Nr RRV,901.89,32.43078424198073,False
27325,Canoe Ridge Cab Svgn Col Vly,959.2,34.19516263552962,False
27326,Canoe Ridge Red Columbia Vly,707.41,31.943286071726433,False
27327,Canoe Ridge Merlot Colum Vly,0.0,,False
27328,Canoe Ridge Chard Colum Vly,779.35,31.025854879065896,False
27330,Hahn Cab Svgn Santa Lucia,24429.33,36.47132360977564,False
27331,Hahn Chard Monterey,17464.79,35.8040377239005,False
27332,Gilmanton Raspberry Merlot,1998.75,35.0844277673546,False
27333,Night Harvest Cab Svgn,98.84,34.925131525698106,False
27334,Gilmanton Blueberry Surprise,1838.85,34.20888055034396,False
27342,19 Crimes The Banished Red,38.97,32.87143956889914,False
27348,J Drouhin CdBeaune Vlgs 14,1679.4,35.4769560557342,False
27349,Murphy-Goode California Red,0.0,,False
27350,Almaden Cab Svgn Cal B/B,173797.08,34.80120609621288,False
27351,Almaden Chard Cal B/B,299322.23,37.65873653954802,False
27360,Cappezzana Trefiano Carmigno,299.94,31.50630126025205,False
27361,Borsao Campo de Borja Red,32635.73,35.26503007593212,False
27367,Ch Haut Bommes Sauternes 10,2858.57,31.015507753876946,False
27368,Muga Rioja RSV,45144.11,33.45794168940311,False
27369,Herencia del Padri Priorat,797.58,31.4902580305424,False
27370,Sierra Cantabria Crianza,3036.18,36.519573938304056,False
27371,Bernard Magrez Cab Svgn Napa,599.96,33.33555570371359,False
27393,Victor Vineyards Cab Svgn 13,10299.69,35.435435435435444,False
27395,J Drouhin Hos de Bel Fleurie,1247.52,32.89726818006925,False
27396,J Drouhin Pouilly Vinzelles,459.77,31.515757878939464,False
27398,Talley Vyds Stone Corral Pnt,349.93,31.50630126025205,False
27399,J Drouhin Hosp Bell Brouilly,919.6,31.97042192257503,False
27403,Dom du Touch Gasgogne Blanc,359.64,31.531531531531527,False
27404,J Drouhin Hos Bell Morgon,1175.44,31.01476893758933,False
27405,The Pessimist Red,2078.23,33.34568358651354,False
27406,Hourglass Estate Svgn Bl,379.9,32.42958673335087,False
27407,Hourglass Blueline Est Merlt,935.87,34.643700513960276,False
27408,Hourglass Blueline Est Cab S,1319.89,32.88607383948662,False
27409,Hourglass HG III Red,431.91,31.027297353615335,False
27410,Monte d Fra Valpo Sup Ripaso,1079.6,33.790292701000354,False
27411,Talley Vyds Rincon Pnt Nr,164.97,33.333333333333336,False
27412,Peter Paul Bennett Vy Svgn B,13224.97,35.446205170975816,False
27425,Proud Pour The Oyster Svgn B,699.65,33.316658329164575,False
27429,Grahams Six Grapes,41379.87,37.245573753614984,False
27432,Emilio Lustau Amontillado S,8056.08,32.63770965531624,False
27433,Emilio Lustau Fino Sherry,3715.72,33.23931835552732,False
27437,Mommessin Bjls Nouveau,9286.55,34.66787989080983,False
27440,Achaia Cellars Retsina,199.29,32.87671232876711,False
27442,Renato Ratti Barb d'Asti Bat,91.96,43.80165289256198,True
27443,Renato Ratti Marcenasco Baro,311.94,34.583573764185424,False
27444,Renato Ratti Langhe Nebbiolo,164.94,40.96034921789742,True
27460,Ecco Domani Merlot Venezie,26973.0,34.63463463463464,False
27461,Ecco Domani Pnt Grigio Venez,270058.6,33.51043069911492,False
27472,Secco-Bertani Verona,9939.59,35.88669150337188,False
27473,BiancaVigna Spumante Rosa,164.89,32.42161440960639,False
27474,BiancaVigna Prosecco Brut,764.49,34.2228152101401,False
27480,Lanson Black Label Brut,1730.56,32.089034763313606,False
27481,Lanson Extra Age Brut,569.94,31.508579850510582,False
27483,Lanson Rose Label Brut,899.82,31.026205241048217,False
27484,Clos Lanson Champagne,199.99,33.77668883444173,False
27488,Stival Pnt Grigio,2260.26,31.947652040030793,False
27489,Ladoucette Comte Lafond Sanc,209.94,32.89511288939697,False
27491,Stival Pnt Grigio Veneto,287.64,34.167709637046315,False
27492,F Coppola Cab S King Kong DC,1803.18,33.788085493406086,False
27493,F Coppola Wizard of Oz Merlt,1451.34,33.33333333333333,False
27494,F Coppola Derctor Jaws Chard,607.68,33.75460768825697,False
27496,Terra Viva Sangiovese,143.88,33.36113427856547,False
27497,Vinecol Organic Malbec,335.76,32.88062902072909,False
27499,Pot de Vin Rouge Organic,179.88,31.954636424282857,False
27501,Ch Ste Michelle Cold Crk Mer,2730.92,37.990127868996524,False
27502,Ma Serenite Corbieres Langue,494.67,31.95463642428286,False
27503,Ch Ste Michelle Hrse Hvn Svg,38426.67,42.19387212058708,False
27504,Mon Plaisir Minervois Charmi,479.68,31.95463642428286,False
27506,The Conductor Red,149.94,33.7735094037615,False
27512,Warre's Late Bottled Vintage,56726.83,39.965744604449085,False
27513,Garage Wine Co Cab Svgn,804.77,34.6384681337525,False
27514,Clos du Bois RSV Cab Svgn,32644.69,38.52672517337428,False
27515,Clos du Bois RSV Chard RRV,52355.86,36.43989421623482,False
27516,Masseto 13 Red,1709.97,35.48307865050264,False
27520,Vargas Rioja Crianza,1798.56,35.4683746997598,False
27521,Seghesio Defiant Red,647.82,33.78716310086137,False
27522,Whitehall Lane Merlot,979.65,31.5112540192926,False
27523,Opolo Cab Svgn,1229.59,35.478492830943644,False
27528,Bertani Due Uve White Venet,12869.29,33.30300272975432,False
27534,Kiona Est Sangio Red Mtn,0.0,,False
27546,NinetyCellars Lot 50 Prosec,259.87,34.61730865432717,False
27549,Whitman Express Pnt Blanc,6354.7,31.526271893244367,False
27551,Anne Amie Twelve Oaks Pnt Nr,1329.65,35.4830218478547,False
27553,Hedges Family Estate Red Mtn,26.99,34.197851055946636,False
27556,Querceto Chianti Clsc RSV,143436.15,32.46019221793111,False
27558,Donatella Cinelli Colombini,2651.52,34.938450398262134,False
27562,Taylor Fladgate 1985 Porto,2399.85,32.883305206575415,False
27563,Croft Clsc Vintage Porto 11,1448.77,34.6404191141451,False
27566,Kiona Est Red Mountain Rsv R,125.97,35.48463919980948,False
27567,Zenato Pinot Grigio Veneto,52029.14,37.66227925351062,False
27569,Kiona Washington State Cab S,0.0,,False
27572,Kiona Late Harvest Chenin Bl,0.0,,False
27579,Zenato Amarone,7739.84,35.05963947575144,False
27581,Zenato Valpolicella Clsc,27495.42,36.12601662385953,False
27591,Righetti Amarone Valpo Clsc,29107.9,34.535297977525,False
27596,MezzaCorona Pnt Grigio,67019.54,37.74388782734109,False
27611,Dominus Napanook 13,1367.76,34.21652921565187,False
27612,Dominus 13 Christian Moueix,5979.77,35.066733335897545,False
27613,Dominus 12 Christian Moueix,1599.92,32.88664433221661,False
27617,Trefethen Merlot Napa,479.88,33.78344586146537,False
27619,Opus One 2011,0.0,,False
27626,LaBelle Winery Holiday 3 Pak,4139.99,32.42254208343498,False
27627,Hook or Crook Chardonnay,188.93,31.974805483512426,False
27644,Cline Znfdl Cal,79910.01,31.53153153153153,False
27650,Eden Ice Cider Heirloom Barr,874.5,31.961120640365927,False
27679,Henkell Brut,9085.74,35.71706872527719,False
27689,Loyal Dog Winery Naked Apple,1111.26,35.60642873854903,False
27693,Gosset Grand Blanc de Blancs,76.99,34.212235355240935,False
27694,Grieve Estate Merlot,76.99,34.212235355240935,False
27695,Volpaia Coltassala Chianti,0.0,,False
27696,Volpaia Chianti Classico RSV,869.7,31.493618489134196,False
27697,Volpaia Prelius Cab Svgn,44.97,33.755837224816545,False
27698,Double Eagle Red Wine,72.99,32.88121660501438,False
27699,Buglioni Bugiardo Ripasso,199.92,33.33333333333333,False
27700,Chene Bleu Abelard,88.99,33.77907630070794,False
27707,Daou Reserve Seventeen Forty,3023.52,35.0690585807271,False
27708,Ch Puech-Haut Prestige Langu,0.0,,False
27723,Mommessin Morgon Les Charmes,574.77,31.972789115646254,False
27724,Mommessin Moulin-A-Vent Gran,824.67,33.33333333333333,False
27735,Bogle Cab Svgn Cal,258987.15,36.13645696321227,False
27746,Mayacamas 09 Cab Svgn Mt Vee,209.97,35.490784397771115,False
27747,Mayacamas 14 Chardonnay Mt V,1259.72,31.02911758168482,False
27749,Wind Gap 13 Syrah Sonoma,319.92,34.20855213803451,False
27750,Wind Gap 14 Pinot Noir Sonom,428.87,32.888754167929676,False
27758,J Lohr S Ridge Ps Rbls Syrah,307.78,34.6676197283774,False
27763,Warre's Port 1970,799.95,32.88330520657542,False
27764,Warre's Port 2000,759.8,34.21953145564623,False
27765,Warre's Port 2003,2764.21,33.32380680194342,False
27769,Folie a Deux Pinot Noir,0.0,,False
27773,Jadot Nuits St Georges Les B,99.99,33.33333333333333,False
27774,Jadot Marsannay Clos Roy 14,98.97,33.34343740527432,False
27775,Jadot Fixin 14,139.96,31.037439268362395,False
27778,Jadot Savigny les Beaune 14,159.96,35.483870967741936,False
27780,Jadot Beaune Les Greves 14,469.9,32.43243243243243,False
27781,Jadot Cote de Beaune Vlgs 14,269.91,31.043681227075698,False
27782,Jadot Savigny les Beaune 14,244.93,35.49585595884538,False
27783,Jadot Chorey Beaumonts 14,159.95,33.76055017192872,False
27784,Jadot Monthelle Les Sous 14,104.97,35.06716204629895,False
27785,Jadot Mercurey 14,419.86,32.87762587529176,False
27786,Jadot Chablis Fourchaume 14,279.93,33.78344586146536,False
27787,Jadot Corton Charlemagne Bl,0.0,,False
27789,Jadot Puligny Montrachet 14,159.98,35.479434929366164,False
27790,Jadot Chass Mont Abbaye 14,839.88,33.333333333333336,False
27791,Jadot Bouzeron Blanc 14,417.81,34.65211459754435,False
27792,Jadot Rully Blanc 14,259.9,34.20546363986148,False
27793,Jadot Marsannay Blanc 14,209.93,35.07835945315106,False
27794,Jadot Pernand Verg Combottes,107.97,31.036398999722138,False
27797,Casa Lapostolle Merlot,1480.86,35.4888375673595,False
27798,Casa Lapostolle Svgn Bl,4695.6,39.18562058096943,False
27799,Ch de Sancerre Sancerre,27899.89,43.152069775185495,False
27800,Jadot Meursault Blanc 14,0.0,,False
27801,Moet & Chandon Nectar Imper,59051.16,31.963470319634705,False
27802,Moet & Chandon Imperial,48049.38,33.31972233564721,False
27805,Jadot Puligny Montrachet Bl,419.93,33.77229538256377,False
27806,Jadot St Aubin Blanc 14,417.89,31.982100552777045,False
27807,Night Harvest Chard,3853.66,44.55712232008013,False
27808,Blackstone Chard Monterey,50086.14,43.02128293376172,False
27810,Ch des Jacques Gr Clos de Ro,255.92,35.07346045639262,False
27811,Dom Ferret Les Perrieres 14,422.91,33.32623962545224,False
27813,Warre's Warrior Port,61698.31,34.61401130760308,False
27816,Jadot Ch des Jacques Flr 14,21.99,32.42382901318781,False
27817,Clos Pegase Carneros Chard,74586.03,32.511289312489225,False
27826,Jadot Chass Mont Morgeot Rou,489.9,31.96570728720148,False
27827,Jadot Cote de Nuits Vaucrain,65.98,34.64686268566233,False
27830,Silverado Svgn Bl Napa,47609.98,42.455552386285405,False
27831,Wild Horse CC Chard,67542.01,43.29875584099437,False
27835,Wild Horse CC Pnt Nr,106295.54,44.572989609912135,False
27849,Baglio di Grisi Nero d'Avola,727.48,34.238741958541816,False
27850,Bastianich Chardonnay,299.8,31.487658438959315,False
27851,Bastianich Vini Orsone Svgn,37.98,31.016324381253284,False
27852,Brandini Barbera d'Alba,929.38,33.3555703802535,False
27853,Brandini Dolcetto d'Alba,489.65,32.45175125089349,False
27854,F Coppola Black Label Claret,443192.12,29.18791065148,False
27867,Vendange Merlot,56339.96,40.90361441506171,False
27868,Chimney Rock Elevage SLD,809.91,34.214912768085334,False
27870,Flor Prosecco,730.56,37.48357424441524,False
27871,Flor Rose Brut,345.8,36.610757663389236,False
27872,Flora Springs Napa Red,1403.48,32.90107447202668,False
27873,Poderi Le Ripi Amore e Folli,199.95,31.032758189547394,False
27874,Forefront by Pine Ridge Pnt,844.35,33.795227097767516,False
27878,Poderi Le Ripi Amore e Magia,36.99,31.9816166531495,False
27879,I Perazzi La Mozza Sangioves,503.72,34.18565869927738,False
27880,Pine Ridge Cab Svgn,114.99,34.21167058005043,False
27886,Roth Estate Pinot Noir,1154.23,32.88859239492996,False
27900,Franzia Cab Svgn Cal,135.83,31.03879849812266,False
27901,Franzia Chard,0.0,,False
27907,Sonoma-Cutrer Pierres Chard,479.88,34.20855213803451,False
27911,Ruffino Chianti Clsc Santdam,9044.4,35.730396709566136,False
27924,Barone Ricasoli Casalferro,0.0,,False
27925,Barone Ricasoli Castello,0.0,,False
27926,Barone Ricasoli Rocca Guicci,0.0,,False
27932,Marc Bredif Vouvray,16979.85,35.38900520322617,False
27934,Terruzzi & Puthod Vernaccia,4.99,32.46492985971944,False
27969,Fattoria le Pupille Poggio,36.99,34.19843200865099,False
27973,Litoral Sauvignon Blanc,0.0,,False
27988,Bouchaine Anne Amie Block,0.0,,False
27989,Hundred Acre Kayli Morgan,0.0,,False
28005,Somerston Stornoway Red,0.0,,False
28006,Priest Ranch Coach Gun Red,0.0,,False
28007,Priest Ranch Sauvignon Blanc,0.0,,False
28029,DLD Syrah -Les Gosses,0.0,,False
28038,Andre Spumante Calif,2295.15,37.766594775940575,False
28039,Canyon Rd Merlot,8207.87,34.5939933259177,False
28050,Morgan Winery Albarino,67.96,33.78457916421424,False
28069,Sutter Home Merlot Cal,49371.45,42.167892577592916,False
28070,Sutter Home Moscato Cal,24775.2,33.333333333333336,False
28081,Gandia Hoya de Cadenas RSV,41829.58,36.21877150093308,False
28092,Cline Ancient Vin Znfdl,67115.4,37.18103445706946,False
28114,Steele Chard Cal,43638.12,35.47513045933234,False
28122,Dom Carneros Pnt Nr Napa Vly,19517.46,37.51686951068428,False
28138,Columbia Crest Grand Chard,99272.13,35.398021579671955,False
28146,Kris Heart Rosso,4978.0,37.00281237444757,False
28147,Kris Pnt Grigio Alto Adige,308789.51,35.37479301029365,False
28148,Ciro Rosso Clsc Librandi Cl,77.94,19.553502694380295,False
28155,Sauvion Muscadet Ch de Cler,4263.36,36.09547399234406,False
28156,Sauvion Vouvray,22329.99,36.18940268222243,False
28162,Villa Maria Chard NZ,12118.75,38.555956678700355,False
28163,Villa Maria Svgn Bl Pvt Bin,171790.64,39.68854182043911,False
28214,Lagaria Venezie Pnt Grigio,36689.4,32.44370308590492,False
28223,Ch Ste Michelle Canoe Rdge C,16602.11,38.165570520855475,False
28238,Banfi Pnt Grigio Rime,7485.78,34.66412317754462,False
28239,Fetzer Eagle Peak Merlot,16169.61,34.48543285830642,False
28252,Steele Pacini Mendocno Znfdl,373.78,41.55385520894644,False
28258,Nathanson Creek Cab Svgn,30951.76,33.77875765384585,False
28260,Nathanson Creek Chard,65531.09,35.92004955205231,False
28262,Nathanson Creek Merlot,33440.79,36.535141663818344,False
28266,Nathanson Creek Wh Znfdl,7171.15,33.85161375790493,False
28272,Gallo Fairbanks Cream Sherry,1069.5,59.04628330995793,False
28275,Sheffield Very Dry Sherry,161.73,32.8881469115192,False
28312,Gallo Copperidge Merlot Cal,21675.99,32.4749642346209,False
28313,Gallo Copperidge Merlot Cal,1428.42,32.080200501253145,False
28316,Livingston Nat Flvrs Chard,862.92,34.167709637046315,False
28317,Livingston Wh Znfdl Cal,341.57,40.95792956055859,False
28323,M & R Bianco Vermouth,964.21,35.38025948704121,False
28457,Clos Pegase Merlot Napa,52890.6,34.63035019455252,False
28474,Burgans Albarino Baixas Rio,93003.18,41.024081112065204,False
28497,Warre's Fine Selected Ruby P,10115.93,34.903464140222404,False
28538,Shooting Star Chard Lake Cny,344.77,34.62308205470313,False
28548,St Francis Old Vines Znfdl,59893.29,34.23615566952492,False
28565,Wolf Blass Ylw Lb Shiraz/Cab,194.85,35.4888375673595,False
28567,Marquis de Riscal Rueda Wh,211.75,26.80047225501771,False
28578,Stella Pinot Grigio Umbria,4292.42,34.19516263552961,False
28579,R M Woodbridge Merlot Cal,78535.47,44.20228210259645,False
28580,Silverado Chard,42805.82,40.48019638451033,False
28606,Cline Viognier Sonoma Count,14145.84,33.733733733733736,False
28639,Cadet d'Oc Chard Rothschild,32.97,35.48680618744313,False
28658,R Mondavi Pnt Nr Pvt Sel,96997.74,44.70002084584651,False
28681,F Coppola Rosso Bianco Rosso,39586.87,41.18668639374621,False
28682,F Coppola Rosso Bianco Pnt G,53252.45,47.30439632354943,False
28690,Stonehedge Merlot Cal,8211.98,34.9569774889856,False
28736,Turning Leaf RSV Pnt Grigio,17053.53,31.552587646076795,False
28753,Round Hill Common Man Merlot,2373.36,32.92547274749722,False
28775,C K Mondavi Merlot,29445.23,33.66103779797271,False
28776,C K Mondavi Svgn Bl Cal,71.94,38.4487072560467,True
28856,Seghesio Znfdl Sonoma,148531.85,45.27533993550879,False
28887,Livingston Nat Flvrs Chard,30136.8,35.4888375673595,False
28888,Livingston Clrs Wh Znfdl Cal,31701.56,32.44370308590493,False
28889,Peter Vella Chard Cal B/B,189144.58,31.60939636758293,False
28890,Peter Vella Wh Znfdl Cal,75144.87,33.355570380253496,False
28893,Hawk Crest Merlot,444.69,35.154826958105645,False
28919,Gallo Twin Valley Merlot Cal,10860.27,31.92646223344356,False
28920,Gallo Twin Valley Merlot Cal,274.45,35.47094188376752,False
28943,Round Hill Common Man Chard,2430.48,31.519699812382747,False
28946,Silverado Merlot Napa,36224.7,43.6633015594332,False
28947,R M Woodbridge Merlot Cal,357635.66,41.114110377024474,False
28954,Anthology Conn Crk Cab Napa,4164.94,35.991875033013685,False
28980,Far Niente Cab Svgn Napa,9764.37,41.04135750693594,False
28983,Edmeades Mendocino Znfdl,10893.77,33.233582129969705,False
28984,Kendall Jackson Grand RSV Me,16614.83,33.12480476778879,False
29039,Aszu Royal Tokaji 5 Puttony,9098.05,37.56519254125884,False
29077,Pine Ridge Chn Bl/Viognier,42931.34,33.33098850396935,False
29081,Beringer Wh Znfdl/Chard LVS,13041.32,38.7644808961056,False
29112,Perrin Gigondas,16026.65,34.17089660035005,False
29118,Santa Rita RSV Merlot,11285.27,35.34580918312101,False
29128,Sutter Home Merlot Cal,43798.88,33.72287145242069,False
29129,Sutter Home Wh Merlot Cal,6123.87,35.43543543543544,False
29130,Sutter Home White Merlot,167.72,31.05175292153589,False
29131,Sutter Home White Merlot Cal,383.36,32.053422370617696,False
29155,Gallo Merlot Cal,164.7,34.24408014571949,False
29169,Franzia Tap Merlot,188836.31,34.49632647450058,False
29181,Cantele Primitivo Salento,671.52,31.95139385275197,False
29182,Cantele Salice Salentino Rsv,9190.06,38.001057664476605,False
29192,Perrin Chtnf du Pape,24406.6,24.317192890447668,False
29201,La Terre Cab Svgn,113.88,32.45521601685985,False
29202,La Terre Chard Cal,461.16,34.60837887067395,False
29203,La Terre Chard Cal,56.94,31.085353003161213,False
29204,La Terre Merlot,98.82,35.5191256830601,False
29205,La Terre Merlot,85.41,32.45521601685985,False
29207,La Terre Wh Znfdl,110.37,31.919905771495884,False
29212,R Mondavi Merlot Pvt Sel,85846.59,45.20653645066158,False
29248,Toasted Head Chard,360783.42,38.7187083042785,False
29352,Elk Cove Pnt Gris Ore,39016.91,38.67482073798259,False
29353,Elk Cove Pnt Nr Ore,37213.92,38.80709153993989,False
29361,Brancott Estate 'B' Svgn Bl,31.47,35.08102955195424,False
29371,Merryvale Starmont Cab Svgn,12665.64,35.765109382549944,False
29400,Ch D'Arcins Haut Medoc,15291.73,40.61999525233574,False
29407,Wild Horse CC Merlot,49185.14,35.18696907236617,False
29427,Gekkeikan Sake Calif,19427.1,32.43767726526347,False
29431,Clos du Val Cab Svgn Napa,100738.66,38.215140046532284,False
29433,Clos du Val Carneros Chard,24958.25,35.0785812306552,False
29434,Clos du Val Merlot Napa,13062.98,36.82237896712694,False
29461,Sandeman Character Sherry,10798.35,42.79681618024976,False
29469,Round Hill Merlot Cal,2350.32,32.880629020729096,False
29470,Pahlmeyer Napa Red,3909.77,43.208424024942644,False
29472,M & R X Dry Vermouth,791.12,34.593993325917694,False
29473,M & R Sweet Vermouth,584.35,35.483870967741936,False
29477,R Mondavi Pvt Sel Rsl,21031.23,46.3143620225731,False
29489,Hess Collection Chard Napa,18604.99,34.13809950986268,False
29554,Joseph Phelps Eisrebe Napa V,0.0,,False
29558,Livingston Merlot Cal,327.59,34.668335419274094,False
29616,Kermit Lynch Cotes du Rhone,33224.28,36.385077419284926,False
29619,Schmitt Sohne Auslese,32278.04,35.23175508797933,False
29620,Schmitt Sohne Kabinett,5416.83,35.4888375673595,False
29621,Schmitt Sohne Spatlese,13365.47,35.31742617356515,False
29646,Hartley & Gibson Amontillad,16722.11,44.9623283186153,False
29648,Hartley & Gibson Fino Dry S,83.94,35.096497498213004,False
29649,St Hilaire Blanc de Blancs,61322.96,35.50944050972099,False
29650,C Y Toro Frontera Shiraz,6523.13,35.54566596097272,False
29676,Hartley & Gisbon Pedro Zimen,505.74,32.80737137659667,False
29691,Hahn Merlot Central Coast,15150.86,36.378793019010146,False
29696,J Lohr Arroyo Seco Chard,2607.71,37.37263729479121,False
29714,Planeta La Segreta Rosso,1805.03,21.092170213237445,False
29810,Fess Parker Chard,22323.71,38.20462638154679,False
29835,Casal Garcia Vinho Verde Wh,106802.51,35.694226661901475,False
29847,Terra D'Oro Znfdl,143.88,32.44370308590493,False
29902,Au Bon Climate Pnt Nr,2155.02,32.42382901318781,False
29942,Livingston Merlot Cal,33241.41,34.64203233256352,False
29955,Lindemans Bin 99 Pnt Nr,5577.24,36.24516786080571,False
29996,Wild Horse CC Cab Svgn,70088.95,40.72874540137924,False
30602,Zardetto Prosecco Conegliano,79471.73,37.281735278695955,False
30638,San Quirico Vernaccia,1910.68,34.23074507505182,False
30656,Steele Pnt Nr,26110.31,34.51184608685229,False
30713,Ferrari-Carano Siena Sonoma,16782.78,45.241729916021065,False
30735,Sonoma-Cutrer Cutrer V Chard,55701.79,34.23286756134767,False
31045,Presidential 20-Yr Tawny Dec,8658.6,36.18136881251011,False
31070,Treana Red Calif,29928.03,56.75939913185064,False
31075,J Lohr Hilltop Cab Svgn,4345.5,38.31549879185364,False
31083,Stags Leap Chard Napa,78275.61,37.0892925650787,False
31086,Shooting Star Znfdl Lake Cty,794.47,33.75583722481655,False
31119,Beringer Chard Private RSV,33967.63,42.1554580051655,False
31120,Groth Chard Napa,8673.12,32.72455586916819,False
31157,Livio Felluga Pinot Grigio,847.64,35.31687980746543,False
31160,Monsanto Chianti Clsc RSV,72431.1,39.860639973712956,False
31163,Bonterra Viognier Orgnic,29079.31,33.189920943791314,False
31172,Luna di Luna Chard/Pnt Grig,31191.65,38.56625090368737,False
31176,Penfld Bin 407 Cab Svgn Ausl,629.91,31.50450064294899,False
31186,Almaden Merlot Cal B/B,148332.39,34.755450242526265,False
31194,Conn Crk Ltd Rls Np Cab Svgn,6878.25,40.18827463380947,False
31195,Northstar Merlot Columbia,9481.8,40.83823746546014,False
31200,Banfi Rosso di Montalcino,47286.62,38.18204811424458,False
31201,Beringer Fndrs Est Cab Svgn,57529.64,41.974119775475735,False
31202,Beringer Fndrs Est Chard,25581.41,41.652434326333065,False
31203,Beringer Fndrs Est Merlot,30965.27,42.489537472142175,False
31204,Beringer Fndrs Est Svgn Bl,7779.65,42.65230440958141,False
31231,Nobilo Svgn Bl MarlborougH,157501.83,39.7693791875307,False
31233,Di Majo Norante Sangiovese,25978.19,34.76131324006792,False
31277,Landmark Overlook Chard,67928.32,36.036103940153396,False
31318,Ch de la Ragotiere Muscadet,8782.35,33.97325317255632,False
31320,La Vieille Ferme Rose Vntoux,145815.63,35.7140040474399,False
31323,Villa Maria Clr Slct Svgn Bl,831.48,31.957473420888054,False
31345,Cecchi Cern Chianti Clsc RSV,8157.42,31.361631496232878,False
31346,Florio Dry Marsala Italy,8660.12,31.938125568698815,False
31347,Florio Sweet Marsala Italy,12759.39,35.48680618744313,False
31349,Big House Red Cal,45799.95,36.05320529825906,False
31356,Justin Isosceles Paso Roble,39755.03,31.97899737467184,False
31384,Benton Lane Pnt Nr Ore,40960.380000000005,37.75135875204282,False
31419,Sandeman Ruby Port,12251.92,38.45993117813371,False
31452,Foxhorn SE Cab Svgn Australi,22218.56,38.71520026500367,False
31454,Foxhorn SE Chard Australia,84626.59,36.3741467073174,False
31456,Foxhorn SE Merlot Australia,24707.47,37.61133778569801,False
31458,Foxhorn Wh Znfdl Cal,24681.16,34.712955144733876,False
31465,Franzia Tap Chard,347563.54,37.74333176604196,False
31466,Ch Carignan Brdx,39131.7,33.420219412905645,False
31482,Treana White Table Central,215.88,31.962201222901616,False
31487,Barefoot Bubbly Brut Cve,257728.91,33.47088225376036,False
31488,Barefoot Chard Cal,83466.23,41.36445362393869,False
31489,Barefoot Chard Cal,206665.66,45.88551382943834,False
31493,Barefoot Merlot Cal,50060.95,43.0265506347762,False
31494,Barefoot Merlot Cal,117027.35,43.57440376117208,False
31496,Barefoot Svgn Bl Cal,1119.24,43.995925806797466,False
31497,Barefoot Svgn Bl Cal,42080.94,31.042224817221285,False
31500,Barefoot Wh Znfdl Cal,30992.68,44.91460564236458,False
31501,Barefoot Wh Znfdl Cal,15420.57,30.12301101710248,False
31502,Barefoot Znfdl Cal,341.42,43.09062152187921,False
31503,Barefoot Znfdl Cal,271.76,33.05858110097144,False
31522,J Vineyards Pnt Nr RRV,1715.48,35.49560472870567,False
31524,Rosemount Pnt Nr Ausl,7923.33,34.017515362858795,False
31541,Morgan Winery Highland Chard,47274.94,38.63789144946562,False
31542,Morgan Winery Twelve Clones,95421.02,40.97967093623606,False
31558,J Lohr Los Osos Merlot,59884.23,43.94871571363613,False
31561,Fess Parker Snt Barbr Pnt Nr,18821.7,33.10327972499827,False
31573,Martin/Weyrich Moscato Alleg,12052.99,35.33148206378666,False
31581,Ch Graville Lacoste Graves,23793.39,31.35076590599322,False
31618,Chartron La Fleur Brdx Whit,32626.77,37.112653198585086,False
31621,Novellum Chardonnay RSV VDP,4982.58,41.2746007088697,False
31787,Peter Vella Merlot Calif B/B,47792.87,36.433195997645676,False
31788,Livingston Cab Svgn Cal,127.84,32.41551939924906,False
31789,Livingston Cab Svgn Cal,157.86,59.20435829215762,True
31790,Dominio de Eguren Protocolo,8667.51,37.6712573738017,False
31796,Gekkeikan Sake Haiku Prm Sel,11979.1,33.75796178343949,False
31847,Saintsbury Carneros Pnt Nr,22037.32,33.767808426795995,False
31866,F Coppola Diamond Merlot,107805.04,38.887013074713394,False
31873,Peter Vella Cab Svgn Cal B/B,5300.88,38.4932313125368,False
31909,Catena Lunlunta Malbec Argn,187011.91,32.33794574901673,False
31910,Luna di Luna Merlot/Cab Ca'M,13726.7,34.598264695811814,False
31915,F Coppola Diamond Chard,209370.09,28.857569865877213,False
31971,Trinchero Main St Cab Svgn,30880.65,33.37041156840934,False
31972,Trinchero Main St Chard,11.99,,False
31978,Casa Lapostolle Merlot Chile,321.77,,False
32054,Greg Norman Lmstn Cab/Merlot,101868.63,37.10298253741117,False
32055,Greg Norman Eden Vly Chard,18182.71,29.313012196751746,False
32065,Rosemount Cab Svgn/Merlot,1845.36,31.902718168812594,False
32074,Warre's Kings Tawny Porto,18302.91,33.795227097767516,False
32084,Heidsieck Brut Monopole Epe,126761.02,34.39136100356402,False
32090,Rutherford Ranch Cab Svgn,50895.29,45.58773513226863,False
32107,Erath Pnt Gris Ore,29922.45,37.676059279905225,False
32108,Erath Pnt Nr Oregon,164008.15,34.03813773888675,False
32136,Warre's 20-Yr Tawny Port,16781.27,34.62991775950211,False
32137,F Coppola Diamond Znfd,21723.62,37.84267999532305,False
32138,Bonterra Merlot Organic Mndc,24637.51,34.68982863933896,False
32203,Rancho Zabaco Heritage Znfdl,20794.11,35.96350120298488,False
32263,Lindemans Bin 65 Chard,191345.57,33.81796087570776,False
32294,Dom Chandon Brut,32261.88,36.829037861401744,False
32296,Clos du Bois RSV Merlot Alex,2588.49,39.448095221538416,False
32303,Dynamite Merlot N Cst,2711.87,35.90843218885861,False
32338,Stags Leap Svgn Bl Napa,7896.88,34.177548601472985,False
32367,Cavit Pinot Noir Delle Vene,23083.58,44.66421586253086,False
32368,Cavit Pinot Noir Delle Vene,196006.04,39.595636950779685,False
32479,Danzante Del Vnzi Pnt Grigio,63914.44,31.480272689551846,False
32508,C Krug Merlot Napa,16160.68,50.40183952655458,False
32514,Hogue Cellars Genesis Merlot,69.96,40.651801029159515,True
32543,Villa Cornaro Pinot Grigio,671.16,33.79224030037547,False
32545,Artesa Carneros Chard,50184.02,36.600415829580804,False
32546,Artesa Carneros Pnt Nr,50959.46,39.41984471577996,False
32592,Mionetto Frizzante Prosecco,12696.29,38.90530225758864,False
32604,Kendall Jackson Vt RSV Syrah,20758.61,41.66516929601741,False
32619,Schmitt Sohne Blue Rsl,14026.94,37.538336943053864,False
32648,Beringer Classic Wh Znfdl,344974.43,40.148578548270955,False
32649,Beringer Classic Wh Merlot,101964.84,44.07378072676816,False
32650,Beringer Fndrs Est Pnt Nr,17843.84,42.39558301352175,False
32652,Beringer Classic Wh Merlot,28425.57,36.23146343239555,False
32656,Turning Leaf RSV Pflz Pnt Nr,161.73,34.2237061769616,False
32669,Ch Ste Michelle Cold Crk Rsl,851.4,23.890063424947144,False
32670,Columbia Crest Vns Merlot/Ca,7712.4,35.54016907836729,False
32675,Blackstone Cab Svgn Cal,105848.34,43.58757066950695,False
32679,Pepperwood Grove Merlot Cal,7290.25,27.245293371283562,False
32749,Brancott Svgn Bl Marlboro,203016.11,43.0280976224005,False
32782,Hardys Whiskers Blake Tawny,335.76,44.31736954967834,False
32796,Warre's Otima 10-Yr Tawny,57747.62,36.60310156505151,False
32803,Truchard Carneros Chard,5287.1,36.60797034291011,False
32805,Truchard Carneros Pnt Nr,15694.29,41.35115382728368,False
32807,Flag Hill De Chaunac Red NH,1545.81,41.64742109314857,False
32809,Flag Hill Marechal Foch NH,11184.39,32.409545804464976,False
32823,Beaucanon Merlot Napa,80.97,31.974805483512412,False
32826,Rombauer Carneros Chard,348353.42,33.90610604598054,False
32827,Rombauer Merlot Napa,10390.47,36.16390788867106,False
32831,Carpineto Dogajolo Tuscan Rd,181998.88,39.50182550573938,False
32832,Cesari Valpolicella Clsc Am,67757.69,31.90871766732307,False
32835,Mionetto Prosecco Superiore,12655.09,33.16649664285279,False
32900,Sandeman Tawny 40-Yr Port,17702.41,47.16888830390891,False
32906,Sterling Vintners Cab Svgn C,329861.74,39.95367877462843,False
32907,Sterling Vintners Cltn Chard,258456.59,38.43928297591483,False
32908,Sterling Vintners Cltn Merlo,143443.83,39.43786219316648,False
32915,Kim Crawford Svgn Bl Marlbro,472099.31,34.6787204582019,False
32924,Silverado Cab Svgn Napa,173540.89,39.587373327404286,False
32968,Alice White Chard Ausl,43800.57,38.78527151587297,False
32969,Alice White Shiraz Ausl,17023.14,35.807729948763864,False
32987,Franzia Merlot Cal,95.88,,False
32988,Barefoot Cab Svgn Cal,37582.97,43.93902344599164,False
32989,Barefoot Cab Svgn Cal,92286.32,45.11004447896503,False
33028,Rombauer Cab Svgn Napa,20626.13,42.96167046363036,False
33032,Rombauer El Dorado Znfdl,79686.36,32.66852695994647,False
33035,Cape Indaba Chard S Africa,5071.53,36.58008529970245,False
33037,Beringer Fndrs Est Cab Svgn,82337.81,40.2865827983523,False
33038,Beringer Fndrs Est Chard,60151.74,40.28302423171798,False
33039,Beringer Fndrs Est Merlot,42998.44,43.4539485618548,False
33052,Gosset Grande RSV Brut,164.97,32.87870521913076,False
33055,Cape Indaba Svgn Bl S Africa,17601.99,33.47252214096248,False
33067,Montevina Pnt Grigio Cal,503.44,34.26028921023359,False
33075,Forest Glen Chard,12103.43,36.642670714004204,False
33076,Forest Glen Merlot Cal,713.58,33.31371394938199,False
33111,Marques de Gelida Cava Spai,363.72,34.64203233256352,False
33115,Beringer Classic Chenin Blan,194.85,35.4888375673595,False
33143,Our Daily Red,71259.82,35.45928126116514,False
33147,Jura Bl de Bl Brut D'Argent,74.95,31.487658438959315,False
33148,Alamos Ridge Chard Mendoza,30135.94,49.77306166656822,False
33149,Alamos Ridge Malbec Mendoza,382832.11,45.34127505657767,False
33204,Piero Broglia Gavi di Gavi,119.94,34.61730865432716,False
33206,Bodegas Faustino V RSV Rioj,6701.01,36.52688176856921,False
33209,Sycamore Lane Cab Svgn Cal,1438.88,34.59357277882798,False
33210,Sycamore Lane Cab Svgn Cal,16580.97,32.39104829210836,False
33211,Sycamore Lane Chard Cal,867.56,33.2703213610586,False
33212,Sycamore Lane Chard Cal,23109.78,32.86219081272085,False
33213,Sycamore Lane Merlot Cal,1740.41,33.83742911153119,False
33214,Sycamore Lane Merlot Cal,12335.97,31.44876325088338,False
33215,Sycamore Lane Wh Znfdl Cal,275.08,31.568998109640823,False
33216,Sycamore Lane Wh Znfdl Cal,4839.3,30.977620730270907,False
33264,Churchills LBV Port,131.94,20.145520691223293,False
33265,El Coto de Rioja Crianza Re,11785.73,35.255516629008135,False
33267,El Coto de Rioja RSV Coto d,25851.39,33.660820559358704,False
33278,Villa Cornaro Pnt Grigio LTD,14627.8,36.97480140554286,False
33307,Santa Rita Medalla Cab Svgn,11448.84,33.77110694183865,False
33325,Jacobs Crk Merlot,25.96,40.523882896764256,True
33326,Jacobs Crk Shiraz,12391.34,33.71483632924285,False
33331,Moletto Prosecco Della Marc,65065.64,-19.329157447771202,False
33333,Cavit Merlot Trentino,89.9,32.92547274749722,False
33334,Cavit Pinot Grigio Delle Ve,39744.79,31.03448275862069,False
33348,Greg Norman Limestone Shiraz,65359.35,37.334214615047415,False
33370,Whitehall Lane Cab Svgn Napa,33111.26,39.23674302941054,False
33425,Est! Est!! Est!!! Bigi Grfti,105.36,31.89066059225512,False
33441,Etude Carneros Pnt Nr,21167.86,33.02998035701295,False
33446,Takara Sake Sho Chiku Bai G,16309.97,35.45310015898252,False
33513,Dom Ste Michelle Brut Rose,322.77,37.007776435232515,False
33573,Morgan Winery Svgn Bl Mont S,15034.97,33.755837224816545,False
33574,Morgan Winery Syrah G-17 Mon,8061.5,35.024499162686844,False
33578,Tommasi Pinot Grigio Le Ros,12406.99,36.34346445028166,False
33579,Tommasi Valpo Clsc Supr Rafl,33620.64,39.42197412065922,False
33581,Masi Modello Delle Venezie,7185.27,36.7769060870364,False
33582,Villa Cornaro Prosecco Del,258911.62,41.27128013798685,False
33586,Fattoria Del Cerro Vino Nob,404.7,34.61823573017049,False
33587,Produttori del Barbaresco P,47726.86,35.28675467022134,False
33672,Toasted Head Merlot Cal,12545.99,36.990384975597784,False
33682,R Mondavi Pvt Slctn Cab Sv,52482.46,40.83448070079032,False
33683,R Mondavi Privt Slct Chard,47896.84,43.30715763294613,False
33684,R Mondavi Pvt Sel Merlot,16215.18,43.86593303312082,False
33685,Montepulciano D'Abruz Sensi,107.88,34.59399332591768,False
33706,Canaletto Mntplcno Abruzzo,4111.21,35.802598261825594,False
33707,Canaletto Pnt Grigio Venezie,561.37,41.41831590573063,False
33717,Domaine Pallieres Gigondas R,8505.19,31.964247712279214,False
33719,Dom Le Sang des Cailloux Va,2672.19,34.64686268566233,False
33731,Hopler Gruner Veltliner,71124.66,39.696977110329954,False
33734,Hopler Pinot Noir Austria,2026.88,35.84622671297758,False
33735,Hopler Trockenbeerenauslese,0.0,,False
33765,Perrier Jouet Gr Brut,12514.01,38.06102120743071,False
33767,Sensi Chianti DOCG,8666.77,40.43663325552658,False
33768,Sensi Sangiovese/Cab Svgn T,11566.61,45.08045140278786,False
33819,Sokol Blosser Evolution Whit,28087.64,33.2489308464506,False
33873,Bella Sera Pnt Grigio Del,46163.37,30.970724191063177,False
33874,Bella Sera Pinot Grigio Del,231821.49,39.02911244337184,False
33879,Gallo Twin Valley Wh Merlot,7048.04,36.3056963354351,False
33923,Calera Jensen Mt Hrln Pnt Nr,818.91,35.06978788877898,False
33930,Dom Chandon Etoile,909.66,35.600114328430394,False
33953,L Bernard Cotes du Rhone,7883.68,35.94767925638788,False
33960,Allegrini Valpolicella Clsc,19738.41,37.49141901500678,False
33961,Allegrini Amarone Clsc,12398.45,32.89161145143144,False
33963,Falesco Vitiano Umbria,22419.52,39.513424016214444,False
33965,Castellare Chianti Clsc,24499.93,38.00782287949394,False
33966,Prunotto Barbaresco,8233.39,34.82478055819048,False
33967,Prunotto Bric Touro Barbesco,3617.14,,False
33971,Zenato Valpolicella Clsc Ri,7242.59,36.54383307628901,False
33982,Lyeth Estate Meritage N Cst,58140.95,-11.546164966344737,False
33987,Cavit Cab Svgn,18346.51,38.88750503501755,False
33988,Cavit Chardonnay Trentino,53345.65,40.25306655744189,False
34014,Hess Collection Cab S Mt Vee,16851.19,42.62001674659178,False
34020,Champalou Vouvray Cuvee Fon,5635.08,29.52717618915792,False
34021,Chanrion Cote de Brouilly,379.8,33.333333333333336,False
34022,Marcel Lapierre Morgon,2443.06,35.475182762601,False
34060,Cavit Pinot Grigio Bottega,21852.62,36.09443627354523,False
34074,Girard Artistry Napa Vly Red,257.94,32.42614561525936,False
34082,Dom du Dupeuble Bjls,1359.15,32.89555972482802,False
34101,Ch Ste Michelle Cab Svgn,2132.08,31.563543581854344,False
34123,Freixenet Cordon Negro Brut,10525.62,35.5889724310777,False
34133,Turning Leaf RSV Cab Svgn,94104.15,39.61562800365339,False
34134,Turning Leaf RSV Chard Cal,142328.84,42.90023019930465,False
34135,Turning Leaf RSV Merlot Cal,1527.61,31.938125568698812,False
34136,Turning Leaf RSV Pnt Grigio,802.27,34.66787989080983,False
34137,Fat Bastard Chard,31341.35,37.47365700584053,False
34138,Fat Bastard Shiraz,10311.77,34.837181201675364,False
34144,Capanna Brunello Montalcino,5999.98,52.22984076613588,False
34153,Capanna Rosso di Montalcino,1430.98,12.11197920306363,False
34175,Lindemans Bin 50 Shiraz,88031.4,36.74507050893203,False
34193,Kangarilla McLaren Vl Shiraz,131.94,31.969076853115048,False
34215,Chimney Rock SLD Cab Svgn,139.98,35.49078439777111,False
34219,Simi Merlot,18060.52,35.12567744450326,False
34333,Snoqualmie Cabernet/Merlot,74.94,48.35868694955964,True
34339,Snoqualmie Svgn Bl Columbia,13.98,31.04434907010014,False
34352,Turnbull Old Bull Napa Vly,74.97,,False
34388,Kesselstatt Rsl RK QbA Mosel,8358.32,32.519453670115524,False
34393,Valckenberg Gewurz Pfalz,51944.92,33.23812992685328,False
34395,Valckenberg Madonna Kabinet,167.86,33.36113427856548,False
34397,Valckenberg Madonna Spatlese,155.88,32.409545804464976,False
34427,Frei Bros RSV Cab Svgn Alex,119405.58,33.22008904441484,False
34428,Frei Bros RSV Chard RRV,210627.53,39.04849475279893,False
34429,Frei Bros RSV Mendcno Merlot,37344.02,31.018246027074742,False
34430,Frei Bros RSV Pnt Nr RRV,41869.03,28.169293628249804,False
34431,Beaulieu Cab Svgn Napa,46244.15,40.08063722654649,False
34439,Toad Hollow Mendocino Chard,88514.79,37.31671283409246,False
34460,Dr Loosen Rsl 'Dr L' M,114130.73,42.18190841327309,False
34472,Carlo Rossi Chianti Cal,251.64,31.902718168812594,False
34473,Carlo Rossi Chianti Cal,764.49,31.487658438959308,False
34474,Livingston Chianti Cal,153.8,40.572171651495445,True
34501,Gabbiano Pinot Grigio Delle,959.04,31.031031031031038,False
34504,Ca'Montini Pinot Grigio Tre,39881.84,38.01389304004028,False
34507,Trinity Oaks Cab Svgn Cal,1997.5,34.668335419274094,False
34508,Trinity Oaks Chard Cal,1478.15,35.54443053817271,False
34509,Trinity Oaks Merlot Cal,958.8,31.914893617021267,False
34525,Neyers Merlot Napa,8210.84,36.34463708950608,False
34532,Dom Fontsainte Corbieres Gr,5512.06,34.23874195854182,False
34539,Ch Roumier-Lacoste Barsac W,74.97,31.052420968387356,False
34580,Luce Della Vite Lucente Tosc,7218.51,35.08106243532252,False
34628,Banrock Station Merlot Ausl,116.87,33.37041156840934,False
34635,Riunite Lambrusco Rose,10190.24,38.95099624738966,False
34637,Ch Cheval Bl 05 St Emln GC,1949.97,,False
34646,Terrazas Alto Cab Svgn Argn,190.78,34.73110388929656,False
34647,Terrazas Alto Malbec Argn,16993.57,42.631536516458866,False
34674,Warre's Altano Douro Portuga,6149.16,35.03893214682981,False
34694,Valley of the Moon Pnt Bl,5314.59,37.954385945105834,False
34703,Valley of the Moon Znfdl,1599.2,33.76688344172086,False
34733,Lake Sonoma Cab Svgn AV,527.78,37.34889537307212,False
34735,Lake Sonoma Znfdl Dry Creek,2218.89,34.21710855427713,False
34746,Hogue Clrs Pnt Gris Columbia,411.64,32.309785249246914,False
34752,Frogs Leap Svgn Bl Napa,27671.01,42.172548092751214,False
34761,Meridian Pnt Grigio Cal,131.88,33.75796178343949,False
34763,Mas Donis Montsant Old Vines,9963.88,36.51589541423621,False
34777,Bandol Dom Gros Nore,281.94,31.027878271972764,False
34792,Ch Thivin Cote de Brouilly,528.77,32.44889082209656,False
34802,Dom Diochon Moulin-a-Vent,2428.65,31.01723179544192,False
34803,Bregeon Muscadet Sevre et M,1613.15,38.03428075504448,False
34822,Alice White Chard Ausl,0.0,,False
34825,J Vineyards Pnt Gris,70290.35,27.118800802670634,False
34841,Hopler Pnt Bl,2099.79,32.46372256273246,False
34842,Hopler Zweigelt Austria,0.0,,False
34850,Bargetto Chaucer's Hney Mead,26447.58,36.85168926608786,False
34870,Arca Nova Vinho Verde,55629.54,36.52897363523049,False
34893,Banfi Rosa Regale,187.82,44.41486529656054,True
34903,Smoking Loon Cab Svgn,193019.74,39.941355220973776,False
34904,Smoking Loon Chard,176844.86,38.222733756581896,False
34905,Smoking Loon Merlot,106414.96,42.752654326045885,False
34906,Smoking Loon Syrah,5998.01,44.25901257250321,False
34907,Smoking Loon Viognier Cal,6844.7,30.915891127441665,False
34947,M Chiarlo Moscato D'Asti Ni,19764.86,42.36275895705813,False
34950,Ch Ste Michelle Col Solare R,3609.3,32.27495636272962,False
34951,Ch Ste Michelle Eroica Rsl W,28382.24,36.25422094943881,False
34971,Jermann Pinot Grigio Venezi,16667.82,38.2289945535769,False
34982,Baron K Kabinett,911.52,33.33333333333333,False
34996,Carpineto Dogajolo Tuscan R,48676.35,32.901706886403765,False
34998,Luiano Chianti Clsc,15712.67,36.70216455891965,False
35048,Castell Del Remei Gotim Bru,13081.62,36.997711292638066,False
35049,Ch Pesquie Cotes du Ventoux,22284.19,34.67359594403027,False
35075,Clos LaChance Chard,5112.09,42.02410364449765,False
35088,Newport Vyds Great White RI,36059.77,41.72619514766733,False
35103,Ruffino Chianti Superiore,47883.36,34.73975092808859,False
35104,La Crema Russian Rive Pnt Nr,395.88,31.97938769324037,False
35123,Terrabianca Campaccia,14037.72,33.65532294418181,False
35130,C Back Goats Do Roam Rouge,19281.55,35.84566593453328,False
35180,Vendange Shiraz,54.43,36.983281278706585,False
35266,Vieux Telegraphe Pigeoulet,2798.6,32.41620810405203,False
35290,Vampire Transylvania Merlot,227.15,34.206471494607094,False
35294,Mionetto Prosecco Brut,48022.17,32.786211035444666,False
35318,Jewell Towne Marechal Foch,13592.67,35.0739773716275,False
35319,Jewell Towne Rsl NH,14781.48,44.32005455475365,False
35358,Cataldi Madonna Malandrino,782.42,32.913269088213475,False
35365,Ravenswood Dickerson Znfdl,2771.06,37.27815348639149,False
35375,Hess Allomi Cab Svgn,88957.37,36.50105662970926,False
35380,Liberty School Chard Cntrl C,10495.92,33.79522709776752,False
35392,Tohu Chard Marlborough NZ,3830.28,40.49103459799284,False
35393,Tohu Svgn Bl Marlboro,74360.81,38.48453237666453,False
35407,Blue Nun Rsl,80.91,31.92436040044494,False
35411,Yellow Tail Chard Ausl,48351.3,38.21200257283672,False
35412,Yellow Tail Chard Ausl,491916.09,38.35166278053642,False
35413,Yellow Tail Shiraz Ausl,43744.3,37.74183150719066,False
35414,Yellow Tail Shiraz Ausl,301591.72,36.974715353591264,False
35430,Planeta Chardonnay di Sicil,3382.75,23.58288374842953,False
35442,Borsao Tres Picos Garnacha,120325.19,40.76800543593573,False
35464,Stags Leap Artemis Cab Svgn,306724.45,43.523237224812036,False
35471,R M Woodbridge Pnt Grigio,66622.7,42.96883794862711,False
35472,R M Woodbridge Pnt Grigio,469543.36,41.43835406382916,False
35480,Prinz Salm Der Weib,1091.42,28.683733118322923,False
35485,JJ Prum Graacher Himmel 11,359.88,,False
35490,Sierra Cantabria Rioja Tint,8327.06,36.82620276544182,False
35577,Laboure-Roi Pouilly Fuisse,639.36,33.33333333333333,False
35578,Alamos Ridge Cab Svgn Mendza,50651.64,47.70609599215346,False
35581,Frogs Leap Merlot Napa,25186.26,32.67027339509717,False
35589,Cape Mentelle Sem/Svgn Bl,715.34,36.43022898202254,False
35590,Tiziano Chianti,7232.57,33.0557464359142,False
35605,Castle Rock Paso Ro Cab Svgn,19925.24,40.63730223575727,False
35606,Castle Rock Chard Cntrl Cst,18326.52,42.10379275498021,False
35607,Castle Rock Merlot Cal,13279.4,56.068798289079325,False
35644,Grenache/Shirz Stump Jump,131.89,32.86071726438698,False
35646,D'Arenberg Footbolt Shiraz,18186.42,38.84238899134629,False
35650,Penley Est Phoenix Cab Svgn,7869.9,32.690377260193905,False
35663,Redwood Creek Cab Svgn Cal,484.33,31.478537360890314,False
35664,Redwood Creek Cab Svgn Cal,80207.1,35.248874476199745,False
35665,Redwood Creek Chard Cal,226.44,34.65818759936406,False
35666,Redwood Creek Chard Cal,72942.31,39.011692939255695,False
35667,Redwood Creek Merlot Cal,301.92,34.181240063593016,False
35668,Redwood Creek Merlot Cal,21889.56,31.554037632551772,False
35670,Redwood Creek Svgn Bl Cal,17100.15,32.05878311008969,False
35709,Colosi Sicilia Dry Red,7015.96,38.962593857433625,False
35714,Miner Chard Napa,1979.34,34.21140380126708,False
35716,Miner Gary's Vyd Pnt Nr,1025.82,33.339182312686425,False
35747,Zenato Lugana Doc San Bened,10894.48,35.5989455210345,False
35755,Ken Wright Canary Hill Pnt N,1924.65,31.969448990725596,False
35756,Ken Wright Freedom Hill Pnt,1979.64,31.514820876523018,False
35757,Ken Wright McCrone Ore Pnt N,54.99,33.76977632296781,False
35759,Ken Wright Shea Ore Pnt Nr,2089.62,35.060920167303145,False
35795,Penfolds Koonunga Cab/Merlot,155.88,35.488837567359504,False
35800,Penfolds T Hyland Shiraz,12169.85,33.361134278565466,False
35801,Penfolds Rawsons Shiraz/Cab,3793.78,31.924360400444947,False
35837,Franzia Rhine Tap,233.87,32.907170650361316,False
35855,Botromagno Gravina,89.88,30.97463284379172,False
35860,Stella Merlot Veneto,0.0,,False
35862,Allegrini Palazzo Della Tor,67061.21,31.473947457852315,False
35864,Stella Pinot Grigio Umbria,1186.92,33.75796178343949,False
35885,Due Torri Pinot Grigio Dell,8202.65,38.61678847689466,False
35896,Catena Alta Historic Rows CS,5530.71,27.624663017948865,False
35905,Catena Alta Historic Malbec,12956.05,40.41278012974633,False
35910,Mulderbosch Svgn Bl Stelnbch,3764.04,35.847653053633856,False
35913,Stone Cellars Cab Svgn,122772.64,39.24630113028441,False
35914,Stone Cellars Chard,185085.32,39.06665315217869,False
35916,Stone Cellars Merlot,95530.96,41.28064870278703,False
35918,Stone Cellars Pnt Grigio,30323.58,41.314383064268796,False
35941,Rancho Zabaco Dncg Bul Znfdl,12068.06,36.35315038208296,False
35956,Kesselstatt Schwartzhof GG,263.88,33.78808549340609,False
35957,Kesselstatt Josephshofer Kab,1522.95,5.6141042056535015,False
35959,Stags Leap Winery Cab Svgn,71526.92,40.640978249867324,False
35960,Stags Leap Winery Chard Napa,25881.63,34.48009263713297,False
35962,Stags Leap Wine Petite Syrah,13946.62,33.1591453699893,False
35967,Cloudy Bay Chard Marlboro,14153.03,33.56369625444163,False
35972,Cambas Mavrodafne of Patras,5001.15,31.94765204003079,False
35976,Zeller Schwarze Rsl Valcknbg,53416.53,35.03503503503504,False
35977,Jaboulet Cotes du Rhone Par,159.89,46.85012508528542,True
35989,Ch Haut Brion 10,29899.77,35.064885114500875,False
35990,La Clarte de Haut Brion 10,7769.3,33.77781782142535,False
35999,Fanal Madeira Full Rich,8989.08,35.02694380292533,False
36000,Fanal Madeira Rainwater,3806.07,35.026943802925324,False
36045,Pepperwood Grove Pnt Grigio,559.25,30.934286991506482,False
36047,Leeuwin Siblings Svgn Bl/Sem,43.98,,False
36059,Ch Clinet 10 Brdx,1574.93,33.33481488066136,False
36060,Vieux Ch Certan 10 Red Brdx,1629.95,33.33231080707997,False
36061,Ch Lynch Bages 10,1519.92,,False
36063,Ch La Mission Haut-Brion 10,32999.7,31.506650060455094,False
36065,Ch Montrose 10,5059.8,31.032847148108626,False
36067,Ch Sociando Mallet 10,472.89,,False
36069,Ch Lagrange 10,1063.86,32.885906040268445,False
36070,Ch Cos D'Estournel 10,7517.79,32.88639347467806,False
36071,Ch La Mondot 10,1283.97,32.43300077104605,False
36072,Ch Malartic-Lagraviere 10,245.97,35.47993657763142,False
36073,Ch Malartic-Lagraviere 10 Pe,714.89,,False
36075,Ch L'Eglise Clinet 10,2096.97,31.973275726405237,False
36076,Ch Haut-Bailly 10,4759.72,32.431319489381735,False
36077,Ch Haut-Marbuzet 10,391.92,,False
36078,Ch Angelus 10,6935.83,31.505674158680364,False
36079,Ch Giscours 10,1393.83,33.77241126966703,False
36080,Ch La Mission Haut Brion 10,9849.5,31.971166049038025,False
36081,La Clarence Haut Brion 10,10610.46,31.50796478192273,False
36087,Ramey Russian River Chard,10903.13,33.77204527507238,False
36088,Dom Poujol Rose Coteaux du,1614.15,39.12585571353344,False
36100,Carpineto Vino Nobile RSV d,39496.83,31.510503501167058,False
36101,Carpineto Brunello Montalci,5813.97,33.42346107737055,False
36123,Qupe Central Coast Syrah Cal,13342.01,38.38829381779807,False
36135,Foley Santa Maria Hil Pnt Nr,539.8,33.790292701000354,False
36138,Renzo Masi Chianti Rufina,9448.83,36.18828997875927,False
36139,Renzo Masi Chiant Rufina RS,7345.98,34.05508863351111,False
36153,Edna Valley Paragon Pnt Nr,16405.24,25.486734726221627,False
36154,Frogs Leap Znfdl Napa,15244.12,36.00732610344186,False
36155,De Villaine Bouzeron Aligot,824.75,31.979387693240373,False
36161,Ch Ste Michelle Pnt Gris Was,53878.52,39.864123958861526,False
36197,Cavit Pinot Noir Delle Vene,854.05,35.48387096774193,False
36198,Condesa De Leganza Crianza,144.71,,False
36199,Four Vines Naked Chard,38720.68,34.88595758132346,False
36200,Four Vines Truant Znfdl,26184.73,33.30971906145299,False
36208,Ch Bellevue Lussac St Emili,3342.48,52.97862664847658,False
36209,Big House White,5104.19,31.288803904243366,False
36235,Luce Della Vite Toscana,2199.78,59.46594659465947,False
36262,Newton Chard Napa/Sonoma,43223.46,36.52585887386156,False
36267,Montinore Pnt Gris Ore,8614.88,31.446520439054275,False
36268,Montinore Pnt Nr Ore,21345.97,33.27302530641615,False
36269,Stags Leap Merlot Napa,41.99,,False
36284,Gruet Brut New Mexico,54853.84,50.865354184866554,False
36306,Dom Chandon Pinot Meunier,68.97,31.01348412353197,False
36307,Dom Chandon 00 Carnrs Pnt Nr,551.76,31.970421922575028,False
36308,Dom Chandon Riche Extra Dry,227.88,31.49025803054239,False
36344,Latour Pinot Noir Valmoissin,25370.78,33.940383385926644,False
36351,Alice White Cab Svgn Ausl,13.99,,False
36360,Saarstein Riesling QbA,1494.98,38.867409597452806,False
36367,Nova Norma Jeanne 08 Merlot,44.97,,False
36370,McWilliams Hanwood Est Chard,2369.61,33.762517882689565,False
36371,McWilliams Hanwood Shiraz,9988.46,34.671010345939216,False
36373,Cavit Pinot Noir Bottega Vi,359.76,32.88859239492995,False
36376,Sebastiani Pnt Nr Sonoma,9643.1,35.63480623450965,False
36378,MezzaCorona Pnt Grigio,695816.41,34.0426808847466,False
36380,Sebastiani Znfdl Sonoma Cnty,146533.32,35.03503503503504,False
36383,F Coppola Sofia Bl de Bl,39190.25,38.302894214760045,False
36386,Kenwood Pnt Nr RRV,10421.96,41.907280396393766,False
36419,Castellani Biagio Chianti,5650.96,41.75998414428698,False
36435,Vin Santo Castellani Somavte,711.75,32.87671232876712,False
36463,Heidsieck Brut Little Blue,599.4,35.43543543543543,False
36473,The Crossings Svgn Bl Marlbo,49761.1,39.54273518873175,False
36483,Tommasi Amarone,6379.0,37.30992318545226,False
36493,Dom Tempier Bandol Rose Pro,9749.32,25.367102526124896,False
36510,Yalumba Y Series Shiraz Ausl,10281.6,35.53921568627452,False
36511,Yalumba Y Series Viognier,18574.93,35.58209909808543,False
36523,Ch Macard Brdx Superieur,80436.34,31.02068045363575,False
36524,Ch de Ribebon Brdx,44610.24,32.4216144096064,False
36538,Liberty Creek RSV Cab Svgn,375.53,35.544430538172705,False
36539,Liberty Creek Prem RSV Chard,12587.9,23.360528761747396,False
36540,Liberty Creek Prem RSV Merlo,407.49,32.91614518147685,False
36541,Liberty Crk Prm RSV Wh Znfdl,1733.83,31.03879849812266,False
36543,MacMurray Ranch Pnt Nr RRV,37401.29,34.21710855427714,False
36558,Cruz Garcia Real Sangria Re,49656.73,34.58928930680696,False
36570,Flora Springs Trilogy Cal,14982.78,36.642465550451924,False
36571,Matanzas Creek Chard Sonoma,543.79,36.93705290645287,False
36572,Matanzas Creek Merlot Sonoma,1188.53,42.581171699494334,False
36573,Matanzas Creek Svgn Bl Sonom,25680.52,36.566705035567814,False
36579,Covey Run Rsl Columbia Vly,14471.84,34.55759599332221,False
36620,Talbott Kali Hart Mtry Chard,37118.25,35.83681881554222,False
36623,Talbott Sleepy Hollow Chard,39466.5,32.54532324883129,False
36625,Talbott Logan Slpy Hl Pnt Nr,8731.08,36.335940112792464,False
36648,Groth Cab Svgn Napa,104334.73,35.14732821947207,False
36653,R M Woodbridge Rsl,948.7,47.10656688099505,False
36660,Campus Oaks Old Vines Znfdl,2574.16,31.02215868477483,False
36749,Framboise Pacific Rim Infusn,1662.96,35.0844277673546,False
36750,Big House Cardinal Bst Znfdl,30023.28,35.034146835389066,False
36766,Ravenswood Znfdl Lodi,1562.1,36.91184943345497,False
36769,Toad Hollow Rose Eye Pnt Nr,1929.41,57.5595648410654,False
36770,Yellow Tail Cab Svgn Ausl,326204.5,36.62246228975995,False
36771,Yellow Tail Merlot Ausl,303929.88,38.80516782357825,False
36773,Yalumba Oxford Landng Shiraz,208.81,35.031847133757964,False
36826,Turnbull Cab Svgn Napa,5526.75,32.93979282580178,False
36843,Frey Cab Svgn Organic Mendcn,17951.17,32.12837937582898,False
36844,Frey Chard Organic Mendocino,12064.18,32.30107640966896,False
36845,Frey Natural Red Organic Ca,6359.8,28.54177804333469,False
36846,Frey Natural White Organic,961.18,37.46644749162486,False
36849,Frey Pnt Nr Organic Mendocno,1367.28,31.964191679831487,False
36850,Frey Svgn Bl Organic Mendcno,11705.36,29.730653307544593,False
36851,Frey Syrah Organic Mendocino,1071.33,32.895559724828004,False
36852,Frey Znfdl Organic Mendocino,9266.15,29.17986434495448,False
36859,Brancott Pnt Nr Marlboro,7065.19,36.19110031011196,False
36868,Dunn Cab Svgn Howell Mtn,8839.32,51.92707131317794,False
36874,Yellow Tail Merlot Ausl,42936.41,38.976803137477035,False
36894,Chambers Rosewood Muscat,1175.02,34.19516263552961,False
36907,Dom Tempier Bandol Rg,4758.81,35.0587646911728,False
36989,Duck Pond Chard Wash,5850.97,36.125292045592445,False
36990,Desert Wind Vyd Merlot,94.95,,False
36991,Duck Pond Pnt Gris Ore,30197.72,37.515017690077265,False
36992,Duck Pond Willamette Pnt Nr,45361.6,41.45180064195266,False
37008,Due Torri Pinot Grigio Dell,2902.68,34.19736243747157,False
37046,Truchard Znfdl,48282.79,33.755837224816545,False
37047,Ch Montelena Est Cab Svgn Np,909.93,35.06423571043926,False
37048,Ch Montelena Chard Napa,32387.62,38.841075694972346,False
37049,Argyle Willamette Pnt Nr,40334.71,34.95825307780818,False
37071,Caymus Conundrum White,76554.41,49.27785349008633,False
37083,Jewell Towne Cayuga Wh NH,11478.51,34.638816362053966,False
37100,Antinori Brnllo Mntlcno Pain,1413.74,32.79952466507279,False
37121,Flag Hill Apple Cran NH,30552.48,32.87143956889915,False
37126,Girard Chard RRV,21936.6,37.27469161127977,False
37152,Montes Alpha Apalta Cab Svgn,7198.53,37.81647086280115,False
37156,Gekkeikan Sake Kobai Plm Cal,3222.62,31.5525876460768,False
37158,Montes RSV Colchagua Malbec,9157.95,34.64203233256352,False
37166,Snoqualmie Rsl Winemkrs Slct,2638.07,40.46860015086787,False
37194,Blackstone Syrah Cal,1527.24,36.502448861999426,False
37217,Castano Solanera Yecla Mona,15451.21,39.52486569013042,False
37235,Mionetto Il Prosecco Spklg,56780.76,34.036811060648006,False
37249,Nova Norma Jeane Merlot,5246.5,35.090060040026685,False
37310,Salmon Run Coho Red NY,18300.77,36.44939529866777,False
37311,Salmon Run NY Chard,23524.01,35.59299626211688,False
37312,Salmon Run NY Pnt Nr,67373.07,45.29287443781321,False
37313,Salmon Run NY Rsl,68264.0,40.67151060588304,False
37314,Dr Frank Johannisberg Rsl,5432.65,31.98439067490083,False
37342,Dunn Vyds Cab Svgn Napa Vly,4274.43,33.77783704493933,False
37387,Truchard Carneros Cab Svgn,7124.73,31.91334969886578,False
37398,Flag Hill Heritage Rd NH,49.96,31.064851881505213,False
37401,Excelsior S Afr Cab Svgn,69759.09,35.975856336428706,False
37419,Provenance Cab Svgn Rutherfd,7824.07,39.194690231554674,False
37420,Provenance Napa Merlot,35584.22,33.407448582545854,False
37421,Stags Leap Csk 23 Cab Svgn,11714.29,35.06273107461059,False
37422,Stags Leap Fay Cab Svgn Napa,4647.62,38.01601679999655,False
37433,C Y Toro Casillero Carmenere,83915.46,52.421830256307956,False
37435,Duval-Leroy Champagne Brut,48592.81,34.63582369490466,False
37457,San Rocco Pinot Grigio Vene,2428.96,34.167709637046315,False
37526,Redwood Creek Pnt Grigio,12.58,31.478537360890307,False
37527,Redwood Creek Pnt Grigio,14409.57,33.08100102917714,False
37530,Glen Ellen Pnt Grigio RSV,550.3,42.24968199164091,False
37537,Penfolds Tawny Port Club,383.76,31.0193871169481,False
37541,Frogs Leap Cab Svgn Napa,47277.98,63.426229293214305,False
37542,Frogs Leap Chard Napa,17556.18,31.444311917512806,False
37568,Staglin Cab Svgn Rutherford,4463.76,31.033926555191133,False
37569,Staglin Family Vyd Est Chard,636.87,35.47662788324148,False
37601,Hardys Cab Svgn Ausl,19711.97,39.18618991404716,False
37604,Hardys Chard Ausl,29349.59,38.760098522671015,False
37607,Hardys Shiraz Ausl,25643.13,38.22544283790629,False
37651,Glen Ellen Pnt Grigio RSV,379.24,33.86773547094189,False
37656,MacMurray Ranch Sonma Pnt Nr,111365.36,30.99750227539335,False
37657,Maso Canali Pinot Grigio Tr,49688.38,32.40689271817676,False
37678,Castle Rock Pnt Nr,61624.88,40.53317426338193,False
37682,Cellar No 8 Znfdl,32.97,,False
37708,EOS Cab Svgn Paso Robles,725.34,32.39308462238399,False
37712,Sterling Vintners Cltn Syrah,2447.85,35.882509140674465,False
37722,Jacobs Crk Shirz Rsv,550.5,39.14623069936422,False
37731,Corbett Canyon Chard,119782.16,42.47657581062155,False
37732,Corbett Canyon Merlot,311.76,32.409545804464976,False
37733,Corbett Canyon Wh Znfdl,155.88,31.947652040030793,False
37735,Walnut Crest Vnto Pnt Grigio,19403.08,33.90039107193291,False
37765,Castello Montauto Vernaccia,3092.56,31.92436040044493,False
37785,Lindemans Bin 40 Merlot,29041.47,26.017622386194628,False
37786,Lindemans Bin 45 Cab Svgn,91719.28,36.00582124063774,False
37790,Merriam Merlot RRV,8952.57,35.327621007152146,False
37792,Blackstone Pnt Nr Monterey,70090.59,42.919827040976536,False
37793,Blackstone Svgn Bl,28.97,36.62409389023127,False
37794,Blackstone Znfdl Cal,3721.71,40.17508080962783,False
37798,Dr Frank Johannisberg Rsl,6433.15,32.19418169947848,False
37817,Frescobaldi Chianti Castigln,15423.19,33.68777794995717,False
37821,Frescobaldi Sangiovese Remo,79406.29,35.286486750608795,False
37822,Frescobaldi Chianti RSV Nip,179836.8,31.11509991280983,False
37826,Yellow Tail Cab Svgn Ausl,32392.14,38.3407209279782,False
37827,Yellow Tail Shiraz/Cab Ausl,9292.37,35.54443053817271,False
37828,Yellow Tail Shiraz/Cab Ausl,104041.32,38.432269025421824,False
37840,Los Cardos Malbec Mendoza,40077.84,32.41551939924906,False
37842,Dona Paula Malbec Mendoza,63343.17,35.446205170975816,False
37849,Darioush Cab Svgn,22071.62,33.080217945035294,False
37878,Allegrini La Grola Veronese,629.79,31.04368122707569,False
37902,Trapiche Broquel Cab Svgn Mz,119.92,,False
37904,Trapiche Broquel Mndz Malbec,106683.08,43.21648756297625,False
37909,J Lassalle Brut Preference,699.86,,False
37910,Krupps Brothers Veraison,5119.36,35.8294786848356,False
37913,Pouilly Fume Minet Vls Vgns,9335.33,34.21710855427714,False
37921,C Y Toro Carmenere Terrunyo,175.92,34.19736243747157,False
37923,Five Rivers Cab Svgn,8571.78,37.41719922816498,False
37924,Five Rivers Chard,25.98,33.795227097767516,False
37926,Five Rivers Pnt Nr,36610.36,32.627813547859134,False
37940,Staglin Salus Rthfd Chard,287.91,31.04095029696781,False
37943,Columbia Crest Twin Vns Merl,11152.26,36.31927519623825,False
37984,Barone Fini Pnt Gr Valdadige,59976.99,31.741189412806474,False
38011,Yellow Tail RSV Shiraz Ausl,8818.28,43.53320602203604,False
38088,Niebaum Coppola Edizne Znfdl,975.8,31.68682106989138,False
38102,Canyon Oaks Cab Svgn Cal,2018.63,35.55926544240401,False
38103,Canyon Oaks Cab Svgn Cal,5671.27,33.77814845704754,False
38104,Canyon Oaks Chard Cal,3084.85,34.223706176961606,False
38105,Canyon Oaks Chard Cal,7445.79,32.860717264386984,False
38106,Canyon Oaks Merlot Cal,3737.76,34.55759599332221,False
38107,Canyon Oaks Merlot Cal,2038.3,33.77814845704754,False
38108,Canyon Oaks Shiraz Cal,89.85,32.05342237061768,False
38109,Canyon Oaks Shiraz Cal,0.0,,False
38110,Canyon Oaks Wh Znfdl Cal,569.05,33.388981636060095,False
38111,Canyon Oaks Wh Znfdl Cal,179.85,35.029190992493746,False
38112,Canyon Oaks Znfdl Cal,143.76,31.051752921535886,False
38128,Trinity Oaks Pnt Grigio Cal,2588.76,32.41551939924906,False
38131,Principato Pnt Gr Sicilia,62396.07,34.30336237522651,False
38133,Il Bastardo Sangiovese Tosc,113491.2,46.18648846782834,False
38137,Lange RSV Willamette Pnt Nr,6001.06,35.37708338193587,False
38148,Ch Tour de Mirambeau Ent-D-M,95.94,,False
38153,Lange Three Hills Cve Pnt Nr,3503.19,33.293655211393045,False
38165,Jaume Serra Cristalino Rose,8200.19,37.80717276063116,False
38178,Rex Goliath Cab Svgn,29952.34,34.283665316299164,False
38179,Rex Goliath Chard,23710.08,33.948092962992966,False
38180,Rex Goliath Merlot,20317.71,36.906619889741506,False
38181,Rex Goliath Pnt Nr,40204.69,37.48473125896506,False
38190,Argiola Costera Isola dei N,149.85,32.43243243243243,False
38191,Argiola Vermentino Costamol,8970.11,-16.15331361599801,False
38197,La Carraia Sangiovese Umbri,14777.74,33.21509242955958,False
38198,La Carraia Orvieto Clsc,5497.94,37.41655965688967,False
38241,Hendry Block 8 Cab Svgn Napa,7408.7,34.63765572907527,False
38242,Hendry Ranch Barrel Chard,1977.37,37.1710908934595,False
38244,Hendry Pnt Nr Napa,2056.42,31.9428910436584,False
38245,Hendry Block 7 Znfdl Napa,1405.62,,False
38255,Neirano Brachetto D'Acqui,16.49,,False
38263,Orleans Hill Syrah Lodi,10394.58,38.249356876372104,False
38301,Neirano Pitul Moscato d'Asti,515.57,40.867389491242704,False
38303,Dry Creek Heritage Cln Znfdl,1247.48,35.056273447269696,False
38312,Momokawa Diamond Sake,179.88,35.49032688458973,False
38314,Momokawa Silver Sake,899.04,-5.285638013881472,False
38318,Portillo Malbec,107.88,31.03448275862068,False
38322,Fuki Sake,21843.9,45.14624220033968,False
38348,Nobilo Icon Svgn Bl Marlboro,41630.49,34.359984713127325,False
38355,MacMurray Ranch Selct Pnt Nr,3289.23,31.953071083505876,False
38369,Oyster Bay Pnt Nr Marlboro,52515.12,41.93672222399949,False
38370,Oyster Bay Svgn Bl Marlboro,890334.41,33.186955000425066,False
38392,Ch de Lascaux Rouge Langued,2428.65,33.35186214563646,False
38406,Simi Landslide Cab Svgn Alex,31656.67,38.92775203456333,False
38407,Simi RSV Chard RRV,237.83,,False
38412,Excelsior S Afr Chard,3322.48,37.7043654137873,False
38416,Acquese Moscato D'Asti Dolc,14795.66,31.526271893244363,False
38441,Toasted Head Cab Svgn,55479.34,40.02776529064692,False
38457,Smoking Loon Pnt Nr,143160.21,39.72668103797836,False
38471,Ch Pesquie Cotes du Ventoux,1400.89,27.103484213607075,False
38473,Adelsheim Pnt Gris Ore,12788.15,36.28241770701782,False
38476,Adelsheim Pnt Nr Ore,33531.43,35.693974280249904,False
38481,Canella Prosecco Di Conegli,9224.66,36.554409593415905,False
38483,Sharpe Hill Ballet of Angel,32811.33,34.621943090999366,False
38502,Ruffino Lumina Pnt Grigio,130386.98,38.305849249672015,False
38526,Seghesio Arneis RRV,197.82,31.48316651501365,False
38528,Seghesio Old Vine Znfdl,31398.16,36.37741829457523,False
38529,Seghesio Cortina Znfdl,116.97,,False
38541,Avalon Cab Svgn Napa,24770.62,35.23529084051994,False
38542,Avalon Cab Svgn Cal,24047.34,32.34228816991817,False
38546,Mark West Pnt Nr Sonoma,675519.62,47.42546781986881,False
38549,Stemmari Nero D'Avola,66708.18,36.545653021863274,False
38558,Rutz Cellars Chard RRV Cve,11.99,,False
38622,Canella Bellini Cocktail Vnz,4442.58,32.87143956889915,False
38631,Columbia Crest Gr Ests Syrah,938.41,34.298440979955444,False
38632,Carpineto Cab Svgn Farnito,4657.48,64.91278545479528,False
38635,Cesari Mara Vino di Ripasso,25110.53,33.84623900809739,False
38641,Opici Marsala Cal,937.33,33.80986418870622,False
38644,Bigi Orvieto Amabile,21718.66,36.78477401460311,False
38649,Villa Rosa Barolo Piedmonte,1376.49,35.05001852537977,False
38651,Carpineto Chianti Clsc,19843.88,34.464630908874675,False
38652,Carpineto Chianti Clsc RSV,72267.32,34.11793878616226,False
38668,Mumm Napa Cuvee M Sparkling,30731.8,23.129787386355495,False
38681,Morgan Winery Metalico Chard,37717.8,35.079458505002954,False
38690,Ch Ste Michelle Indn Wl Merl,22766.14,38.32867583173959,False
38701,Artadi Vinas de Gain Rioja,0.0,,False
38714,Dom Clape Cornas Rd,1151.88,32.43046150640693,False
38726,McWilliams Hanwood Cab Svgn,945.72,36.928477773548195,False
38727,Jack's Blend Hanwood Estate,71.94,,False
38728,Rancho Zabaco Svgn Bl Dancg,7.99,35.54443053817271,False
38731,Hogue Lt Harvest Clmb Wh Rsl,4711.53,35.106430395221935,False
38771,Rob Stuart Big Fire Pnt Gris,21260.25,26.270857586340707,False
38772,Rob Stuart Big Fire Pnt Nr,64140.61,36.1099933411921,False
38822,Castano Yecla Monastrell Red,8343.93,33.845561983381934,False
38830,Termanthia Tinta de Toro,169.99,,False
38850,Ravenswood Vntrs Bl Cab Svgn,143317.35,38.27247712855422,False
38852,Salmon Creek Cab Svgn,1861.27,34.268537074148306,False
38853,Salmon Creek Chard Cal,1037.92,32.06412825651303,False
38854,Salmon Creek Merlot Calif,149.7,33.266533066132254,False
38859,Inniskillin Icewn Ngra Vidal,35543.64,41.9177101726216,False
38888,Justin Cab Svgn Paso Robles,204836.73,39.62032102348051,False
38889,Justin Justification Paso R,7588.35,52.8158295281583,False
38897,L Martini RSV Cab Svgn Alex,33412.68,26.289420663053676,False
38898,L Martini Cab Svgn Napa,97287.56,32.87762587529176,False
38899,L Martini Cab Svgn Sonoma,288466.55,44.36526522745878,False
38900,L Martini Fndrs Sig Cab Svgn,199.9,,False
38945,Franzia Sangria Fruity Red,2729.17,34.757087319588,False
38946,Bully Hill Sweet Walter Rd,70914.78,40.70632384391519,False
38950,Corvo Sicily Nero D'Avola,29563.1,33.52523923404514,False
38952,Nora Albarino Rias Baixas,9577.8,33.97231096911607,False
38953,Aldial Naia Rueda White,9153.2,38.561377441769004,False
38966,Henri Bourgeois Svgn Blanc,14.99,35.090060040026685,False
38968,Le Capitaine Vouvray Loire,191.88,33.771106941838646,False
39013,JJ Prum Bernkasteler Bads 11,458.83,34.642460170433495,False
39062,Shelton Wild Thing Znfdl,28621.5,32.79352933983194,False
39063,C Shelton Monga Zin Znfdl,399.8,35.067533766883436,False
39084,Hamilton Russell Chard,1133.46,30.15721772272511,False
39086,Corbett Canyon Pnt Grigio,102.88,35.730948678071535,False
39087,Corbett Canyon Pnt Grigio,215091.88,42.98998176965119,False
39098,Tohu Pnt Nr Marlboro,1135.52,37.60743976328026,False
39104,Olivier Chablis Savary,350.73,32.40954580446498,False
39107,Antinori Bolgheri Guado,5948.39,37.26067053437989,False
39110,Gekkeikan Sake Horin,9479.25,31.070496083550914,False
39111,Gekkeikan Sake Cap Ace,693.68,32.44147157190635,False
39146,Matua Svgn Bl Marlboro,157800.27,43.83299217422124,False
39209,Barefoot Syrah Cal,5108.89,31.168805748411106,False
39219,Masi Masianco Pnt Grg/Verd,9605.53,38.83981414872475,False
39228,Eponymous Cab Svgn Napa,9762.88,35.3113015831394,False
39234,Vidal Jackson-Triggs RSV Icw,3417.38,36.38284299668167,False
39254,Las Rocas Garnacha San Alej,59693.32,40.26266255587726,False
39255,Las Rocas Garnacha Vinas Vi,59.96,34.2228152101401,False
39256,Schmitt Sohne Relax Mosel,111823.74,50.044453887877474,False
39282,Concannon Petite Sirah Cntrl,3536.75,37.145684597441154,False
39283,Concannon Svgn Bl Cntrl Cst,19.98,34.63463463463463,False
39285,Dow LBV Port,5819.64,31.507103532177254,False
39308,Rozes LBV 00 Porto,259.8,,False
39334,Michael David Chard,6523.92,34.64665415884929,False
39335,Phillips Seven Deadly Znfdl,362244.09,37.2284444999503,False
39346,Salmon Creek Wh Znfdl Cal,224.55,31.062124248496993,False
39348,Sterling Vintners Cltn Pnt N,109708.45,41.01867267288891,False
39356,Bota Box Chard Cal,156711.02,37.31335549982381,False
39357,Bota Box Merlot Cal,37511.63,38.47452110185561,False
39358,Bota Box Shiraz Cal,22837.65,40.352663255632706,False
39384,F Coppola Diamond Pnt Nr,203144.57,39.24326896849863,False
39400,Claret Ramey Napa Valley,16252.69,30.14977828285657,False
39410,Mirassou Cab Svgn Cal,31828.14,38.73873873873874,False
39411,Mirassou Chard Cntrl Coast,36723.24,41.54154154154154,False
39412,Mirassou Merlot Cal,28571.4,41.14114114114115,False
39413,Mirassou Pnt Nr Cntrl Coast,123816.07,45.67540384701275,False
39414,Mirassou Svgn Bl Cal,149.85,32.43243243243243,False
39433,Cambas Mantinia Attica Wh,233.82,,False
39434,Cambas Nemea RSV Attica Rd,179.88,35.090060040026685,False
39437,Columbia Crest Two Cab Svgn,13771.27,38.66048665083177,False
39438,Columbia Crest Two Vn Shiraz,226.7,39.52359947066606,True
39449,Ponzi Pnt Gris Willamette,15441.13,55.362852330107955,False
39450,Ponzi Willamette Pnt Nr,29985.9,35.7097835982912,False
39456,Charles Heidsieck Brut Rose,5291.32,45.76778573210464,False
39461,Stags Leap SLV Cab Svgn,7034.33,34.21278216973045,False
39470,Barefoot Syrah Cal,2819.29,43.92134189813747,False
39471,Acorn Dolcetto Alegria RRV,3023.01,34.96085027836495,False
39472,Acorn Sangiovese Alegria RRV,8434.98,35.33926577182163,False
39473,Acorn Cve Alegria Russ Syrah,2780.01,34.15455340088706,False
39479,Barefoot Premium X-Dry,150188.07,33.778168931793324,False
39491,Flag Hill Red Raspberry Fru,24636.39,42.10150107219443,False
39512,Jacobs Crk Cab/Merlot,251.57,32.88547919068251,False
39517,J Lohr Seven Oaks Cab Svgn,46275.5,36.109820531382695,False
39518,J Lohr Riverstone Chard,31003.89,36.60624521632608,False
39523,Cloudy Bay Svgn Bl Marlboro,132992.92,35.681358075302064,False
39524,Marilyn Merlot Napa,4158.4,33.3205078876491,False
39550,Aquinas Cab Svgn,3592.35,36.559633665984656,False
39574,Morgan Winery Double L Chard,7040.04,53.92355725251561,False
39575,Morgan Winery Double L Pnt N,8875.09,34.12449901916487,False
39577,Aquinas Napa Chard,643.54,32.451751250893494,False
39581,Capostrano Montepulciano Abr,798.1,47.78849768199474,False
39592,Redwood Creek Pnt Nr Calif,0.0,,False
39593,Redwood Creek Pnt Nr Cal,78384.87,36.90582123820579,False
39598,R M Woodbridge Cab Svgn Cal,24880.5,39.735937782600836,False
39599,R M Woodbridge Chard Cal,26973.87,42.93503305235771,False
39600,R M Woodbridge Merlot Cal,10054.28,42.562968208563916,False
39601,R M Woodbridge Wh Znfdl Cal,909.85,40.72099796669781,False
39631,Red Truck Cal,17710.59,40.380077682335816,False
39648,Ch Ste Michelle Indn W Chard,46484.54,40.82897238522744,False
39650,Vendange Chard 192/2Pk  Plt,191.88,18.261413383364598,False
39652,Sutter Home Pnt Grigio Cal,9536.08,35.058430717863104,False
39653,Sutter Home Pnt Grigio Cal,521.13,58.59766277128548,False
39654,Sutter Home Pnt Grigio Cal,26933.04,32.432432432432435,False
39665,Alice White Lexia Muscato,512.85,35.8681875792142,False
39681,Jaume Serra Cristalino Brut,6168.54,33.83458646616541,False
39689,Hahn Meritage Central Coast,7684.34,47.4833232261977,False
39691,Smith & Hook Lucia Cab Svgn,73005.35,36.43842540306978,False
39708,R Mondavi Pvt Sln Pnt Grigio,63447.98,43.670641681579156,False
39716,Ravenswood Vntrs Blnd Shiraz,15124.01,35.76703532991581,False
39717,Estancia Pnt Grigio Cal,49435.74,47.209448063283766,False
39718,Calera Mills Vyd Pnt Nr,5075.23,38.50899368107455,False
39736,Krupp Bros Veraison Red,5753.82,34.39454136556236,False
39747,Foxhorn Pnt Grigio/Chard Bl,850.0,37.29411764705882,False
39750,Red Diamond Merlot Wash,90029.24,40.762045753135325,False
39764,Grahams 10-Yr Tawny Port,22210.43,37.662035359063296,False
39765,Grahams 20-Yr Tawny Port,3599.28,32.42648529705942,False
39774,Merriam Cab Svgn Dry Creek,14383.82,34.78102479035472,False
39775,Bogle Svgn Bl Cal,52533.88,37.61344107840501,False
39792,Bolgheri Ornellaia Le Serre,334.95,35.482907896701,False
39797,Steele Catfish Znfdl,1065.52,26.9764997372175,False
39798,R M Woodbridge Pnt Grigio,10802.36,40.77997770857479,False
39834,Kenwood Cab Svgn Sonoma,197.78,32.92547274749722,False
39835,Kenwood Chard Sonoma,53.94,,False
39840,Kenwood Cve Brut Yulupa Spa,1393.45,33.815350389321466,False
39841,Kenwood Yulupa Cab Svgn Cal,1681.13,35.03893214682982,False
39842,Kenwood Yulupa Chard Cal,1393.45,33.37041156840934,False
39843,Kenwood Yulupa Merlot Cal,988.9,31.47942157953281,False
39868,Jolivet Svgn Blanc Attitude,148.9,36.53458697112156,False
39923,Sterling Vintner Clt Svgn Bl,20291.98,35.377917778353805,False
39932,Cavit Pinot Grigio Del Vene,239.52,33.26653306613226,False
39971,Ch Montelena Cab Svgn Napa,88927.92,51.34976731717102,False
39974,Loimer Lois Gruner Veltliner,4834.65,35.83609982108322,False
39977,Little Penguin Cab Svgn Ausl,2267.73,31.53153153153153,False
39979,Little Penguin Chard Ausl,44517.21,36.969634889518005,False
39981,Little Penguin Merlot Ausl,7275.09,35.09234937299745,False
39983,Little Penguin Shiraz Ausl,16417.9,37.04493266495716,False
39988,F Coppola Diamond Svgn Blanc,223.86,,False
39995,Tisdale Cab Svgn Cal,574.56,32.33082706766916,False
39996,Tisdale Chard Cal,690.27,31.07769423558897,False
39997,Tisdale Merlot Cal,1053.36,34.58646616541353,False
39998,Tisdale Shiraz Cal,522.69,32.080200501253145,False
40040,Donnafugata Anthilia Sicily,255.84,,False
40041,Nero D'Avola Donnafugata Scl,191.88,35.08442776735459,False
40051,Concannon Select Vyds Pnt Nr,28135.45,39.408468675638744,False
40053,Campo Viejo Tempranillo,45968.33,36.57953203868837,False
40054,Campo Viejo Tempranillo RSV,99151.21,37.92015246208291,False
40055,Campo Viejo Gran RSV Rioja,54738.58,39.615094143837865,False
40096,Black Box Cab Svgn,443383.47,42.45577986928561,False
40097,Black Box Chard,426705.89,41.650327348422586,False
40098,Black Box Merlot Cal,281227.38,43.66851477974868,False
40106,Peter Lehmann Clancy's Baros,1836.81,18.498919322085573,False
40114,M & R Prosecco Frizzante,23843.9,38.27100432395707,False
40116,Marcus James Rsl,223.72,32.41551939924906,False
40136,Cakebread Merlot Napa,20299.77,31.506563867472398,False
40137,Dom Chandon Carneros Chard,175.92,40.56389267849021,True
40175,M & R Asti 4 Pak,48919.2,31.526271893244363,False
40193,Mark West Chard Sonoma Cnty,175833.73,47.04775357947534,False
40203,Dom La Garrigue CDR Cuvee,527.67,34.20888055034397,False
40213,Gramona Gessami Penedes,4341.28,39.03733461099031,False
40219,Fat Bastard Merlot,6600.98,38.44095876672857,False
40220,Bella Italia Pnt Grigio Ter,455.52,41.93888303477344,False
40240,Beringer Classic Wh Zin Spkl,6043.04,38.612354046969735,False
40246,R Mondavi Pvt Sel Cab Svgn,867.42,35.15482695810564,False
40258,La Crema Chard Sonoma Coast,1188.81,34.63463463463462,False
40296,Choya Plum Wine,11502.52,34.63554073368271,False
40331,Terrazas Alto Chard Mendoza,278.21,29.431005355666585,False
40332,Terrazas RSV Malbec Mendoza,52337.75,39.21452488882307,False
40337,Da Vinci Chianti Tuscany,216780.8,33.415274784482754,False
40338,Cloudy Bay Pnt Nr Marlboro,6241.42,27.908713081318027,False
40363,Clos La Coutale Cahors,7054.01,18.790588615553418,False
40365,Rochioli Pinot Noir RRV,6599.12,34.204560608081074,False
40366,Rochioli Svgn Bl RRV,3587.08,31.033598358553473,False
40424,Mionetto Il Prosecco Veneto,1574.03,31.03879849812265,False
40425,Mionetto Prosecco Brut,451247.84,47.33085038146665,False
40436,St Francis Claret Sonoma,284.81,,False
40444,Santa Ema Reserve Merlot,563.53,32.86071726438698,False
40454,Yellow Tail Cab/Merlot Ausl,939.0,43.66347177848775,False
40455,Yellow Tail Cab/Merlot Ausl,127.84,34.6683354192741,False
40456,Moschofilero Boutari Mantnia,9890.93,33.30950679056468,False
40483,Drylands Svgn Bl Marlboro,15815.74,33.830475210138765,False
40513,Kim Crawford Pnt Nr,1104.38,34.42836704757421,False
40538,Phillips Incognito Lodi Rd,8957.4,32.480407261035566,False
40545,Whitehaven Svgn Bl Marlboro,321940.23,33.755837224816545,False
40559,McManis Cab Svgn Cal,43440.01,40.09953036382819,False
40560,McManis River Jct Chard Cal,617.46,37.994364007385094,False
40561,McManis Merlot Cal,10689.44,33.10332440240087,False
40566,Pascual Toso Cab Svgn Argn,293.72,31.07721639656817,False
40568,Pascual Toso Malbec Argn,0.0,,False
40575,Chiarlo Barbaresco Piedmont,134.96,38.707765263781866,True
40583,M Chiarlo Gavi Wh,1208.9,33.30300272975433,False
40590,Nardi Rosso di Montalcino,12.99,,False
40605,Whitehall Lane RSV Cab Svgn,1049.85,,False
40607,Recanati Galilee Merlot,1512.11,33.78457916421424,False
40608,Pinotage Southern Right,614.59,35.490326884589734,False
40621,Santa Margherita Prosecco V,43787.86,44.406326319669425,False
40658,Lemelson Theas Slctn Pnt Nr,17413.97,28.87537993920974,False
40666,Bolla Chianti,119.88,31.031031031031038,False
40667,Bolla Chianti,20217.84,31.26070836449394,False
40753,Briggs Lockhart Chard,324.75,33.795227097767516,False
40755,D Bosler Pnt Nr Casablanca,854.43,36.09072715143428,False
40757,Casa Julia Merlot Rapel,215.82,32.860717264386984,False
40766,Casa Julia Svgn Bl Manta,2763.16,38.43425643104271,False
40767,Cinquante-Cinq Chardonnay L,433.69,35.45389563974267,False
40771,Dom La Suffrene Bandol Rose,2736.93,38.308250485032495,False
40782,Krug Rose Champagne,467.98,33.77494764733536,False
40786,Morgan Winery Cd Crows Monte,17703.19,34.623082054703126,False
40801,Sileni Sauvignon Blanc,22061.65,32.386970149558174,False
40822,Scharffenberger Brut Spklg,481.76,24.97509133178346,False
40825,Fiano MandraRossa Sicilia,62.93,,False
40837,JJ Prum Graacher Himel Rsl K,6237.92,34.21140380126709,False
40926,Taylor Madeira NY,4670.64,34.268537074148306,False
40965,Wente Wetmore Cab Svgn,22551.19,35.77438707225649,False
41003,Yaegaki Nigori Sake,5321.58,35.06139154160983,False
41030,Folie A Deux Cab Svgn,19402.58,35.07945850500296,False
41032,Folie A Deux Amador Znfdl,7118.81,31.95997645673926,False
41033,Menage a Trois White,55806.58,38.132349267774515,False
41034,Menage a Trois Red,509372.48,43.46898364041968,False
41053,WillaKenzie Est Ore Pnt Gris,197.91,,False
41062,Martin Ray Cab Svgn Napa,17574.28,34.128055317202175,False
41065,Martin Ray Chard RRV,21644.55,35.692356736453284,False
41070,Angeline Chard RRV,22166.09,44.46255519128543,False
41072,Angeline Pnt Nr Rsv,190470.9,38.69425723299464,False
41079,Aalto Ribera Del Duero Red,49.99,32.42648529705941,False
41081,Gramona Grand Cve Cava Spklg,2296.78,35.408702618448444,False
41087,Wrongo Dongo Jumilla,1098.15,48.49064335473295,False
41122,King Est Domaine Pnt Gris,1470.45,39.294093644802615,False
41132,McManis Petite Sirah Cal,1061.13,38.67292414690001,False
41133,McManis Viognier River Junct,155.87,35.446205170975816,False
41141,Ruffino Modus Toscana,1819.3,35.05194305502117,False
41143,Red Diamond Cab Svgn Wash,63165.15,38.86872745493362,False
41144,Red Diamond Chard Wash,5028.64,34.76725317382036,False
41157,Phillips Sixth Sense Syrah,12999.87,32.89555972482802,False
41159,Phillips Earthquake Ld Znfdl,152217.7,33.682482391995144,False
41169,Vendange Cab Svgn,7.98,32.83208020050125,False
41170,Vendange Chard,7197.96,33.33333333333333,False
41171,Vendange Pnt Grigio Cal,1655.85,33.33333333333333,False
41172,Vendange Shiraz,175.56,32.33082706766916,False
41212,A to Z Pnt Gris Ore,121242.67,20.685250498030115,False
41213,A to Z Pnt Nr Ore,224192.78,26.899314063548346,False
41215,Flag Hill Wild Blueberry Fr,1130.22,31.953071083505876,False
41219,C Krug Vnt Slctn Np Cab Svgn,99.99,,False
41220,C Krug RSV Generations Napa,513.9,30.219887137575398,False
41222,C Krug Svgn Bl Napa,9075.53,37.7993351352483,False
41224,J Vineyards Brut Rose,198.94,,False
41231,Mad Dogs & Englishmen Jumil,279.8,53.32380271622588,False
41251,Beringer Classic Pnt Grigio,97451.04,37.74572339094585,False
41252,Beringer Classic Pnt Grigio,175543.44,39.05139377466911,False
41253,Ch St Jean Cab Svgn Cal,194248.56,39.54160586827516,False
41254,Ch St Jean Merlot Cal,108735.86,43.06873555789231,False
41304,Craggy Range Svgn Bl Marlbro,10384.44,37.83815015542485,False
41309,Ch Bonhoste Bordeaux Bl Sec,88.94,,False
41318,R Perrin Chtnf du Pape,221.94,34.19843200865099,False
41321,Bogle Phantom Red Cal,211854.54,37.07246490917778,False
41348,Felino Vino Cobos Malbec,8815.1,32.40689271817677,False
41354,Tomasello Cranberry Wine NJ,49.96,31.545236188951158,False
41372,Fleur Petite Sirah Californa,6460.69,35.09006004002668,False
41375,Torres Tempranillo Coronas,47.97,35.08442776735459,False
41377,Torres Sangre de Toro Catal,5527.41,40.534174233501766,False
41394,Four Vines Biker Znfdl,4467.13,34.068406336954595,False
41405,La Posta Angel Plucci Malbec,34675.23,35.64685800209544,False
41408,Tikal Patriota Mendoza Red,697.68,,False
41409,Ben Marco Malbec,8271.76,28.88647639680068,False
41411,Bodini Malbec Mendoza,457.62,26.095887417507978,False
41412,Crios Rose of Malbec,12893.0,29.954238734196835,False
41415,Crios Cab Svgn,3314.38,32.017451227680596,False
41416,Rihaku Nigori Dreamy Clouds,9854.52,35.557287417347574,False
41417,Nanbu Bijin Southern Beauty,535.68,37.99283154121863,False
41418,Tentaka Kuni Hawk Heavens J,467.64,33.795227097767516,False
41485,Newton Unfiltered Chard,5179.69,34.69840859201998,False
41529,Artesa Elements Napa Red,744.33,-10.26695148657181,False
41530,Septima Malbec Mendoza,69163.14,38.478443864752236,False
41531,Yellow Tail Shiraz/Grenache,495.38,33.79224030037547,False
41532,Yellow Tail Shiraz/Grenache,878.6,34.65968586387434,False
41537,Mer Soleil Chard Central Cst,104150.58,36.153096795044256,False
41546,Monkey Bay Svgn Bl,110089.05,35.460020774091525,False
41558,Sydney Ann Pinot Grigio Ver,1560.77,33.09264017119755,False
41575,Neyers Conn Vly Cab Svgn,8645.37,36.32996621312911,False
41588,Paul Hobbs Cab Svgn Napa,12618.87,40.30701639687231,False
41589,Paul Hobbs Cross Cab Svgn,14597.08,31.50630126025205,False
41605,Charles Heidsieck Brut RSV,14332.71,35.67483051007102,False
41612,Ridge Geyserville Znfdl,11923.93,37.74485425526651,False
41614,Ridge Pagoni Ranch Znfdl,4564.8,34.30599369085174,False
41627,Heron Chard Cal,367.15,,False
41629,Heron Pnt Nr Cal,12077.49,36.02081227142395,False
41633,Prinz Salm Two Princes Nahe,16338.37,38.78336700662307,False
41634,Morgan Winery Garys Vyd Pnt,223.93,32.885276648952804,False
41648,Saint M Pflaz,287.76,28.6905754795663,False
41711,Fish Eye Cab Svgn,48903.2,40.87176299301476,False
41712,Fish Eye Chard,56803.55,41.211984110148045,False
41713,Fish Eye Merlot,46590.51,40.22435040955765,False
41714,Fish Eye Pnt Grigio,84071.33,39.99412165835844,False
41727,Beaulieu Cstl Clr Slct Chard,174.75,33.76251788268956,False
41751,Clos du Bois Pnt Grigio Cal,157241.37,34.692377712048675,False
41759,Blue Fish Pfalz Rsl,11585.5,31.914893617021267,False
41762,Ch Beaucastel Chtnf Pap,9799.02,33.33333333333334,False
41778,Stoneleigh Pnt Nr Marlboro,1386.63,33.80353807432409,False
41780,Stoneleigh Svgn Bl Marlboro,69.93,,False
41785,Ecco Domani Collezion Merlot,203.76,32.86219081272084,False
41786,Ecco Domani Colle Pnt Grigio,28127.37,30.977620730270907,False
41787,Ferrari-Carano Cab Svgn Alex,43278.58,29.76349963423015,False
41795,Corbett Canyon Cab Svgn,233.82,31.485758275596602,False
41820,Cesari Sangioves Romagna RS,4945.34,30.183162330598094,False
41827,Banfi Chianti Clsc Tuscany,32726.35,38.53760043512337,False
41831,BV Coastal Estate Cab Svgn,329.4,31.51183970856102,False
41862,Rex Goliath Shiraz,197.71,39.86141318092156,True
41864,Elvio Tintero Moscato D'Asti,3626.7,33.30300272975432,False
41868,Goldeneye Anderson Pnt Nr,20975.82,32.68420495599218,False
41899,Marietta Old Vine Cve Cal Rd,17838.51,33.31119022833184,False
41912,Matua Pnt Nr Marlboro,13376.76,37.15189627383611,False
41918,Jacobs Crk Rsl,2777.3,29.712310517408998,False
41927,Ch Lamothe de Haux Brdx Wh,20154.56,39.050219900608106,False
41940,Lange Willamette Pnt Nr,64029.09,37.754105204368834,False
41947,Bodini Chard Mendoza,103.92,,False
41948,Tozai Nigori Voice Mist Sake,131.94,31.969076853115048,False
41965,F Coppola Sofia Rose,55014.31,36.877568763472624,False
41970,Troublemaker Red,47977.69,44.3426517616834,False
41974,Beringer Classic Wh Znfdl,11743.2,34.620886981402,False
41978,Ridge Santa Cruz Mt Chard,4319.1,31.964992706813927,False
41980,Ridge Lytton Spring Znfdl,39.98,,False
41981,Ridge Lytton Spring Znfdl,14143.25,34.61545260106411,False
41983,Ridge Znfdl Paso Robles,8485.34,36.049704549257896,False
41984,Ridge Ponzo Vyds Znfdl,2275.24,33.661503841352996,False
41985,Ridge Estate Cab Svgn,5206.01,37.055441691429714,False
41990,Heitz Cab Svgn Napa,66262.76,34.4616493487443,False
42018,Falesco Vitiano Umbria Bian,2769.8,36.9340746624305,False
42052,Duckhorn Three Palms Merlot,2159.76,,False
42053,Paraduxx Red Duckhorn Napa,39109.36,44.29364223807293,False
42080,Evans Nine Stones Brs Shiraz,573.56,27.965687983820338,False
42097,Toad Hollow Eriks The Red 12,19294.89,4.034280578951214,False
42099,Bota Box Pnt Grigio Cal,164562.84,38.23490163392901,False
42104,Leflaive Meursault 12,275.94,,False
42115,Jewell Towne Cab Svgn NH,4867.48,49.9880841831913,False
42117,Jewell Towne Chardonnay,8070.93,33.74741200828158,False
42118,Jewell Towne Seyval NH,7940.93,35.081029551954245,False
42122,Smoking Loon Svgn Bl Cal,54758.68,44.80480537514783,False
42124,Pieropan Soave Clsc,10199.85,54.40668245121252,False
42158,Mulderbosch Rose Cab Svgn,1357.93,42.63621836177123,False
42162,Beyond Svgn Bl,195.45,64.54336147352264,True
42167,Tempranillo Vente Mazzaron,5433.21,40.00968120135242,False
42172,Graffigna Centenario Malbec,18334.43,36.176799605987206,False
42188,Moet & Chandon Nectar Imp Rs,1533634.52,34.5850026902107,False
42211,Parker Stn Snt Barbra Pnt Nr,23.98,26.7723102585488,False
42212,Rex Goliath Pnt Grigio,10563.38,35.96424629237989,False
42255,Ridge Three Valleys Sonoma,43970.24,37.75544550132089,False
42256,Duboeuf Bjls Rd,163.99,34.21550094517959,False
42258,Chatom Cab Svgn Calaveras,139.93,31.015507753876943,False
42264,Belle Glos Clark & Telephone,24740.46,40.04889157275168,False
42275,Blackstone Merlot Cal,8655.67,35.46773386693347,False
42337,St Francis Red Sonoma,547.5,33.51598173515982,False
42348,Livingston Sangria Natural,569.28,39.03878583473861,False
42350,Black Box Shiraz Cntrl Coast,100643.87,40.157815870951694,False
42385,Sycamore Lane Pnt Grigio Cal,1793.31,31.001890359168243,False
42386,Sycamore Lane Pnt Grigio Cal,18975.15,33.333333333333336,False
42392,Vendange Merlot,191.52,35.58897243107771,False
42399,Grayson Cellars Cab Svgn Pas,28198.59,36.13733878183271,False
42401,Grayson Cellars Chard N Cst,16439.89,36.794285119912594,False
42402,Grayson Cellars Merlot Paso,671.4,42.35924932975871,False
42403,Hendry Chard Napa Unoaked,3738.3,39.790814006366524,False
42410,Acorn Medley Alegria RRV,1934.25,34.1993020550601,False
42413,R M Woodbridge Rsl,84854.38,42.4495470946815,False
42420,Yellow Tail Pnt Grigio Ausl,39010.14,40.02687506376547,False
42421,Firesteed Pnt Gris Ore,58930.57,40.33178365659793,False
42422,Firesteed Pnt Nr Ore,188405.93,41.713681729656805,False
42423,Firesteed Willamette Pnt Nr,3406.88,45.592448222420515,False
42436,Crane Lake Cab Svgn Cal,311.22,34.335839598997495,False
42437,Crane Lake Cab Svgn Cal,422.53,31.47942157953281,False
42438,Crane Lake Chard Cal,171.57,32.832080200501245,False
42439,Crane Lake Chard Cal,943.95,31.47942157953281,False
42456,Two Hands Angels Share Shira,10876.6,39.51234760862769,False
42462,Gnarly Head Old Vine Znfdl,125609.92,30.929913815724113,False
42579,Voga del Venezie Pnt Grigio,90502.98,35.7700044794105,False
42581,Roussanne Truchard Carneros,219.89,34.21710855427713,False
42601,3 Blind Moose Cab Svgn Cal,6344.47,39.8922210996348,False
42602,3 Blind Moose Chard Cal,6058.73,39.149623766036775,False
42603,3 Blind Moose Merlot Cal,6951.85,38.39265806943475,False
42640,The Monterey Vyds Chard,5436.62,32.70819001511968,False
42642,The Monterey Vyds Pnt Nr,17537.03,34.59913109574425,False
42643,Echelon CA Pnt Grigio,95.92,31.025854879065896,False
42655,Warre's Vintage Port 03,3399.5,33.769672010589794,False
42663,Beringer Fndr Est Pnt Grigio,11221.27,44.5392544694139,False
42671,Dynamite Mendocino Chard,13.99,31.022158684774837,False
42672,Orogeny Pnt Nr Sonoma,1253.67,32.42958673335089,False
42676,Kistler Chard Sonma Mountain,2089.62,34.20621931260229,False
42677,Kistler Les Noisetiers Sono,2034.63,31.042007637752324,False
42678,Fish Eye Shiraz,15215.37,37.34105710212765,False
42685,Alto Moncayo Garnacha,12237.45,34.632215044801,False
42691,Las Brisas Rueda Wh,2996.69,42.34038222171796,False
42733,K Vntrs Milbrandt Col Syrah,1253.62,31.039709002728095,False
42734,K Vntrs Viognier Columbia,74.97,33.33333333333333,False
42735,Magnificent Wine Co House Re,17952.6,30.517028174192042,False
42741,Il Poggio Sangiovese Rubico,167.88,35.096497498213004,False
42751,Five Oaks Cab Svgn Cal,1887.42,35.35620052770448,False
42752,Five Oaks Chard Cal,890.65,32.45382585751979,False
42753,Five Oaks Merlot Cal,1819.2,31.39841688654354,False
42759,Bigi Orvieto Clsc Vendemmia,419.65,34.195162635529606,False
42764,14 Hands Cab Svgn Wash,273570.44,38.31873063478642,False
42765,14 Hands Chard Wash,58250.47,41.03850149191929,False
42766,14 Hands Merlot Wash,148235.97,40.847251851220726,False
42785,Cakebread Benchland Cab Svgn,7599.24,31.503150315031505,False
42789,Greg Norman Pnt Nr Cal Est,2937.1,34.92220217221068,False
42794,Penalolen Cab Svgn Maipo,221.88,31.043807463493778,False
42797,Ricardo Santos Malbec Mendza,1218.3,38.865632438644006,False
42801,Benton Lane Pnt Gris Willamt,3853.59,31.019387116948096,False
42828,Briggs Lockhart Cab Svgn,1091.16,31.485758275596616,False
42864,Tierra del Fuego Chard RSV,20.98,,False
42871,Duckhorn Merlot Napa,33.98,,False
42874,Decoy by Duckhorn Red Sonoma,137588.81,39.960655230610676,False
42881,La Bastarda Pnt Gr Sicily,69086.85,45.44432116965819,False
42884,Beringer Cab Svgn Pvt RSV Np,15448.97,51.756783785585704,False
42886,Clos de Los Siete Mendoza,13973.01,33.76688344172086,False
42894,Rosenblum Hertg Petite Sirah,35.98,34.63035019455252,False
42897,Twomey Merlot Napa,1002.83,33.32768265807764,False
42933,Valckenberg Rsl,194.85,33.79522709776751,False
42934,Valckenberg Dornfelder,6354.7,31.526271893244367,False
42939,Graff Himmelreich Spatlse 11,29.97,,False
42948,Root 1 Cab Svgn,51400.71,39.73164962118227,False
42949,Kuentz Bas Alsace White,1806.71,32.52652611653226,False
42952,Asamai Shuzo Heavens Door,119.96,34.21140380126708,False
42953,Tozai Well of Wisdom Sake,14593.65,35.34105587019011,False
42971,Kesselstatt Piesp G Kab Rsl,314.79,35.090060040026685,False
43011,Anastasi Estates Dry Wh Mesn,47.96,,False
43013,Anastasi Estates Messinia Rd,323.73,33.778148457047536,False
43019,Krug Grande Cve Brut,2719.68,34.63936933756913,False
43020,Krug Grande Cuvee Brut,16872.82,32.43583467375341,False
43021,Ceretto Arneis Blange Lange,742.63,34.034445147650914,False
43022,Ceretto Barbaresco,341.91,33.772045275072394,False
43023,Ceretto Barolo,1159.71,33.333333333333336,False
43025,Esperto Venezie Pnt Grigio,719.28,33.733733733733736,False
43027,Monsanto Monrosso Chianti,359.76,31.954636424282857,False
43043,Yellow Tail Rsl,21859.52,41.2407957722768,False
43092,Oberon Cab Svgn Napa,93109.47,35.41426022508774,False
43097,Merriam Jones Vyd Cab Franc,4246.82,34.2039455404279,False
43124,Gekkeikan Nigori Sake,18580.98,31.552587646076795,False
43127,Cristobal Pie de Palo Malbec,431.64,34.19516263552961,False
43128,Cristobal Pie Palo Viognier,359.7,40.867389491242704,False
43129,Jelu Malbec San Juan,27325.26,40.11453138963728,False
43131,Carpano Antica Formula,31683.25,40.138716829870674,False
43134,Two Hands Bella Gardn Shiraz,5039.28,34.20488641234462,False
43143,Valle de la Puerta Torrontes,3452.16,32.92547274749722,False
43152,Ramey Chard Sonoma Coast,4254.88,35.06185838378521,False
43184,Writer's Block Cab Franc,8106.93,34.64665415884929,False
43193,Dancing Bull Zabaco Cab Svgn,7206.62,39.64965545567824,False
43223,Ch Beauchene Cotes du Rhone,365707.74,38.294929169396305,False
43224,Ch Beauchene Cotes du Rhone,25515.92,34.81089453172764,False
43225,Ch Beauchene Chtnf Pape RSV,184491.55,36.10598967811805,False
43232,Fat Bastard Cab Svgn,6877.75,40.29660862927556,False
43237,Acorn Alegria Vyds Cab Franc,2944.94,34.994940474169255,False
43245,Sterling Vntrs Pnt Grigio,45914.4,35.98653145854025,False
43247,Archetype Shiraz/Cab Barossa,142.89,32.87143956889915,False
43289,Fish Eye Cab Svgn,77.94,35.488837567359504,False
43290,Fish Eye Chard,0.0,,False
43291,Fish Eye Merlot,64.95,33.795227097767516,False
43292,Fish Eye Pnt Grigio,47981.31,36.84663882665979,False
43293,Fish Eye Shiraz,12.99,35.02694380292533,False
43308,Penfolds Koonunga Hil Shiraz,26953.91,43.533201676491466,False
43317,Salmon Creek Pnt Grigio Cal,199.6,31.062124248496996,False
43323,Keo St John Commandaria Cyp,719.73,50.969113417531574,False
43350,Frenchhouse Chard VDP D'Oc,119.88,34.63463463463463,False
43354,Pinot Evil VDP Beaute Pnt Nr,119.88,59.45945945945946,True
43359,David Bruce Pnt Nr RRV,36329.0,33.06174130859644,False
43362,Silver Oak Cab Svgn Napa,188877.73,35.80615883090081,False
43363,Elk Cove Mt Richmond Pnt Nr,809.82,34.20760168926428,False
43365,Cavit Riesling Trentino,68002.49,37.02973229362632,False
43379,Edna Valley San Luis Cab Svg,21283.95,27.75824036421811,False
43380,Edna Valley San Luis Obs Mer,2076.24,29.896351096212374,False
43384,Three Thieves Bandit Merlot,95.88,31.038798498122645,False
43385,Three Thieves Bnd Pnt Grigio,567.29,35.544430538172705,False
43387,Landmark Grand Detour Pnt Nr,149.95,,False
43393,Red Diamond Shiraz Wash,527.49,42.85958027640334,False
43395,M Chiarlo Barolo Tortoniano,128.97,31.495696673645035,False
43425,Chatom Gitano Sangiovese Cal,167.88,31.95139385275197,False
43429,MontGras RSV Cab Svgn,119.88,33.33333333333333,False
43430,Mont Gras RSV Colch Carmener,2587.41,32.93293293293293,False
43432,Montgras RSV Svgn Bl Casabln,29590.6,34.223706176961606,False
43433,SA Prum Rsl Essence Mosel,2533.05,31.48575827559662,False
43434,Phillips Earthquake Cab Svgn,220169.45,35.86687889714037,False
43450,Fish Eye Pnt Grigio,47945.78,33.31371394938199,False
43452,Fish Eye Shiraz,152.91,35.49146556798116,False
43481,Peter Paul Cab Svgn Napa,2919.14,35.21585124385949,False
43489,Ken Forrester Petit Chenin B,15735.49,36.00103968799191,False
43490,Ken Forrester Petit Pinotage,461.67,35.09649749821301,False
43499,Sterling Vntrs Cltn Chard,629.16,35.51401869158878,False
43513,Ch D'Yquem 05 Lur Saluces,12599.79,31.507191786529788,False
43539,Fantinel Prosecco,18.99,32.91205897840968,False
43541,Carlo Rossi RSV Cab Svgn Cal,303.62,34.167709637046315,False
43542,Carlo Rossi RSV Cab Svgn Cal,1071.33,33.33333333333333,False
43543,Carlo Rossi RSV Chard Cal,287.64,31.53942428035044,False
43544,Carlo Rossi RSV Chard Cal,287.82,35.08442776735459,False
43545,Carlo Rossi RSV Merlot Cal,95.88,32.41551939924905,False
43546,Carlo Rossi RSV Merlot Cal,1183.26,32.457786116322694,False
43547,Carlo Rossi RSV Wh Znfdl Cal,111.86,31.038798498122656,False
43548,Carlo Rossi RSV Wh Znfdl Cal,239.85,31.51969981238274,False
43553,La Puerta La Rioja Malbec,21989.54,32.92547274749722,False
43590,Ch Ste Michelle Indn Wls Cab,113285.56,35.89297700430664,False
43615,Talbott Kali Hart Vyd Pnt Nr,15924.66,37.99201992381627,False
43618,Moillard CdR Violettes Rouge,11323.38,40.31746704605868,False
43638,Silverado Solo SLD Cab Svgn,13948.61,38.15627506970229,False
43639,Hamilton Russell Pnt Nr,755.73,33.762057877813504,False
43652,Barbera d'Alba Alessandria,5085.53,39.33709957467559,False
43662,L'Ecole No 41 Cab Svgn Clmba,20747.29,35.76963545600414,False
43667,L'Ecole No 41 Apogee Pepper,2399.52,31.02620524104821,False
43668,L'Ecole No 41 Perigee Seven,449.91,32.42648529705942,False
43673,Blackstone Montry Pnt Grigio,5561.66,37.64487581045947,False
43681,2 Up McLaren Vale Shiraz,0.0,,False
43685,Babich Svgn Bl Marlboro,20320.42,31.263034917585365,False
43729,Calera Reed Vyd Pnt Nr,354.95,32.891956613607555,False
43730,Calera Ryan Vyd Pnt Nr,719.88,41.79029838306384,False
43737,Menage a Trois Rose Blend,22850.97,38.166125989400015,False
43747,Terra D'Oro Pnt Grigio,1870.44,34.19516263552961,False
43777,Ben Marco Cab Svgn,4284.53,29.898495284196862,False
43782,Newton Unfiltered Cab Svgn,868.77,29.287383312038855,False
43784,Newton Claret Napa,14427.16,33.17437388924777,False
43785,Newton Merlot Napa Unfilterd,221.94,34.19843200865099,False
43788,Veuve Clicquot Ponsardin Rs,121233.02,35.53325653357477,False
43789,Oakhurst Happy Camp Cab Svgn,2055.13,33.30300272975432,False
43790,Oakhurst Happy Camper Chard,989.1,32.393084622383995,False
43791,Oakhurst Happy Camper Merlot,659.4,56.96087352138307,False
43798,Trivento Select Mendz Malbec,35550.83,38.912396700724,False
43799,Trivento Golden RSV Malbec,93.48,34.65982028241336,False
43801,C Y Toro Frontera Cab Svgn,13222.66,38.873418812856116,False
43803,Banfi Rosa Regale,1481.7,30.957683741648108,False
43808,R M Woodbridge Pnt Nr Cal,34830.57,44.489280537183284,False
43809,R M Woodbridge Pnt Nr,289571.31,41.57606290485062,False
43819,Little Black Dress Chard,136.85,36.42674461088783,False
43820,Little Black Dress Merlot,13432.47,36.39561450723508,False
43821,Little Black Dress Pnt Grigi,163.84,47.65625,True
43832,3 Blind Moose Pnt Grigio Cal,7285.51,40.372053569345184,False
43871,Sette Ponti Crognolo Toscan,139.93,33.76688344172086,False
43872,Joseph Carr Cab Svgn Napa,194304.61,39.93321105453956,False
43873,Duckhorn Cab Svgn Napa,110351.94,32.09366323781894,False
43877,Duckhorn Svgn Bl Napa,62877.99,35.44698232243111,False
43890,Oyster Bay Hawkes Bay Merlot,1519.05,31.957473420888043,False
43900,Clio Jumilla Red,7513.33,31.02911758168482,False
43916,Dom Lafage Cote Est Blanc,359.7,35.44620517097581,False
43918,Farnum Hill X-Dry Cider,25167.01,35.02919099249374,False
43919,Farnum Hill X-Dry StillCider,623.48,34.19516263552961,False
43920,Farnum Hill Semi-Dry Cider,28416.3,32.860717264386984,False
43922,Farnum Hill Farmhouse Cider,10266.58,33.37041156840934,False
43923,Farnum Hill Summer Cider,1402.83,31.526271893244363,False
43924,Farnum Hill Kingston Blk RSV,4600.53,31.504196255648807,False
43937,P Jaboulet Hrmtg 10 Chapelle,951.96,31.971931593764445,False
43939,Provenance Svgn Bl Napa,699.64,36.555943056429015,False
43950,Schlumberger Pinot Gris Pri,0.0,,False
44025,Churchills 20 Yr Tawny Port,3381.21,35.56093824400142,False
44033,Zardetto Pros di Coneg Brut,345.86,40.04510495576245,False
44035,De Loach Pnt Nr,33177.08,32.13001264728542,False
44037,Barefoot Pnt Grigio Cal,102200.33,41.61590280579329,False
44038,Barefoot Pnt Grigio Cal,290136.68,44.295633354596866,False
44040,Bella Sera Pnt Nr Venezie,155.76,30.970724191063166,False
44041,Bella Sera Pinot Noir Delle,24624.28,35.96596529928996,False
44063,Valentin Bianchi Elsa Malbec,995.17,34.61217681401167,False
44072,Bogle Russian River Pnt Nr,68625.28,36.0285888815317,False
44081,Wente Riva Ranch Chard,42770.74,42.958761059546774,False
44082,Wente Sandstone Mntry Merlot,22986.97,37.029151732481495,False
44083,Wente Reliz Crk Pnt Nr,5920.29,9.949174787045912,False
44084,Wente Riverbank Rsl Monterey,12331.53,39.02476010681562,False
44098,Rocca di Montemassi Le Faca,90.87,31.47353361945637,False
44102,Provenance To Kalon Cab Svgn,3739.32,31.514820876523014,False
44106,Carmel Road Unoaked Chard Mo,15242.94,34.92620190068321,False
44107,Carmel Road Pnt Nr Monterey,32418.22,35.81214514553854,False
44109,Cavit Riesling Trentino,161.82,31.03448275862068,False
44121,Staglin Salus Cab Svgn,1079.76,35.47454989997777,False
44138,Crios Malbec,16546.01,33.73894975284071,False
44145,Red Rock Merlot Cal,32865.43,40.756594391127706,False
44148,Polka Dot Rsl Pfalz,31280.25,33.33333333333333,False
44172,Neil Ellis Sincerely Shiraz,119.88,,False
44174,Dieberg Santa Maria V Pnt Nr,1291.66,32.87707291392472,False
44176,Three Saints Cab Svgn,0.0,,False
44177,Three Saints Snt Maria Chard,16.99,31.95997645673925,False
44182,Tommasi Poggio Al Tufo Rompi,30700.19,34.257312414027396,False
44186,H Brunier Telegramme Pape,7063.43,31.029117581684822,False
44199,Foris Rogue Vly Gewurz,7189.64,23.435387585470217,False
44207,Neil Ellis Sincerely Svgn Bl,4544.45,37.924281266159824,False
44208,Black Box Pnt Grigio,333084.71,39.41554687394688,False
44217,Ruffino Il Ducale Toscana Rd,20678.4,33.27820334261839,False
44220,Vinedo de Los Vientos Alcyo,1790.48,37.64577096644474,False
44221,Vinedo de Los Vientos Estiv,319.8,31.95747342088805,False
44228,Clean Slate Rsl Mosel,166518.57,47.23494202478439,False
44232,Acacia Winery Pnt Nr Lake,287.91,33.322913410440776,False
44233,A by Acacia Chard Cal,30677.23,31.3931538147349,False
44234,A by Acacia Pnt Nr Cal,47345.5,37.12707649090199,False
44238,B & G Pnt Nr Bistro,6114.81,36.50497726012746,False
44249,Concannon Slt Vyd Pnt Grigio,19.98,34.63463463463463,False
44266,Mommys Time Out Garganega/P,30781.15,35.77757816066002,False
44269,Codorniu Original Spklg Cava,7828.82,40.84549140228029,False
44272,Legaris Crianza Ribera del,94.74,32.42558581380621,False
44278,Scala Dei Negre Priorat,787.58,67.62995505218518,False
44290,Woop Woop Cab Svgn,191.88,,False
44291,Woop Woop Chard,79.95,,False
44292,Woop Woop Shiraz,18732.98,37.28301637005965,False
44302,Yellow Tail Pnt Nr,870.91,31.53942428035043,False
44325,R Young Est Cab Svgn Alexndr,209.96,35.073347304248436,False
44334,Noble Vines 337 Cab Svgn,142137.78,35.89566405216122,False
44337,Irony Cab Svgn,40312.67,36.500063131516725,False
44338,Irony Chard Napa,594.3,31.44876325088338,False
44339,Irony Merlot Napa,0.0,,False
44340,Irony Pnt Nr Monterey,34276.12,33.25405559322351,False
44362,Cusumano Nero D'Avola Sicily,39037.06,38.683804569299014,False
44369,Gallo Twin Vly Moscato,598.8,32.464929859719426,False
44370,Gallo Twin Vly Moscato,29.97,32.43243243243243,False
44394,Oak Ridge OZV Znfdl Lodi,971.28,28.46553002223869,False
44411,Tablas Crk Cotes de Tabls Rg,1739.42,34.211403801267096,False
44413,Spasso Pnt Grigio Veneto,359.28,,False
44450,Dominus 09 Christian Moueix,509.97,,False
44452,Ravenswood Zen of Zin Znfdl,29116.42,40.75363660779724,False
44455,Santa Margherita Pnt Grigio,2885.91,35.69030219237605,False
44493,Neal Cab Svgn Napa,12193.44,34.768859321077564,False
44494,Smoking Loon Pnt Grigio Cal,169510.57,42.17263265647682,False
44511,MacMurray Ranch C Cst Pnt Nr,186135.73,38.0285826907064,False
44529,Salmon Run Chard/Rsl,10456.07,34.5665245163814,False
44547,Silver Oak Cab Svgn Alex Vly,229163.53,37.36706272590581,False
44613,Bodegas Borsao 14 Rose,8417.12,27.224513847967003,False
44620,A to Z Ore Chard,51823.43,22.542892278646935,False
44637,Sea Ridge Chard Cal,77.94,31.947652040030793,False
44650,Nickel Branding Irn Cab Svgn,2914.72,36.4055552505901,False
44651,Nickel Carpenter Cab Svgn,99.99,,False
44653,Nickel Rock Cairn Cab Svgn,3109.7,37.42804772164517,False
44662,Caposaldo Pnt Grigio Veneto,152.83,33.815350389321466,False
44666,San Guido Sassicaia Guildal,699.72,31.97278911564626,False
44703,J Lohr Seven Rst Cv Cab Svgn,8228.9,35.50778354336545,False
44704,J Lohr Riverstone Chard,7273.17,34.203655352480425,False
44705,J Lohr Osos Rest Cve Merlot,1578.33,33.35804299481097,False
44708,Trentadue Old Patch Red Son,16351.84,44.00336598205462,False
44709,Trinity Oaks Pnt Nr Cal,1094.63,33.792240300375475,False
44712,Sonoma-Cutrer Chard Sonoma,192344.34,38.586630622975434,False
44714,Buehler Znfdl Napa,119616.75,-12.09696802496306,False
44715,Drouhin St Veran,10572.36,34.2769258708557,False
44716,Drouhin Chorey Les Beaune,6247.5,33.33333333333333,False
44717,Dom Chandon Rose Spklg,165981.14,39.35402540312713,False
44718,Dom Chandon Brut Spklg,0.0,,False
44719,Cavit Prosecco Lunetta,151205.4,32.28720667383572,False
44724,Meerlust Rubicon Stellenbos,929.7,33.33333333333334,False
44729,Kendall Jackson Sp Sel Chard,8776.68,31.94328607172644,False
44730,Kendall Jackson Spcl Cab Svg,1161.17,34.66761972837741,False
44731,Kendall Jackson Sp Sl Merlot,671.52,32.88062902072909,False
44733,Casa Liliana Good Chianti,10012.67,41.27170874502006,False
44734,Casa Liliana Good Pnt Grg,27656.78,38.5912604431897,False
44742,Gamba Znfdl RRV Old Vine,1692.59,39.85371531203658,False
44754,Bollinger RD,479.98,,False
44755,Bollinger Brut Grande Annee,7787.41,31.972119099931806,False
44756,Duck Pond Syrah Columbia,2704.77,49.84083674397454,False
44761,Gekkeikan Sake Zipang Spklg,5627.25,32.96903460837887,False
44764,Poggio Amorelli Chianti Clsc,455.76,34.228541337546076,False
44780,Nicolis Valpo Seccal Ripasso,16976.63,43.9977192175361,False
44781,Nicolis Recioto Valpo Clsc,219.78,33.33333333333333,False
44783,Scagliola Dolcetto Sempre,1529.97,31.331986901703964,False
44785,Scagliola Barbera D'Asti Frm,3158.42,35.467733866933465,False
44818,Red Guitar Temp/Garnacha Nvr,5232.97,37.23277603349532,False
44828,Nicolis Valpo Clsc,19646.14,39.3285398556663,False
44838,Flora Springs Cab Svgn Napa,20780.53,43.61674124769675,False
44854,Duckhorn Merlot Napa,62739.77,31.05248871648717,False
44857,Fairview Pinotage Paarl,377.73,32.45175125089351,False
44859,Man Cab Svgn Western Cape,16536.52,7.362371284889442,False
44893,Dusted Vly Pitch Cab Svgn,0.0,,False
44895,Rain Svgn Bl Marlboro,1607.04,36.32019115890083,False
44906,Guntrum Rheinhessen,884.19,23.231432158246527,False
44907,Guntrum Dry Trocken Rheinhsn,601.57,34.23874195854182,False
44911,Spy Valley Svgn Bl Marlboro,32633.33,33.366162754459936,False
44912,Broadbent Madeira Rainwater,8072.89,31.13147831817354,False
44915,Broadbent Vinho Verde Wh,43732.52,38.82218541259456,False
44916,Ferreira Dona Antonio RSV,23001.74,39.23764028286556,False
44917,Ferreira 10-Yr Tawny Port,24.99,33.7735094037615,False
44921,Quinta do Crasto Douro Rd,17920.34,38.51288535820191,False
44922,Quinta do Crasto RSV Douro,9183.48,37.40804139607208,False
44925,Montsarra Brut Cava,734.51,34.2228152101401,False
44943,Sanford Santa Barbara Chard,80557.62,34.64665415884928,False
44944,Sanford Santa Rita Pnt Nr,26047.67,35.0587211831231,False
44972,Mitolo Jester McLaren Shiraz,1087.32,35.45966228893057,False
44986,Gruet Rose Brut,24618.51,34.66745144202471,False
44992,R Mondavi RSV Cab Svgn,4193.66,45.22588860327256,False
44993,Red Truck Pnt Nr Cal,2283.81,34.157832744405184,False
45016,Neal One Lane Bridg Cab Svgn,187.98,34.64198318970103,False
45035,Hess Clctn 19 Block Cuvee,15043.78,35.84630990349499,False
45058,Podere Poggio 09 Scalette Ca,95.98,,False
45059,Falesco Sangiovese Umbria,1227.12,37.03631266705783,False
45061,Punto Final Perdriel Malbec,1119.3,32.4577861163227,False
45063,Cecchi Bonizio Red Blend,11938.28,48.963502280060446,False
45082,Hahn Pnt Nr Monterey,431.64,31.94328607172644,False
45090,Norton Malbec Mendoza,5539.38,32.860717264386984,False
45128,Paul Hobbs Chard RRV,7618.49,35.66362888183879,False
45129,Paul Hobbs Pnt Nr RRV,2145.62,36.75580950960561,False
45151,Plumpjack Merlot Napa,433.93,,False
45185,Scagliola Moscato D'Asti Prm,1519.05,43.2145090681676,False
45203,MezzaCorona Pnt Nr Dolomiti,6089.14,37.27324384067373,False
45214,Canaletto Pnt Nr Pavia,359.64,31.931931931931935,False
45234,Calera Selleck Vyd Pnt Nr,2687.72,37.639337430982394,False
45239,J Vineyards Chard RRV,1151.28,35.45966228893058,False
45240,Nino Franco Prosecco Rustic,26874.08,40.820002024255345,False
45246,Shoofly Shiraz,38679.82,-1.272808405002918,False
45266,XYZin Old Vines Znfdl,22419.38,42.853638236204574,False
45276,Smoking Loon Znfdl Cal,14299.92,45.53480019468641,False
45293,C K Mondavi Willw Pnt Grigio,102.87,40.7310197336444,True
45294,C K Mondavi Willw Pnt Grigio,11368.12,34.55698919434348,False
45297,Kathryn Hall Sacrsh Cab Svgn,1170.92,,False
45298,Hall Cab Svgn Napa,25115.07,35.86993785006372,False
45300,Hall Svgn Bl Napa,10441.11,39.58400974609022,False
45314,Barberis Malbec Mendoza,5463.8,12.368681137669757,False
45322,Zabrin de Fuego Garnacha,40654.93,42.60814125125785,False
45329,Nasiakos Agiorgitiko Rd,809.46,31.02068045363576,False
45330,Cono Sur Cab Svgn Cntrl Vly,7426.08,44.385732445651,False
45331,Cono Sur Vision Cab Svgn,2811.44,33.71083857382693,False
45332,Cono Sur Pnt Nr Rapel,18373.53,37.538241154530446,False
45333,Cono Sur Svgn Bl Cntrl Vly,16413.15,42.43274447622791,False
45334,Cono Sur Vision Svgn Bl Csbl,2615.61,39.144597245002124,False
45392,Norton RSV Malbec Mendoza,18933.03,35.49236440231701,False
45424,Gruet Blanc de Noir,11788.09,34.933479469532394,False
45446,Coastal Vines Cab Svgn Cal,286.59,35.05007153075822,False
45457,R Mondavi Meritage Pvt Slctn,12679.29,39.78771682010586,False
45459,Sterling Cab Svgn Rutherford,159.95,34.198186933416686,False
45460,New Harbor Svgn Bl Marlboro,55559.91,37.60290468433084,False
45474,Belle Glos Alturas Pnt Nr,25995.22,38.30827359799226,False
45480,Tapena Garnacha,9.99,,False
45494,Ermita Rioja Crianza,543.67,35.295307815402715,False
45495,Ermita Rioja White,508.68,34.70158056145317,False
45496,Conquista Malbec Mendoza,73048.91,33.74547272505504,False
45503,Rebel The Show Cab Svgn,81098.82,31.931931931931935,False
45521,Nasiakos Nemea Rd,1784.15,34.206765126250595,False
45524,Natura Valle Cab Svgn Cntrl,8249.77,42.13899296586451,False
45525,Natura Colchagua Carmenere,13393.59,40.82758991427989,False
45526,Natura Chard Casablanca,10375.34,38.86754554549538,False
45535,Citra Pnt Grigio,35711.88,39.06834364362783,False
45565,F Coppola Diamond Malbec,629.65,32.90717065036131,False
45576,Pacifico Sur Cab Svgn Curico,646.6,51.28363748840087,False
45577,Pacifico Sur Chard Curico,503.01,61.59122085048011,False
45599,Luigi Bosca RSV Cab Svgn,9960.35,33.51840045781524,False
45600,Luigi Bosca La Linda Malbec,23483.95,31.175760466190745,False
45601,Luigi Bosca Malbec,20776.9,35.76375686459482,False
45602,Luigi Bosca RSV Pnt Nr,4267.94,6.291559862603494,False
45604,Latour 12 Cuvee Bourg Rouge,35962.01,34.61730865432717,False
45605,Bex Rsl Mosel,5667.11,36.392976314206,False
45632,Fish Eye Chard Cal,10805.64,34.66745144202472,False
45645,Marina Cvetic Mntlcno Abruzo,1043.64,38.599517074853395,False
45647,Masciarelli Rose d'Abruzzo,10207.8,41.50747467622798,False
45649,Villa Gemma Montepulciano R,231.98,,False
45710,Ferrari-Carano Terre Chard,638.79,18.40510966045178,False
45745,Fess Parker Frontier Red Cal,767.34,29.814684494487448,False
45752,Root 1 Svgn Bl,13222.11,41.27888816535334,False
45769,Bonterra Svgn Bl Organic,49528.92,44.84394168094115,False
45770,Bonterra Mendocino Org Znfdl,27377.54,32.829246163095746,False
45822,Masciarelli Montepulciano,214213.21,43.347737518148385,False
45823,Masciarelli Trebbiano Abruzo,12866.94,37.57676650392401,False
45831,Lake Sonoma Chard RRV,21459.55,33.3974850357999,False
45837,R Stemmler Nugent Pnt Nr,7198.0,33.3425951653237,False
45839,White Oak Chard RRV,6391.22,33.31883427577208,False
45840,White Oak Merlot Napa,599.76,34.653861544617854,False
45845,Joseph Carr Chard Napa,17680.11,40.36948865137152,False
45848,Kendall Jackson Summation Re,185907.03,37.94283626606266,False
45859,Col D'Orcia Rosso di Mntlcno,3850.64,9.10913510481374,False
45860,Canella Prosecco,4311.36,31.062124248496993,False
45866,Jose Maria de Fonseca Periq,3346.65,31.931931931931935,False
45871,Luzon Jumilla Red,2275.32,33.33333333333333,False
45874,Gallo Twin Vly Pnt Grigio,362.34,31.51183970856102,False
45875,Gallo Twin Vly Pnt Grigio,325.68,36.62490788504053,False
45876,Frei Bros RSV Svgn Bl RRV,19671.64,35.03215796954397,False
45884,Kendall Jackson Pnt Nr Spl S,671.52,34.238741958541816,False
45885,Mer Soleil Silver Chard,41059.46,35.067533766883436,False
45912,L'Ecole No 41 Chenin Bl OV,1122.39,36.303780325911674,False
45913,Gallo Twin Vly Pnt Grigio,254.49,35.47094188376754,False
45920,Yellow Tail Rsl,584.61,32.4216144096064,False
45921,Estancia Svgn Bl Pinnacles,13180.86,44.96702036134213,False
45980,Cheval des Andes Mendoza,3839.36,33.33888981496916,False
45991,Foris Rogue Vly Pnt Nr,0.0,,False
45992,Casa Liliana Good Chard,582.47,38.58052775250228,False
45993,Casa Liliana Good Merlot,142.87,40.94631483166515,True
46011,Folonari Pnt Nr Venezie,51.96,31.48575827559661,False
46018,I'm Wines Rose Napa,421.76,,False
46021,Spellbound Cab Svgn Cal,181882.25,43.41156984807478,False
46023,Spellbound Petite Sirah Cal,132122.1,44.87294706941534,False
46043,I'm Wines Chard Sonoma Cnty,134.95,,False
46048,Wellington Cab Svgn Sonoma,521.71,32.40689271817677,False
46059,Tisdale Vyds Wh Znfdl Cal,1193.01,33.83458646616541,False
46060,Martin Codax Albarino,49554.29,38.81904069254145,False
46062,Martin Codax Tempranilo Ergo,12921.07,34.53816131326586,False
46065,Corbett Canyon Pnt Nr,1143.12,35.02694380292533,False
46070,Carpineto Dogajolo Rose,16636.37,31.97746864249832,False
46074,Turning Leaf Pnt Nr RSV VDP,549.5,32.39308462238398,False
46083,Dom de Reuilly Pierre Plates,469.53,31.03103103103103,False
46088,Dom Trinquevedel Tavel Rose,13401.12,9.683369748200152,False
46090,Dom du Salvard Cheverny Rg,119.85,,False
46093,Mouton Cadet Rose,44977.74,41.549353079990226,False
46096,Yellow Tail Bubbles White,11496.12,35.64437392789916,False
46098,Ch Ste Michelle Rsl Dry Colu,69809.95,37.765103685076404,False
46111,Meeker Mendocino Cab Svgn,509.49,,False
46117,Tozai Snow Maiden Junmai Ngr,323.64,32.92547274749722,False
46118,Tozai Snow Maiden Junmai Ngr,125.93,34.18565869927738,False
46119,Phillips Lust Znfdl Lodi,9526.32,35.34880205577811,False
46132,Fruitier Gneiss Abord Muscdt,1480.86,31.48575827559661,False
46135,Aresti Pnt Nr Curico Vly,94.81,34.268537074148306,False
46140,Mate Brunello di Montalcino,309.94,,False
46141,Spy Valley Pnt Nr Marlboro,4295.03,40.46467661459873,False
46145,Gallo Pnt Nr Pavia,54.9,30.965391621129328,False
46146,Gallo Pnt Nr Pavia,557.46,35.48595414917663,False
46147,Calandray RSV Cotes Roussiln,215.88,35.07504168982768,False
46156,Brookdale Cab Svgn Napa,5847.06,-41.291520866897194,False
46163,Barefoot Chard Cal,3115.2,30.970724191063166,False
46164,Barefoot Merlot Cal,2933.48,34.2064714946071,False
46165,Barefoot Pnt Grigio Cal,7768.53,31.432973805855152,False
46166,Barefoot Wh Znfdl Cal,1369.39,33.74422187981511,False
46185,Bonny Doon Pousseur Syrah,1908.17,31.491953023053505,False
46189,Napa Cellars Chard,16157.49,33.31371394938199,False
46190,Napa Cellars Merlot,629.7,32.44402096236304,False
46199,Man Chenin Blanc,12876.49,41.9667160848958,False
46201,Petite Petit Phillips Lodi,84721.75,35.92997075721406,False
46202,Yellow Tail Pnt Grigio Ausl,322375.46,37.23960874689408,False
46217,Cono Sur Chard Cntrl Vly,5488.32,42.55145472567197,False
46297,Intorcia Marsala Dry,21078.42,35.44620517097581,False
46298,Intorcia Marsala Sweet,11246.62,31.943286071726444,False
46299,Grayson Cellars Znfdl Cntl C,6339.8,36.53112085554749,False
46308,Twisted Chard Cal,458.49,34.59399332591769,False
46310,Twisted Pnt Grigio Cal,16992.21,36.69522681275714,False
46311,Twisted Old Vine Znfdl,14050.82,35.02386337594531,False
46325,Silver Mtn Honey Apple Wine,38.97,,False
46327,Silver Mtn Hard Cider,342.51,35.05007153075822,False
46333,Echeverria Ltd Edtn Cab Svgn,492.83,33.425319075543285,False
46367,Campo Al Mare Bolgheri,1124.55,,False
46371,Carlo Rossi RSV Cab Svgn Cal,2922.28,33.78457916421424,False
46372,Carlo Rossi RSV Chard Cal,271.84,33.313713949381984,False
46373,Carlo Rossi RSV Merlot Cal,543.68,31.489111241906993,False
46374,Carlo Rossi RSV Wh Znfdl Cal,1291.24,31.489111241906997,False
46378,Gallo Twin Vly Pnt Nr,114.77,35.07014028056111,False
46379,Ghost Pine Cab Svgn LMartini,303925.04,41.92829916218814,False
46380,Ghost Pines Chard L Martini,65890.11,43.961741754566816,False
46381,Ghost Pines Merlot L Martini,51133.23,44.99901531743643,False
46394,Hullabaloo Znfdl Napa,215.88,,False
46402,Tamari RSV Malbec Mendoza,5604.87,59.693801997191734,False
46418,Ermita Sn Felices Rose Rioja,586.63,39.009256260334446,False
46422,Hob Nob Chard,20716.05,33.55803833259718,False
46424,Hob Nob Pnt Nr VDP D'Oc,63423.85,33.04206540599474,False
46428,Villa Pozzi Nero D'Avola,25813.72,38.61078527232805,False
46429,Villa Pozzi Pnt Grigio Vnzie,11441.29,40.63781269419795,False
46446,Vendange Wh Znfdl,235.41,31.07769423558897,False
46447,Gascon Malbec Mendoza,190040.43,44.7481570105898,False
46453,Mason Clrs Svgn Bl Pomelo,20022.78,29.63884135969131,False
46458,Layer Cake Barosa Shiraz,68437.41,49.675813272302385,False
46475,Tilia Chard Mendoza,4361.7,33.45484558772955,False
46476,Tilia Malbec Mendoza,88866.76,32.36125633476454,False
46485,Shafer Merlot Napa,18924.62,35.80996606536881,False
46489,Eppa Red Sangria Organic,29797.03,34.80705962976846,False
46496,Cavit Wine Pack,0.0,,False
46498,Principato Pnt Nr Pavia,8747.61,35.25945944092158,False
46508,Crane Lake Pnt Grigio Cal,539.4,33.815350389321466,False
46551,J Vineyards Brut 20,36575.89,35.305825777581894,False
46554,Atteca Garnacha Old Vines,10674.26,40.70914517727692,False
46555,Portillo Pnt Nr,1950.83,35.03893214682981,False
46567,R M Woodbridge Cab/Merlot,47.88,,False
46568,R M Woodbridge Cab/Merlot,34622.03,40.835618246532626,False
46580,Gode'II Rosso di Toscana,1160.18,18.58332327742247,False
46582,Grayson Cellars Pnt Nr Cntrl,16481.84,45.3857093625469,False
46583,Errazuriz Max Fndrs RSV,4175.42,34.643700513960276,False
46590,Merieau 13 Bois Jacou Gamay,2520.06,35.4888375673595,False
46599,Primaterra Primitivo,11970.1,25.140976265862435,False
46600,Primaterra Pnt Grigio,29533.58,24.49151101898246,False
46621,Erath Pnt Nr Estate OR,44983.8,37.36945300308111,False
46628,Paso Creek Cab Svgn,19984.26,33.652284347781695,False
46661,Oak Leaf Cab Svgn Cal,179.4,31.438127090301016,False
46662,Oak Leaf Chard Cal,107.64,32.77591973244148,False
46663,Oak Leaf Merlot Cal,358.8,33.44481605351171,False
46664,Oak Leaf Pnt Grigio Cal,71.76,35.11705685618729,False
46684,Telmo Rodriguez Gago Toro,79.96,,False
46690,Ch Beaucastel Hommage Perrin,1799.95,,False
46694,Santa Margherita Chianti Cls,15902.9,38.24396808129335,False
46715,Quinta do Noval 10-Yr Tawny,828.73,37.869993846005336,False
46725,Broadbent Auction RSV,5742.33,39.647146715705986,False
46732,A by Acacia Chard Cal,113.81,32.38731218697829,False
46733,Stellina di Notte Pnt Grigio,2433.97,31.526271893244363,False
46734,Gnarly Head Cab Svgn Cal,80390.3,31.200356261887325,False
46762,Clayhouse Cab Svgn Paso Rbls,33865.08,43.56404886685636,False
46763,Clayhouse Svgn Bl Paso Roble,13320.89,32.86071726438698,False
46764,Clayhouse Adobe Red Paso Rbl,61676.04,34.826944142328195,False
46765,Tom Eddy Cab Svgn Napa,1099.8,34.64266230223677,False
46766,Tom Eddy Elodian Cab Svgn,859.74,34.79889268848723,False
46774,Rosenblum Znfdl Paso Robles,215.88,33.79655364091161,False
46783,Oops Voluptuous Beauty Valle,13186.41,32.13725342985695,False
46785,Oops Spicy Splendr Carmenere,16159.9,30.7384327873316,False
46788,Oops Cheeky Little Svgn Bl,21138.74,32.843111746490095,False
46802,Dom Chandon Rose Spklg,3438.11,34.669338677354716,False
46816,Alexander Vly Vyds Gewurz,5164.83,31.931931931931935,False
46817,Alexander Vly Vyds Sin Znfdl,479.76,35.46773386693346,False
46819,Kaiken Malbec Mendoza,1021.27,31.02215868477483,False
46826,LaBelle Winery Grnt St Apple,11182.54,31.02068045363576,False
46829,Pacific Rim Yakima Gewurz,10237.32,31.321869395505857,False
46830,Pacific Rim Sweet Rsl,69856.22,34.94079696840166,False
46882,Urban Rsl Mosel,2014.56,33.30950679056468,False
46904,Banyan Gewurz Monterey,55.96,33.80986418870622,False
46923,Torrontes Jelu San Juan,2542.92,33.74545797744326,False
46928,Colome Malbec Calchaqui,647.76,33.34568358651352,False
46929,Lindemans Bin 85 Pnt Grigio,114.82,-6.601637345410206,False
46934,Silver Palm Nth Cst Cab Svgn,90401.94,37.61671486253503,False
46942,Atalon Cab Svgn Napa,1589.47,35.07835945315106,False
46947,Murphy-Goode Merlot Alexandr,12018.39,41.788542392117414,False
46950,Alta Classe Mntplcno Abruzzo,327.59,32.916145181476836,False
46964,Calera Viognier Mt Harlan,143.96,32.4256737982773,False
46985,Rodney Strong Cab Svgn Alexa,66305.07,33.65552588964917,False
47009,Torino Don David RSV Malbec,28912.35,36.80001798539379,False
47011,Freemark Abbey Chard Napa,2049.93,36.058792251442725,False
47014,Juan Gil Jumilla Rd,57635.95,40.466323535918114,False
47027,Marcus James Malbec Mendoza,9518.18,34.306978855201315,False
47049,Argiola Turriga 05 Isola Nur,794.7,-14.533786334465834,False
47075,Turn Me Red,713.1,30.107979245547607,False
47090,Napa Cellars Cab Svgn Napa,60070.96,35.056273447269696,False
50354,Ch Dufort Vivens Marguax,229.95,34.63796477495108,False
90010,Ch Smith Haut Lafitte 12,9015.02,32.88400913142733,False
90011,Ch Pichon Longville 12 Pauil,14499.0,34.64376853576109,False
90012,Ch Malartic Lagravier 12 RG,6248.75,31.50630126025205,False
90013,Ch Leoville Barton 12 St Jul,10898.91,35.06350635063505,False
90014,Ch Giscours Margaux 12,10228.35,34.215195999354734,False
90025,Ch Lagrange St Julien 11 GC,1199.8,,False
90080,Ch Cantenac Brown Margaux 11,1799.7,32.88881480246708,False
90081,La Croix Beaucaillou 11 St J,1299.74,,False
90082,Ch Brane Cantenac Margaux 11,1949.7,,False
90084,Les Fiefs Lagrange St Jul 11,127.96,,False
90085,Ch Lilian 09 Ladouys St Este,665.82,35.49608002162747,False
90086,La Dame Montrose St Estep 11,1403.73,34.21811886901327,False
90087,Ch Mouton Rothschild 12 Paui,16919.64,33.77518670610013,False
90088,Ch Le Petite Mouton 12 Pauil,3509.74,31.506037484258087,False
90089,Ch Lynch Bages 12 Pauillac,19078.41,35.06125510459204,False
90090,Ch Lafite Rothschild 12,9749.85,31.034323604978546,False
90604,Ch Lynch Bages Pauilac,9119.24,34.6445537128094,False
90609,Flavor Essence Variety 5 Pak,2074.17,31.97278911564626,False
90631,Luxardo Maraschino Cherries,31504.41,32.91205897840969,False
