Brand,Description,Size,Classification,PurchasingVendorCount
2917,Paddy's Irish Whiskey,750mL,1,1
26395,Trapiche Cab Svgn Oak Cask,750mL,2,1
6498,Franzia Chablis Old World C,5L,2,1
44703,J Lohr Seven Rst Cv Cab Svgn,750mL,2,1
19233,Tasca D'Almerita Leone 11,750mL,2,1
18569,Sterling Rsv Platinum Red,750mL,2,1
2253,Kavalan Sherry Oak Whisky,750mL,1,1
14988,Argiano Non Confunditur Rsso,750mL,2,1
3581,Pinnacle Citrus,50mL,1,1
7162,Blue Nun Authentic White,750mL,2,1
41122,King Est Domaine Pnt Gris,750mL,2,1
24142,Tablas Creek Patelin Blanc,750mL,2,1
27723,Mommessin Morgon Les Charmes,750mL,2,1
8513,Baileys Irish Cream Mini's 4,100mL 4 Pk,1,1
2894,Scoresby Rare,1.75L,1,1
25708,Schramsberg Blanc de Blancs,750mL,2,1
24829,Cecchi Chianti Classico,750mL,2,1
17882,Dewatsuru Kimoto Junmai Sake,720mL,2,1
15675,Six Hats Shiraz,750mL,2,1
902,Creta Olympia Red,375mL,2,1
27700,Chene Bleu Abelard,750mL,2,1
17218,Catena Malbec Mendoza,375mL,2,1
2230,Egan's Single Malt Irish Wh,750mL,1,1
7849,Tooters Apple-tini 15 Pk,375mL,1,1
25493,Lunadoro Toscana Memoria IGT,750mL,2,1
24165,Enzo Boglietti Brl Case Nere,750mL,2,1
26372,Anselmi San Vincenzo,375mL,2,1
34175,Lindemans Bin 50 Shiraz,1.5L,2,1
13445,Dom Pere Caboche Cote Rhone,750mL,2,1
5124,Cointreau Liqueur,1.75L,1,1
2207,Glenrothes Sherry Cask Rsv,750mL,1,1
879,DeKuyper White Creme de Ment,Liter,1,1
22768,Stags Leap Hand of Time Red,750mL,2,1
12117,Antinori Cervaro della Salla,750mL,2,1
21440,Cheval Blanc,750mL,2,1
27769,Folie a Deux Pinot Noir,750mL,2,1
17026,Pares Balta Brut Cava Pendes,750mL,2,1
20776,JM Gobillard Tradition Brut,750mL,2,1
4460,Cruzan Strawberry Rum,750mL,1,1
39084,Hamilton Russell Chard,750mL,2,1
11453,Hangtime Pnt Nr Cal,750mL,2,1
16531,Pazo de Galegos Albarino,750mL,2,1
5147,Pallini Limoncello Liqueur,375mL,1,1
1397,Jim Beam Kentucky Fire,750mL,1,1
192,Milagro Anejo Tequila,750mL,1,1
1520,Pinnacle Vodka Cane 4/50mls,50mL 4 Pk,1,1
856,Chinaco Blanco Tequila,750mL,1,1
10766,Moillard Ch d'Eau VDP Rose,750mL,2,1
39107,Antinori Bolgheri Guado,750mL,2,1
21463,Chateau Pontet Canet Pauilac,750mL,2,1
17172,Riunite Sweet White,750mL,2,1
15844,Ch Charrier Brdx,750mL,2,1
27746,Mayacamas 09 Cab Svgn Mt Vee,750mL,2,1
44208,Black Box Pnt Grigio,3L,2,1
6329,R M Woodbridge Wh Znfdl Cal,1.5L,2,1
3086,Ciroc Coconut Vodka,1.75L,1,1
2748,Johnnie Walker Blue Label,1.75L,1,1
13491,Barefoot Cellars Rsl,1.5L,2,1
4414,Cruzan Pineapple Rum,750mL,1,1
37046,Truchard Znfdl,750mL,2,1
3750,Margaritaville Island Lime,750mL,1,1
23647,Ponzi Pinot Noir Rose,750mL,2,1
26890,Davis Bynum River West Chard,750mL,2,1
25562,Elvio Cogno Barolo Ravera,750mL,2,1
35380,Liberty School Chard Cntrl C,750mL,2,1
756,Barton Long Island Iced Tea,Liter,1,1
5001,Johnnie Walker King George V,750mL,1,1
24311,Ch Calon 12 Segur St-Estphe,750mL,2,1
24975,Tenshen White,750mL,2,1
12140,Natura Valle Svgn Bl Casabla,750mL,2,1
46764,Clayhouse Adobe Red Paso Rbl,750mL,2,1
5765,Jose Cuervo Lime Margarita,1.75L,1,1
4437,Mount Gay Eclipse,1.75L,1,1
5101,Dr McGillicuddy's Mentholmnt,750mL,1,1
3773,General John Stark Vodka,750mL,1,1
26913,Boen Pnt Nr RRV,750mL,2,1
2107,Rebel Yell Ginger Bourbon,50mL,1,1
24952,Jackhammer Chard Monterey,750mL,2,1
4978,Jacquin Peach Brandy,750mL,1,1
44895,Rain Svgn Bl Marlboro,750mL,2,1
24288,Olivier & Lafont Ventoux Bl,750mL,2,1
23624,Apimed Slovak Mead,750mL,2,1
37733,Corbett Canyon Wh Znfdl,3L,2,1
2130,Bully Boy American Whiskey,750mL,1,1
25021,Mark West Black Pnt Nr,750mL,2,1
3458,Ciroc Amaretto Vodka,750mL,1,1
4291,Ronrico Gold,1.75L,1,1
24188,St Francis Cab Svgn Sonoma,750mL,2,1
3040,Tito's Handmade Vodka,Liter,1,1
15775,Paul D Gruner Veltliner,Liter,2,1
3627,Absolut 80 Proof,375mL,1,1
2794,Bird Dog Bourbon,750mL,1,1
13614,Acrobat Pnt Nr Ore,750mL,2,1
1048,Mother's Holiday Nog,750mL,1,1
26349,Walt Gap's Crown Pnt Nr,750mL,2,1
27013,Bouchard Aine & Fils Fixin,750mL,2,1
4268,Capt Morgan Private Stock,750mL,1,1
38105,Canyon Oaks Chard Cal,1.5L,2,1
3727,Absolut Citron,50mL,1,1
4145,Don Q Cristal Rum,1.75L,1,1
24875,Glen Ellen Merlot RSV,1.5L,2,1
3481,Citadelle Gin,750mL,1,1
26867,Roger Didier Raimbault Sance,750mL,2,1
26203,Jas Des Vignes 15 Rose,750mL,2,1
16170,Domino Moscato,750mL,2,1
2940,Hakushu 12 Yr Japanese Whsky,750mL,1,1
2817,Couvreur Overaged 12 Yr Malt,750mL,1,1
13637,Charles Smith Eve WA Chard,750mL,2,1
24998,Royal Tokaji Mad Cuvee,375mL,2,1
25539,Three Knights Svgn Bl,750mL,2,1
24334,Sea Pearl Svgn Bl,750mL,2,1
15506,Mollydooker Velvet Glove Shi,750mL,2,1
3063,Chambord Vodka,750mL,1,1
25808,Edna Valley Chard,750mL,2,1
42124,Pieropan Soave Clsc,750mL,2,1
3919,Hornitos Reposado Tequila,375mL,1,1
8828,Lunazul Blanco Tequila,750mL,1,1
1251,Port Ellen 32 Yr Single Malt,750mL,1,1
21812,Angeline Svgn Bl RRV,750mL,2,1
6183,Clos du Bois Svgn Bl N Cst,750mL,2,1
39479,Barefoot Premium X-Dry,750mL,2,1
361,Effen Cucumber Vodka,750mL,1,1
564,DeKuyper Blue Curacao,Liter,1,1
17341,Lobster & Shrimp Muscadet,750mL,2,1
24706,Kenwood J London Znfdl,750mL,2,1
26495,Buglioni Disperato Bianco,750mL,2,1
18669,Parducci Small Lot Pnt Gris,750mL,2,1
21171,Ornellaia Bolgheri 13,1.5L,2,1
32924,Silverado Cab Svgn Napa,750mL,2,1
21609,Josh Cellars Legacy Red,750mL,2,1
2625,Nikka Coffey Grain Whisky,750mL,1,1
6375,Christian Bros Dry Sherry,750mL,2,1
22937,Tranzind Red Blend,750mL,2,1
21858,Willamette Vly Elton Pnt Nr,750mL,2,1
23186,Morgan Winery Double L  Rsl,750mL,2,1
1297,Jim Beam Black,50mL,1,1
26687,Dom Faiveley Nuits Porets 14,750mL,2,1
22004,Smashberry Red,750mL,2,1
5688,P & J Cold Soaked Peaches,375mL,1,1
23873,Cloudy Bay 12 Te Koko,750mL,2,1
44972,Mitolo Jester McLaren Shiraz,750mL,2,1
4606,Grand Mayan Barrel Aged Tequ,750mL,1,1
610,Moillard Pnt Nr Bourgogne,750mL,2,1
23332,Ch Haut Beausejour 11 Esteph,750mL,2,1
43939,Provenance Svgn Bl Napa,750mL,2,1
26000,Vista Point Cab Svgn,750mL,2,1
315,Travis Hasse's Apple Pie Liq,750mL,1,1
27328,Canoe Ridge Chard Colum Vly,750mL,2,1
17487,The Naked Grape Harvest Red,750mL,2,1
21317,Bartenura Moscato,750mL,2,1
11238,Willamette Whole Clst Pnt Nr,750mL,2,1
7995,Patron Reposado Tequila,50mL,1,1
11825,Cupcake Cab Svgn,750mL,2,1
22645,Gaston & Ravaut Bourgog Vlg,750mL,2,1
169,Twisted Shotz Multi Pack,25.0,1,1
4752,Flor de Cana 4Yr Gold Rum,1.75L,1,1
41629,Heron Pnt Nr Cal,750mL,2,1
32137,F Coppola Diamond Znfd,750mL,2,1
20730,Villa Jolanda Pineap Moscato,750mL,2,1
6916,St Germain Liqueur,200mL,1,1
418,Darioush Chard,750mL,2,1
13153,Fess Parker Rsl,750mL,2,1
18423,F Coppola Diamond Red,750mL,2,1
18964,Sprinkle Cab Svgn,750mL,2,1
21958,Le Grande Courtage Rose,750mL,2,1
10451,Line 39 Cab Svgn Lake Cnty,750mL,2,1
6126,Sogno di Sorrento Crema Lem,750mL,1,1
19356,C Y Toro Marques Cs Cab Svgn,750mL,2,1
21271,Kentia Albarino Rias Baixas,750mL,2,1
43747,Terra D'Oro Pnt Grigio,750mL,2,1
22353,Dylan's Ghost Hell Hollow CS,750mL,2,1
20189,Steele 09 Bien Nacido Pnt Nr,750mL,2,1
21025,Querceto Vin Santo Chianti C,500mL,2,1
19943,Viu Manent Rsva Svgn Blanc,750mL,2,1
18174,Seven Falls Merlot,750mL,2,1
19502,Nostor Templari Priorat Red,750mL,2,1
41978,Ridge Santa Cruz Mt Chard,750mL,2,1
19797,Lucanto Montepulciano d'Abru,750mL,2,1
10010,Long Lake Chard Cal,750mL,2,1
8075,Sheffield Tawny Port,1.5L,2,1
23229,Ch St Jean Belle Terre Chard,750mL,2,1
19648,Dachshund Rsl,750mL,2,1
2502,Dewars Wh Label & Honey 2 Pk,750mL 2 Pk,1,1
2004,The Scarlet Ibis,750mL,1,1
3996,Deep Eddy Peach Vodka,750mL,1,1
27474,BiancaVigna Prosecco Brut,750mL,2,1
29489,Hess Collection Chard Napa,750mL,2,1
23870,Col-di-Sasso Sangiovese/Cab,750mL,2,1
6226,Marcus James Chard,1.5L,2,1
19671,14 Hands Pinot Grigio,750mL,2,1
6724,Black Opal Cashmore Cab Svgn,750mL,2,1
27331,Hahn Chard Monterey,750mL,2,1
21712,Ferghettina Francia Mil Brut,750mL,2,1
14716,Jeio Prosecco Bisol Desidero,750mL,2,1
3355,Truuli Peak Vodka,750mL,1,1
44334,Noble Vines 337 Cab Svgn,750mL,2,1
28682,F Coppola Rosso Bianco Pnt G,750mL,2,1
4211,Cruzan Passion Fruit Rum,750mL,1,1
45831,Lake Sonoma Chard RRV,750mL,2,1
1128,Smugglers Notch Gin,750mL,1,1
35088,Newport Vyds Great White RI,750mL,2,1
21686,Cameron Hughes Cam Coll Char,750mL,2,1
5370,DiSaronno Rsva Ltd Edition,750mL,1,1
3378,High West Rendezvous Rye,750mL,1,1
41417,Nanbu Bijin Southern Beauty,300mL,2,1
25765,Simi Cab Svgn Alexander Vly,6L,2,1
17444,D'Aquino Asti,750mL,2,1
438,Licor 43 Vanilla Liqueur,750mL,1,1
14381,LaBelle Winery Riesling,750mL,2,1
12389,Volpe Rossa Pnt Grigio,1.5L,2,1
25459,Seven Hills Merlot Seven Hil,750mL,2,1
23750,Ch Clerc Milon 12 Pauillac,750mL,2,1
21045,Eden Ice Cider Honey Crisp,375mL,2,1
20504,Guenoc Cal Chard,750mL,2,1
19459,Verite La Muse Red Sonoma,750mL,2,1
3335,Tanqueray Sterling Vodka,750mL,1,1
4829,Mr Boston Blackberry Brandy,1.75L,1,1
17985,Ponzi Tavola Pnt Nr,750mL,2,1
33216,Sycamore Lane Wh Znfdl Cal,1.5L,2,1
45874,Gallo Twin Vly Pnt Grigio,187mL 4 Pk,2,1
24560,Dom La Fage Tessellae CdRous,750mL,2,1
46372,Carlo Rossi RSV Chard Cal,5L,2,1
22396,Allegrini Dedicato A Walter,750mL,2,1
13242,Cadet D'Oc Cab Svgn Rthschld,750mL,2,1
25224,G Ferrer Etesian Pnt Nr,750mL,2,1
24062,Atelie Pink Moscato,750mL,2,1
27139,Hecht & Bannier Bandol 11 Re,750mL,2,1
5250,DeKuyper Buttershots Trav,750mL,1,1
507,Kamchatka Vodka,1.75L,1,1
23060,Navarro Vyds Pnt Nr l'Ancien,750mL,2,1
2671,Christian Drouin Calvados,375mL,1,1
35795,Penfolds Koonunga Cab/Merlot,750mL,2,1
2837,Girvan Patent Still #4 Apps,750mL,1,1
1271,Jeffersons Reserve Bourbon,750mL,1,1
607,Schmitt Sohne Funf Rsl,750mL,2,1
23919,J J Vincent Pouilly Fuisse,750mL,2,1
7265,Taylor Fladgate LBV Port,750mL,2,1
22419,Farm Napa Vly Cab Svgn,750mL,2,1
2814,Hudson Bay Bourbon,375mL,1,1
1148,Old New England Egg Nog,750mL,1,1
25124,Jadot Burgundy Hills Wh 14,750mL,2,1
24411,Marques de Grinon 10 Cab Svg,750mL,2,1
90013,Ch Leoville Barton 12 St Jul,750mL,2,1
1812,Booker's Rye,750mL,1,1
24583,Moshin Vyds Pnt Nr Sonoma Cs,750mL,2,1
26077,Ninety Cellars Lot 129 Znfdl,750mL,2,1
3876,Smirnoff 80 Proof,1.75L,1,1
24603,Zeni 11 Amarone Classico,750mL,2,1
25934,Gabbiano Chianti,750mL,2,1
45333,Cono Sur Svgn Bl Cntrl Vly,750mL,2,1
36087,Ramey Russian River Chard,750mL,2,1
11868,Columbia Crest Two Vines Rsl,750mL,2,1
12532,Grand Sigognac Medoc Bordx,750mL,2,1
27849,Baglio di Grisi Nero d'Avola,750mL,2,1
3455,Stolichnaya Gluten Free 80*,750mL,1,1
3212,Crystal Head Vodka,1.75L,1,1
630,Pinnacle Vodka,Liter,1,1
26767,Elk Cove Clay Court Pnt Nr,750mL,2,1
16611,Leese-Fitch Merlot,750mL,2,1
46664,Oak Leaf Pnt Grigio Cal,750mL,2,1
14006,Apothic Winemakers Red Blend,750mL,2,1
24703,Kenwood J London Cab Svgn,750mL,2,1
2645,Chivas Regal,750mL,1,1
5891,Ryans Irish Cream,1.75L,1,1
15137,Black Stallion Chard Napa Vy,750mL,2,1
3186,Smirnoff Mango Vodka,750mL,1,1
25785,The White Knight Prosecco,750mL,2,1
26498,Gosset Grand Rose Brut,750mL,2,1
16047,Entwine Pnt Grigio,750mL,2,1
17129,Simply Naked Undressed Red,750mL,2,1
25244,M Sullberg Cab Svgn,750mL,2,1
27408,Hourglass Blueline Est Cab S,750mL,2,1
2522,The Macallan 10 Yr Fine Oak,750mL,1,1
4686,Courvoisier VS Cognac,1.75L,1,1
2104,Westland American Sngle Malt,750mL,1,1
23793,Les Embruns Rose,750mL,2,1
25416,Gaston Chiquet Trad Brut 1er,750mL,2,1
22711,Ilauri Bajo Montplc d'Abruzo,1.5L,2,1
5662,Skinnygirl W Peach Margarita,750mL,1,1
836,Bols Creme de Cassis,Liter,1,1
587,Malibu Mango Rum,Liter,1,1
38128,Trinity Oaks Pnt Grigio Cal,750mL,2,1
16239,Domino Cab Svgn,750mL,2,1
22227,Gifft Red Blend,750mL,2,1
338,The Irishman Irish Whiskey,750mL,1,1
24895,Pomino Benefizio Bianco,750mL,2,1
5911,Faretti Biscotti Liqueur,750mL,1,1
5058,Capt Morgan Long Isl Tea RTD,1.75L,1,1
3896,Zhenka Vodka,375mL,1,1
42350,Black Box Shiraz Cntrl Coast,3L,2,1
12681,The Crusher Pnt Nr,750mL,2,1
1228,Glenfiddich Ancient RSV 18,750mL,1,1
35864,Stella Pinot Grigio Umbria,1.5L,2,1
16880,Chilcas Pinot Noir,750mL,2,1
27159,Ch du Moulin Entre-Deux-Mers,750mL,2,1
2353,Ron Barcelo Imperial Rum,750mL,1,1
8367,Carlo Rossi Rhine Calif,4L,2,1
1961,Everclear 151,1.75L,1,1
8616,Olmeca Altos Reposado,Liter,1,1
27351,Almaden Chard Cal B/B,5L,2,1
11699,Lamberti Rose Sparkling,750mL,2,1
43667,L'Ecole No 41 Apogee Pepper,750mL,2,1
43916,Dom Lafage Cote Est Blanc,750mL,2,1
26269,Dom Anderson Chard,750mL,2,1
26518,Solimar Vinho Verde Branco,750mL,2,1
24932,McGuigan Bin 3000 Merlot,750mL,2,1
5270,Southern Comfort,50mL,1,2
4225,Goslings Black Seal Bermuda,1.75L,1,1
2602,Caol Ila 12 Yr Islay Single,750mL,1,1
3684,Fleischmanns Royal Vodka,1.75L,1,1
19336,Moletto Prosecco,187mL,2,1
979,Pancho Villa Rojo,Liter,1,1
24291,Dom Fond Croze La Croix Coq,750mL,2,1
21586,Celani Family Chard,750mL,2,1
15549,CastelGiocondo Brunello 07,750mL,2,1
19963,Penya Rouge Vin d Pays,750mL,2,1
23209,Uppercut Meritage,750mL,2,1
18254,Jaboulet 09 Dom Terre Ferme,750mL,2,1
8908,Carlo Rossi Rhine Calif,1.5L,2,1
29558,Livingston Merlot Cal,1.5L,2,1
31971,Trinchero Main St Cab Svgn,750mL,2,1
6495,Exotico Blanco Tequila,750mL,1,1
25728,Chappellet Signature Cab Svg,750mL,2,1
21145,David Girard Vyds Code Rouge,750mL,2,1
19236,Tasca D'Almerita Lamuri Nero,750mL,2,1
21394,Stolpman Vyds L'Avion White,500mL,2,1
4480,Appleton Special Gold Rum,750mL,1,1
8808,Salignac VS Cognac,750mL,1,1
21251,Renwood Old Vine Zinfandel,750mL,2,1
12097,Felino Vina Cobos Cab Svgn,750mL,2,1
42934,Valckenberg Dornfelder,750mL,2,1
31573,Martin/Weyrich Moscato Alleg,750mL,2,1
8267,Gazdina Rakija Pear Brandy,750mL,1,1
2310,Ungava Gin,750mL,1,1
18589,Banshee Mordecai Proprietary,750mL,2,1
39104,Olivier Chablis Savary,750mL,2,1
17464,Zacharias Merlot,750mL,2,1
43432,Montgras RSV Svgn Bl Casabln,750mL,2,1
32263,Lindemans Bin 65 Chard,1.5L,2,1
8118,Mr Boston Blackberry Brandy,750mL,1,1
24099,Gallo Copperidge Wh Znfdl,750mL,2,1
18938,Schmitt Sohne Funf Sangria,750mL,2,1
17856,Charles Joguet Chinon Rose,750mL,2,1
1377,Jim Beam Honey,1.75L,1,1
295,Marie Brizard Anisette,750mL,1,1
21102,Taylor New York Marsala,1.5L,2,1
20610,Cistum Grenacha,750mL,2,1
10723,R M Woodbridge Chard,1.5L,2,1
17756,Cline Cool Climate Pnt Nr,750mL,2,1
8018,La Vieille Ferme Red Ventoux,750mL,2,1
42642,The Monterey Vyds Pnt Nr,750mL,2,1
21002,Bonpas Blanc Rhone Vly,750mL,2,1
18838,Ty Ku Coconut Nigori,330mL,2,1
22625,True Myth Cab,750mL,2,1
6395,Taylor Dry Sherry,750mL,2,1
19379,Mia Dolcea Pink Moscato,750mL,2,1
2751,Johnnie Walker Black Label,375mL,1,1
7992,Patron Anejo Tequila,50mL,1,1
43541,Carlo Rossi RSV Cab Svgn Cal,1.5L,2,1
20395,Antico Colle Rosso di Montep,750mL,2,1
43873,Duckhorn Cab Svgn Napa,750mL,2,1
38632,Carpineto Cab Svgn Farnito,750mL,2,1
2087,Uncle Val's Peppered Gin,750mL,1,1
20063,Ch Cheval Blanc 10 Brdx,750mL,2,1
16150,Blue Fish Sweet Rsl,750mL,2,1
26561,Zardetto Private Cuvee Glara,750mL,2,1
18071,Novelty Hill Chard SWC,750mL,2,1
31493,Barefoot Merlot Cal,750mL,2,1
19376,The Naked Grape Pnt Grigio,3L,2,1
6687,Hedges Red Columbia Vly,750mL,2,1
18380,Antinori Tenuta Marchese,750mL,2,1
25542,Dom des Chasseignes Sancerre,750mL,2,1
25327,Siduri Pnt Nr RRV,750mL,2,1
27534,Kiona Est Sangio Red Mtn,750mL,2,1
26538,Gruet Sauvage Bl de Bl,750mL,2,1
24331,Ch Talbot St-Julien 12 GCC,750mL,2,1
8015,Bayou Satsuma Rum Liqueur,750mL,1,1
17384,20 Mile 09 Brdx Superior,750mL,2,1
23335,Ch Leoville Las Cases 11 Jul,750mL,2,1
1068,Capt Morgan Jack O Blast,750mL,1,1
3793,Pearl Vodka PET,1.75L,1,1
10531,Franciscan Est Svgn Bl Napa,750mL,2,1
24022,Fulchino Vyds 603 Red,750mL,2,1
37421,Stags Leap Csk 23 Cab Svgn,750mL,2,1
8207,Richards Wild Irish White,750mL,1,1
8038,Livingston Clrs Rhine Calif,3L,2,1
21105,Ken Volk Pnt Nr Cuvee St Mar,750mL,2,1
40338,Cloudy Bay Pnt Nr Marlboro,750mL,2,1
25519,R.Mondavi PS Bourbon Barrel,750mL,2,1
25018,L'Enclos de Viaud Lalande Po,750mL,2,1
26515,West Side Wine Co Cab Svgn,250mL 4 Pk,2,1
8725,Chambord Royale de France,375mL,1,1
8184,Kahlua,50mL,1,1
15463,Antinori Tignanello,750mL,2,1
25496,Sierra Cantabria Unica Rsv 0,750mL,2,1
3770,Miodula Honey Vodka,750mL,1,1
37398,Flag Hill Heritage Rd NH,375mL,2,1
27033,Penfolds B28 Shiraz/Kalimna,750mL,2,1
26492,Chene Bleu Rose,750mL,2,1
4102,Bacardi Raspberry Rum,750mL,1,1
38131,Principato Pnt Gr Sicilia,1.5L,2,1
39797,Steele Catfish Znfdl,750mL,2,1
335,Canadian Club Sherry Cask,750mL,1,1
4248,Spiced Root Marley Rum,750mL,1,1
19568,14 Hands Moscato,750mL,2,1
22811,Manischewitz Cream Peach,750mL,2,1
2914,Dad's Hat Rye Whiskey,750mL,1,1
20255,Breca OV Garnacha Calatayud,750mL,2,1
34905,Smoking Loon Merlot,750mL,2,1
6478,C Y Toro Frontera Merlot,1.5L,2,1
39774,Merriam Cab Svgn Dry Creek,750mL,2,1
21583,The Big Easy Red,750mL,2,1
8470,1800 Reposado Gold Tequila,50mL,1,1
12429,F Coppola Diamnd Petite Sira,750mL,2,1
43395,M Chiarlo Barolo Tortoniano,750mL,2,1
3601,Remy Martin V,750mL,1,1
39110,Gekkeikan Sake Horin,300mL,2,1
45061,Punto Final Perdriel Malbec,750mL,2,1
28954,Anthology Conn Crk Cab Napa,750mL,2,1
45602,Luigi Bosca RSV Pnt Nr,750mL,2,1
38108,Canyon Oaks Shiraz Cal,750mL,2,1
6455,Folonari Pinot Grigio Venez,1.5L,2,1
2373,Jim Beam Maple,750mL,1,1
39087,Corbett Canyon Pnt Grigio,3L,2,1
4294,Goslings Black Seal 151,750mL,1,1
876,DeKuyper Creme de Cacao Whit,Liter,1,1
22270,Markham Cab Svgn,750mL,2,1
26770,Cignale Colli Toscana Cntrl,750mL,2,1
1045,Glenfiddich Trio 200ml Pack,200mL 3 Pk,2,1
16196,Croft Tawny Porto,750mL,2,1
27016,Bouchard Aine & Fils Chard,750mL,2,1
22857,Freedom Hill Vyd Pnt Nr,375mL,2,1
7537,Avion Silver Tequila,1.75L,1,1
44082,Wente Sandstone Mntry Merlot,750mL,2,1
16860,Tikal Natura Malbec,750mL,2,1
21775,PopCrush White,750mL,2,1
18357,Cavit Alta Luna Phases Rosso,750mL,2,1
25688,Quinta dos Murcas Rsv Red Al,750mL,2,1
21752,Flag Hill Cayuga White,750mL,2,1
6432,Shady Fruit Real Ruby Red Gr,50mL,2,1
12924,Cartlidge & Browne Pnt Nr,750mL,2,1
10932,Bridlewood Blend 175 C C,750mL,2,1
1022,St Brendans Salted Caramel,750mL,1,1
899,Absolut Mandrin,Liter,1,1
90090,Ch Lafite Rothschild 12,750mL,2,1
43023,Ceretto Barolo,750mL,2,1
37049,Argyle Willamette Pnt Nr,750mL,2,1
5330,Kahlua White Russian RTD,1.75L,1,1
8579,Chi Chi's Orange Cream RTD,1.75L,1,1
33717,Domaine Pallieres Gigondas R,750mL,2,1
25891,Lila Pnt Grigio 4 Pk Cans,250mL 4 Pk,2,1
25559,Marquis de la Tour Brut,187mL,2,1
3753,Margaritaville Tangerine Teq,750mL,1,1
24563,Hey Mambo Sultry Red,750mL,2,1
16843,Barefoot Cellars Red Moscato,750mL,2,1
11888,Penfolds Koonunga Hills Shir,750mL,2,1
25001,Dom Fleurot-Larose Chass-Mon,750mL,2,1
23876,Love Lane Cab Svgn,750mL,2,1
41981,Ridge Lytton Spring Znfdl,750mL,2,1
24872,Soter Vyds Brut Rose,750mL,2,1
4357,Bacardi Oakheart Spiced Trav,750mL,1,1
25997,Vista Point Chard,750mL,2,1
27872,Flora Springs Napa Red,750mL,2,1
2628,Dewars Special RSV 12-Yr,750mL,1,1
21019,Black Box Pnt Nr,3L,2,1
19940,Bogle Petite Sirah,750mL,2,1
6624,Poli Sarpa Grappa,750mL,2,1
3707,Smirnoff Ruby Red Grapefruit,50mL,1,1
1214,Apple Orchard Liqueur,750mL,1,1
19608,Ch Rollan de By Bourgeois 10,750mL,2,1
22940,Leoville Poyfre St Julien 09,1.5L,2,1
15526,Planeta La Segreta Bianco,750mL,2,1
23936,Morel Bjls-Vlgs Emeringes,750mL,2,1
2296,Tomatin Cu Bocan Scotch Whis,750mL,1,1
34842,Hopler Zweigelt Austria,750mL,2,1
3315,Smirnoff Sorbet Rasp/Pomegra,50mL,1,1
3020,Pinnacle Blueberry Vodka,750mL,1,1
1692,Everclear 151,750mL,1,1
19545,Darkhorse Red,750mL,2,1
14922,Five Oaks Pnt Grigio Cal,750mL,2,1
13594,Bliss Chard,750mL,2,1
20627,Aichenberg Gruner Veltliner,750mL,2,1
43890,Oyster Bay Hawkes Bay Merlot,750mL,2,1
20000,Soter Vyds Planet Oregon Pnt,750mL,2,1
3561,Pinnacle Cinnabon Vodka,750mL,1,1
14676,Culpeo Pnt Nr,750mL,2,1
15672,Chatom Vyds Cuvee Red CA,750mL,2,1
24955,De Gregorio Rahana Chard DOC,750mL,2,1
1005,Maker's Mark Combo Pack,375mL 2 Pk,1,1
23143,Bogle Chard,750mL,2,1
26143,R Mondavi Pvt Sel Svgn Bl,750mL,2,1
2582,Firefly Blackberry Moonshine,750mL,1,1
16989,Red Diamond Malbec,750mL,2,1
33963,Falesco Vitiano Umbria,750mL,2,1
5831,DiSaronno Amaretto,200mL,1,1
15323,Vinum Cellars Cab Svgn Napa,750mL,2,1
37793,Blackstone Svgn Bl,750mL,2,1
8144,Corralejo Reposado Tequila,750mL,1,1
44729,Kendall Jackson Sp Sel Chard,750mL,2,1
22794,Kenwood Yulupa Cuvee Brut,187mL,2,1
18466,K Syrah The Deal,750mL,2,1
40106,Peter Lehmann Clancy's Baros,750mL,2,1
36571,Matanzas Creek Chard Sonoma,750mL,2,1
24417,Sutter Home Gewurz,750mL,2,1
3123,Booths London Dry Gin,1.75L,1,1
2041,Redbreast 15 Yr Old Irish,750mL,1,1
34504,Ca'Montini Pinot Grigio Tre,750mL,2,1
20192,Byrrh Apertif,750mL,2,1
21520,Merriam Cuvee Pnt Nr RRV,750mL,2,1
4208,Conch Republic Dark Rum,1.75L,1,1
26684,Mark West Pnt Grigio CA,750mL,2,1
14782,Penfolds Bin 138 GSM,750mL,2,1
10454,Redtree Cab Svgn Cal,750mL,2,1
8387,Wild Turkey 101,750mL,1,1
567,Ketel One Vodka,Liter,1,1
5977,Absinthe Ordinaire,750mL,1,1
2436,Crown Royal,375mL,1,1
1895,Senators Club,Liter,1,1
272,Juarez Silver Tequila,Liter,1,1
24371,Tozai Typhoon Sake,720mL,2,1
6764,El Jimador Silver Tequila,Liter,1,1
23289,Ch Mouton Rothschild 11 Paui,750mL,2,1
11928,Finca Abril Malbec 1922,750mL,2,1
22207,Star Insolia Chard,750mL,2,1
16256,Zonin Moscato,750mL,2,1
2977,Concannon Irish Whiskey,750mL,1,1
7909,DeLeon Reposado Tequila,750mL,1,1
28138,Columbia Crest Grand Chard,750mL,2,1
2668,Dewars White Label,375mL,1,1
2170,Woodford Reserve Bourbon,50mL,1,1
17988,Porta Vita Blush Rosato,1.5L,2,1
22399,Truchard Vyds The Shepard Rd,750mL,2,1
1672,Hpnotiq Sparkle,750mL,1,1
34802,Dom Diochon Moulin-a-Vent,750mL,2,1
15569,Agua de Piedra Malbec Selecn,750mL,2,1
27142,Starmont Chard Carneros,750mL,2,1
19980,Tin Roof Cab Svgn,750mL,2,1
12343,Bota Box Znfdl,3L,2,1
5396,Tia Maria Coffee Liqueur,750mL,1,1
4683,Hennessy VS Cognac,50mL,1,1
3687,Fleischmanns Royal Traveler,750mL,1,1
3189,Skyy Infusions Dragon Fruit,750mL,1,1
4898,Mount Gay Extra Old Rum,750mL,1,1
46163,Barefoot Chard Cal,187mL 4 Pk,2,1
44666,San Guido Sassicaia Guildal,750mL,2,1
29847,Terra D'Oro Znfdl,750mL,2,1
40753,Briggs Lockhart Chard,750mL,2,1
19694,Ch Pichon Longueville Rsv Co,750mL,2,1
25104,Nickel&Nickel Truchard Chard,750mL,2,1
1460,Old Forester Bourbon,750mL,1,1
32074,Warre's Kings Tawny Porto,750mL,2,1
42439,Crane Lake Chard Cal,1.5L,2,1
21168,Honoro Vera Merlot Jumilla,750mL,2,1
3856,Ciroc Apple Vodka,Liter,1,1
4397,Capt Morgan Parrot Bay Mango,750mL,1,1
38546,Mark West Pnt Nr Sonoma,750mL,2,1
2499,Crown Royal Black,750mL,1,1
8576,E & J Brandy VS,375mL,1,1
32054,Greg Norman Lmstn Cab/Merlot,750mL,2,1
8078,Glenfiddich Special Rsv 12Yr,375mL,1,1
35967,Cloudy Bay Chard Marlboro,750mL,2,1
13319,Collezione Chianti,750mL,2,1
21477,Ch Canon Saint Emilion,750mL,2,1
23896,Riebeek Cellars Cape Rose,750mL,2,1
21732,Terre du Lion Saint-Julien,750mL,2,1
25147,Zinzilla Zinfandel,750mL,2,1
25390,Xinomavro Naoussa Young Vine,750mL,2,1
23398,Treana Chard CC,750mL,2,1
8599,Jenkins Amaretto,750mL,1,1
23249,Rosemount Gewurz/Rsl,750mL,2,1
2648,Chivas Regal,375mL,1,1
8101,Tanqueray,50mL,1,1
40561,McManis Merlot Cal,750mL,2,1
9140,Caffo Vecchio Amaro del Capo,750mL,1,1
2150,Beat 3 Single Malt Whiskey,750mL,1,1
16757,Cardamaro Vino Amaro,750mL,2,1
15091,Double T Trefethen Red,750mL,2,1
19960,La Noble Chard Unoaked,750mL,2,1
8642,Jose Cuervo RTD Pink Lemonad,1.75L,1,1
17298,Anton Bauer Gmork Rose,750mL,2,1
23747,Ch Cantemerie 12 Haut-Medoc,750mL,2,1
8450,E & J Brandy VS,1.75L,1,1
5373,E&J Peach Brandy,750mL,1,1
8619,Canadian Club,375mL,1,1
3209,Hammer & Sickle Vodka,750mL,1,1
2127,Canadian Ltd,1.75L,1,1
41251,Beringer Classic Pnt Grigio,750mL,2,1
46661,Oak Leaf Cab Svgn Cal,750mL,2,1
13860,Calera de Villiers Pnt Nr,750mL,2,1
27852,Brandini Barbera d'Alba,750mL,2,1
18529,Cupcake Moscato,750mL,2,1
20693,Daou Cab Svgn,750mL,2,1
41918,Jacobs Crk Rsl,750mL,2,1
23939,Alias Pnt Nr,750mL,2,1
17275,Sensi Tuscano Bianco,750mL,2,1
20521,Croix de Beaucaillou St Juln,750mL,2,1
3899,Platinum 7X Distilled Vodka,375mL,1,1
14719,Alto Moncayo Veraton Garnach,750mL,2,1
20670,Catena Zapata Nicasia Vyd,750mL,2,1
6063,Avion Espresso,750mL,1,1
23916,Anna de Codorniu Brut Rose,750mL,2,1
90631,Luxardo Maraschino Cherries,400mL,2,1
26080,Nickel & Nickel Stiling Vyd,750mL,2,1
26621,Ghostwriter Cab Svgn Bates,750mL,2,1
15260,Barefoot Cellars Sweet Red,1.5L,2,1
27162,Vatan 13 Tinta de Toro,750mL,2,1
4334,Casa Noble Blanco Crystal,750mL,1,1
3836,Smirnoff Citrus Vodka,750mL,1,1
20650,Sho Chiku Bai Takara Sake,18L,2,1
9160,Deep Eddy Peach Vodka,50mL,1,1
16820,Covey Run Chard,750mL,2,1
17816,Sauvignon Republic Svgn Bl,750mL,2,1
18337,Mile Marker Pnt Nr,750mL,2,1
18835,Don Miguel Gascon Colosal Rd,750mL,2,1
3730,UV Ruby Red Grapefruit Vodka,50mL,1,1
6349,Glen Ellen Chard RSV,1.5L,2,1
4228,Bacardi 8,750mL,1,1
896,Rumpleminze,Liter,1,1
25868,Comm Bargemone d'Aix Blanc,750mL,2,1
1523,Hennessy XO Cognac/Glass Pak,750mL,1,1
8058,Batavia Arrack Rum,750mL,1,1
398,S S Pierce Ninety Nine Gin,Liter,1,1
5353,Grand Marnier,375mL,1,1
22665,Trefethen Cab Svgn,750mL,2,1
2519,Bird Dog Hot Cinnamon Whisky,750mL,1,1
1025,Fulton's Harvest Pumpkin Liq,750mL,1,1
5224,Basilica Amaretto,750mL,1,1
27491,Stival Pnt Grigio Veneto,750mL,2,1
23355,Paul Dolan 12 Cab Svgn,750mL,2,1
39256,Schmitt Sohne Relax Mosel,750mL,2,1
17945,Ch St Jean Soiree Red,750mL,2,1
46830,Pacific Rim Sweet Rsl,750mL,2,1
11367,Two Oceans WstrnCape Svgn Bl,750mL,2,1
2711,Grant's Ale Cask Finish,750mL,1,1
40667,Bolla Chianti,1.5L,2,1
20023,Inglenook Cask Cab Svgn,750mL,2,1
4620,Papa's Pilar Blonde Rum,750mL,1,1
39648,Ch Ste Michelle Indn W Chard,750mL,2,1
38652,Carpineto Chianti Clsc RSV,750mL,2,1
21254,Renwood Timberline Znfdl,750mL,2,1
45599,Luigi Bosca RSV Cab Svgn,750mL,2,1
23959,Thorn Napa Valley Merlot,750mL,2,1
22336,EnRoute Pnt Nr,750mL,2,1
15303,The Usual Suspect Cab Svgn,750mL,2,1
42894,Rosenblum Hertg Petite Sirah,750mL,2,1
833,Bols White Creme De Cacao,Liter,1,1
31384,Benton Lane Pnt Nr Ore,750mL,2,2
26558,King Est Pnt Nr Ore,750mL,2,1
22230,Glam Prosecco,750mL,2,1
2997,Yamazaki 12 Yr Japanese,750mL,1,1
3252,Smirnoff Sourced Cran Apple,750mL,1,1
20066,Ch Pagodes de Cos 10 Brdx,750mL,2,1
590,Allen's Amaretto Liqueur,Liter,1,1
27056,Klinker Brick Cab Svgn Lodi,750mL,2,1
1088,El Jimador Anejo Tequila,750mL,1,1
982,McCormick Long Island Iced,Liter,1,1
6933,Ch Ste Michelle Svgn Bl,750mL,2,1
441,Caribou Crossing Canadian,750mL,1,1
5808,Los Amantes Reposado Mezcal,750mL,1,1
24786,Opus One 12,750mL,2,1
15589,Right Hand Man Syrah,750mL,2,1
22081,Hacienda Zargon Cab Svgn,750mL,2,1
16087,The Show Pnt Nr,750mL,2,1
26950,Firefly Ridge Chard,750mL,2,1
3644,Pinnacle Coconut,1.75L,1,1
3295,Tito's Handmade Vodka,375mL,1,1
8705,Livingston Clrs Red Rose,1.5L,2,1
23853,Matrix Pnt Nr RRV,750mL,2,1
17361,Grateful Red Redhawk Pnt Nr,750mL,2,1
2213,King Robert II Scotch Whisky,1.75L,1,1
5459,Liquore Strega,750mL,1,1
24935,T-Vine Grenache Napa,750mL,2,1
26017,L'Excellence Blanc 2015,750mL,2,1
4377,Cruzan 9 Rum,750mL,1,1
44411,Tablas Crk Cotes de Tabls Rg,750mL,2,1
35755,Ken Wright Canary Hill Pnt N,750mL,2,1
10869,Bouza TempranilloTannat,750mL,2,1
37527,Redwood Creek Pnt Grigio,1.5L,2,1
39691,Smith & Hook Lucia Cab Svgn,750mL,2,1
24002,Corbett Canyon Chard,1.5L,2,1
25084,Calera Ctrl Coast Pnt Nr,750mL,2,1
25625,Gran Pasas Monastrell,750mL,2,1
26707,Faustino Gr Rsva Rioja,750mL,2,1
26166,Black Stallion Est Svgn B 15,750mL,2,1
34822,Alice White Chard Ausl,750mL,2,1
27789,Jadot Puligny Montrachet 14,750mL,2,1
3913,Svedka Vodka,1.75L,1,1
18237,M Abbona Dogliani Papa Celso,750mL,2,1
43043,Yellow Tail Rsl,750mL,2,1
2585,Jameson Irish Whiskey,750mL,1,1
1921,Glenfiddich Special Rsv 12,1.75L,1,1
18901,Anderra Svgn Bl,750mL,2,1
23146,Ch Dupray St-Emilion,750mL,2,1
45035,Hess Clctn 19 Block Cuvee,750mL,2,1
23810,Angels Landing Rsv Cab Svgn,750mL,2,1
6166,Casa Noble X Anejo C Santana,750mL,1,1
27368,Muga Rioja RSV,750mL,2,1
43020,Krug Grande Cuvee Brut,750mL,2,1
24497,Killibinbin Seduction Cab Sv,750mL,2,1
25161,Baron La Rose Bordeaux Blanc,750mL,2,1
3226,Ciroc Mango Vodka,375mL,1,1
26704,Summers Calistoga Cab Svgn N,750mL,2,1
1875,Bushmills Black Bush,750mL,1,1
547,DeKuyper Buttershots,Liter,1,1
34507,Trinity Oaks Cab Svgn Cal,750mL,2,1
18855,Barefoot Cellars Rich Red,750mL,2,1
15366,Vina Borgia Garnacha,750mL,2,1
45745,Fess Parker Frontier Red Cal,750mL,2,1
12449,St Clement Cab Svgn Orappas,750mL,2,1
16863,Pacifico Sur Cab Svgn Rsv,750mL,2,1
17358,Ch de Bonhoste Red Brdx 09,750mL,2,1
16694,Adissat Cotes du Rhone,750mL,2,1
13113,Ch Beaucastel Coud Rouge,750mL,2,1
38088,Niebaum Coppola Edizne Znfdl,750mL,2,1
1042,Benchmark Egg Nog,750mL,1,1
1065,DiSaronno Cavalli Collection,50mL 3 Pk,1,1
21795,Canyon Rd Cab Svgn,750mL,2,1
17504,Butternut Chard,750mL,2,1
44394,Oak Ridge OZV Znfdl Lodi,750mL,2,1
23123,Federico Ferrero Chard Langh,750mL,2,1
4815,Courvoisier Rose,750mL,1,1
524,Smirnoff Whipped Cream,Liter,1,1
401,S S Pierce Ninety Nine Bl W,Liter,1,1
22459,Belcreme de Lys Pnt Nr,750mL,2,1
38111,Canyon Oaks Wh Znfdl Cal,1.5L,2,1
43730,Calera Ryan Vyd Pnt Nr,750mL,2,1
1188,Stolichnaya 802 Glass Pack,750mL,1,1
28888,Livingston Clrs Wh Znfdl Cal,3L,2,1
42874,Decoy by Duckhorn Red Sonoma,750mL,2,1
20398,I Lauri Bajo Montepul d'Abru,750mL,2,1
39631,Red Truck Cal,750mL,2,1
8914,Egri Bikaver Bulls Blood Eg,750mL,1,1
10242,Rosenblum RSV Znfdl Monte Rs,750mL,2,1
19070,J Lohr Est Bay Mist Rsl,750mL,2,1
8327,Jose Cuervo Silver w/Marg Mx,750mL,1,1
19396,La Petite Maison Ventoux Bl,750mL,2,1
18732,Anarkos Puglia,750mL,2,1
6976,Ruffino Chianti Clsc RSV Tan,750mL,2,1
6312,Gallo Twin Valley Svgn Bl Ca,1.5L,2,1
19419,Kendall Jackson Vnts RSV Cab,375mL,2,1
19757,Velvet Crush Cab Svgn,750mL,2,1
10265,Fort Ross RSV Pnt Nr Sonoma,750mL,2,1
42897,Twomey Merlot Napa,750mL,2,1
18778,Once Upon A Vine Pnt Nr,750mL,2,1
19611,Veuve Clicquot Brut Yellow,1.5L,2,1
9037,Prairie Organic Cucumber Vod,750mL,1,1
20770,Chehalem Pnt Nr Three Vyd,750mL,2,1
18360,Dom de la Damase Grenache,750mL,2,1
29621,Schmitt Sohne Spatlese,750mL,2,1
20793,Belle Ambiance Cab Svgn,750mL,2,1
20375,Duval-Leroy Femme de Chmpgne,750mL,2,1
19588,Ch Lafaurie-Peyragey Saut 10,750mL,2,1
19465,Flagstone Longitude Red,750mL,2,1
20252,Round Pond Est Cab Rutherfrd,750mL,2,1
21231,La Marca Prosecco,187mL,2,1
8496,Jadot Chardonnay,750mL,1,1
5828,Ryans Irish Cream,750mL,1,1
20152,La Cote Blanche Mcon V Chard,750mL,2,1
41377,Torres Sangre de Toro Catal,750mL,2,1
17235,B & G Vouvray,750mL,2,1
8081,Sheffield Cream Sherry,750mL,2,1
4251,Havana Club Anejo Clsco Gold,50mL,1,1
24812,Tortoise Creek Cal Pnt Nr,750mL,2,1
13654,Alta Vista Malbec Mendoza,750mL,2,1
34215,Chimney Rock SLD Cab Svgn,750mL,2,1
33966,Prunotto Barbaresco,750mL,2,1
46950,Alta Classe Mntplcno Abruzzo,750mL,2,1
25061,Jadot Vosne Romanee 13,750mL,2,1
5187,Arrow White Creme de Cacao,750mL,1,1
26827,Cavit Merlot Trentino,1.5L,2,1
38483,Sharpe Hill Ballet of Angel,750mL,2,1
4892,DeKuyper Coffee Brandy,Liter,1,1
19001,Emblem Cab Svgn,750mL,2,1
42018,Falesco Vitiano Umbria Bian,750mL,2,1
3564,Ciroc Amaretto Vodka,1.75L,1,1
14341,Grooner Gruner Veltliner,750mL,2,1
25499,KJ Est Cab Hawkeye Mtn,750mL,2,1
25702,Ruca Malen Petit Verdot,750mL,2,1
33325,Jacobs Crk Merlot,750mL,2,1
22167,Dom de Reuilly Pnt Gris,750mL,2,1
44494,Smoking Loon Pnt Grigio Cal,750mL,2,1
32592,Mionetto Frizzante Prosecco,750mL,2,1
7202,Cocktail Time Key Lime Rtd,750mL,1,1
45576,Pacifico Sur Cab Svgn Curico,750mL,2,1
18609,Hacienda Monasterio Crianza,750mL,2,1
25015,Ch Graves de Pez St Estephe,750mL,2,1
16940,Gallo Twin Vly Pink Moscato,1.5L,2,1
27514,Clos du Bois RSV Cab Svgn,750mL,2,1
23933,Sequinot-Bordet Chablis Four,750mL,2,1
22854,Vega Sindoa Cab Svgn Navarra,750mL,2,1
26186,Binyamina Chard,750mL,2,1
35589,Cape Mentelle Sem/Svgn Bl,750mL,2,1
24182,Conterno Barolo Sori Gnestra,750mL,2,1
6266,Gallo Fairbanks Sherry,1.5L,2,1
33574,Morgan Winery Syrah G-17 Mon,750mL,2,1
4938,Kapali Coffee,750mL,1,1
23246,Torres Celeste Crianza,750mL,2,1
278,Cazadores Reposado Tequila,Liter,1,1
24328,Ch Ducru Beaucaillou 12 St J,750mL,2,1
23541,Vin Vault Malbec,3L,2,1
3667,Boru Original Irish Vodka,1.75L,1,1
5333,Jenkins Amaretto,1.75L,1,1
23392,Stonehedge Amador 12 Znfdl,750mL,2,1
35048,Castell Del Remei Gotim Bru,750mL,2,1
16153,Villa Mount Eden Gran Rs Pnt,750mL,2,1
25894,Deneufbourg White 14,750mL,2,1
25645,Marchesi Di Barolo Zagara Mo,750mL,2,1
23979,NinetyCellars Lot 122 Chard,750mL,2,1
12910,Drouhin Gevrey-Chambertin 13,750mL,2,1
15466,Mirassou Moscato,750mL,2,1
4105,Patron XO Cafe Variety 3 Pak,50mL 3 Pk,1,1
15761,Cantine Maschio Prosecco Brt,187mL,2,1
37401,Excelsior S Afr Cab Svgn,750mL,2,1
46555,Portillo Pnt Nr,750mL,2,1
26243,A Proper Pink,750mL,2,1
23292,Ch La Mission Haut Brion 11,750mL,2,1
2439,Highland Park Ice Edition,750mL,1,1
2144,West Cork Black Rsv Irish Wh,750mL,1,1
4308,Mount Gay Eclipse Silver Rum,1.75L,1,1
17089,Hedges CMS Svgn Bl,750mL,2,1
3959,Hornitos Black Barrel,750mL,1,1
23438,Frost Bitten Ice Rsl,375mL,2,1
13451,Clifford Bay Svgn Bl Marlbor,750mL,2,1
24520,I Lauri Spumante Brut Rose,750mL,2,1
24766,Tenshen Red,750mL,2,1
25602,Ramey Cab Svgn Pedregal Vyd,750mL,2,1
2044,Silo Aisling Whiskey,750mL,1,1
27763,Warre's Port 1970,750mL,2,1
25353,Calmel & Joseph CdRoussillon,750mL,2,1
2877,Bushmills 16 Yr Old Irish W,750mL,1,1
3372,Smirnoff Sourced Pineapple,750mL,1,1
26435,Savory & James Fino Sherry,750mL,2,1
13700,Liberty Creek Vyds Sweet Red,1.5L,2,1
26681,Villa Novare Valpol Ripasso,750mL,2,1
46060,Martin Codax Albarino,750mL,2,1
3272,Sobieski Vodka,1.75L,1,1
25994,Rodney Strong Merlot Sonoma,750mL,2,1
3518,Cabot Trail Maple Whisky,750mL,1,1
24666,Salviano Orvieto 13 Clsco,750mL,2,1
24125,Botani 13 Muscat Srra Malaga,750mL,2,1
25748,Duca di Salaparuta Paso Mule,750mL,2,1
26535,Lazzaroni Sweet Marsala,750mL,2,1
4354,Casa Noble Anejo,750mL,1,1
27617,Trefethen Merlot Napa,750mL,2,1
3498,Baileys Vanilla Cinnamon,750mL,1,1
6581,Ch Ste Michelle Merlot Colum,750mL,2,1
38549,Stemmari Nero D'Avola,750mL,2,1
12154,Cousino Macul RSV Cab Svgn,750mL,2,1
44620,A to Z Ore Chard,750mL,2,1
19316,Lyric by Etude Pnt Nr,750mL,2,1
19814,Rodney Strong Charlottes Svg,750mL,2,1
19150,Esclans Whispering Angel Ros,750mL,2,1
23395,Pavilion St Pierre Cdu Rhone,750mL,2,1
10162,Veuve Clicquot Brut Yellow,3L,2,1
27806,Jadot St Aubin Blanc 14,750mL,2,1
44145,Red Rock Merlot Cal,750mL,2,1
4351,Capt Morgan Black Spiced Rum,750mL,1,1
23538,Vin Vault Cab Svgn,3L,2,1
21380,Bartenura Asti Spumante,750mL,2,1
38526,Seghesio Arneis RRV,750mL,2,1
3521,Effen Vodka,750mL,1,1
7222,Mateus Rose,750mL,2,1
43481,Peter Paul Cab Svgn Napa,750mL,2,1
27165,Jean-Paul & Benoit Droin 14,750mL,2,1
42413,R M Woodbridge Rsl,1.5L,2,1
8788,Stolichnaya,50mL,1,1
16445,Sans Liege Groundwork Grenac,750mL,2,1
8453,1800 Silver Tequila,50mL,1,1
33425,Est! Est!! Est!!! Bigi Grfti,750mL,2,1
24769,Bellefleur Malbec Brut Rose,750mL,2,1
21523,Merriam Gloeckner Cab Svgn,750mL,2,1
2124,Collingwood Canadian Whisky,750mL,1,1
5725,DeKuyper Sour Apple Pucker,750mL,1,1
41062,Martin Ray Cab Svgn Napa,750mL,2,1
15094,Butter Chard,750mL,2,1
37152,Montes Alpha Apalta Cab Svgn,750mL,2,1
6438,Beringer Classic Chenin Blan,750mL,2,1
17086,Harrison Clarke Syrah,750mL,2,1
6389,Carlo Rossi Blush Calif,1.5L,2,1
1483,DeKuyper Cane Trial Pack,50mL 4 Pk,1,1
25791,Girasole Pnt Nr,750mL,2,1
2147,Meletti Amaro,750mL,1,1
2665,Dewars White Label,750mL,1,1
39708,R Mondavi Pvt Sln Pnt Grigio,750mL,2,1
16568,Moonlight Meadery Sumptuous,375mL,2,1
11321,BV GDL Private Rsv Cab Svgn,750mL,2,1
19485,R Mondavi Rsv Cab Svgn,1.5L,2,1
46117,Tozai Snow Maiden Junmai Ngr,300mL,2,1
28639,Cadet d'Oc Chard Rothschild,750mL,2,1
20149,Bodegas Borsao Wh Campo Brja,750mL,2,1
5748,Trader Vics Chocolate Liquer,750mL,1,1
43289,Fish Eye Cab Svgn,1.5L,2,1
41795,Corbett Canyon Cab Svgn,3L,2,1
22562,High Note 1100 Meter Red,750mL,2,1
109,Mr Boston Blue Curacao,Liter,1,1
42436,Crane Lake Cab Svgn Cal,750mL,2,1
44102,Provenance To Kalon Cab Svgn,750mL,2,1
16468,Gerard Bertrand Chard Rsv Sp,750mL,2,1
650,McCormick Cherry Vodka,Liter,1,1
31075,J Lohr Hilltop Cab Svgn,750mL,2,1
41231,Mad Dogs & Englishmen Jumil,750mL,2,1
18632,Viberti Barolo Buon Padre,750mL,2,1
12134,Pro.mis.Q.ous Red CA,750mL,2,1
26624,Marchesi Bassini Chianti Rsv,750mL,2,1
34733,Lake Sonoma Cab Svgn AV,750mL,2,1
27288,Gemma di Luna Sprkl Moscato,750mL,2,1
42579,Voga del Venezie Pnt Grigio,750mL,2,1
8622,Dom Perignon,750mL,2,1
41254,Ch St Jean Merlot Cal,750mL,2,1
5376,Bols Yogurt Liqueur,750mL,1,1
6040,Triibe Celtic,750mL,1,1
18775,Once Upon A Vine Red,750mL,2,1
33923,Calera Jensen Mt Hrln Pnt Nr,750mL,2,1
8473,1800 Silver Tequila,1.75L,1,1
19293,Robert Sinskey Pnt Nr,750mL,2,1
22539,Jadot Beaune Bressandes 12,750mL,2,1
29203,La Terre Chard Cal,1.5L,2,1
16760,Plungerhead OV Dry Crk Znfdl,750mL,2,1
19834,Sauska Tokaji Aszu,500mL,2,1
10239,Cannonball Cab Svgn Cal,750mL,2,1
42456,Two Hands Angels Share Shira,750mL,2,1
21729,Santi Pinot Grigio Delle Ve,750mL,2,1
20567,The Immortal Zin,750mL,2,1
24148,Roncolato Valpo Super S Barb,750mL,2,1
24646,Pierre Dupond Renjardire CdR,750mL,2,1
7832,Sutter Home Svgn Bl,750mL,2,1
1832,Laphroaig Lore,750mL,1,1
29472,M & R X Dry Vermouth,Liter,2,1
1085,Baileys Pumpkin Spice,750mL,1,1
31487,Barefoot Bubbly Brut Cve,750mL,2,1
21208,Kendall Jackson Grand Rsv Ch,750mL,2,1
22831,Grady Family Vyds Znfdl,750mL,2,1
6681,Cakebread Svgn Bl,750mL,2,1
26163,Lindemans Cawarra Shiraz/Cab,1.5L,2,1
17507,Rainstorm Pnt Nr,750mL,2,1
41354,Tomasello Cranberry Wine NJ,500mL,2,1
693,Svedka Vanilla Vodka,Liter,1,1
24540,Signo 11 Bobal de Manchuela,750mL,2,1
38649,Villa Rosa Barolo Piedmonte,750mL,2,1
45645,Marina Cvetic Mntlcno Abruzo,750mL,2,1
3398,Archvist Gerston Scotch,750mL,1,1
13179,Cinquante-Cinq Viogn Lang Wh,750mL,2,1
2957,Glenfarclas 12-Yr Scotch,750mL,1,1
7371,Placido Sangiovese Primever,1.5L,2,1
3292,GlenDronach 1995,750mL,1,1
15194,Billecart-Salmon Brut Rose,750mL,2,1
19522,Banshee 12 Marine Layer Pnt,750mL,2,1
44912,Broadbent Madeira Rainwater,750mL,2,1
23272,Columbia Winery Red Blend,750mL,2,1
38898,L Martini Cab Svgn Napa,750mL,2,1
36648,Groth Cab Svgn Napa,750mL,2,1
942,Glenmorangie Nectar D'Or,750mL,1,1
5356,Kahlua,375mL,1,1
5897,99 Bananas,750mL,1,1
10680,Segura Viudas Brut RSV,750mL,2,1
18881,Middle Sister Pnt Nr Goodie,750mL,2,1
2024,Black Velvet Toasted Caramel,375mL,1,1
24205,Raeburn Chard RRV,750mL,2,1
20959,Dylans Ghost Stags Leap Red,750mL,2,1
26996,Bleu de Mer Blanc,750mL,2,1
4580,Casamigos Reposado Tequila,375mL,1,1
21151,Flight Song Svgn Bl,750mL,2,1
46621,Erath Pnt Nr Estate OR,750mL,2,1
34135,Turning Leaf RSV Merlot Cal,1.5L,2,1
35801,Penfolds Rawsons Shiraz/Cab,750mL,2,1
4331,Bacardi Dragon Berry Trav,750mL,1,1
17315,Damilano Cannubi Barolo,750mL,2,1
2167,Old Beezer 10 Yr SB Bourbon,750mL,1,1
16817,H3 Horse Heaven Hills Chard,750mL,2,1
3982,Hornitos Reposado Tequila,750mL,1,1
3939,Boggy Meadow Switchel Vodka,750mL,1,1
42399,Grayson Cellars Cab Svgn Pas,750mL,2,1
25622,Forest Glen Chard,750mL,2,1
12595,Yellow Tail Svgn Bl,750mL,2,1
16425,Kirkland Signature Supr Brdx,750mL,2,1
1277,Kavalan Ex-Bourbon Oak Whsky,750mL,1,1
10972,L Einaudi Dolcetto Dogliani,750mL,2,1
23415,Darkhorse Svgn Bl,750mL,2,1
3441,One Roq RSV Vodka,750mL,1,1
6146,Marcus James Cab Svgn Mendza,750mL,2,1
15300,Riunite D'Oro Moscato,750mL,2,1
27786,Jadot Chablis Fourchaume 14,750mL,2,1
3790,Don Julio Blanco Tequila,750mL,1,1
34427,Frei Bros RSV Cab Svgn Alex,750mL,2,1
45496,Conquista Malbec Mendoza,750mL,2,1
5705,Bauchant Orange Liqueur,750mL,1,1
16525,Cortijo Tinto Rioja,750mL,2,1
5954,Fireball Cinnamon Whisky,200mL,1,1
25771,Juve y Camps Sweet Rsva Spar,750mL,2,1
26853,Eric Kent Cuvee Renee Svgn B,750mL,2,1
25181,Grahams 2000 Vintage Port,750mL,2,1
23856,Pezzi King Cab Svgn Dry Crk,750mL,2,1
13528,St Clement Carneros Chard,750mL,2,1
24938,NH Barnett Hill Dry White,750mL,2,1
16774,Hartford Court Chard RRV,750mL,2,1
26020,Hirsch Gruner Veltliner,750mL,2,1
1626,Balcones Baby Blue Corn Whis,750mL,1,1
2708,Rebel Yell Root Beer Whiskey,750mL,1,1
3690,Tanqueray Ten Gin,750mL,1,1
46429,Villa Pozzi Pnt Grigio Vnzie,750mL,2,1
38314,Momokawa Silver Sake,750mL,2,1
4772,Blue Chair Bay Banana Cream,750mL,1,1
27494,F Coppola Derctor Jaws Chard,750mL,2,1
24789,Gentleman's Collection Red,750mL,2,1
3747,Gordons Vodka Traveler,750mL,1,1
5668,Dr McGillicuddy's Grape,750mL,1,1
22648,San Felice Il Grigio Gr Sel,750mL,2,1
13826,Hazlitt Vyds Red Cat Finger,187mL 4 Pk,2,1
7328,New Amsterdam Citron Vodka,750mL,1,1
23644,Beringer Red Crush,750mL,2,1
3415,42 Below Pure Vodka,750mL,1,1
39983,Little Penguin Shiraz Ausl,1.5L,2,1
44182,Tommasi Poggio Al Tufo Rompi,750mL,2,1
16837,Beringer Classic Pink Moscat,750mL,2,1
15509,Mollydooker Maitre D Cab Svg,750mL,2,1
189,Leroux Apple Schnapps,Liter,1,1
24663,M Chiarlo Rovereto Gavi 13,750mL,2,1
24995,Roth Est Svgn Bl Alex Vly,750mL,2,1
6355,Taylor Cream Sherry,750mL,2,1
2396,Auchentoshan Classic Scotch,750mL,1,1
26870,Olivier Chanzy Meursault,750mL,2,1
27202,DeLoach Sonoma Cnty Chard,750mL,2,1
3461,Corzo Silver Tequila,750mL,1,1
7374,New Amsterdam Mango Vodka,750mL,1,1
8370,Chi Chi's Margarita,1.75L,1,1
24686,Barco Negro Douro,750mL,2,1
42167,Tempranillo Vente Mazzaron,750mL,2,1
41171,Vendange Pnt Grigio Cal,500mL,2,1
8539,DeKuyper Fleur Elderflower,750mL,1,1
21769,Eden Sparkling Cider,375mL,2,1
3129,UV Chocolate Cake Vodka,Liter,1,1
25187,Ch Bruni Brdx Superieur,750mL,2,1
4125,Bird Dog Kentucky Whiskey,50mL,1,1
26847,Josh Cellars Craftsman Cab S,750mL,2,1
26183,Schucks North Cst Chard,750mL,2,1
18758,Mouton Cadet Sauvignon Blanc,750mL,2,1
8393,Casamigos Reposado,750mL,1,1
25373,Sella & Mosca RSV Cannonau,750mL,2,1
14799,A Bichot Pouilly-Fuisse,750mL,2,1
42685,Alto Moncayo Garnacha,750mL,2,1
24377,Bon Affair Svgn Bl Spritzer,330mL,2,1
19754,BV Coastal Estate Moscato,750mL,2,1
25705,Cornerstone WV Pnt Nr 11,750mL,2,1
26160,Eagle Glen Cab Svgn Napa Vly,750mL,2,1
36070,Ch Cos D'Estournel 10,750mL,2,1
26701,O Leflaive Bourgne Setill 14,750mL,2,1
8848,Deep Eddy Lemon Vodka,50mL,1,1
14991,Banshee Pnt Nr Sonoma Cnty,750mL,2,1
25141,The Federalist 1776 Zinfande,750mL,2,1
3584,Absolut Raspberri,750mL,1,1
2920,Old Potrero 18th Century,750mL,1,1
23149,Ch Fougere La Noble Rouge,750mL,2,1
999,Jameson 18 Year Old,750mL,1,1
32303,Dynamite Merlot N Cst,750mL,2,1
2250,Jack Daniels Family 4 Pk/50m,50mL 4 Pk,1,1
11078,Chenin Bl K Forrester Stlnbh,750mL,2,1
21483,Ch Haut Bages Liberal Paulic,750mL,2,1
23475,Ghostwriter Chard Santa Cruz,750mL,2,1
3607,Smirnoff Citrus Vodka,50mL,1,1
38772,Rob Stuart Big Fire Pnt Nr,750mL,2,1
29077,Pine Ridge Chn Bl/Viognier,750mL,2,1
23126,Giorgio Carnevale Barbr Asti,750mL,2,1
6140,R M Woodbridge Wh Znfdl Cal,750mL,2,1
24454,Convento Las Claras 12 Tinto,750mL,2,1
4148,Fattoria de Limone,750mL,1,1
12306,Jelu Malbec Rose San Juan,750mL,2,1
5476,Signatory Bowmore Islay 02,750mL,1,1
2937,Tullamore Dew 14 Yr Irish,750mL,1,1
27411,Talley Vyds Rincon Pnt Nr,750mL,2,1
6873,Guigal Cotes du Rhone Red,750mL,2,1
381,Baileys Irish Cream w/4 Glss,750mL,1,1
44915,Broadbent Vinho Verde Wh,750mL,2,1
23521,Insurrection Cab/Shiraz,750mL,2,1
22934,Carol Shelton Rocky Rsv Znfd,750mL,2,1
22439,S Aviron Cd Brouilly 12 Viel,750mL,2,1
26352,Armas de Guerra Rosado Mncia,750mL,2,1
23103,DeLille Cellars Gr Ciel Cab,750mL,2,1
24185,Conterno Fantino Barolo Mosc,750mL,2,1
44228,Clean Slate Rsl Mosel,750mL,2,1
6186,Rene Junot White,1.5L,2,1
5645,Pallini Raspicello Liqueur,750mL,1,1
22416,Layer Cake Sea of Stones Red,750mL,2,1
22170,Bone Shaker Znfdl,750mL,2,1
23498,Coste di Brenta Cerasuolo,750mL,2,1
22957,Guigal Cote Rotie Br et Blnd,750mL,2,1
5104,Nuvo Lemon Sorbet Liqueur,750mL,1,1
1686,Lord Calvert Ducks Decanter,750mL,1,1
11055,Ramey Cab Svgn Napa,750mL,2,1
1168,Old Grand Dad Bonded,750mL,1,1
753,LaBelle Winery Blueberry,750mL,2,1
11828,Cupcake Svgn Bl,750mL,2,1
14235,Copa di Vino Cab Svgn,187mL,2,1
3670,Kinky Vodka,750mL,1,1
45871,Luzon Jumilla Red,750mL,2,1
24314,Ch Pez 12 St-Estephe,750mL,2,1
25310,A la Carte White,750mL,2,1
4062,Goslings Dark'N Stormy RTD,250mL 4 Pk,1,1
12220,Angeline Pnt Nr,750mL,2,1
4689,Hennessy Privilege VSOP,750mL,1,1
17378,Terrazas Torrontes Rsv 10,750mL,2,1
859,Beefeater Gin,Liter,1,1
5390,Dr McGillicuddy's Peach,50mL,1,1
13548,Lucky Duck Shiraz,750mL,2,1
23329,Ch Clos d'Estournel 11 Est,750mL,2,1
27325,Canoe Ridge Cab Svgn Col Vly,750mL,2,1
15171,Cecchi Litorale Vermentino,750mL,2,1
21374,10 Span Chard CC,750mL,2,1
5685,P & J Cold Soaked Peaches,750mL,1,1
1062,St Christopher Gluhwein,Liter,2,1
25204,Ch Rollan de By Medoc,750mL,2,1
26329,Cristom Pnt Nr Sommers Rsv,750mL,2,1
32675,Blackstone Cab Svgn Cal,750mL,2,1
31347,Florio Sweet Marsala Italy,750mL,2,1
2047,Sheep Dip Scotch,750mL,1,1
13949,Cade Cab Svgn Napa Cuvee,750mL,2,1
46498,Principato Pnt Nr Pavia,1.5L,2,1
3375,Skyy Infusions Cranberry,750mL,1,1
25937,Cavit Select Red Blend,1.5L,2,1
2874,Hirsch 20 Yr American Whisky,750mL,1,1
16359,St Francis White Splash,750mL,2,1
8284,Suerte Reposado Tequila,750mL,1,1
31201,Beringer Fndrs Est Cab Svgn,750mL,2,1
40607,Recanati Galilee Merlot,750mL,2,1
37607,Hardys Shiraz Ausl,3L,2,1
14344,Sassy Bitch Pnt Noir,750mL,2,1
25250,TJ Lot #45 Zinfandel Tilting,750mL,2,1
26246,Emphasis-Ktima Pavlidis-Syrh,750mL,2,1
2983,T.T. Handy Sazerac Rye Whisk,750mL,1,1
7159,Ruffino Chianti,750mL,2,1
26392,Pepperwood Grove Pnt Nr,750mL,2,1
2333,Bruichladdich Scotish Barley,750mL,1,1
15572,Seven Daughters Moscato IGT,750mL,2,1
25058,Jadot Bourgogne Le Chapitre,750mL,2,1
21228,The Naked Grape Box Harvest,3L,2,1
6269,Sutter Home Cab Svgn,1.5L,2,1
2482,Clase Azul Reposado Tequila,750mL,1,1
19253,Camp Chard Sonoma Cnty,750mL,2,1
22456,L'Ecole No 41 Red Columbia V,750mL,2,1
275,The Bitter Truth Aromatic,200mL,1,1
1603,Flag Hill Straight Rye Whsky,750mL,1,1
25745,Riojana Chard,750mL,2,1
126,Grey Goose Vodka,Liter,1,1
36419,Castellani Biagio Chianti,750mL,2,1
2290,Jim Beam Devils Cut Bourbon,750mL,1,1
5536,St Brendans Irish Cream,50mL,1,1
10205,R Mondavi Pnt Nr Napa Vly,750mL,2,1
7700,Early Times,Liter,1,1
713,Capt Morgan Black Spiced Rum,Liter,1,1
13697,Liberty Creek Vyds Moscato,1.5L,2,1
7205,Woodstock Hot Licks,750mL,1,1
23189,Walt La Brisa Chard,750mL,2,1
22107,Emmolo Merlot,750mL,2,1
11141,C K Mondavi Chard,1.5L,2,1
21420,Round Hill Common Man Chard,750mL,2,1
23043,Bella Bolle Fusione Red,750mL,2,1
38191,Argiola Vermentino Costamol,750mL,2,1
27371,Bernard Magrez Cab Svgn Napa,750mL,2,1
3830,Grey Goose L'Orange Vodka,750mL,1,1
24557,Dom La Fage Tess Carignan VV,750mL,2,1
6249,Rodney Strong Chard,750mL,2,1
2834,Old Smuggler P E T,1.75L,1,1
43292,Fish Eye Pnt Grigio,1.5L,2,1
22067,Dom Zind Humbrecht Pnt Bl 12,750mL,2,1
23561,Flip Flop Sangria,250mL 4 Pk,2,1
15901,Merry Edwards Georg Pnt Nr,750mL,2,1
16399,Shane Judge Vyd Syrah Bennet,750mL,2,1
43790,Oakhurst Happy Camper Chard,750mL,2,1
42794,Penalolen Cab Svgn Maipo,750mL,2,1
26478,Neveu Sancerre Cd Embouffant,750mL,2,1
20146,Ch Le Ringue Brdx,750mL,2,1
22565,Clayhouse Cab Svgn,19.5L,2,1
5230,Bacardi Party Drinks Bahama,1.75L,1,1
39356,Bota Box Chard Cal,3L,2,1
36153,Edna Valley Paragon Pnt Nr,750mL,2,1
23040,Aquilon 06 Garnacha de Borja,750mL,2,1
3023,Silo Lavender Vodka,750mL,1,1
2525,Bird Dog Kentucky Whiskey,750mL,1,1
11181,Fantinel Brut Rose,750mL,2,1
27497,Vinecol Organic Malbec,750mL,2,1
3046,Ciroc Peach Vodka,1.75L,1,1
13694,MacMurray Ranch Chard Sonoma,750mL,2,1
5539,DeKuyper Hot Damn 100*,750mL,1,1
6535,Sandeman Tawny Port,750mL,2,1
45330,Cono Sur Cab Svgn Cntrl Vly,750mL,2,1
24772,3 Ball Znfdl,750mL,2,1
18108,The Naked Grape Malbec,750mL,2,1
25768,Estancia Rsv Meritage Paso R,3L,2,1
1125,Jack Daniels Equity VAP,750mL,1,1
4042,Bacardi Dragon Berry,50mL,1,1
8456,Harwood Canadian,1.75L,1,1
14195,Twomey Svgn Bl Napa,750mL,2,1
20527,Christmas Traditions Pnk Mos,750mL,2,1
26764,Kay Brothers Hillside Shiraz,750mL,2,1
129,Grey Goose L'Orange Vodka,Liter,1,1
3524,Pravda Polish Vodka,750mL,1,1
26787,Moet & Chandon Imperial,187mL,2,1
106,Mr Boston Peach Schnapps,Liter,1,1
19127,Saracco Moscato d'Asti,750mL,2,1
18131,Tortoise Creek Chard,750mL,2,1
41394,Four Vines Biker Znfdl,750mL,2,1
21377,Circa Rosso,750mL,2,1
27783,Jadot Chorey Beaumonts 14,750mL,2,1
15426,Voga Moscato Italia,750mL,2,1
90010,Ch Smith Haut Lafitte 12,750mL,2,1
25078,Jadot Savigny Bl Clos de Gue,750mL,2,1
21832,Dom Bousquet Cab Svgn Rsv,750mL,2,1
4065,Pink Pigeon Rum,750mL,1,1
819,Scoresby Scotch,Liter,1,1
3999,Hornitos Anejo Tequila,750mL,1,1
21311,Cakebread Clrs Two Creeks 12,750mL,2,1
1835,Knappogue Castle Irish Whsky,750mL,1,1
29469,Round Hill Merlot Cal,1.5L,2,1
12655,Merriam Cab Franc Windacre V,750mL,2,1
25811,La Croix Belle No 7 Rose 15,750mL,2,1
86,Don Julio Real Tequila,750mL,1,1
15234,J Lohr Cuvee Red St E,750mL,2,1
7978,M & R X Dry Vermouth,750mL,1,1
42602,3 Blind Moose Chard Cal,750mL,2,1
8476,1800 Reposado Gold Tequila,375mL,1,1
5771,Art In The Age Snap,750mL,1,1
17132,Murphy-Goode Cab Svgn Alex V,750mL,2,1
25290,Notre Dame Cousignac CdR 13,750mL,2,1
13929,Kirkland Signature Cab Svgn,750mL,2,1
1984,Nikka Taketsuru 17 Yr Whisky,750mL,1,1
42751,Five Oaks Cab Svgn Cal,750mL,2,1
19860,Rex Goliath Red Moscato,500mL,2,1
1294,Jeremiah Weed Bourbon,750mL,1,1
25270,Cantine Maschio Sparkling Ro,187mL,2,1
3873,FAIR Quinoa Vodka,750mL,1,1
4540,Chase Elderflower Liqueur,750mL,1,1
27262,Aviary Cab Svgn,750mL,2,1
63,Herradura Reposado Tequila,750mL,1,1
35941,Rancho Zabaco Dncg Bul Znfdl,750mL,2,1
4563,Christian Bros Brandy,1.75L,1,1
26744,Santa Lucia Sangvs Monte Ant,750mL,2,1
6727,Antinori Toscana Rd,750mL,2,1
604,McCormick Silver Rum,Liter,1,1
24580,Mt Beautiful Pnt Nr,750mL,2,1
18629,Viberti Langhe Nebbolio,750mL,2,1
776,Jim Beam Black,Liter,1,1
27285,Ch Grand Puy-Lacst Pauilc 07,750mL,2,1
21334,Ilauri Prosecco Extra Dry,750mL,2,1
27826,Jadot Chass Mont Morgeot Rou,750mL,2,1
8413,St Elder Elderflower Liqueur,750mL,1,1
17069,Tangent Albarino,750mL,2,1
4583,Perc Coffee Liqueur,750mL,1,1
25725,Prophecy Svgn Bl,750mL,2,1
26223,Jarvis Chard Finch Hollow Un,750mL,2,1
20401,I Lauri Trebbiano d'Abruzzo,750mL,2,1
21397,Stolpman Vyds Hilltops Syrah,750mL,2,1
6896,Sterling Merlot,750mL,2,1
45848,Kendall Jackson Summation Re,750mL,2,1
43143,Valle de la Puerta Torrontes,750mL,2,1
19382,Anew Rsl,750mL,2,1
17175,Beringer Classic Cab Svgn,1.5L,2,1
24208,R M Woodbridge Znfdl Cal,1.5L,2,1
8519,Dekuyper Orange Curacao,750mL,1,1
46475,Tilia Chard Mendoza,750mL,2,1
15552,Senda 66 Tempranillo,750mL,2,1
28038,Andre Spumante Calif,750mL,2,1
25831,Dry Creek Chenin Blanc Dry,750mL,2,1
21503,Cambrige Meritage Napa Vly,750mL,2,1
25333,Garda Pinot Grigio,750mL,2,1
2960,The Macallan Fine Oak 15 Yr,750mL,1,1
19276,Pali Tower 15 The Winery,750mL,2,1
6206,Midnight Moon Apple Pie,375mL,1,1
19190,Noble Vines 242 Svgn Bl,750mL,2,1
1964,Jim Beam Single Barrel,750mL,1,1
1878,Jim Beam White BBQ Sauce Pak,750mL,1,1
24600,Manteo Red Blend Sonoma Cnty,750mL,2,1
27932,Marc Bredif Vouvray,750mL,2,1
8699,Livingston Rhine Calif,1.5L,2,1
39834,Kenwood Cab Svgn Sonoma,375mL,2,1
3289,Crystal Head Aurora Vodka,750mL,1,1
26850,Seven Daughters Moscato 4 Pk,250mL 4 Pk,2,1
23518,Bolla Prosecco 2 Pk,187mL 2 Pk,2,1
19668,Gnarly Head Malbec,750mL,2,1
3352,Ciroc Coconut Vodka,750mL,1,1
3893,Zhenka 80 Proof,1.75L,1,1
8221,Grand Mayan Silver Agave,750mL,1,1
32652,Beringer Classic Wh Merlot,750mL,2,1
22914,Mount Veeder Cab Svgn,750mL,2,1
23996,Ch Muraires Cd Provence Rose,750mL,2,1
6598,Cinnaster Shine,750mL,1,1
15340,Caposaldo Moscato,750mL,2,1
1274,No. 14 Bourbon,750mL,1,1
2270,Laphroaig Triple Wood,750mL,1,1
7680,Viniq Shimmery Glow,750mL,1,1
18586,Eric Kent Small Town Pnt Nr,750mL,2,1
2897,Haig Club Scotch,750mL,1,1
11553,M by Michael Mondavi Cab Svg,750mL,2,1
3979,Vesica Potato Vodka,1.75L,1,1
2505,Bowmore Legend Single Malt,750mL,1,1
41712,Fish Eye Chard,750mL,2,1
13823,Vistamar Svgn Bl,750mL,2,1
24643,Kibo Junmai Sake,180mL,2,1
24145,Ozeki Nigori Unfiltered Sake,375mL,2,1
5167,Banfi Grappa Castello,750mL,1,1
21981,Massolino Barolo Serralunga,750mL,2,1
19817,Ninety Cellars Lot 92 Merlot,750mL,2,1
839,Bols Ginger Brandy,Liter,1,1
28579,R M Woodbridge Merlot Cal,750mL,2,1
32907,Sterling Vintners Cltn Chard,750mL,2,1
37235,Mionetto Il Prosecco Spklg,750mL,2,1
28081,Gandia Hoya de Cadenas RSV,750mL,2,1
22087,Juxtapoz Red North Cst,750mL,2,1
41065,Martin Ray Chard RRV,750mL,2,1
25917,Hogue Cellars WA Svgn Bl,750mL,2,1
24792,St Mayhem Wh Peach & Ginger,750mL,2,1
24251,Barefoot Crisp White Spritz,250mL 4 Pk,2,1
17759,Joseph Mellot Reuilly Svgn B,750mL,2,1
18300,Vendange Sweet Pink Moscato,1.5L,2,1
26458,Groppello CaMaiol Red,750mL,2,1
1380,Bulleit 95 Rye,1.75L,1,1
40332,Terrazas RSV Malbec Mendoza,750mL,2,1
4626,Meukow VS Cognac,750mL,1,1
7872,Piper Heidsieck Brut,750mL,2,1
5708,Dr McGillicuddy's Root Beer,50mL,1,1
298,Old Mexico Blanco Tequila,Liter,1,1
14364,Penfolds Grange 2005,750mL,2,1
27348,J Drouhin CdBeaune Vlgs 14,750mL,2,1
25184,Riglos Gran Cab Svgn,750mL,2,1
26266,The Divining Rod Pinot Noir,750mL,2,1
1231,Jack Daniels No 7 Black,375mL,1,1
21789,Carpene Malvolti Sprklg Rose,750mL,2,1
8264,Ch Ste Michelle Rsl,750mL,2,1
3936,Stolichnaya,Liter,1,1
2854,Talisker 10-Yr Single Malt,750mL,1,1
3395,Jeremiah Weed Sweet Tea Vdka,750mL,1,1
12592,Ravenswood Big River Znfdl,750mL,2,1
15838,Ravines Finger Rsl Lakes,750mL,2,1
15297,Flip Flop Rsl,750mL,2,1
5018,E&J Apple Brandy,50mL,1,1
18002,Vendange Sweet Red,1.5L,2,1
2313,Black Button Bespoke Bourbon,750mL,1,1
19494,Lincourt Lindsays Pnt Nr,750mL,2,1
23739,Liberty School Cab Svgn,750mL,2,1
5170,Dr McGillicuddy's Apple Pie,750mL,1,1
3842,Barton Vodka,Liter,1,1
40055,Campo Viejo Gran RSV Rioja,750mL,2,1
261,Svedka Citron Vodka,Liter,1,1
7423,Manischewitz Concord Kosher,1.5L,2,1
25731,Sonoma Loeb Chard Sangiacomo,750mL,2,1
925,Hangar One Vodka,750mL,1,1
11668,Taittinger Brut Francaise,6L,2,1
21486,Twelfth Night Pnt Nr,750mL,2,1
8064,Canadian Club,50mL,1,1
31542,Morgan Winery Twelve Clones,750mL,2,1
8728,Blue Nun Authentic White,1.5L,2,1
20181,Ruffino Prosecco,375mL,2,1
22173,Lucienne Doctor's Vyd Pnt Nr,750mL,2,1
12355,Mercer Rsl,750mL,2,1
14347,De Martino Cab Svgn Estate,750mL,2,1
2468,Crown Royal Nrth Harvest Rye,750mL,1,1
14539,Dom de Dionysos La Deveze,750mL,2,1
14370,Seven Deadly Zins Lodi Znfdl,750mL,2,1
25777,Ch Bonnet Red,750mL,2,1
18784,Clos Erasmus Laurel Priorat,750mL,2,1
25113,Keller Est 13 Cruz Vyd Chard,750mL,2,1
27105,Lan Rioja 2011 Ltd Edition,750mL,2,1
13875,Concannon Selct Petite Sirah,750mL,2,1
14393,Ch Montaud Cotes de Prov Rse,750mL,2,1
8110,Tribuno Dry Vermouth,1.5L,1,1
35123,Terrabianca Campaccia,750mL,2,1
4483,Casamigos Reposado,50mL,1,1
31496,Barefoot Svgn Bl Cal,750mL,2,1
15057,Cono Sur Organic Cab Svgn,750mL,2,1
42734,K Vntrs Viognier Columbia,750mL,2,1
25090,Jadot Ch des Jacques Fleurie,750mL,2,1
2491,Catskill Defiant Rye,375mL,1,1
24426,Plumpjack Rsv Chard,750mL,2,1
25754,Barefoot Refresh Summer Whit,250mL 4 Pk,2,1
18807,C Y Toro Diablo Red,750mL,2,1
13188,Jade Mountain Merlot,750mL,2,1
1094,Four Roses Single Barrel Brb,750mL,1,1
1758,Aberlour Glenlivet 12 Yr,750mL,1,1
3009,Barr Hill Vodka,750mL,1,1
11499,C Krug Cab Svgn,750mL,2,1
22906,Mercer Canyons Red,750mL,2,1
14493,Carmel Road Pnt Gris,750mL,2,1
2345,Prichard's Single Malt,750mL,1,1
4337,Rumson's Grand Rsv Rum,750mL,1,1
43544,Carlo Rossi RSV Chard Cal,4L,2,1
20991,Les Hauts de Lagarde Blanc,750mL,2,1
430,Montezuma Triple Sec,Liter,1,1
45459,Sterling Cab Svgn Rutherford,750mL,2,1
1781,Wild Turkey Russell's Rsv,750mL,1,1
2986,Hibiki Harmony Japan Whiskey,750mL,1,1
20968,Ninety+Cellars Lot 113 B Red,750mL,2,1
115,Belvedere Vodka,Liter,1,1
3650,Patron Silver Tequila,750mL,1,1
24921,Appolo Vyds Seyval,750mL,2,1
10935,Grgich Hills Merlot Napa,750mL,2,1
2322,Redemption Rye 7Yr Barrel Pr,750mL,1,1
779,Svedka Raspberry Vodka,Liter,1,1
2445,Seagrams VO,750mL,1,1
8943,Malibu Rum Sparkler RTD,750mL,1,1
21632,Simi Chard Sonoma Cty,375mL,2,1
12478,Commanderie Bargmn Prov Rose,750mL,2,1
25585,Rex Hill Williamette Pnt Nr,750mL,2,1
802,Bacardi Torched Cherry Rum,750mL,1,1
24357,Bota Box Nighthawk Dark Red,3L,2,1
384,Ardbeg Corryvreckan Scotch,750mL,1,1
43590,Ch Ste Michelle Indn Wls Cab,750mL,2,1
971,Sauza Extra Gold Tequila,Liter,1,1
22860,Graham's Six Grapes Gift Pk,750mL,2,1
2299,J Seeds Apple Cider Whiskey,50mL,1,1
23524,Kesseler Rsl R Kabinett,750mL,2,1
23029,Cherri Rosso Piceno,750mL,2,1
33039,Beringer Fndrs Est Merlot,1.5L,2,1
44818,Red Guitar Temp/Garnacha Nvr,750mL,2,1
825,Johnnie Walker Black Label,Liter,1,1
45605,Bex Rsl Mosel,750mL,2,1
284,Milagro Tequila Anejo SBR,750mL,1,1
22883,Citra Trebbiano D'Abruzzo,1.5L,2,1
11768,Carpene Malvolti Prosecco,375mL,2,1
24211,Julius Treis Trocken Rsl,750mL,2,1
1071,Straw Boys Vodka,750mL,1,1
407,Hancock Rsv Bourbon,750mL,1,1
2153,Black Velvet Cinnamon Rush,750mL,1,1
161,DeKuyper Pineapple,Liter,1,1
46146,Gallo Pnt Nr Pavia,1.5L,2,1
1489,Crown Royal Cornerstone Blnd,750mL,1,1
10440,Ridge East Branch Znfdl,750mL,2,1
2591,Cardhu Scotch,750mL,1,1
15575,Monte Faliesi Falanghina,750mL,2,1
39717,Estancia Pnt Grigio Cal,750mL,2,1
21824,Taken Red Napa,750mL,2,1
24065,Camelot Cab Svgn,1.5L,2,1
2840,Revel Stoke Roasted Pecan,750mL,1,1
1263,The Cally 40 Yr Single Malt,750mL,1,1
22737,Rotation Chard,750mL,2,1
6859,C Y Toro Frontera Chard,1.5L,2,1
8187,Wild Turkey,750mL,1,1
5734,Malibu Rum,1.75L,1,1
2199,St George Terrior Gin,750mL,1,1
3527,Reyka Vodka,1.75L,1,1
31204,Beringer Fndrs Est Svgn Bl,750mL,2,1
26046,Dievole Chianti Classico,750mL,2,1
22050,Maggy Hawk Stormin Pnt Nr,750mL,2,1
576,Pastene Marsala,1.5L,1,1
9066,American Harvest Organic,1.75L,1,1
20722,Ch Musar Hochar Red,750mL,2,1
26341,Balletto 15 Rose Pnt Nr RRV,750mL,2,1
18515,Masroig Sola Fred Monstant R,750mL,2,1
8379,Wild Turkey 101,375mL,1,1
2886,Buchanans Deluxe 12Yr Scotch,1.75L,1,1
8628,Jadot Macon Villages Blanc,750mL,2,1
4214,Bacardi O Orange Rum,750mL,1,1
33265,El Coto de Rioja Crianza Re,750mL,2,1
3719,Smirnoff Lime Vodka,750mL,1,1
2637,The Feathery Blended Scotch,750mL,1,1
21363,Perez Cruz Carmenere Ltd Ed,750mL,2,1
24280,Mazzei Siepi,750mL,2,1
45920,Yellow Tail Rsl,1.5L,2,1
25608,Artesa Elements Cab Svgn,750mL,2,1
16262,The Dreaming Tree Crush Red,750mL,2,1
3278,Gordons London Dry,750mL,1,1
37656,MacMurray Ranch Sonma Pnt Nr,750mL,2,1
8233,Beaulieu Cab Svgn Rutherford,750mL,1,1
38197,La Carraia Sangiovese Umbri,750mL,2,1
24672,Bolla Merlot,1.5L,2,1
23344,Gekkeikan Nama Sake,300mL,2,1
3573,Stoli Elite Vodka,1.75L,1,1
41529,Artesa Elements Napa Red,750mL,2,1
19594,Ch Doisy Daene Gr Vin Sec 10,750mL,2,1
24967,Terra d'Oro Ch Bl/Viognier,750mL,2,1
21217,Copain Wentzel Pnt Nr,750mL,2,1
7254,Cribari Marsala,750mL,2,1
16159,Gnarly Head Authentic Red,750mL,2,1
38635,Cesari Mara Vino di Ripasso,750mL,2,1
19989,Querceto Sangiovese,750mL,2,1
35392,Tohu Chard Marlborough NZ,750mL,2,1
5339,Drambuie,50mL,1,1
2096,The Macallan Edition No 1,750mL,1,1
4260,Capt Morgan Original Barrel,1.75L,1,1
3424,Peligroso Cinnamon Tequila,750mL,1,1
25900,La Maldita Garnache Rioja,750mL,2,1
24572,Galerie Latro Cab S Knights,750mL,2,1
27566,Kiona Est Red Mountain Rsv R,750mL,2,1
41778,Stoneleigh Pnt Nr Marlboro,750mL,2,1
19302,Tomaiolo Chianti Clsco Rsva,750mL,2,1
2783,Lauders Scotch,1.75L,1,1
8482,Cabot Trail Cana Cream Maple,750mL,1,1
3324,Milagro Silver Select Barrel,750mL,1,1
36620,Talbott Kali Hart Mtry Chard,750mL,2,1
4652,Hennessy XO Cognac,750mL,1,1
17433,Vino Pnt Grigio,750mL,2,1
18761,Eden Vermont Ice Cider,187mL,2,1
4111,Bird Dog Strawberry Whiskey,50mL,1,1
36079,Ch Giscours 10,750mL,2,1
18369,Sequin Delicately Moscato,750mL,2,1
4798,Sambuca Romana Liqueur,50mL,1,1
38681,Morgan Winery Metalico Chard,750mL,2,1
16205,Sivas-Sonoma Cab Svgn,750mL,2,1
18615,Ruca Malen Cab Svgn Rsv,750mL,2,1
36766,Ravenswood Znfdl Lodi,750mL,2,1
40258,La Crema Chard Sonoma Coast,375mL,2,1
27274,Jos Phelps Insignia 13,750mL,2,1
27520,Vargas Rioja Crianza,750mL,2,1
9123,Deep Eddy Vodka,50mL,1,1
6567,Clos du Bois Merlot N Cst,750mL,2,1
5780,Malibu Black,750mL,1,1
17928,Prima Perla Prosecco Treviso,750mL,2,1
16846,Uppercut Svgn Bl,750mL,2,1
5485,Xicaru Silver Mezcal,750mL,1,1
42462,Gnarly Head Old Vine Znfdl,750mL,2,1
27735,Bogle Cab Svgn Cal,750mL,2,1
3427,Stolichnaya Blueberi,1.75L,1,1
4921,Twenty Grand Cognac,750mL,1,1
7838,Piehole Pecan Pie,750mL,1,1
21735,Millet Roger Sancerrre,750mL,2,1
37387,Truchard Carneros Cab Svgn,750mL,2,1
1340,Jim Beam Jacob's Ghost,750mL,1,1
2929,Dark Corner Moonshine,750mL,1,1
24818,Rancho Zabaco Monte Rsso Znf,750mL,2,1
11917,Ch de Beaucastel Pape Rouge,1.5L,2,1
24154,Ch La Gordonne Chapelle Rose,1.5L,2,1
8359,R M Woodbridge Svgn Bl Cal,750mL,2,1
3404,Skinnygirl Vodka,750mL,1,1
16351,Girls in the Vineyard Cab S,750mL,2,1
2906,Usquaebach Old Rare Whisky,750mL,1,1
37530,Glen Ellen Pnt Grigio RSV,1.5L,2,1
17015,Siegel Reserve Cab Svgn,750mL,2,1
19056,Wolf Blass Yellow Lbl Chard,750mL,2,1
33331,Moletto Prosecco Della Marc,750mL,2,1
19720,Cutler Creek Wh Znfdl,750mL,2,1
26169,Louis Latour 13 Pnt Nr Bourg,750mL,2,1
26882,Trinchero BRV Cab Svgn Napa,750mL,2,1
26833,Clemento VII Toscano,750mL,2,1
3547,Ketel One Vodka,50mL,1,1
19199,La Crema Pnt Gris Monterey,750mL,2,1
11207,Livon Pnt Grigio,750mL,2,1
10374,Hazlitt White Cat Fngr Lakes,750mL,2,1
14124,Haras Estate Svgn Blanc,750mL,2,1
2714,Glenfiddich The Original,750mL,1,1
27523,Opolo Cab Svgn,750mL,2,1
722,Ciroc Coconut Vodka,200mL,1,1
23109,DeLille Cellars Chaleur Blnc,750mL,2,1
26026,Ch Capbern Gasqueton St Este,750mL,2,1
26690,Dom Faiveley Mercry Rouge 14,750mL,2,1
19863,Rex Goliath Cab Svgn,500mL,2,1
23444,Quota 31 Primitivo IGP,750mL,2,1
2737,Teeling Irish Whiskey,750mL,1,1
43152,Ramey Chard Sonoma Coast,750mL,2,1
26049,Simonnet-Febvre Bourgogne Br,750mL,2,1
1532,Crown Royal Honey Limited,750mL,1,1
2196,Canadian Hunter Whiskey,1.75L,1,1
25508,Sbragia Zin Ginos Vyd- Dry C,750mL,2,1
8671,Appleton Est VX Jamaican Rum,750mL,1,1
19740,Ch St Jean Alexander Cab Svg,750mL,2,1
15329,Rex Goliath Moscato,750mL,2,1
20404,Tenuta Santo Pietro Pio Il C,750mL,2,1
22568,Beringer The Waymaker Red,750mL,2,1
21406,Banshee Rose 14 Pnt Nr Sonom,750mL,2,1
2173,Canadian Club Rye,750mL,1,1
181,J & B Scotch,Liter,1,1
24483,Daou Rsv Cab Svgn,750mL,2,1
822,Tanqueray,Liter,1,1
3945,Sauza Conmemorativo,750mL,1,1
35913,Stone Cellars Cab Svgn,1.5L,2,1
46733,Stellina di Notte Pnt Grigio,750mL,2,1
7320,Malibu Rum Punch RTD,1.75L,1,1
15970,Alexana Revana Vyd Pnt Nr,750mL,2,1
19763,M D 20/20 Coco Loco,750mL,2,1
23962,Enzo Boglietti Dolcetto Alba,750mL,2,1
656,Grappa di Sassicaia,375mL,1,1
158,Pappy Van Winkle 15 Yr Old,750mL,1,1
24134,Newman's Own Common Good Red,750mL,2,1
1220,Woodford Reserve Bourbon,750mL,1,1
24775,J Bouchon Canto Sur,750mL,2,1
1389,Makers Mark,50mL,1,1
45090,Norton Malbec Mendoza,750mL,2,1
13122,La Cana Albarino,750mL,2,1
23278,Turnbull Cab Svgn 11,750mL,2,1
25857,Cline Merlot Sonoma Coast,750mL,2,1
21114,Wicked Juicy Grenache,750mL,2,1
799,Svedka Colada Vodka,Liter,1,1
42677,Kistler Les Noisetiers Sono,750mL,2,1
35180,Vendange Shiraz,1.5L,2,1
24111,Don Ramon Oak Aged 12 Tinto,750mL,2,1
11227,Girard Svgn Bl Napa Vly,750mL,2,1
23129,Sensi 18K Prosecco,750mL,2,1
2694,Glenmorangie LaSanta,750mL,1,1
2030,Glen Moray 12 Yr Scotch,750mL,1,1
46023,Spellbound Petite Sirah Cal,750mL,2,1
22047,Woodwork Pnt Nr,750mL,2,1
24752,A Bichot Petit Chablis,750mL,2,1
34539,Ch Roumier-Lacoste Barsac W,375mL,2,1
25834,Dry Creek Chard Sonoma Cnty,750mL,2,1
20596,Aviary Cab Svgn,750mL,2,1
20055,Ch Haut Bailey 10 Brdx,750mL,2,1
13932,Canyon Rd Pnt Nr,750mL,2,1
3235,Absolut Berri Acai,750mL,1,1
530,Smirnoff Fluffed Marshmallow,Liter,1,1
2571,Johnnie Walker Gold Edition,750mL,1,1
11891,Penfolds Bin 389 Cab/Shiraz,750mL,2,1
25293,Croft Reserve Tawny,750mL,2,1
35472,R M Woodbridge Pnt Grigio,1.5L,2,1
10666,Clayhouse Adobe Cntrl Cst Wh,750mL,2,1
23650,Tom Gore Chardonnay CA,750mL,2,1
13583,Twisted Cab Svgn Cal,750mL,2,1
42385,Sycamore Lane Pnt Grigio Cal,750mL,2,1
19571,Mt Brave Cab Svgn Mt Veeder,750mL,2,1
19322,Kirkland Signature Chard,750mL,2,1
13832,Sutter Home Rsl,750mL,2,1
1761,Bulleit 95 Rye,Liter,1,1
3255,Stolichnaya Elit Pristine,Liter,1,1
23401,Bridlewood Slct Pnt Nr Lucia,750mL,2,1
26318,House Wine Cab Svgn,3L,2,1
26069,Sartori Bardolino Chiaretto,750mL,2,1
25820,La Roche Trouee Red 14,750mL,2,1
17413,Ch Leoville Barton 10 St Jul,750mL,2,1
26567,Ninety+Cellars Lot 130 Chard,750mL,2,1
6195,Korbel Brut,1.5L,2,1
27835,Wild Horse CC Pnt Nr,750mL,2,1
24503,Far Niente Chard Napa,750mL,2,1
5070,Russo Limoncello,750mL,1,1
15349,Itami Onigoroshi Junmal Shu,300mL,2,1
36989,Duck Pond Chard Wash,750mL,2,1
13726,Fish Eye Pnt Nr,3L,2,1
2863,The Deveron 12 Yr Scotch,750mL,1,1
8402,Spud Pumpkin Spice Vodka,750mL,1,1
19179,Carnaval Red Moscato Sparklg,750mL,2,1
1240,Remy Martin VSOP Gift Pack,750mL,1,1
21386,Segal's Cab Svgn Spcl Rsv Ga,750mL,2,1
26710,Feudi Di San Gregorio Fiano,750mL,2,1
4878,Allens Coffee Brandy,750mL,1,1
22027,Jacobs Crk Cab Svgn,750mL,2,1
31522,J Vineyards Pnt Nr RRV,750mL,2,1
4629,Courvoisier C,750mL,1,1
36846,Frey Natural White Organic,750mL,2,1
24944,Sur de Los Andes Malbec Rsva,750mL,2,1
21194,Paul Hobbs Beckstoffer Cab S,750mL,2,1
17948,Barco de Piedra Temp Red,750mL,2,1
23862,Concannon Founder Petit Srah,750mL,2,1
22276,Menage a Trois Prosecco,750mL,2,1
27194,Buena Vista Champagne Vctoir,750mL,2,1
3696,Gilbeys Vodka,1.75L,1,1
35664,Redwood Creek Cab Svgn Cal,1.5L,2,1
16680,Nicolas Potel Pnt Nr Bourgog,750mL,2,1
25877,Ravage Cab Svgn,750mL,2,1
2614,Dewars Special RSV 12-Year,1.75L,1,1
10274,Rebel Newmans Own Chard,750mL,2,1
21635,Franciscan Est Cab Svgn,1.5L,2,1
4237,Havana Club Anejo Blanco Rum,50mL,1,1
20553,Dom Perignon Oeno 96 Silver,750mL,2,1
1028,Amaretto di Amore VAP,750mL,1,1
14416,J Lohr Falcons Perch Pnt Nr,750mL,2,1
37722,Jacobs Crk Shirz Rsv,750mL,2,1
25236,Horseshoes & Handgrenades Re,750mL,2,1
24987,Rock Wall 12 Monte Rosso Znf,750mL,2,1
18738,Oak Leaf Moscato,750mL,2,1
20653,Natale Verga Prosecco,750mL,2,1
6003,Jack Daniels 150th Annversry,Liter,1,1
7818,Andre Cold Duck,750mL,2,1
16431,HandCraft Artisan Coll Cab S,750mL,2,1
18638,Waterstone Cab Svgn,750mL,2,1
5654,Merry Irish Cream Liqueur,750mL,1,1
18595,Delamotte Bl de Bl Champagne,750mL,2,1
25628,Marchesi Barolo Gavi de Gavi,750mL,2,1
27251,Forestville Chard Cal,750mL,2,1
18097,Shafer Relentless Syrah,750mL,2,1
3988,Silo Cucumber Vodka,750mL,1,1
14808,Ninety+Cellars Lot 21 Fusion,750mL,2,1
27792,Jadot Rully Blanc 14,750mL,2,1
4380,Ron Virgin Heavy Bodied Rum,1.75L,1,1
5462,Barenjager Honey Liqueur,750mL,1,1
17954,Drops of Jupiter Red,750mL,2,1
8708,Kamchatka Vodka,Liter,1,1
38263,Orleans Hill Syrah Lodi,750mL,2,1
25528,Masi Campo Torbe Amarone 00,750mL,2,1
27443,Renato Ratti Marcenasco Baro,750mL,2,1
15790,Humberto Canale Malbec Est,750mL,2,1
8459,Pardiac VS French Brandy,750mL,1,1
6295,Taylor Sherry,750mL,2,1
26361,Prophecy Red Blend,750mL,2,1
21443,Ch L'Englise Clinet St Emiln,750mL,2,1
25279,Pommery Cuvee Louise 2002,750mL,2,1
4280,Capt Morgan Parrot Bay Coco,1.75L,1,1
37822,Frescobaldi Chianti RSV Nip,750mL,2,1
42691,Las Brisas Rueda Wh,750mL,2,1
19969,Ch D'Issan 10 Brdx,750mL,2,1
26461,Golan Heights Yarden Chard,750mL,2,1
3739,Three Olives Orange Vodka,750mL,1,1
5903,Ole Smoky Hunch Punch Moonsh,50mL,1,1
18346,Kistler Pinot Noir RRV,750mL,2,1
3198,Smirnoff Peach Vodka,750mL,1,1
46458,Layer Cake Barosa Shiraz,750mL,2,1
759,Bunnahabhain 12 Yr Single,750mL,1,1
3012,Pinnacle Vodka,50mL,1,1
20324,The Peach Chenin Bl/Viognier,750mL,2,1
21320,Zion Dolev Muscato,750mL,2,1
24237,Ironside Red Blend,750mL,2,1
20988,Pizzolato Merlot,750mL,2,1
3676,Permafrost Alaskan Vodka,750mL,1,1
36308,Dom Chandon Riche Extra Dry,750mL,2,1
1091,Casa Noble 3 Btl Club Pack,375mL 3 Pk,1,1
23218,Tangent Chard,750mL,2,1
22007,Schmitt Sohne Auslese Michls,750mL,2,1
3699,Chopin Vodka,1.75L,1,1
72,No. 3 London Dry Gin,750mL,1,1
29169,Franzia Tap Merlot,5L,2,1
22339,Heartland Spice Trader Sh/CS,750mL,2,1
24546,Selini Nano Svgn Bl,187mL,2,1
5027,99 Apples Schnapps Liqueur,750mL,1,1
25210,Siduri Pnt Nr Williamette Vy,750mL,2,1
5691,P & J Cold Soaked Pineapples,375mL,1,1
6879,Maurice's Mentholated Mint,50mL,1,1
2797,Wicked 87 Whiskey,50mL,1,1
5714,Jose Cuervo Lime Margarita,200mL 4 Pk,1,1
22531,BV Coastal Estate Chard,750mL,2,1
7211,Cocktail Time Strawberry Rtd,750mL,1,1
473,Ciroc Peach Vodka,Liter,1,1
39843,Kenwood Yulupa Merlot Cal,750mL,2,1
22030,Pulenta Est La Flor Malbec,750mL,2,1
6215,Taylor Tawny Port,750mL,2,1
34101,Ch Ste Michelle Cab Svgn,750mL,2,1
1801,Jack Daniels Tennesse Fire,375mL,1,1
27440,Achaia Cellars Retsina,Liter,2,1
21034,Cyrus Cab Svgn Alex Vly,750mL,2,1
23527,Santa Maria Alla Pieve Valpo,750mL,2,1
805,B & B Liqueur Dom,Liter,1,1
18781,Girl Go Lightly Moscato,750mL,2,1
23195,Gary Farrell RRV Pnt Nr,750mL,2,1
24191,Mirafiore Dolcetto D'Alba,750mL,2,1
37828,Yellow Tail Shiraz/Cab Ausl,1.5L,2,1
38369,Oyster Bay Pnt Nr Marlboro,750mL,2,1
782,Remy Martin 1738 Accord Ryl,750mL,1,1
23049,Benziger Svgn Bl N Cst,750mL,2,1
5737,Blue Chair Bay CocSpc Cream,750mL,1,1
22508,Blindfold White,750mL,2,1
5196,Delord Bas-Armagnac 25 Yr,750mL,1,1
21180,Amapola Creek Chard RR 14,750mL,2,1
22053,Lokoya Diamond Mtn Cab Svgn,750mL,2,1
27131,Santi Amarone Proemio 06,750mL,2,1
36139,Renzo Masi Chiant Rufina RS,750mL,2,1
8422,Paul Masson Carafe Wh Znfdl,Liter,2,1
24732,Masi Serego Alighieri Vaio A,750mL,2,1
10414,Le Cirque Rose,750mL,2,1
18240,Renacer Enamore Red,750mL,2,1
26398,Trapiche Malbec,750mL,2,1
264,Don Q Limon Rum,Liter,1,1
928,Hangar One Citron,750mL,1,1
18827,Carmel Road Chard Liberated,750mL,2,1
26985,Pierre Andre Bourgogne Chard,750mL,2,1
22740,C&P Breton Chinon St Louand,750mL,2,1
2256,Tamdhu Batch Speyside Whisky,750mL,1,1
281,Kamora Coffee Gift Pack,750mL,1,1
3158,Pinnacle Tropical Punch,1.75L,1,1
20132,Jos Phelps Insignia 2010 Red,750mL,2,1
24755,Sokol Blosser Evolution Pnt,750mL,2,1
1492,The Glenlivet Oloroso Nadu,750mL,1,1
19591,Goulee Cos d'Estournel 10,750mL,2,1
9109,Deep Eddy Ruby Red Vodka,50mL,1,1
2943,The Macallan 18 Yr Old,375mL,1,1
18263,Gianni Gagliardo Dolcetto D',750mL,2,1
26421,Villa Russiz Les Enfants Bia,750mL,2,1
44944,Sanford Santa Rita Pnt Nr,750mL,2,1
27749,Wind Gap 13 Syrah Sonoma,750mL,2,1
15037,Banfi Poggio Alle Mura Montl,750mL,2,1
20447,Barefoot Bubbly Pink Moscato,187mL 4 Pk,2,1
24778,Rocca Delle Macie Chianti C,1.5L,2,1
2471,Wild Turkey 81 Rye,750mL,1,1
26939,Ramos Pinto 10-Yr Tawny Red,750mL,2,1
36849,Frey Pnt Nr Organic Mendocno,750mL,2,1
21529,Ch St Sulpice Rose 13,750mL,2,1
19783,Penfolds Bin 169 Cab Svgn,750mL,2,1
26275,Fathom Merlot 13,750mL,2,1
3135,Smirnoff Cinn Sugar Twist,750mL,1,1
2989,The Macallan 18 Yr Old,750mL,1,1
25711,Alexander Vly Vyd Cab Svgn,750mL,2,1
2448,Seagrams VO Gold,750mL,1,1
32203,Rancho Zabaco Heritage Znfdl,750mL,2,1
25465,Benziger Tribute Estate Red,750mL,2,1
3530,Pinnacle Peach Vodka,750mL,1,1
19760,Rose'N'Blum Red Moscato,750mL,2,1
36826,Turnbull Cab Svgn Napa,750mL,2,1
18432,Bertani Amarone 1993,750mL,2,1
24924,Sea Smoke Sea Spray Blanc,750mL,2,1
1346,Knob Creek Bourbon,750mL,1,1
6670,Pinnacle Pineapple Vodka,750mL,1,1
15824,Nozzole Chianti Clsc RSV,750mL,2,1
5342,Grand Marnier,750mL,1,1
17330,Sean Minor 4B Pinot Noir,750mL,2,1
23982,Earthshaker La Quete Lirac C,750mL,2,1
19654,Manifesto! Znfdl,750mL,2,1
18658,Samos High Peaks Muscat,750mL,2,1
26484,Apaltagua Rose Carmenere,750mL,2,1
3421,Stolichnaya Blueberi,50mL,1,1
19737,Sledgehammer Forged Red,750mL,2,1
27480,Lanson Black Label Brut,750mL,2,1
1738,Ole Smoky Moonshine Cherries,750mL,1,1
6361,Totts Extra Dry,750mL,2,1
2734,Nikka Pure Malt whiskey,750mL,1,1
32827,Rombauer Merlot Napa,750mL,2,1
26876,Pol Roger Brut Vintage,750mL,2,1
11187,Phillips Rapture Cab Svgn,750mL,2,1
24669,Darioush Cab Franc Napa Vly,750mL,2,1
2033,Canadian Mist,750mL,1,1
13394,Debauchery Chard,750mL,2,1
14390,Il Cavaliere Pnt Grigio,750mL,2,1
3361,Pinnacle Double Espresso,750mL,1,1
6232,Avion Reserva 44 Extra Anejo,750mL,1,1
19345,Jip Jip Rocks Shiraz/CabSvgn,750mL,2,1
12515,Jean Luc Columbo Syrah VDP,750mL,2,1
13703,Barefoot Cellars Moscato,187mL 4 Pk,2,1
44838,Flora Springs Cab Svgn Napa,750mL,2,1
5628,Baja Rosa Strawberry Liqueur,750mL,1,1
16703,Catena Padrillos Malbec,750mL,2,1
44921,Quinta do Crasto Douro Rd,750mL,2,1
41589,Paul Hobbs Cross Cab Svgn,750mL,2,1
25605,Frog's Leap Petite Sirah,750mL,2,1
12621,Tortoise Creek Cab Svgn,750mL,2,1
1300,Ladyburn 41 Yr Old Scotch,750mL,1,1
23281,Ch Lafitite Rothschild Pa 11,750mL,2,1
6278,Sterling Svgn Bl,750mL,2,1
44234,A by Acacia Pnt Nr Cal,750mL,2,1
45525,Natura Colchagua Carmenere,750mL,2,1
44529,Salmon Run Chard/Rsl,750mL,2,1
34951,Ch Ste Michelle Eroica Rsl W,750mL,2,1
10606,Parducci Cab Svgn,750mL,2,1
39574,Morgan Winery Double L Chard,750mL,2,1
16557,Arrowood Cab Svgn Sonoma Vly,750mL,2,1
327,Capt Morgan Spiced Rum 100,Liter,1,1
15020,Angeline Chard Cal,750mL,2,1
2926,Teachers Highland Cream,1.75L,1,1
5090,El Charro Silver Tequila,750mL,1,1
25064,Jadot Beaune Bressandes 13,750mL,2,1
22402,Aska Bolgheri Rosso,750mL,2,1
18572,Butterfly Kiss Moscato,750mL,2,1
39471,Acorn Dolcetto Alegria RRV,750mL,2,1
8090,Russian Standard Gold Vodka,750mL,1,1
26730,Hecht & Bannier Langudc Rose,750mL,2,1
1260,Old Forester Birthday 2016,750mL,1,1
14974,Mantane Primitivo Puglio,750mL,2,1
11433,Undone Pnt Nr,750mL,2,1
17138,Steele Red Hills Cab Svgn,750mL,2,1
19259,The Beach House Red,750mL,2,1
21466,Ch La Mission Haut Brion P-L,750mL,2,1
3613,Bacardi Reserva Limitada,750mL,1,1
613,Beefeater 24,Liter,1,1
25751,Riunite Peach Moscato,1.5L,2,1
44337,Irony Cab Svgn,750mL,2,1
8877,Latour Beaujolais Villages,750mL,2,1
20533,Bread & Butter Chard,750mL,2,1
2880,Bird Dog Chocolate Whiskey,750mL,1,1
3467,El Jimador Reposado Tequila,750mL,1,1
21861,Diseno Red Blend Mendoza,750mL,2,1
29192,Perrin Chtnf du Pape,750mL,2,1
19451,Souverain Svgn Bl No Coast,750mL,2,1
3962,Vikingfjord Vodka,1.75L,1,1
8485,Gozio Amaretto,750mL,1,1
6862,Vecchia Romagna Nera Brandy,750mL,1,1
37158,Montes RSV Colchagua Malbec,750mL,2,1
25256,Ch St Louis Vieux Galvesse L,750mL,2,1
13895,Mohua Pinot Noir,750mL,2,1
36371,McWilliams Hanwood Shiraz,750mL,2,1
14436,Byron Santa Barbara Chard,750mL,2,1
36076,Ch Haut-Bailly 10,750mL,2,1
25797,GH Mumm Rose,750mL,2,1
24715,Banfi Summus Tuscany Red,750mL,2,1
20387,Antico Colle Chianti Colli,750mL,2,1
24174,Marenco Strev Moscato D'Asti,750mL,2,1
178,Wild Turkey Russell's RSV,750mL,1,1
3593,Smirnoff Blue 100 Proof Trav,1.75L,1,1
12747,Barefoot Cellars Pnt Nr,750mL,2,1
676,Pinnacle Whipped Vodka,750mL,1,1
1174,Rebel Yell,1.75L,1,1
4091,Mount Gay Black Barrel Rum,750mL,1,1
26146,Montelvini CabMerlot,20L,2,1
5087,Dr McGillicuddy's Peach,750mL,1,1
20905,Gekkeikan Suzaku Sake,300mL,2,1
20407,Riondo Blu Prosecco,750mL,2,1
17490,Serbal Chardonnay,750mL,2,1
28565,Wolf Blass Ylw Lb Shiraz/Cab,750mL,2,1
19909,6 Degrees Chard,750mL,2,1
3072,Ciroc Peach Vodka,750mL,1,1
41157,Phillips Sixth Sense Syrah,750mL,2,1
8027,Absolut Mandrin,50mL,1,1
2193,Donegal Irish Whiskey,750mL,1,1
10732,A Bichot Pnt Nr Bourgogne,750mL,2,1
8525,Fetzer Sundial Chard,750mL,2,1
24841,Porta 6 Red,750mL,2,1
25339,Le Haut Medoc de Lascombes,750mL,2,1
26335,Beran Znfdl Sonoma Cty,750mL,2,1
25837,Dry Creek Merlot,750mL,2,1
20384,Fabrizio Dionisio Il Cast Sy,750mL,2,1
27546,NinetyCellars Lot 50 Prosec,1.5L,2,1
3879,Smirnoff 80 Proof Traveler,750mL,1,1
2382,Ophir London Dry Gin,750mL,1,1
37433,C Y Toro Casillero Carmenere,750mL,2,1
1386,George Dickel No 8 Bourbon,750mL,1,1
40424,Mionetto Il Prosecco Veneto,375mL,2,1
21117,Wicked Bright Pnt Gr Veneto,750mL,2,1
11038,Beringer Classic Merlot,750mL,2,1
7792,Herradura Reposado Lot 599,750mL,1,1
6129,The Club Mudslide,200mL,1,1
17702,Gateway Vinho Verde,750mL,2,1
26358,Prophecy Pnt Grigio,750mL,2,1
23112,Patz & Hall Hyde Vyd Chard,750mL,2,1
44148,Polka Dot Rsl Pfalz,750mL,2,1
13766,Yealands Svgn Bl Marlborough,750mL,2,1
1864,1792 Port Finish Bourbon,750mL,1,1
868,Tanqueray Ten Gin,Liter,1,1
21426,Szigeti Gruner Velt Skt Brut,750mL,2,1
18721,Hermanos Malbec-Tannat,750mL,2,1
19176,Sutter Home Red Moscato,1.5L,2,1
2405,Old Tahoe Honey Rye,750mL,1,1
26836,Lagler Rsl Smaragd Elmerberg,750mL,2,1
3401,Vesica Vodka,1.75L,1,1
25319,Ch Deux Rocs Premices Red,750mL,2,1
845,Bols Amaretto Liqueur,Liter,1,1
23155,Rocca Delle Macie Chianti C,750mL,2,1
6584,Schmitt Sohne Spatlese Psprt,750mL,2,1
1343,Jack Daniels Sinatra Select,Liter,1,1
20576,Peregrine Pnt Nr,750mL,2,1
22657,Iron Horse Est Chard,750mL,2,1
16663,Astoria Prosecco 08,750mL,2,1
18157,Maggio Cab Svgn,750mL,2,1
26813,Simonnet-Febvre 14 Chablis,750mL,2,1
11771,Palagetto Sottobosco Rosso,750mL,2,1
13978,Jos Phelps Chard,750mL,2,1
5322,Linie Aquavit,750mL,1,2
24798,The Pinot Project Pnt Nr,750mL,2,1
31788,Livingston Cab Svgn Cal,1.5L,2,1
35747,Zenato Lugana Doc San Bened,750mL,2,1
20427,Fattoria Heba Marellino 11,750mL,2,1
22093,Trione Family Vyds Svgn Bl,750mL,2,1
5820,Dr McGillicuddy's Peppermint,750mL,1,1
40444,Santa Ema Reserve Merlot,750mL,2,1
22591,Ch Manos Cadillac,375mL,2,1
5130,X Rated Fusion Liqueur,750mL,1,1
13958,Charles & Charles Red,750mL,2,1
24606,Fortant Cab Svgn,750mL,2,1
46418,Ermita Sn Felices Rose Rioja,750mL,2,1
19368,Luigi Bosca Malbec SV DOC,750mL,2,1
1217,Dalwhinnie 25 Yr Single Malt,750mL,1,1
20450,Liberty Creek Cab Svgn Tetra,500mL,2,1
653,Dom de Canton Ginger Liqueur,750mL,1,1
24088,Hess Select Cab Svgn,750mL,2,1
13268,Backhouse Chard,750mL,2,1
5153,Fireball Cinn Whisky Trav,750mL,1,1
1366,Red Stag by Jim Beam,50mL,1,1
21383,Barkan Clsc Chard,750mL,2,1
35990,La Clarte de Haut Brion 10,750mL,2,1
112,Mr Boston Cr de Cacao White,Liter,1,1
19219,Eppa White Sangria Organic,750mL,2,1
21924,BV Coastal Estate Svgn Bl,750mL,2,1
27334,Gilmanton Blueberry Surprise,750mL,2,1
5259,Blue Chair Bay Coconut Rum,750mL,1,1
18741,Ca'Momi Pinot Noir Napa Vall,750mL,2,1
14413,Tisdale Vyds Pnt Grigio,750mL,2,1
44709,Trinity Oaks Pnt Nr Cal,750mL,2,1
23069,Delamotte Bl de Bl Brut,375mL,2,1
1927,Jack Daniels Barrel Proof,750mL,1,1
34144,Capanna Brunello Montalcino,750mL,2,1
22073,Opus One 11,750mL,2,1
29212,R Mondavi Merlot Pvt Sel,750mL,2,1
25382,Drouhin Laforet Red Bourgog,750mL,2,1
27503,Ch Ste Michelle Hrse Hvn Svg,750mL,2,1
21552,Vindicated Cab Svgn,750mL,2,1
39491,Flag Hill Red Raspberry Fru,750mL,2,1
50354,Ch Dufort Vivens Marguax,750mL,2,1
23175,Taittinger Rose Cuve Presti,750mL,2,1
16726,g Sake,300mL,2,1
43819,Little Black Dress Chard,750mL,2,1
27005,Ghost Block Est Cab Svgn,750mL,2,1
20862,W Hill Est Cab Svgn No Cst,750mL,2,1
7878,Allens Coffee Brandy,1.75L,1,1
1715,Ole Smoky Apple Pie Moonshne,750mL,1,1
2554,WhistlePig Old World 12 Yr,750mL,1,1
3636,Dr McGillicuddy's Mentholmnt,375mL,1,1
304,Ciroc Red Berry Vodka,Liter,1,1
20948,Honig Bartolucci Vyds Cab Sv,750mL,2,1
19866,Clarendelle Brdx Blanc,750mL,2,1
25190,Sixto Chardonnay,750mL,2,1
6043,Brinley Gold Shipwrck Coffee,750mL,1,1
4632,Hennessey Master Blenders #1,750mL,1,1
1237,Jack Daniels Single Barrel,750mL,1,1
1323,Early Times,1.75L,1,1
6647,Estancia Chard,750mL,2,1
29996,Wild Horse CC Cab Svgn,750mL,2,1
2946,Highland Park 15 Yr Old,750mL,1,1
8897,Moet & Chandon Brut Imprl Ro,750mL,2,1
241,Capt Morgan ParrotBayPassion,Liter,1,1
24586,Moshin Vyds Chard,750mL,2,1
27291,Waterbrook Chard Rsv Col Vly,750mL,2,1
22963,Phillipine de St-Cyrille CdP,750mL,2,1
13225,Alphonse Dolly Sancerre Cvee,750mL,2,1
21340,Flowers Sonoma Cst Pnt Nr,1.5L,2,1
18635,Castello d Cacchiano Chianti,750mL,2,1
12684,Kim Crawford Pnt Gr Marlboro,750mL,2,1
4028,Bacardi Artic Grape Rum,750mL,1,1
43129,Jelu Malbec San Juan,750mL,2,1
40965,Wente Wetmore Cab Svgn,750mL,2,1
24151,Mas Janeil Cotes Roussillon,750mL,2,1
34971,Jermann Pinot Grigio Venezi,750mL,2,1
45293,C K Mondavi Willw Pnt Grigio,750mL,2,1
34473,Carlo Rossi Chianti Cal,4L,2,1
26315,Primarius Pnt Nr,750mL,2,1
43384,Three Thieves Bandit Merlot,Liter,2,1
14997,The Offering Rhone,750mL,2,1
2013,E H Taylor Straight Rye,750mL,1,1
25817,Guigal Chtnf du Pape,750mL,2,1
41220,C Krug RSV Generations Napa,750mL,2,1
17161,Seaglass Pnt Grigio,750mL,2,1
32807,Flag Hill De Chaunac Red NH,750mL,2,1
21489,El Petit Carlania Trepat,750mL,2,1
8505,Hussong's Repasado Tequila,750mL,1,1
38950,Corvo Sicily Nero D'Avola,750mL,2,1
21595,Veuve du Vernay Sprklng Brut,750mL,2,1
25966,Robert Sinskey Pnt Nr Carner,750mL,2,1
19972,Ch Montrose 10,750mL,2,1
41612,Ridge Geyserville Znfdl,750mL,2,1
26464,Golan Heights Yarden Svgn Bl,750mL,2,1
25425,La Scolca Black Label Gavi,750mL,2,1
8462,Frangelico Hazelnut Liqueur,750mL,1,1
34430,Frei Bros RSV Pnt Nr RRV,750mL,2,1
33348,Greg Norman Limestone Shiraz,750mL,2,1
10626,MezzaCorona Pnt Nr,1.5L,2,1
888,DeKuyper Sloe Gin,Liter,1,1
19282,Penfolds Bin 8 Cab Svgn/Shir,750mL,2,1
17118,Heitz Martha's Vyd Cab Svgn,750mL,2,1
39840,Kenwood Cve Brut Yulupa Spa,750mL,2,1
24692,Calmel & Joseph Chard,750mL,2,1
13872,Yosemite Road Chard,750mL,2,1
21446,La Demoiselle Sociando Haut,750mL,2,1
20364,Altitude Project Cab Svgn,750mL,2,1
25774,Ch Tourril Panatella Red,750mL,2,1
3444,Hornitos Plata Tequila,1.75L,1,1
14805,Ninety+Cellars Lot 23 Malbec,750mL,2,1
13723,Big House Red,3L,2,1
16428,HandCraft Artisan Coll Chard,750mL,2,1
18592,Deadbolt Red,750mL,2,1
2903,White Horse Scotch,1.75L,1,1
5067,Zodiac Vodka,750mL,1,1
3985,Silo Cacao Vodka,750mL,1,1
28316,Livingston Nat Flvrs Chard,1.5L,2,1
4174,Kraken Black Spiced Rum,1.75L,1,1
16245,Domino Cab Svgn,1.5L,2,1
3510,Smirnoff Light Lemon Sorbet,750mL,1,1
28980,Far Niente Cab Svgn Napa,750mL,2,1
5502,RumChata Liqueur,50mL,1,1
11336,Herzog Kosher Chenin Blanc,750mL,2,1
26063,Columbia Crest Red Grand Est,750mL,2,1
5525,Fernet-Branca Italian Liquer,750mL,1,1
24048,Ozeki Dry Sake,750mL,2,1
4197,Sailor Jerry Spiced Rum Trav,750mL,1,1
25376,Artesa Rsv Pnt Nr,750mL,2,1
20513,Petit Caillou St Julien,750mL,2,1
23384,Dom Fouassier Sancerre 13,750mL,2,1
24712,Ennuk Red Terra Alta,750mL,2,1
21841,Gerard Bertrand 13 Gris Blan,750mL,2,1
2136,Elijah Craig 12 Yr Bourbon,750mL,1,1
3464,UV Blue Raspberry Vodka,1.75L,1,1
9129,Peychaud's Bitters,5.0 Oz,1,1
2800,Laphroaig 15 Yr Single Malt,750mL,1,1
16199,Rickshaw Pnt Nr,750mL,2,1
25445,Maynard's 10 Yr Tawny Port,750mL,2,1
14207,Three Saints Steak House Red,750mL,2,1
18452,Ninety+Cellars Lot 71 Malbec,750mL,2,1
10457,Redtree Pnt Grigio Cal,750mL,2,1
27437,Mommessin Bjls Nouveau,750mL,2,1
2159,Connemara Irish Whiskey,750mL,1,1
14184,Ch M Vert Lussac St Emilion,750mL,2,1
46816,Alexander Vly Vyds Gewurz,750mL,2,1
8442,1800 Silver Tequila,375mL,1,1
3487,Stolichnaya Blueberi,750mL,1,1
14061,Shafer One Pnt Five Cab Svgn,750mL,2,1
42402,Grayson Cellars Merlot Paso,750mL,2,1
20467,Pali Wine Co Chard Durell Vy,750mL,2,1
2823,The Macallan MOP,375mL,1,1
26750,Baron de Seillac Brut Rose,750mL,2,1
21131,Fire Brix Cab Svgn,750mL,2,1
41546,Monkey Bay Svgn Bl,750mL,2,1
6258,Livingston Chablis Blush Ca,3L,2,1
4343,Cruzan Blueberry Lemonade,750mL,1,1
28147,Kris Pnt Grigio Alto Adige,750mL,2,1
20985,Tarantas Tempranillo,750mL,2,1
25568,Shooting Star 12 Barbera Cnt,750mL,2,1
38303,Dry Creek Heritage Cln Znfdl,750mL,2,1
19657,Manifesto! Cab Svgn,750mL,2,1
26896,19 Crimes Warden Red,750mL,2,1
27483,Lanson Rose Label Brut,750mL,2,1
4320,D'Usse VSOP Cognac,750mL,1,1
8273,El Mayor Reposado Tequila,750mL,1,1
3656,Stolichnaya Vanil,1.75L,1,1
27460,Ecco Domani Merlot Venezie,750mL,2,1
17101,Trimbach Gewurztraminer,750mL,2,1
25591,Sauska Aszu Essencia,375mL,2,1
26255,Pofyros-Spiropooulos,750mL,2,1
26919,Jimenez Landi Bajondillo Men,750mL,2,1
38180,Rex Goliath Merlot,750mL,2,1
6876,Sutter Home Clsc Chard,187mL 4 Pk,2,1
27111,Masi Amarone Costasera Valp,750mL,2,1
39013,JJ Prum Bernkasteler Bads 11,750mL,2,1
16955,Mapuche Svgn Blanc,750mL,2,1
6212,Taylor Red Port,750mL,2,1
4884,Bayou Silver Rum,750mL,1,1
18947,Austin Hope 10 Grenache,750mL,2,1
26278,Freixenet Cordon Negro,187mL 3 Pk,2,1
16786,Attrezzi 10 Moscato d'Asti,750mL,2,1
27775,Jadot Fixin 14,750mL,2,1
18801,Bolla Prosecco Extra Dry,750mL,2,1
5694,Ice Box Mudslide,1.75L,1,1
6358,Dom Ste Michelle Brut Cuvee,750mL,2,1
39654,Sutter Home Pnt Grigio Cal,1.5L,2,1
17596,Pink Flamingo Rose,750mL,2,1
17473,Loukatos Retsina,Liter,2,1
16809,Flip Flop Chard,1.5L,2,1
18137,Gallo Twin Vly Red Moscato,1.5L,2,1
27506,The Conductor Red,750mL,2,1
1595,Gentleman Jack,375mL,1,1
3172,Skyy Infusions Blood Orange,750mL,1,1
18575,Sartori Amarone,750mL,2,1
27065,David Bruce Pnt Nr Sonoma,750mL,2,1
46298,Intorcia Marsala Sweet,Liter,2,1
2923,Balvenie 12 Yr Single Barrel,750mL,1,1
13251,Apaltagua Envero Gran Rsv,750mL,2,1
23484,Ranch 32 Chard,750mL,2,1
25737,Mas De Daumas Gassac 15 Rose,750mL,2,1
10357,Gnarly Head Chard Cal,750mL,2,1
3859,Smirnoff 80 Proof,375mL,1,1
46985,Rodney Strong Cab Svgn Alexa,750mL,2,1
10062,Terroirs du Rhone,750mL,2,1
2531,WhistlePig 10 Yr Old Rye,750mL,1,1
16560,Badenhorst Secateurs Chen Bl,750mL,2,1
2236,Cedar Ridge Rye Whiskey,750mL,1,1
19511,DeMorgenzon DMZ Cab Rose,750mL,2,1
45860,Canella Prosecco,187mL,2,1
19216,Chronic Cellars Sofa King,750mL,2,1
26378,Orin Swift Fragile Rose VDP,750mL,2,1
6066,Sauza Sparkling Margarita,750mL,1,1
26673,Honoro Vera Jumilla Rose,750mL,2,1
6527,Gallo Wh Znfdl Cal,187mL 4 Pk,2,1
24612,Estancia Pnt Nr Monterey,750mL,2,1
8296,Knob Creek Smoked Maple,750mL,1,1
25691,Tineta Avante 10 Tinto Fino,750mL,2,1
21526,Listel Grain de Gris Rose,750mL,2,1
4297,Ronrico Silver Traveler,750mL,1,1
21277,Nicholson Ranch Chard Son Ct,750mL,2,1
21031,Shannon Ridge Chard HE Lake,750mL,2,1
42671,Dynamite Mendocino Chard,750mL,2,1
25940,Wine Cube Chard,3L,2,1
17281,Ch Magrez Fombrauge 09,750mL,2,1
19949,Warre's Quinta Cavadinha,750mL,2,1
3218,Firefly Sweet Tea Vodka,750mL,1,1
37842,Dona Paula Malbec Mendoza,750mL,2,1
24858,Ch Plaisance Cuvee Alix Roug,750mL,2,1
24363,Mommessin Les Gr Mises Amour,750mL,2,1
2969,Laphroaig 32 Yr Old Scotch,750mL,1,1
23530,Santa Maria Alla Pieve Ripas,750mL,2,1
3610,Smirnoff Cranberry Vodka,750mL,1,1
35578,Alamos Ridge Cab Svgn Mendza,750mL,2,1
3364,Absolut Ruby Red,1.75L,1,1
5233,Cointreau Liqueur,375mL,1,1
8688,Paul Masson Chablis,3L,2,1
15266,The Naked Grape Chard,750mL,2,1
3905,Deep Eddy Vodka,1.75L,1,1
25545,Miolo  Lote 43,750mL,2,1
26627,Maz Caz Blanc,750mL,2,1
4692,Ron Barcelo Anejo Rum,750mL,1,1
21672,Peachy Canyon Westside Znfdl,750mL,2,1
36660,Campus Oaks Old Vines Znfdl,750mL,2,1
20885,Rentas De Fincas Rioja,750mL,2,1
25004,Tenuta Sette Cieli Yantra,750mL,2,1
19262,Eden Orleans Bitter,750mL,2,1
41984,Ridge Ponzo Vyds Znfdl,750mL,2,1
13497,Mohua Svgn Bl Marlboro,750mL,2,1
21323,Rosatello Sweet Moscato,750mL,2,1
175,1800 Anejo Tequila,750mL,1,1
10254,Beringer Classic Chard,750mL,2,1
2339,Alberta Rye Dark Batch,750mL,1,1
24566,Head to Head Red Toscana,750mL,2,1
4005,Flor De Cana Centenial 12 Yr,750mL,1,1
43799,Trivento Golden RSV Malbec,750mL,2,1
25153,Veuve du Vernay Sparkling Ro,187mL,2,1
25253,Ch du Levant Sauternes,375mL,2,1
14433,F Coppola Rosso Bianco Chard,750mL,2,1
31456,Foxhorn SE Merlot Australia,1.5L,2,1
10603,Parducci Petite Sirah,750mL,2,1
23925,Cote Mas Blanc Mediterrane,Liter,2,1
45565,F Coppola Diamond Malbec,750mL,2,1
1111,Penn Dutch Egg Nog,750mL,1,1
2777,Woodford Rsv Federal Cigar,Liter,1,1
23587,The Cottage Svgn Blanc,750mL,2,1
20095,Ch Monestier La Tour Blanc,750mL,2,1
25794,Girasole Hybrid Red,750mL,2,1
324,Rothman & Winter Apricot,750mL,1,1
12269,Snap Dragon Chard,750mL,2,1
44340,Irony Pnt Nr Monterey,750mL,2,1
12123,Barefoot Cellars Rsl,750mL,2,1
2631,Scapa 16 Yr Old Single Malt,750mL,1,1
1798,Talisker Distillers Edition,750mL,1,1
21864,Dom Carneros Brut,750mL,2,1
22697,Girard Old Vine Znfdl,750mL,2,1
21615,Moonstone Coc Lemongras Sake,300mL,2,1
31356,Justin Isosceles Paso Roble,750mL,2,1
23192,Martinelli Bondi Home Pnt Nr,750mL,2,1
24274,Armand Kabinett Rsl,750mL,2,1
22943,D'Armailhac Pauillac 05,1.5L,2,1
31502,Barefoot Znfdl Cal,750mL,2,1
10895,Schmitt Sohne Relax Mosel,1.5L,2,1
21469,St Supery Cab Svgn,750mL,2,1
22010,LiDestri Red Sangria,1.5L,2,1
23338,Ch Talbot St Julien 11 GC,750mL,2,1
12518,Raimat Vina 24 Albarino Whte,750mL,2,1
23633,Chateau Simon Bordeaux Blanc,750mL,2,1
75,Three Olives Tomato Vodka,750mL,1,1
862,Jacques Bonet Brandy,Liter,1,1
1698,Knob Creek 2001 Bourbon,750mL,1,1
13059,P Michael La Carriere Chard,750mL,2,1
3925,Don Julio Reposado Tequila,750mL,1,1
7340,Viniq Shimmery Liqueur,750mL,1,1
16494,Tenuta di Arceno Chianti Cls,750mL,2,1
12415,Callia Alta Pnt Grigio,750mL,2,1
19577,Forma de Art Red,750mL,2,1
344,Punt e Mes Sweet Vermouth,750mL,1,1
842,Bols Apricot Flavored Brand,Liter,1,1
20075,Rampolla Sammarco Toscna IGT,750mL,2,1
20739,Paydirt Red Paso Robles,750mL,2,1
3759,Absolut Elyx,Liter,1,1
25814,Ch Albajan Picpoul 15,750mL,2,1
25150,McNab Ridge Cab Svgn,750mL,2,1
34825,J Vineyards Pnt Gris,750mL,2,1
865,Montezuma Tequila White,Liter,1,1
25007,St Supery Elu Meritage Red,750mL,2,1
201,Nassua Royale Liqueur,Liter,1,1
20218,Chocolate Cuvee,750mL,2,1
10400,Rodney Strong Symmetry,750mL,2,1
18011,Bella Bolla Moscato,750mL,2,1
1695,Phillips Union Vanilla Whsky,750mL,1,1
27214,Poggio Antico 14 Rosso Monta,750mL,2,1
27878,Poderi Le Ripi Amore e Magia,750mL,2,1
36511,Yalumba Y Series Viognier,750mL,2,1
12203,Cavit Prosecco Lunetta,187mL 3 Pk,2,1
8124,Mouton Cadet White Brdx,750mL,2,1
37765,Castello Montauto Vernaccia,750mL,2,1
5133,E&J Apple Brandy,750mL,1,1
1887,House of Stuart Scotch,Liter,1,1
18203,Ninety Cellars Lot 75 Pnt Nr,750mL,2,1
27022,Barra Petite Sirah,750mL,2,1
21449,Chateau d'Issan Margaux,750mL,2,1
3782,Grey Goose Le Citron Vodka,750mL,1,1
38406,Simi Landslide Cab Svgn Alex,750mL,2,1
23799,Casa Silva Svgn Gris,750mL,2,1
3733,Patron Silver Tequila,1.75L,1,1
18844,Alberto Furque Malbec Mendoz,750mL,2,1
26381,Orin Swift Mannequin Chard,750mL,2,1
8837,Santa Rita 120 Cab Svgn,750mL,2,1
8173,Amarula Cream Liqueur,750mL,1,1
16829,C Y Toro Gran Reserva Cab Sv,750mL,2,1
15827,Frisk Prickly Rsl,750mL,2,1
42797,Ricardo Santos Malbec Mendza,750mL,2,1
17493,Cercius CdR Vielles V Rouge,750mL,2,1
3092,Stolichnaya 100* Vodka,750mL,1,1
19906,The Pessimist Cab Svgn,750mL,2,1
6650,Simi Chard,750mL,2,1
15263,Bella Sera Moscato,1.5L,2,1
5107,St Remy XO Napoleon Brandy,750mL,1,1
18134,Joel Gott Alakai Red,750mL,2,1
23968,Santa Julia Malbec,750mL,2,1
19265,Tom Eddy Mt Veeder Cab S Rsv,750mL,2,1
39282,Concannon Petite Sirah Cntrl,750mL,2,1
6109,Plymouth Sloe Gin,750mL,1,1
15976,Hillinger Secco Sparkling,750mL,2,1
17470,Zacharias Ambelos Phos White,750mL,2,1
40782,Krug Rose Champagne,750mL,2,1
5299,Southern Comfort,1.75L,1,2
14622,La Marca Prosecco,750mL,2,1
3802,Three Olives Vodka,1.75L,1,1
39923,Sterling Vintner Clt Svgn Bl,750mL,2,1
29352,Elk Cove Pnt Gris Ore,750mL,2,1
40513,Kim Crawford Pnt Nr,750mL,2,1
16537,Root 1 Pnt Nr,750mL,2,1
2720,Canadian Regal Apple,1.75L,1,1
3384,Absolut Peppar Vodka,Liter,1,1
6481,Korbel Natural,750mL,2,1
5399,Goldschlager Cinnamon Schna,50mL,1,1
37785,Lindemans Bin 40 Merlot,1.5L,2,1
17350,Moonlight Meadery Sensual,375mL,2,1
25883,Honig Cab Svgn Napa,750mL,2,1
5817,GranGala Triple Orange,1.75L,1,1
5276,DeKuyper Triple Sec,Liter,1,1
29129,Sutter Home Wh Merlot Cal,1.5L,2,1
26006,Clos De L'Obac 05 Priorat,750mL,2,1
8522,Dekuyper Peachtree Scnapps,50mL,1,1
2757,Johnnie Walker Red Label,1.75L,1,1
2508,Crown Royal No Harvest Rye,50mL,1,1
11164,Ame Neyers Cab Svgn Napa,750mL,2,1
17911,Blackstone Winemakers Malbec,750mL,2,1
23899,Vino Rose,750mL,2,1
2259,Redemption Rye Whiskey,750mL,1,1
26816,Louis Latour 12 Beaune Vigne,750mL,2,1
4025,Bacardi Oakheart Spiced Rum,50mL,1,1
1867,Jack Daniels Tennessee Honey,50mL,1,1
25714,Grgich Hills Cab Svgn Napa,750mL,2,1
21884,St Julien Rose CDR,750mL,2,1
742,DeKuyper Spearmint Schnapps,Liter,1,1
41864,Elvio Tintero Moscato D'Asti,750mL,2,1
24005,Wild Thing Chard,750mL,2,1
3882,Smirnoff Strawberry Vodka,750mL,1,1
32604,Kendall Jackson Vt RSV Syrah,750mL,2,1
25522,Sutter Home Clsc Cab Svgn,187mL 4 Pk,2,1
13620,Columbia Winery Cab Svgn,750mL,2,1
42256,Duboeuf Bjls Rd,187mL 4 Pk,2,1
636,Bols Pomegranate Liqueur,Liter,1,1
19285,The Curator Red,750mL,2,1
1383,Smirnoff Red White & Berry,750mL,1,1
26355,Bleu de Mer Rose,750mL,2,1
25273,Kir-Yianni Paranga VdP Maced,750mL,2,1
12538,Ch La Croix du Duc Brdx,750mL,2,1
23258,David Bruce Pnt Nr Anderson,750mL,2,1
25963,Macrostie Carneros Chard,750mL,2,1
45980,Cheval des Andes Mendoza,750mL,2,1
4274,Dictador 12 Yr Rum,750mL,1,1
21008,Cenyth Sonoma Red,750mL,2,1
19926,Santa Rita RSV Svgn Bl,750mL,2,1
6942,Southern Comfort Cherry,750mL,2,2
8565,Skinnygirl Sprklng Margarita,750mL,1,1
24881,Monjardin El Cerezo Chard,750mL,2,1
44712,Sonoma-Cutrer Chard Sonoma,750mL,2,1
5505,Pallini Limoncello Liqueur,750mL,1,1
27145,Schmitt Sohne QbA,750mL,2,1
12495,Cupcake Malbec,750mL,2,1
16325,Smoking Loon Red Loonatic,750mL,2,1
20659,The Culprit Red,750mL,2,1
24981,Opici Homemade Barberone Red,3L,2,1
14410,Liberty Crk Vyd Pnt Grigio,1.5L,2,1
20410,Beringer Luminus Chard,750mL,2,1
23066,Toad Hollow Risque Sparkling,750mL,2,1
18744,Ca'Momi Chard Napa Vly,750mL,2,1
22823,Fincas de Ganuza 03 Rsva,750mL,2,1
46378,Gallo Twin Vly Pnt Nr,750mL,2,1
23464,Kendall Jackson Pnt Gris VR,750mL,2,1
22966,Adelsheim Auxerrois Ribbon S,750mL,2,1
25130,Stratus Cab Franc VQA,750mL,2,1
22923,Patricius Tokaj Harslevelu,750mL,2,1
2949,Lock Stock & Barrel Rye,750mL,1,1
21300,Clos LaChance Meritage,750mL,2,1
24589,Navardia Rioja Organic,750mL,2,1
12146,A by Acacia Red Cal,750mL,2,1
20759,B & G Bistro Girls Night Out,750mL,2,1
43673,Blackstone Montry Pnt Grigio,750mL,2,1
45837,R Stemmler Nugent Pnt Nr,750mL,2,1
19036,Nicholson Ranch Est Chard,750mL,2,1
35266,Vieux Telegraphe Pigeoulet,750mL,2,1
43922,Farnum Hill Farmhouse Cider,750mL,2,1
885,Arrow Apricot Brandy,750mL,1,1
2216,Seagrams Extra Dry Gin,Liter,1,1
24197,Route 128 Est Viognier Yrkvl,750mL,2,1
22282,Sycamore Lane Pnt Nr,1.5L,2,1
4131,Sea Hagg Blueberry Rum,750mL,1,1
10623,Querceto La Corte Toscana,750mL,2,1
20118,Love Oregon Rsl,750mL,2,1
3298,Bully Boy Boston Rum,750mL,1,1
44755,Bollinger Brut Grande Annee,750mL,2,1
23364,Elderton E Series Shiraz/Cab,750mL,2,1
36199,Four Vines Naked Chard,750mL,2,1
2116,Sapling Maple Bourbon,750mL,1,1
11854,Trivento Amado Sur Malbec,750mL,2,1
43232,Fat Bastard Cab Svgn,750mL,2,1
24297,Motto Cab Svgn Backbone,750mL,2,1
23215,Carmel Road The Barrymore PG,750mL,2,1
1034,Mr Boston Holiday Nog,750mL,1,1
1575,Tarantula & Margarita Mix,750mL,1,1
21592,Veuve du Vernay Brut Rose,750mL,2,1
11313,Taylor New York Marsala,750mL,2,1
23756,Ch La Mission 12 Haut Brion,750mL,2,1
3344,Bombay Sapphire Gin,750mL,1,1
35976,Zeller Schwarze Rsl Valcknbg,750mL,2,1
29810,Fess Parker Chard,750mL,2,1
4340,Cruzan Black Strap Rum,750mL,1,1
23905,King Rabbit Malbec Pay D'Oc,750mL,2,1
13494,Altocedro Malbec Reserva,750mL,2,1
15747,BV Coastal Estate Red,750mL,2,1
25565,Black Box Pnt Nr,500mL,2,1
19660,Red Sox Club Series Cab Svgn,750mL,2,1
427,Van Gogh Chocolate Liqueur,750mL,1,1
17407,Ch La Mission 09 HB Pessac,750mL,2,1
15415,In the Saddle Cab Svgn,750mL,2,1
4363,Capt Morgan Black Spiced Rum,1.75L,1,1
8562,DeKuyper Peachtree Trav,1.75L,1,1
6570,Kendall Jackson Chard Vt RSV,750mL,2,1
5359,Distroya Spiced Liqueur,750mL,1,1
15392,Cupcake Riesling,750mL,2,1
22671,Round Hill Chard,1.5L,2,1
21343,Montecillo Rioja Crianza,750mL,2,1
6378,Walnut Crest Merlot Rapel,1.5L,2,1
18449,R Mondavi Heritage Red,750mL,2,1
2465,Crown Royal Mini,50mL,1,1
22362,Barefoot Bubbly Peach Fusion,750mL,2,1
11456,Burgess Cab Svgn Napa,750mL,2,1
5382,Ice 101 Peppermint Schnapps,750mL,1,1
21698,Terra de Touros Red,750mL,2,1
2133,Parkers Heritage 24Yr Bourbn,750mL,1,1
6547,Walnut Crest Cab Svgn Rapel,1.5L,2,1
43092,Oberon Cab Svgn Napa,750mL,2,1
40175,M & R Asti 4 Pak,187mL 4 Pk,2,1
22863,Vino Dious Gruner Veltlnr 13,750mL,2,1
10792,Perrier Jouet Fleur Rose,750mL,2,1
21366,Tamaya Svgn Bl,750mL,2,1
6524,Rosemount Diamond Shiraz,750mL,2,1
450,Vincent Van Gogh Double Esp,750mL,1,1
23172,Castello Banfi Brun Montalcn,375mL,2,1
23381,Pacifica Cab Svgn/Merlot 11,750mL,2,1
22840,Banfi Poggio All'Oro Br Mont,750mL,2,1
22385,Lake Chalice Cracklin Savie,750mL,2,1
12475,Ch Beauchene Prm Terroir CDR,750mL,2,1
2110,Barr an Uisce Irish Whiskey,750mL,1,1
1114,DiSaronno Etro Icon VAP,750mL,1,1
38701,Artadi Vinas de Gain Rioja,750mL,2,1
13663,Duckhorn Decoy Znfdl Napa Vl,750mL,2,1
258,Ciroc Coconut Vodka,Liter,1,1
28983,Edmeades Mendocino Znfdl,750mL,2,1
14250,Ruta 22 Malbec,750mL,2,1
16242,Domino Pnt Grigio,750mL,2,1
21157,Huber Hugo Gruner Veltliner,750mL,2,1
8084,Plymouth Navy Strength Gin,750mL,1,1
10337,Poema Cava X-Dry Penedes,750mL,2,1
27062,A Bichot Chablis 14 Les Vauc,750mL,2,1
28313,Gallo Copperidge Merlot Cal,750mL,2,1
23404,Secoli 14 Pnt Grigio Venezia,750mL,2,1
2843,Calumet Farm Bourbon VAP,750mL,1,1
5837,Leroux Cherry Brandy,750mL,1,1
25070,Jadot Savigny les Beaune 13,750mL,2,1
16912,Ch Julien Royalty Red,750mL,2,1
2156,(RI) 1,750mL,1,1
19806,Exem Brdx,750mL,2,1
8107,Wild Turkey 101,1.75L,1,1
25419,Kunde Chard Sonoma Valley,750mL,2,1
945,Vincent Van Gogh Pineapple,750mL,1,1
26298,Mont Gravet Rose,750mL,2,1
25757,Stonehedge Meritage 13 Napa,750mL,2,1
27626,LaBelle Winery Holiday 3 Pak,750mL 3 Pk,2,1
4881,Bacardi Twin Pack 2/750mls,750mL 2 Pk,1,1
8130,Bacardi Superior Rum,50mL,1,1
18950,Schug Pnt Nr Carneros,750mL,2,1
36262,Newton Chard Napa/Sonoma,750mL,2,1
3630,Stolichnaya Razberi,1.75L,1,1
2302,St George Botanivore Gin,750mL,1,1
21111,Light Horse Chard,750mL,2,1
23032,Zenato Cresasso,750mL,2,1
10122,Columbia Crest Walter Clore,750mL,2,1
3799,La Pinta Pomegranate Liqueur,750mL,1,1
4194,Calico Jack Coconut Rum,1.75L,1,1
3776,Jose Cuervo Especial Silver,1.75L,1,1
4317,Pyrat XO Reserve Rum,750mL,1,1
25588,High Valley Znfdl,750mL,2,1
19637,Vincent Girardin Bour Bl 11,750mL,2,1
4858,Kraken Black Spiced Rum,50mL,1,1
20178,Robert Sinskey Pnt Bl,375mL,2,1
20424,Viberti Barolo Rsv 06 Volta,750mL,2,1
34393,Valckenberg Gewurz Pfalz,750mL,2,1
22903,Banfi Sangiovese CollePino,750mL,2,1
43547,Carlo Rossi RSV Wh Znfdl Cal,1.5L,2,1
23235,Mud House Svgn Bl,750mL,2,1
6919,Paul Masson Rose,1.5L,2,1
39219,Masi Masianco Pnt Grg/Verd,750mL,2,1
26235,Margaret's Chard,750mL,2,1
27563,Croft Clsc Vintage Porto 11,750mL,2,1
2093,Hardy Noces d'Argent,750mL,1,1
33706,Canaletto Mntplcno Abruzzo,750mL,2,1
25216,Castello D'Alba Vinho Tinta,750mL,2,1
22345,Rioja Bordon Gran Rsva Tempr,750mL,2,1
41532,Yellow Tail Shiraz/Grenache,1.5L,2,1
13062,P Michael Apres Midi Svgn Bl,750mL,2,1
26839,Bon Affair Svgn Bl Spritzer,750mL,2,1
23341,Les Fiefs de Lagrange 11 Jul,750mL,2,1
4904,Bayou Spiced Rum,750mL,1,1
25548,Miolo Chardonnay,750mL,2,1
27171,Gagliole 13 Rubiolo Chianti,750mL,2,1
5296,Southern Comfort 100 Proof,1.75L,1,2
46166,Barefoot Wh Znfdl Cal,187mL 4 Pk,2,1
4300,BenRiach Barrel 94,750mL,1,1
18363,Sutter Home Rsl,187mL 4 Pk,2,1
1051,Woodford Reserve MC 1838,750mL,1,1
21280,Rodney Strong Bros Ridge Cab,750mL,2,1
16202,Simple Life Chard,750mL,2,1
5983,Flag Hill Spiced Rum,750mL,1,1
1987,White Mountain Moonshine,375mL,1,1
16889,The Seeker Malbec,750mL,2,1
905,DeKuyper Grape Pucker,Liter,1,1
659,Rhum Barbancourt Estate RSV,750mL,1,1
573,Bols Sour Apple Schnapps,Liter,1,1
23295,Ch Giscours Margaux 11 Gr Cr,750mL,2,1
13557,Merry Edwards Flax Vyd Pnt N,750mL,2,1
12561,Hahn SLH Pinot Noir,750mL,2,1
364,Ciroc Peach Vodka,200mL,1,1
1655,WhistlePig 15 Yr Old Rye,750mL,1,1
10938,Grahams 40-Yr Tawny Port,750mL,2,1
18967,Sprinkle Red Blend,750mL,2,1
17885,Dom de Durban Gigondas,750mL,2,1
8339,The Glenlivet 12 Yr Single,750mL,1,1
513,Ocean Vodka,750mL,1,1
38137,Lange RSV Willamette Pnt Nr,750mL,2,1
11333,Herzog Kosher Cab Svgn,750mL,2,1
4254,Remy Martin 1738 Accord Royl,375mL,1,1
25651,Long Barn Pnt Nr,750mL,2,1
13603,Folonari Pnt Nr Venezie,3L,2,1
45276,Smoking Loon Znfdl Cal,750mL,2,1
24964,Ch Jean de Gue Lalande de Po,750mL,2,1
17931,Gerard Bertrand Merlot Rsv,750mL,2,1
26089,Pietro Rinaldi di Como Dolce,750mL,2,1
46942,Atalon Cab Svgn Napa,750mL,2,1
7111,Jameson's Cooper Croze Irish,750mL,1,1
21761,Ch Riotor Rose Cotes de Prov,750mL,2,1
19597,Ch Coutet Sauternes-Barsc 10,750mL,2,1
24423,Odette Est Cab Svgn,750mL,2,1
13454,Eden Heirloom Blnd Ice Cider,375mL,2,1
5877,Ryans Irish Cream,50mL,1,1
41927,Ch Lamothe de Haux Brdx Wh,750mL,2,1
3716,Don Eduardo Anejo Tequila,750mL,1,1
18618,Picket Fence Pnt Nr RRV,750mL,2,1
42422,Firesteed Pnt Nr Ore,750mL,2,1
19946,Dolin Sweet White Vermouth,750mL,2,1
19700,Heinrich Vollmer Riesling,750mL,2,1
9126,Caffo Grappa Italiana,750mL,2,1
25356,Bench Pnt Nr,750mL,2,1
15618,Beringer Classic Red Moscato,1.5L,2,1
2780,Bulleit 10 Yr Old Bourbon,750mL,1,1
5731,Malibu Passion Fruit Rum,750mL,1,1
3321,Rosita Tequila Gold,Liter,1,1
2239,Rebel Yell American Whisky,750mL,1,1
25502,Bouchaine Pnt Nr W Lindsay V,750mL,2,1
33076,Forest Glen Merlot Cal,1.5L,2,1
8190,Gran Centenario Rosangel,750mL,1,1
20092,Dos Minas Torrontes,750mL,2,1
14682,CC Ranch Cab Svgn CC Ranch,750mL,2,1
16328,Black Box Chard,500mL,2,1
8170,Courvoisier VS Cognac,50mL,1,1
24486,Farmstead Long Meadow Chard,750mL,2,1
5253,Kahlua Original Mudslide RTD,1.75L,1,1
44217,Ruffino Il Ducale Toscana Rd,750mL,2,1
16826,Simply Naked Unoaked Svgn Bl,750mL,2,1
36059,Ch Clinet 10 Brdx,750mL,2,1
510,Barton Vodka,1.75L,1,1
4257,Bacardi Grapefruit Rum,50mL,1,1
12913,J Drouhin Vosne Romanee 13,750mL,2,1
27901,Franzia Chard,1.5L,2,1
15332,Whitehaven Svgn Bl,750mL,2,1
25482,J. Ordonez Victoria Moscatel,375mL,2,1
34138,Fat Bastard Shiraz,750mL,2,1
44715,Drouhin St Veran,750mL,2,1
23988,Rio Madre 2014 Rose Rioja,750mL,2,1
17324,Acrobat King Est Rose Pnt Nr,750mL,2,1
4234,Bacardi Pineapple Fusion,750mL,1,1
3736,Smirnoff Cherry Vodka,750mL,1,1
20550,Fifty Shades Of Grey Red Sat,750mL,2,1
8691,Jose Cuervo Especial,750mL,1,1
3238,Hendrick's Gin,750mL,1,1
4732,Remy Martin VSOP Cognac,1.75L,1,1
17347,Ridge Lytton Petite Sirah,750mL,2,1
19554,Insomnia Cab Svgn,750mL,2,1
533,Berkshire Mtn Ragged Mtn Rum,750mL,1,1
25505,B Doon Not Drinking Any Merl,750mL,2,1
26003,Notorious Pink Grenache Rose,750mL,2,1
2740,GlenDronach 15 Yr Scotch,750mL,1,1
11396,Buried Cane Cab Svgn,750mL,2,1
26501,Rodney Strong Knotty Vn Znfl,750mL,2,1
1031,Avion Tasting Flight 3/375mL,375mL 3 Pk,1,1
2242,Cles des Ducs Armagnac VSOP,750mL,1,1
2027,Mayfair London Dry Gin,750mL,1,1
13792,The Wolftrap Syrah Vio Mourv,750mL,2,1
18535,Candia Vyds Ice Storm,375mL,2,1
19531,Claude Riffault Les Boucauds,750mL,2,1
36843,Frey Cab Svgn Organic Mendcn,750mL,2,1
10706,Brownstone Merlot Cal,750mL,2,1
22448,Jam Cab Svgn,750mL,2,1
27191,Trefethen Rsv Cab Svgn,750mL,2,1
2050,Tomatin 18 Yr Single Malt,750mL,1,1
6461,Blood Orange Liqueur,750mL,1,1
14121,Antica Chard Napa Valley,750mL,2,1
25694,Cornerstone Pnt Gris 13 Napa,750mL,2,1
21781,TerraMare Rosso,1.5L,2,1
2219,Crown Royal Vanilla,50mL,1,1
20762,Lamole Chianti Clsco Racolto,750mL,2,1
14811,Primaterra Pnt Nr,750mL,2,1
44025,Churchills 20 Yr Tawny Port,500mL,2,1
26713,Victor Hugo Les Mis Rose,750mL,2,1
27168,Finca Villacreces Pruno Ribe,750mL,2,1
14078,Bota Box Malbec,3L,2,1
10420,Barefoot Moscato Cal,750mL,2,1
16657,Dom Bousquet Chardonnay,750mL,2,1
24655,Ch de Ruth CdR White,750mL,2,1
3928,Barcraft Watermelon Fresca V,750mL,1,1
18578,O'Shaugnessey Cab Svgn Howel,750mL,2,1
16806,Apothic Winemakers White,750mL,2,1
3779,Three Olives Cherry Vodka,750mL,1,1
5445,Jagermeister Liqueur,750mL,1,1
23255,Balletto Vyds Pnt Gris,750mL,2,1
23796,Mayu Pedro Ximenez,750mL,2,1
22757,Black Opal Cshmre Cab/Merlot,750mL,2,1
5273,Southern Comfort 100 Proof,375mL,1,2
25462,Buehler Estate Cab Svgn Napa,750mL,2,1
14101,Douglass Hill Cab Svgn,750mL,2,1
23275,Black Ink Red Wine,750mL,2,1
2717,Big Peat Scotch,750mL,1,2
25196,La Pommeraie de Brown Pessac,750mL,2,1
17865,Ch St Jean Pnt Nr,750mL,2,1
11373,Cooks Grand Reserve,750mL,2,1
24529,Joseph Drouhin Mersault,750mL,2,1
26693,Dom Billaud Simon Chablis 14,750mL,2,1
26521,Astraly Touraine Nobel Rose,750mL,2,1
27360,Cappezzana Trefiano Carmigno,750mL,2,1
41990,Heitz Cab Svgn Napa,750mL,2,1
18014,Argyle Brut,750mL,2,1
9358,KAH Reposado Tequila,750mL,1,1
702,Skyy Vodka,Liter,1,1
23965,Dom le Clos des Lumieres CdR,750mL,2,1
13145,F Coppola Directors Cab Svgn,750mL,2,1
21260,Benvolio Toscana Rosso,750mL,2,1
1243,Pinnacle Pumpkin Pie,750mL,1,1
39285,Dow LBV Port,750mL,2,1
26670,Gerard Bertrand Kosmos Rouge,750mL,2,1
15850,Sextant Znfdl,750mL,2,1
46381,Ghost Pines Merlot L Martini,750mL,2,1
1180,Evan Williams Black Label B,1.75L,1,1
3089,Evan Williams Honey Reserve,750mL,1,1
42053,Paraduxx Red Duckhorn Napa,750mL,2,1
11745,Colores del Sol Malbec Rsv,750mL,2,1
19488,Ram Island Mead Iced Tea,500mL,2,1
22820,Rozes Vintage 2000 Old Port,750mL,2,1
5508,Signatory Highland Park 99,750mL,1,1
23212,The Dreaming Tree Pnt Nr CA,750mL,2,1
6398,BV Coastal Estate Cab Svgn,750mL,2,1
27042,Luna di Luna Chard/Pnt Grigo,750mL,2,1
16179,Perrier Jouet Blason Rose,750mL,2,1
8021,Glenfiddich Special Rsv 12,750mL,1,1
3693,Smirnoff Ruby Red Grapefruit,750mL,1,1
18386,Sequin Delicately Rose,750mL,2,1
15054,C K Mondavi Moscato,1.5L,2,1
4191,Ypioca Cachaca Crystal Rum,Liter,1,1
1074,Brothership Whiskey,750mL,1,1
18884,Hess Treo Winemaker's Blend,750mL,2,1
11353,Latour Meursault AC Blanc,750mL,2,1
24337,Gran Passione Rosso IGT,750mL,2,1
20507,Ch la Pointe Pomerol,750mL,2,1
10228,Pinecroft Cab Svgn Cal,750mL,2,1
2568,Lagavulin 8Yr 200th Ltd Edtn,750mL,1,1
33683,R Mondavi Privt Slct Chard,1.5L,2,1
7715,Andre Extra Dry,750mL,2,1
11957,Souverain Cab Svgn N Cst,750mL,2,1
38011,Yellow Tail RSV Shiraz Ausl,750mL,2,1
20699,Fantini Monteplciano D'Abruz,750mL,2,1
17367,Riebeek Clrs Svgn Bl Swartld,750mL,2,1
44174,Dieberg Santa Maria V Pnt Nr,750mL,2,1
25027,KJ 12 Vintners Rsv Cab Svgn,3L,2,1
7629,Barenjager Honey & Bourbon,750mL,1,1
15289,Backhouse Pnt Grigio,750mL,2,1
3301,Triple Crown Blended Whiskey,750mL,1,1
882,DeKuyper Hot Damn Cinnamon,Liter,1,1
19617,Ch Suduiraut Sauternes 10,750mL,2,1
23945,Ch Haut Piquat 09,750mL,2,1
36992,Duck Pond Willamette Pnt Nr,750mL,2,1
35910,Mulderbosch Svgn Bl Stelnbch,750mL,2,1
46189,Napa Cellars Chard,750mL,2,1
19680,Ch Certan De May de Certan,750mL,2,1
2760,Jack Daniels Tennessee Honey,1.75L,1,1
6590,Almaden B/B Wh Znfdl Cal,5L,2,1
2262,Black Button Citrus Gin,750mL,1,1
17908,Rex Goliath Pink Moscato,750mL,2,1
15744,Sandeman 30 Yr Tawny Port,750mL,2,1
23902,Dom St Andrieu Rose CdP,750mL,2,1
596,Pendleton Canadian Whisky,750mL,1,1
26066,Bell'Agio Rosso Dolce,750mL,2,1
13082,Cakebread Chard Rsv,750mL,2,1
17410,Ch Angelus 09 St Emilion,750mL,2,1
19574,Il Fauno Di Arcanum Toscana,750mL,2,1
2654,Tanqueray Bloomsbury,Liter,1,1
5316,Amaretto DiSaronno,50mL,1,1
4818,Skyy Infusions Pacific Blueb,750mL,1,1
24294,La Gr Comtadine Vacqueyras C,750mL,2,1
2611,Dewar's 15 Yr Old Rsv,750mL,1,1
11310,Beaulieu Tapestry 05 Rsv,750mL,2,1
9103,Scorpion Silver,750mL,1,1
23753,Ch Grand Puy-Lacoste 12 Paul,750mL,2,1
4277,Bacardi Limon Rum,375mL,1,1
3152,Three Olives Jacked Apple,750mL,1,1
19966,Ch Alter Ego 10 Brdx,750mL,2,1
11808,Arabella Shiraz,750mL,2,1
2803,Bluecoat Gin,750mL,1,1
43919,Farnum Hill X-Dry StillCider,750mL,2,1
45840,White Oak Merlot Napa,750mL,2,1
22279,Cruz Garcia Real Sangria Rd,750mL,2,1
16869,Cupcake Chianti,750mL,2,1
14705,Rex Goliath Free Range Red,1.5L,2,1
23361,Boundary Breaks Rsl Rsv #198,750mL,2,1
46083,Dom de Reuilly Pierre Plates,750mL,2,1
6049,Fabrizia Crema di Limoncello,750mL,1,1
27689,Loyal Dog Winery Naked Apple,750mL,2,1
24592,Vendange Cab Svgn,1.5L,2,1
35412,Yellow Tail Chard Ausl,1.5L,2,1
18641,Yellow Tail Big Bold Red,1.5L,2,1
24051,Genbei San Demonslayer Sake,180mL,2,1
29461,Sandeman Character Sherry,750mL,2,1
23510,Plantaze Vranac Montenegro,750mL,2,1
25133,Vendange Chard,187mL 4 Pk,2,1
40822,Scharffenberger Brut Spklg,750mL,2,1
28920,Gallo Twin Valley Merlot Cal,750mL,2,1
26756,A Innocenti Nonni Cab Svgn,750mL,2,1
4767,El Jimador Reposado Tequila,1.75L,1,1
1186,Evan Williams Single Barrel,750mL,1,1
25992,Murphy-Goode Cab Svgn Cal,750mL,2,1
2514,Bird Dog Peach Whiskey,750mL,1,1
13921,Live-A-Little Wicked White,750mL,2,1
12593,Ravenswood Belloni Znfdl,750mL,2,1
27320,W Selyum Pnt Nr Sonoma Cst,750mL,2,1
23075,Madrigal Petite Sirah,750mL,2,1
15249,Colby Red,750mL,2,1
21083,Wild Ridge Pnt Nr Sonoma Cst,750mL,2,1
18830,Salvatore Principe Rose Mosc,750mL,2,1
18166,Lyrarakis Assyrtiko,750mL,2,1
5431,Pumpkin King Liqueur,375mL,1,1
3201,Plymouth Gin,750mL,1,1
45866,Jose Maria de Fonseca Periq,750mL,2,1
18853,Barefoot Cellars Pink Moscat,187mL 4 Pk,2,1
21060,Ayala Rose Majeur,750mL,2,1
5408,Bols Maraschino Liqueur,750mL,1,1
26679,Mazzel Castello Fonterutoli,375mL,2,1
28007,Priest Ranch Sauvignon Blanc,750mL,2,1
11219,Josh Cellars Cab Svgn Sonoma,750mL,2,1
39437,Columbia Crest Two Cab Svgn,750mL,2,1
12378,Pacific Rim Organic Riesling,750mL,2,1
16792,Gallo Signature Series Chard,750mL,2,1
23121,Steele Stymie Merlot Lake Cy,750mL,2,1
23785,Pink Pegau Rose,750mL,2,1
26702,Niner Wine Est Red Paso Robl,750mL,2,1
22457,L'Ecole No 41 Chard Columbia,750mL,2,1
24449,Santa Barbara Winery Chard,750mL,2,1
6782,Peter Vella Delicious Blush,5L,2,1
16151,Cavit Alta Luna Pnt Grigio,750mL,2,1
11196,Angelini Pnt Grigio Veneto,750mL,2,1
27512,Warre's Late Bottled Vintage,750mL,2,1
23762,Ch Margaux 12 Margaux,750mL,2,1
44369,Gallo Twin Vly Moscato,750mL,2,1
13065,P Michael L'Espirit Brdx,750mL,2,1
23098,DeLille Cellars Doyenne AIX,750mL,2,1
12401,Altos del Cuco Red,750mL,2,1
39414,Mirassou Svgn Bl Cal,750mL,2,1
26848,Speri Amarone Del Valpoicela,750mL,2,1
6264,Cooks Extra Dry,750mL,2,1
31070,Treana Red Calif,750mL,2,1
20250,Alma Negra Gran Almanegra,750mL,2,1
19663,Silver Palm 12 Chard No Cst,750mL,2,1
6828,Santa Rita RSV Cab Svgn,750mL,2,1
29427,Gekkeikan Sake Calif,18L,2,1
453,Hornitos Reposado Tequila,Liter,1,1
994,Absolut Apeach,Liter,1,1
31419,Sandeman Ruby Port,750mL,2,1
18976,Evolucio Fermint Tokaj,750mL,2,1
41575,Neyers Conn Vly Cab Svgn,750mL,2,1
43782,Newton Unfiltered Cab Svgn,750mL,2,1
8279,Nardini Tagliatella Liqueur,375mL,1,1
21601,Candoni Moscato,750mL,2,1
11150,Fish Eye Rsl,750mL,2,1
20204,Dibon Cava Brut Rsv,750mL,2,1
6974,Benziger Cab Svgn Sonoma,750mL,2,1
29696,J Lohr Arroyo Seco Chard,750mL,2,1
10463,Josef Weinberg Radiance Mosl,750mL,2,1
43513,Ch D'Yquem 05 Lur Saluces,750mL,2,1
44177,Three Saints Snt Maria Chard,750mL,2,1
19709,Soul Sister Pnt Nr,750mL,2,1
8448,Cruzan Aged Dark Rum,750mL,1,1
31465,Franzia Tap Chard,5L,2,1
42949,Kuentz Bas Alsace White,750mL,2,1
20891,Legend of the Vine Cab Svgn,750mL,2,1
43490,Ken Forrester Petit Pinotage,750mL,2,1
42162,Beyond Svgn Bl,750mL,2,1
8674,Riunite Moscato,1.5L,2,1
41970,Troublemaker Red,750mL,2,1
27907,Sonoma-Cutrer Pierres Chard,750mL,2,1
184,Hornitos Plata VAP,750mL,1,1
8425,Studebaker Manhattan RTD,750mL,2,1
14923,Five Oaks Pnt Nr Cal,750mL,2,1
3765,Three Olives Citrus Vodka,750mL,1,1
21409,Mumm Cordon Rouge Brut,1.5L,2,1
4844,Monteru Triple Toast Brandy,750mL,1,1
8033,Jack Daniels No 7 Black,50mL,1,1
28548,St Francis Old Vines Znfdl,750mL,2,1
41034,Menage a Trois Red,750mL,2,1
19394,Dom du Gr Montmirall Gigonda,750mL,2,1
9361,KAH Anejo Tequila,750mL,1,1
19855,Davis Bynum Jane's Vyd Pnt,750mL,2,1
27220,Poggio Antico 10 Rsva BdMont,750mL,2,1
3078,UV Chocolate Cake Vodka,750mL,1,1
17187,The Messenger Telegram Red 2,750mL,2,1
871,DeKuyper Blackberry Brandy,Liter,1,1
15859,Roland Lavantureux Chablis,750mL,2,1
14236,Copa di Vino Chard,187mL,2,1
18066,Sutter Home Pnt Grigio,187mL,2,1
23390,Conti Zecca Primitivo,750mL,2,1
1309,Makers Mark Cask Strength,750mL,1,1
21375,10 Span Cab Svgn CC,750mL,2,1
22703,Carne Humana Red,750mL,2,1
11296,Herzog Kosher Merlot,750mL,2,1
1063,Ciroc Pineapple Vodka,Liter,1,1
7300,New Amsterdam Coconut Vodka,1.75L,1,1
37940,Staglin Salus Rthfd Chard,750mL,2,1
4890,Skyy Infusion Tropical Mango,50mL,1,1
14293,Ch La Mission Haut Brion 07,750mL,2,1
27612,Dominus 13 Christian Moueix,750mL,2,1
376,Aperol Liqueur,750mL,1,1
6659,Rosemount Diamond Chard,750mL,2,1
33672,Toasted Head Merlot Cal,750mL,2,1
2245,DUKE Kentucky Bourbon,750mL,1,1
16692,Chartron Trebuchet Chard Bou,750mL,2,1
18561,Carlo Rossi Moscato Sangria,4L,2,1
13606,Neal Petite Syrah Rutherford,750mL,2,1
22016,Foss Marai Prosecco,187mL,2,1
1704,Amaretto DiSaronno Summer Pk,750mL,1,1
21229,Barefoot Cellars Riesling,187mL 4 Pk,2,1
917,Douce Provence Pear Liqueur,750mL,1,1
1355,Knob Creek Bourbon,50mL,1,1
4349,Sauza Blue Silver,750mL,1,1
2932,Jameson Black Barrel,750mL,1,1
38481,Canella Prosecco Di Conegli,750mL,2,1
25159,L'Eglise Saint-Hilaire Borde,750mL,2,1
15418,The First Lady Cab Svgn,750mL,2,1
26238,Margaret's Cab Svgn,750mL,2,1
1604,Pappy Van Winkle Rsv 23 Yr,750mL,1,1
5285,Jacquin Triple Sec,750mL,1,1
14439,Barefoot Sweet Red,750mL,2,1
5826,DeKuyper Razzmatazz,750mL,1,1
3662,Three Olives Blueberry Vodka,750mL,1,1
11488,C K Mondavi Cab Svgn,1.5L,2,1
25259,Ch Martinon Brdx Rouge,750mL,2,1
25800,Acacia Winery Chard Carneros,750mL,2,1
2291,The Quiet Man Single Malt 8Y,750mL,1,1
16646,Cesari Jema Corvina Veronese,750mL,2,1
12816,Donum Russian River Pnt Nr,750mL,2,1
37794,Blackstone Znfdl Cal,750mL,2,1
25597,Kettmeir Pnt Grigio Alto Adi,750mL,2,1
23144,Ch Andron Blanquet St Esteph,750mL,2,1
1996,Del Maguey Vida Mezcal,750mL,2,1
4303,Calico Jack Spiced Rum,750mL,1,1
17041,Sutter Home Pink Moscato,1.5L,2,1
14631,Dom Serene Yamhill Cv Pnt Nr,750mL,2,1
2142,Bird Dog Apple Whiskey,750mL,1,1
2975,Bird Dog Blackberry Whiskey,750mL,1,1
814,Sammy's Beach Bar Rum,750mL,1,1
1896,The Glenlivet 18 Yr Single,750mL,1,1
26779,Stonehedge Cab Svgn Cal,750mL,2,1
25700,Resonance Pnt Nr,750mL,2,1
3224,New Amsterdam Apple Vodka,50mL,1,1
26092,Blackstone Merlot Cal,750mL,2,1
4157,Smirnoff Green Apple Vodka,50mL,1,1
25846,Groth Svgn Bl Napa Valley,750mL,2,1
14190,Ch Haut Branda Brdx Rouge,750mL,2,1
4698,Metaxa 5 Star,750mL,2,1
2042,Amador Double Barrel Bourbon,750mL,1,1
14485,Victor Hugo Cab Svgn,750mL,2,1
15272,Ch Montelena Znfdl Napa Vly,750mL,2,1
25305,Cyprus Chard,750mL,2,1
273,Sauza Extra Gold Tequila,1.75L,1,1
5680,Barenjager Honey Liqueur,50mL,1,1
6344,Walnut Crest Chard Central,1.5L,2,1
2265,Monadnock Moonshine,750mL,1,1
38312,Momokawa Diamond Sake,750mL,2,1
25577,Parducci 13 True Grit Cab Sv,750mL,2,1
771,Bak's Krupnik Honey Liqueur,750mL,1,1
27071,Medici Ermete Solo Lambrusco,750mL,2,1
22019,Mumm Napa Brut Rose,750mL,2,1
13695,Red Rock Winery Malbec,750mL,2,1
41372,Fleur Petite Sirah Californa,750mL,2,1
16400,Zum Rsl,750mL,2,1
23513,Plantaze Merlot Montenegro W,750mL,2,1
46327,Silver Mtn Hard Cider,22.0 Oz,2,1
25056,Jadot Gevrey Chambertin 13,750mL,2,1
914,Smirnoff Orange Vodka,Liter,1,1
5205,Don Felix Plata Tequila,750mL,1,1
14857,C K Mondavi Wh Znfdl,750mL,2,1
7718,Andre Pink,750mL,2,1
3808,Three Olives Vodka,750mL,1,1
58,Gekkeikan Black & Gold Sake,750mL,1,1
44761,Gekkeikan Sake Zipang Spklg,250mL,2,1
2145,WolfHound Irish Whiskey,750mL,1,1
20788,Mt Tabor Galilee Chard,750mL,2,1
11468,Wild Horse Unbridled Chard,750mL,2,1
36769,Toad Hollow Rose Eye Pnt Nr,750mL,2,1
24203,Vega Sindoa 14 Garnacha Nava,750mL,2,1
19789,Atalon Svgn Bl Napa Valley,750mL,2,1
20124,Bagordi Cosecha Rioja,750mL,2,1
16374,Jovly Chinon Cab Franc,750mL,2,1
27784,Jadot Monthelle Les Sous 14,750mL,2,1
2122,Canadian Club 1858,750mL,1,1
3831,Grey Goose L'Orange Vodka,50mL,1,1
15192,Folonari Moscato,1.5L,2,1
23393,Havens Cab Svgn 11,750mL,2,1
7077,Smirnoff Strawberry Vodka,50mL,1,1
27094,Corvo Terrae Dei Nero d'Avol,750mL,2,1
18438,The Creator K Vintners Walla,750mL,2,1
24844,Mureda Tempranillo Organic,750mL,2,1
26430,Contos de Valpiedra Rioja,750mL,2,1
17748,Black Box Pnt Grigio,500mL,2,1
6015,Jackson Morgan Salted Carmel,750mL,1,1
21329,Masi Campofiorin,750mL,2,1
9092,Junipero Gin,750mL,1,1
19414,Rainstorm Pnt Gris,750mL,2,1
90085,Ch Lilian 09 Ladouys St Este,750mL,2,1
17084,Copain Tous Ensemble Pnt Nr,750mL,2,1
23493,Ch Bouscaut Rouge 11 GCG,750mL,2,1
44718,Dom Chandon Brut Spklg,375mL,2,1
8428,Trader Vics Macadamia Nut,750mL,1,1
8451,Cruzan Aged Dark Rum,1.75L,1,1
12109,La Crema Pnt Nr Monterey,750mL,2,1
10609,Oyster Bay Chard Marlboro,750mL,2,1
10443,Charles Smith Kung Fu Girl R,750mL,2,1
12773,Joel Gott Znfdl,750mL,2,1
4664,Hennessy Black Cognac,750mL,1,1
19271,Veuve Clicquot Rose,750mL,2,1
12650,Harbor Town Svgn Bl,750mL,2,1
23470,Bullet Proof Picasso Svgn Bl,750mL,2,1
29470,Pahlmeyer Napa Red,750mL,2,1
18773,Ravines Cabernet Franc,750mL,2,1
20765,Furlan Malbec,750mL,2,1
19148,Gerard Bertrand Picpoul Pint,750mL,2,1
8053,Seagrams 7 Crown,50mL,1,1
29942,Livingston Merlot Cal,3L,2,1
19122,Liberty School Merlot CC,750mL,2,1
8720,Arrow Blue Curacao,750mL,1,1
23201,Sterling Vntnr Coll Rose Ltd,750mL,2,1
22119,Don Simon Selecion Chard,750mL,2,1
21286,Elk Cove Five Mtn Pnt Nr,750mL,2,1
21455,Ch Leoville Las Cases St-Jul,750mL,2,1
34021,Chanrion Cote de Brouilly,750mL,2,1
18458,Tussock Jumper Chard,750mL,2,1
19955,Ch La Croix de Beaucailou 10,750mL,2,1
8694,Skinnygirl Cosmopolitan,750mL,1,1
43785,Newton Merlot Napa Unfilterd,750mL,2,1
10735,Ch Beauchene Rose,750mL,2,1
19391,Ch Hyot Castillon Brdx,1.5L,2,1
39998,Tisdale Shiraz Cal,750mL,2,1
20473,Viu Manet Rsva Merlot,750mL,2,1
17940,Butterfly Kiss Chard,750mL,2,1
4429,Capt Morgan Silver Spicd Rum,1.75L,1,1
10927,Barefoot Sparklng Pnt Grigio,750mL,2,1
4678,Courvoisier VS Cognac,750mL,1,1
20745,Kono Svgn Bl,750mL,2,1
599,Stolichnaya Razberi,Liter,1,1
29650,C Y Toro Frontera Shiraz,1.5L,2,1
8259,Hornitos Platas Silver,50mL,1,1
3931,New Amsterdam Peach Vodka,50mL,1,1
27243,Stars Like Ours Rose,750mL,2,1
27492,F Coppola Cab S King Kong DC,750mL,2,1
350,Courvoisier VS Gift Pak,750mL,1,1
23662,Dom Cachot Monot Ct Nuits,750mL,2,1
19832,Altadonna Vermentino,750mL,2,1
8010,Wild Turkey Forgiven,750mL,1,1
11176,Sutter Home Sweet Red,750mL,2,1
19583,Lokoya Mt Veeder Cab Svgn,750mL,2,1
24552,Gnarly Head 1924 Double Blac,750mL,2,1
3539,MacGavin's Highland Scotch,750mL,1,1
20224,Tommaso Bussola Amarone Clsc,750mL,2,1
207,Smirnoff Pomegrante,Liter,1,1
2414,Brooklyn Gin,750mL,1,1
36540,Liberty Creek Prem RSV Merlo,1.5L,2,1
16523,Calma Rioja,750mL,2,1
25179,Grahams 1977 Vintage Port,750mL,2,1
24054,La Volpe Prosecco,750mL,2,1
20353,Quinta da Cosaboa TintaBoa,750mL,2,1
34333,Snoqualmie Cabernet/Merlot,750mL,2,1
15292,Flip Flop Chard,750mL,2,1
38355,MacMurray Ranch Selct Pnt Nr,750mL,2,1
9304,Arak Razzouk,750mL,1,1
25285,A Bichot St-Amour Champlette,750mL,2,1
22039,Ghost Pines Pnt Nr L Martini,750mL,2,1
18538,Banknote The Vault Red,750mL,2,1
2663,Dewars White Label,1.75L,1,1
24303,Cupcake Black Forest,750mL,2,1
11319,Rosenblum Vntnrs Cv Cab Svgn,750mL,2,1
18979,Lillet Rose French Aperitif,750mL,2,1
45992,Casa Liliana Good Chard,750mL,2,1
26012,Bodega Noemia D Patagonia 13,750mL,2,1
17897,L'Argentier Rose d'Aramon,750mL,2,1
16274,Vinum Cellars Chenin Blanc,750mL,2,1
25926,Outlier Pnt Nr,750mL,2,1
3347,Milagro Silver Tequila,1.75L,1,1
18246,Churchill's Vintage Port 11,375mL,2,1
44220,Vinedo de Los Vientos Alcyo,500mL,2,1
23997,Pascal Jolivet Sancerre Rose,750mL,2,1
13918,Stellar Organics Cab Svgn,750mL,2,1
3098,Three Olives Elvis Presley,750mL,1,1
15833,Je T'Aime Cremant de Limoux,750mL,2,1
46135,Aresti Pnt Nr Curico Vly,750mL,2,1
20161,F Coppola Votre Sante Ch Red,750mL,2,1
20416,Januik Cab Svgn Columbia Vly,750mL,2,1
24495,Ch Giscours Margaux 06,375mL,2,1
41409,Ben Marco Malbec,750mL,2,1
2955,Auchentoshan 18 Yr Scotch,750mL,1,1
24595,Greg Norman Svgn Blanc Marlb,750mL,2,1
22972,L.A. Cetto Cab Svgn,750mL,2,1
14316,R Stuart Big Fire Rose,750mL,2,1
26802,L Aubry Fils Rose Brut 1 Cru,750mL,2,1
35956,Kesselstatt Schwartzhof GG,750mL,2,1
3639,Burnetts Peach Vodka,1.75L,1,1
35607,Castle Rock Merlot Cal,750mL,2,1
25036,Albola Pinot Grigio,750mL,2,1
18787,Rio Madre Rioja Graciano,750mL,2,1
38853,Salmon Creek Chard Cal,750mL,2,1
24787,Rodney Strong Chard Sonoma C,750mL,2,1
15298,Fish Eye Moscato,3L,2,1
3888,Paul Masson Peach Brandy,50mL,1,1
23954,Notre Dame Luberon Rose,750mL,2,1
34525,Neyers Merlot Napa,750mL,2,1
14708,Conservancy Concannon Chard,750mL,2,1
2806,Atholl Brose Scotch Liqueur,750mL,1,1
12544,Ramon Bilbao Tempranillo Ltd,750mL,2,1
3788,Patron Silver Tequila,375mL,1,1
38953,Aldial Naia Rueda White,750mL,2,1
25428,Luigi Bosca Los Miradores Ma,750mL,2,1
38412,Excelsior S Afr Chard,750mL,2,1
45494,Ermita Rioja Crianza,750mL,2,1
43871,Sette Ponti Crognolo Toscan,750mL,2,1
23805,Cappelletti Apertivoch,750mL,2,1
24887,Novelty Hill Svgn Bl,750mL,2,1
4329,Herradura Anejo LaCaretta DB,750mL,1,1
26510,Castorani Rose Ceraslo D'Abr,750mL,2,1
24346,Antinori Badia Chianti Clsc,750mL,2,1
27051,Killibinbin Sneaky Shiraz,750mL,2,1
5597,DeKuyper Watermelon Pucker,750mL,1,1
23241,14 Hands Svgn Bl,750mL,2,1
5929,RumChata Liqueur,1.75L,1,1
25162,D.des Senechaux CdP,750mL,2,1
688,Thatchers Organic Cucumber,750mL,1,1
18000,Vendange Sweet White,1.5L,2,1
2680,Tomatin Scotch 14Yr Portwood,750mL,1,1
1375,Jim Beam,750mL,1,1
26181,Jaume Serra Cristalino Brut,750mL,2,1
35999,Fanal Madeira Full Rich,750mL,2,1
22222,LaLuca Prosecco,750mL,2,1
37542,Frogs Leap Chard Napa,750mL,2,1
21226,Tisdale Vineyards Moscato,750mL,2,1
26845,Stillman St Chard,750mL,2,1
34339,Snoqualmie Svgn Bl Columbia,750mL,2,1
19019,Save Me San Francisco Merlot,750mL,2,1
5219,Sambuca Romana Black,750mL,1,1
36523,Ch Macard Brdx Superieur,750mL,2,1
3390,Cold River Blueberry Vodka,750mL,1,1
3722,Finlandia Grapefruit Fusion,750mL,1,1
24452,Vega Sindoa 14 Chard Navarra,750mL,2,1
20702,Sanford La Riconda Pnt Nr,750mL,2,1
3891,Belvedere Peach Nectar Vodka,750mL,1,1
25448,Taylor Fladgate 30 yr Tawny,750mL,2,1
19706,St Jean des Sources Picpoul,750mL,2,1
20038,Torii Mor Pnt Nr Deux Verres,750mL,2,1
8136,Lazzaroni Amaretto,750mL,1,1
8823,Leroux Apricot Brandy,750mL,1,1
20725,Chronic Cellars Purple Parad,750mL,2,1
3745,Taaka Vodka Traveler,750mL,1,1
4200,Bacardi Grand Melon,750mL,1,1
3204,Twenty 2 Vodka,750mL,1,1
3868,Skol Vodka,Liter,1,1
21057,DuCourt Brdx Blanc,750mL,2,1
2872,Ashuelot Gin,750mL,1,1
20184,Charles & Charles Chard,750mL,2,1
25139,Chigard Fleurie Les Moriers,750mL,2,1
3413,Gerston Vintage Scotch,750mL,1,1
36045,Pepperwood Grove Pnt Grigio,750mL,2,1
20516,Ch Le Gay Pomerol,750mL,2,1
3436,Bombay Dry Gin,1.75L,1,1
1515,Old Overholt,750mL,1,1
8345,R M Woodbridge Cab Svgn Cal,750mL,2,1
24406,St Mayhem White Aged/Peppers,750mL,2,1
16248,Domino Pnt Grigio,1.5L,2,1
187,Capt Morgan ParrotBay Pineap,Liter,1,1
20748,Terrasole 07 Brunelo d Montl,750mL,2,1
24993,Tardieu Laurent Le Becs Fins,750mL,2,1
43639,Hamilton Russell Pnt Nr,750mL,2,1
26327,Cellier des Dauphines CdR,750mL,2,1
24429,Baracchi O'Lillo,750mL,2,1
32796,Warre's Otima 10-Yr Tawny,500mL,2,1
25640,Picket Fence Cab Svgn Alexan,750mL,2,1
23101,Steelhead Red,750mL,2,1
20771,Chehalem Ridge Crest Vyds Pn,750mL,2,1
21435,Ch Phelan Segur St Estephe,750mL,2,1
24970,Hayes Ranch Red Blend,750mL,2,1
42952,Asamai Shuzo Heavens Door,720mL,2,1
22763,Los Dos Moscato & Chard,750mL,2,1
26304,Brooks Runaway Red,750mL,2,1
40098,Black Box Merlot Cal,3L,2,1
5056,Hiram Walker Pumpkin Spice,750mL,1,1
13045,Double Decker Red,750mL,2,1
20376,Duval-Leroy Prestige Rose,375mL,2,1
21458,Ch Langoa Barton St Julien,750mL,2,1
974,Bacardi O Orange Rum,Liter,1,1
26868,Olivier Chanzy Nuits St Geor,750mL,2,1
2202,Karner Blue Gin,750mL,1,1
43662,L'Ecole No 41 Cab Svgn Clmba,750mL,2,1
18309,Grandial Brut Blanc de Blanc,750mL,2,1
1120,Jesse James Spiced Bourbon,750mL,1,1
16440,Banshee Cab Svgn Napa Vly,750mL,2,1
23473,Auvigue Saint-Veran 13,750mL,2,1
22932,Dr Konstantin Frank Pnt Nr,750mL,2,1
7489,99 Blackberries,50mL,1,1
24260,Red Car Ritchie Vyd Chard,750mL,2,1
5079,Zodiac Black Cherry Vodka,750mL,1,1
4263,Capt Morgan Silver Spicd Rum,750mL,1,1
24907,Bogle Old Vine Znfdl Cal,750mL,2,1
4346,Mr Boston Dark Rum,1.75L,1,1
43808,R M Woodbridge Pnt Nr Cal,750mL,2,1
16749,Ninety+Cellars Lot 50 Prosco,750mL,2,1
19251,Bonterra Pnt Nr,750mL,2,1
2935,Talisker 18 Yr Old Scotch,750mL,1,1
23496,Ch Reserve d La Cometesse 11,750mL,2,1
24575,Failla Pnt Nr Sonoma Cst,750mL,2,1
23579,Trader Joe's Pet Rsv Merlot,750mL,2,1
27409,Hourglass HG III Red,750mL,2,1
3373,Svedka Citron Vodka,1.75L,1,1
41827,Banfi Chianti Clsc Tuscany,750mL,2,1
26390,Pepperwood Grove Cab Svgn,750mL,2,1
45823,Masciarelli Trebbiano Abruzo,750mL,2,1
18232,Shatter Grenache VdP Catalan,750mL,2,1
20685,A Bichot Ch Gris Nuits St Ge,750mL,2,1
16357,Mercer Canyons Rsl,750mL,2,1
2248,Rhetoric 22 Year Bourbon,750mL,1,1
18564,Northstar Cab Svgn,750mL,2,1
25511,Schug Chard Carneros,750mL,2,1
24183,CaRome Barbaresco Chiarmanti,750mL,2,1
24515,Cartlidge & Browne Chard,750mL,2,1
22560,Hoya de Cadenas Cava,750mL,2,1
23888,Cycles Gladiator Petite Sira,750mL,2,1
36268,Montinore Pnt Nr Ore,750mL,2,1
2640,Michter's Small Batch Bourbn,750mL,1,1
25703,Murphy-Goode Svgn Bl,750mL,2,1
24621,Cline Chard Sonoma Cst,750mL,2,1
26530,Corbett Canyon Merlot,1.5L,2,1
14628,Tisdale Vyds Sweet Red,750mL,2,1
12218,R M Woodbridge Moscato,750mL,2,1
14542,Ch Haut-BrionPessac-Leo Gr C,750mL,2,1
18624,Donnafugata Mille una Notte,750mL,2,1
25202,Rosenblum R Sauret Zinfandel,750mL,2,1
26198,Chronic Cellars Pink Pedals,750mL,2,1
13546,Lucky Duck Malbec,750mL,2,1
15315,Middle Sister Sweet & Sassy,750mL,2,1
15229,The Prisoner Red Napa Valley,750mL,2,1
16311,Mollydooker Gigglepot Cab Sv,750mL,2,1
25594,Virginia Dare Chard Sonoma C,750mL,2,1
14688,Ferrari-Carano RSV Chard,750mL,2,1
20639,Antigal Uno Cab Mendza,750mL,2,1
8282,Berentzen Bushel & Barrel,50mL,1,1
2331,Black Bottle Scotch,750mL,1,1
8677,Wild Turkey Rare Breed,750mL,1,1
3762,Patron Silver Tequila,50mL,1,1
19497,Tintonegro Mendocino Malbec,750mL,2,1
1598,Johnnie Walker Odyssey,750mL,1,1
5683,Dr McGillicuddy's Apple Pie,50mL,1,1
24323,Ch Pichon Long Comtesse L 12,750mL,2,1
22995,Valckenberg Pinot Blanc,750mL,2,1
16503,Lafite Rsv Speciale Bl Brdx,750mL,2,1
25989,Antech Limoux Emotion Sprklg,750mL,2,1
10011,Long Lake Merlot Cal,750mL,2,1
13154,Clayhouse Malbec Paso Robles,750mL,2,1
23974,Catena RSV Chard,750mL,2,1
2832,Bushmills 21 Year Old Irish,750mL,1,1
21767,Claude Riffault Noue Rose Sa,750mL,2,1
19105,Rex Goliath Red Moscato,750mL,2,1
16941,Gallo Pink Moscato Twin Vly,187mL 4 Pk,2,1
20144,Ninety Cellars Lot 96 Chard,750mL,2,1
1060,Jack Daniels Bruins Glass Pk,Liter,1,1
5142,Carolans Irish Cream,1.75L,1,1
3221,Pinnacle Raspberry Vodka,750mL,1,1
28946,Silverado Merlot Napa,750mL,2,1
4060,Sauza Cucumber Chili Tequila,750mL,1,1
11880,R Stemmler Carneros Chard,750mL,2,1
2534,The Dalmore 12Yr Single Malt,750mL,1,1
911,Yukon Jack,Liter,1,1
23928,La Mura Rosso,750mL,2,1
19059,Chateau Carlmagnus 10,750mL,2,1
1993,Maker's Mark 46,375mL,1,1
3075,Pinnacle Whipped Vodka,Liter,1,1
23387,Middle Sister Malbec,750mL,2,1
6616,Amaro Sfumato Rabarbaro,750mL,1,1
38644,Bigi Orvieto Amabile,750mL,2,1
2597,Beefeater 24,750mL,1,1
23324,Ch Angelus 11 Brdx,750mL,2,1
46802,Dom Chandon Rose Spklg,187mL,2,1
4518,Remy Martin VS Cognac,1.75L,1,1
5016,Villa Zarri Coffee Brandy,750mL,1,1
21830,Buoncristiani Family Red OPC,750mL,2,1
31482,Treana White Table Central,750mL,2,1
6510,Simply Ginger Liqueur,750mL,1,1
27569,Kiona Washington State Cab S,750mL,2,1
8242,Folonari Soave Dry White,1.5L,2,1
15189,Las Valles Viura-Chard,750mL,2,1
5537,DeKuyper Pomegranate,750mL,1,1
25554,Brotte Espirit CdR,750mL,2,1
26052,Malabalia Canale Barbera D'A,750mL,2,1
22849,XO Pnt Nr,187mL 4 Pk,2,1
23539,Vin Vault Chard,3L,2,1
14382,LaBelle Winery Raspberry,375mL,2,1
4804,Rhum Barbancourt RSV Special,750mL,1,1
3805,Cuervo Silver Rolling Stones,750mL,1,1
25531,BR Cohn Silver Cab Svgn Snm,750mL,2,1
10469,Easton Svgn Bl Sierra Foothl,750mL,2,1
27781,Jadot Cote de Beaune Vlgs 14,750mL,2,1
8050,Absolut Mandrin,750mL,1,1
19125,Ch Poujeaux 10 Moulis,750mL,2,1
23038,Zenato Lugana Brut,750mL,2,1
2809,Full Throttle Blackberry,750mL,1,1
44764,Poggio Amorelli Chianti Clsc,750mL,2,1
24535,Giesen Svgn Bl,750mL,2,1
18106,Barefoot Cellars Pink Moscat,1.5L,2,1
12155,Root 1 Carmenere,750mL,2,1
23516,Chloe Pnt Nr,750mL,2,1
15401,Red Rock Pnt Nr,750mL,2,1
24512,Tin Barn Cab Svgn Sonoma Cty,750mL,2,1
31176,Penfld Bin 407 Cab Svgn Ausl,750mL,2,1
1790,Morrigan Irish Whiskey,750mL,1,1
27758,J Lohr S Ridge Ps Rbls Syrah,750mL,2,1
26762,Chalk Hill Pnt Nr Sonoma Cst,750mL,2,1
25766,Simi Cab Svgn Alexander Vly,1.5L,2,1
15922,Primo Amore Moscato,750mL,2,1
16165,Garnet Pnt Nr Monterey Cnty,750mL,2,1
602,McCormick Blended Whiskey,Liter,1,1
19835,Luiano Rosato,375mL,2,1
18584,Heidsieck Monopole Rose Top,750mL,2,1
35896,Catena Alta Historic Rows CS,750mL,2,1
24578,Jean Laurent Blanc de Noirs,750mL,2,1
17914,Thorny Rose Red,750mL,2,1
25076,Jadot Monthelie 13 Sous Roch,750mL,2,1
26570,Schlosskellerei Gobelsbrg Rs,750mL,2,1
26742,Bridlewood Viognier,750mL,2,1
17937,Stark Raving Red,750mL,2,1
43788,Veuve Clicquot Ponsardin Rs,750mL,2,1
3828,Popov Traveler,750mL,1,1
43247,Archetype Shiraz/Cab Barossa,750mL,2,1
2617,Yellow Spot Irish Whisky,750mL,1,1
5992,Kaikouzu Potato Shochu,750mL,1,1
27091,Reverdy Sancerre Blanc,750mL,2,1
6553,Harveys Bristol Cream Sherry,750mL,2,1
20791,Belle Ambiance Pnt Grigio,750mL,2,1
38103,Canyon Oaks Cab Svgn Cal,1.5L,2,1
8717,Sandeman Rainwater Madeira,750mL,2,1
61,Margaritaville Silver,750mL,1,1
3138,Svedka 100 Vodka,750mL,1,1
24704,Kenwood Chard Sonoma,750mL,2,1
15209,Writer's Block Pnt Nr,750mL,2,1
18627,Viberti Chard,750mL,2,1
2056,Loch Lomond Original Scotch,750mL,1,1
3456,Tanqueray Sterling Vodka,1.75L,1,1
3997,Hornitos Plata Tequila,750mL,1,1
751,Sobieski Espresso Vodka,Liter,1,1
35375,Hess Allomi Cab Svgn,750mL,2,1
27801,Moet & Chandon Nectar Imper,750mL,2,1
32670,Columbia Crest Vns Merlot/Ca,750mL,2,1
36088,Dom Poujol Rose Coteaux du,750mL,2,1
21309,Chloe Red,750mL,2,1
35916,Stone Cellars Merlot,1.5L,2,1
24014,Au Contraire Chard RRV,750mL,2,1
39334,Michael David Chard,750mL,2,1
24555,Claude Riffault Chass Sancer,750mL,2,1
15899,Kosta Browne Pnt Nr Sonoma C,750mL,2,1
33211,Sycamore Lane Chard Cal,750mL,2,1
6682,R M Woodbridge Chard Cal,1.5L,2,1
2852,Bushmills 10 Yr Irish Whisky,750mL,1,1
32650,Beringer Fndrs Est Pnt Nr,750mL,2,1
33148,Alamos Ridge Chard Mendoza,750mL,2,1
46132,Fruitier Gneiss Abord Muscdt,750mL,2,1
21160,Nyers Vyds Vista Luna Znfdl,750mL,2,1
3350,Ice Fox Vodka,750mL,1,1
20662,Villa Jolanda Xmas Spumante,750mL,2,1
2354,Rhetoric 21Yr Bourbon,750mL,1,1
24492,Long Meadow Ranch Svgn Bl,750mL,2,1
24990,Turnbull Cab Svgn Oakvile 12,750mL,2,1
3848,Chicory Root Vodka,750mL,1,1
3244,Burnetts Vodka,750mL,1,1
5365,Kahlua,750mL,1,1
1535,Gentleman Jack,50mL,1,1
539,Bowman's Vodka,Liter,1,1
2746,Laphroaig Cairdeas Islay,750mL,1,1
3742,Spring 44 Vodka,750mL,1,1
1037,JP Wiser's Rye w/ 2 Glasses,750mL,1,1
9195,Svedka Strwbry Lemonad Vodka,50mL,1,1
20058,Ch Picon Longueville Comt 10,750mL,2,1
8070,The Macallan 21 Yr Old,750mL,1,1
1727,West Cork Irish Whiskey,750mL,1,1
29616,Kermit Lynch Cotes du Rhone,750mL,2,1
19039,The Path Pnt Nr,750mL,2,1
16961,CastelGiocondo 10 Brun Montl,750mL,2,1
17957,Bluebird Pinot Noir,750mL,2,1
46928,Colome Malbec Calchaqui,750mL,2,1
14711,Ch Tanunda Gr Barossa Rsl,750mL,2,1
26699,JJ Vincent Bourgogne Blnc 14,750mL,2,1
27695,Volpaia Coltassala Chianti,750mL,2,1
8368,Bacardi Superior Rum,100mL,1,1
27303,Wyndham Bin 555 Shiraz,750mL,2,1
35959,Stags Leap Winery Cab Svgn,750mL,2,1
17024,Marques de Caceres Albarino,750mL,2,1
8909,Carlo Rossi Chablis Calif,1.5L,2,1
21352,C Y Toro Don Melchr Cab Svgn,750mL,2,1
25225,Ch Montelena Cab Svgn 2006,750mL,2,1
1770,Jack Daniels Tennessee Fire,1.75L,1,1
15252,Bota Mini Chard,500mL,2,1
16918,Villa Pozzi Moscato,750mL,2,1
6596,Kenwood Svgn Bl Sonoma,750mL,2,1
8262,Metcalfe's Vermont Maple,750mL,1,1
42886,Clos de Los Siete Mendoza,750mL,2,1
104,Mr Boston Wild Cherry Brandy,Liter,1,1
29902,Au Bon Climate Pnt Nr,750mL,2,1
25574,Simmonet-Febvre 12 Bourgogne,750mL,2,1
42643,Echelon CA Pnt Grigio,750mL,2,1
8654,M & R Sweet Vermouth,375mL,2,1
15146,Achaval Ferrer Malbec,750mL,2,1
4283,Hochstadter's Slow and Low,750mL,1,1
8113,R Mondavi Chard Napa,750mL,2,1
2162,Djinn Spirits Gin,750mL,1,1
2660,Jameson Rarest Vintage Rsv,750mL,1,1
4326,Rumson's Coffee Rum,750mL,1,1
2119,Glendalough 13 Yr Sngle Malt,750mL,1,1
3785,Svedka Orange Cream Pop,750mL,1,1
4824,Deep Eddy Sweet Tea Vodka,750mL,1,1
44266,Mommys Time Out Garganega/P,750mL,2,1
15295,Flip Flop Pnt Grigio,750mL,2,1
17459,Skinnygirl Red Wine,750mL,2,1
43184,Writer's Block Cab Franc,750mL,2,1
29361,Brancott Estate 'B' Svgn Bl,750mL,2,1
23951,Ch Moulin de Pillardot 10,750mL,2,1
16377,Ch Moncontour Vouvray Demi S,750mL,2,1
21787,LiDestri Spicy Bloody Mary,1.5L,2,1
27197,DeLoach Est Vyd Pnt Nr,750mL,2,1
36543,MacMurray Ranch Pnt Nr RRV,750mL,2,1
15444,Riff Pnt Grigio,750mL,2,1
16526,Flaco Tempranillo,750mL,2,1
41412,Crios Rose of Malbec,750mL,2,1
19231,Tasca D'Almerita Rosso 06,750mL,2,1
23018,Fetzer Rsl Cal,750mL,2,1
25723,Prophecy Pnt Nr,750mL,2,1
22477,Mionetto IL Moscato,750mL,2,1
8680,Crown Royal,1.75L,1,1
37731,Corbett Canyon Chard,3L,2,1
22079,C Y Toro Casa Diblo Cab Svgn,750mL,2,1
854,Seagrams VO Canadian Whiskey,Liter,1,1
31233,Di Majo Norante Sangiovese,750mL,2,1
42640,The Monterey Vyds Chard,750mL,2,1
26324,Elizabeth Rose Pnt Nr,750mL,2,1
2182,McClelland Islay Single Mal,750mL,1,1
24996,Lincourt Steel Chard,750mL,2,1
17170,Zeitgeist Cab Svgn Napa Vly,750mL,2,1
22743,Austerity Pnt Nr,750mL,2,1
6427,Glen Ellen Merlot RSV,750mL,2,1
2846,Balvenie Tun 1509 Batch 3 SB,750mL,1,1
5076,M Duffau Napoleon Armagnac,750mL,1,1
4412,Pusser's British Navy Rum,750mL,1,1
42663,Beringer Fndr Est Pnt Grigio,750mL,2,1
3533,Lidestri Pink Limoncello,750mL,1,1
5740,Sweet Revenge,750mL,1,1
19849,Barefoot Cellars Malbec,750mL,2,1
27011,Bouchard Aine & Fils Mersult,750mL,2,1
20728,Villa Jolanda Cocnut Moscato,750mL,2,1
20064,Ch Grand Leoville 10 Brdx,750mL,2,1
3748,Smirnoff Light Peach Sorbet,750mL,1,1
21392,Bodegas Jeromin Zesto Rosada,750mL,2,1
26347,Charles & Charles Riesling,750mL,2,1
37708,EOS Cab Svgn Paso Robles,750mL,2,1
27867,Vendange Merlot,1.5L,2,1
16460,Gerard Bertrand Pnt Nr Rsv,750mL,2,1
22789,Bolla Prosecco 3pk/187mls,187mL 3 Pk,2,1
43350,Frenchhouse Chard VDP D'Oc,750mL,2,1
10054,Rozes White RSV Porto,750mL,2,1
27698,Double Eagle Red Wine,750mL,2,1
12069,Gnarly Head Pnt Grigio,750mL,2,1
44037,Barefoot Pnt Grigio Cal,750mL,2,1
831,Bols Green Creme De Menthe,Liter,1,1
24094,Gallo Copperidge Cab Svgn,1.5L,2,1
17147,Honeymaker Lavender Mead,750mL,2,1
13397,Dom Seguinot-Bordet Chablis,750mL,2,1
10864,Sea Smoke Ten Snt Brb Pnt Nr,750mL,2,1
12192,Meander Cab Svgn Napa Vly,750mL,2,1
6450,Sebastiani Merlot Sonoma,750mL,2,1
23430,Ninety+Cellars Lot 118 Svgn,750mL,2,1
27180,Sensi 18K Moscato Rose,750mL,2,1
3679,Chopin Vodka,750mL,1,1
17001,Martinshof Gruner Veltliner,750mL,2,1
24827,J Phelps Insignia 2012,1.5L,2,1
26493,Mas la Chevaliere Rose,750mL,2,1
44724,Meerlust Rubicon Stellenbos,750mL,2,1
27157,Ch Graves Rabion St Emilion,750mL,2,1
2992,Hudson Baby Bourbon Whiskey,750mL,1,1
6281,Franzia Sunset Blush Tap,5L,2,1
27798,Casa Lapostolle Svgn Bl,750mL,2,1
16314,Line 39 Chard,750mL,2,1
1000,Goslings Dark'n Stormy VAP,750mL,1,1
13443,Villa des Anges Cab VDP D'Oc,750mL,2,1
24804,Whitehall Lane Cab Svgn Leon,750mL,2,1
2328,Michter's 20 YO Bourbon,750mL,1,1
39577,Aquinas Napa Chard,750mL,2,1
15650,Cuvee de Pena Rose,750mL,2,1
22935,Adelsheim Bryan Creek Pnt Nr,750mL,2,1
4289,Silver Root Marley Rum,750mL,1,1
25468,Run Riot Pnt Nr,750mL,2,1
27134,Ca'Bianca Chersi Barbera 12,750mL,2,1
24455,Franciscan Cab Svgn Napa,750mL,2,1
4389,Amaro Montenegro Liqueur,750mL,1,1
24286,Kendall Jackson Gr RSV Cab S,750mL,2,1
46762,Clayhouse Cab Svgn Paso Rbls,750mL,2,1
3725,Three Olives Pomegranate,750mL,1,1
46098,Ch Ste Michelle Rsl Dry Colu,750mL,2,1
26201,Our Daily Chard,750mL,2,1
25614,Bodega Chacra Barda,750mL,2,1
3556,Hard Rock Vodka,1.75L,1,1
14130,14 Hands Hot to Trot White,750mL,2,1
25537,R Stemmler 13 Pnt Nr,750mL,2,1
36852,Frey Znfdl Organic Mendocino,750mL,2,1
3061,Absolut Grapevine Vodka,750mL,1,1
25119,Foxglove Znfdl,750mL,2,1
26865,Thunevin Calvet Constance Bl,750mL,2,1
4243,Bacardi Superior Rum,1.75L,1,1
3579,Ciroc Pineapple Vodka,375mL,1,1
35670,Redwood Creek Svgn Bl Cal,1.5L,2,1
3038,Zhenka Raspberry Vodka,1.75L,1,1
25514,Elvio Cogno Barolo Cascina N,750mL,2,1
3702,Kinky Vodka,50mL,1,1
26842,Pierre Angulaire Brdx Blanc,750mL,2,1
24309,Point North Pnt Nr Oregon,750mL,2,1
23768,Sociando Mallet 12 Haut-Medo,750mL,2,1
2374,Tullamore Dew,1.75L,1,1
2915,Pendleton Limited Edition,750mL,1,1
15063,Almaden Moscato,5L,2,1
24432,Tintero Langhe Arneis,750mL,2,1
25637,Browne Family Vyds Cab Svgn,750mL,2,1
4366,Kracken Black Rum,750mL,1,1
8342,Korbel X Dry,750mL,2,1
2769,Laphroaig Quarter Cask,750mL,1,1
516,Kamora Coffee Liqueur,Liter,1,1
36065,Ch Montrose 10,750mL,2,1
267,Don Q Coco Coconut Rum,Liter,1,1
27326,Canoe Ridge Red Columbia Vly,750mL,2,1
3871,Smirnoff Watermelon Vodka,750mL,1,1
15527,Roscato Rosso,750mL,2,1
15232,Flowers Pnt Nr Sonoma Coast,750mL,2,1
3410,American Harvest Organic,750mL,1,1
2082,Balvenie 15 Yr Sherry Cask,750mL,1,1
19062,Ch Olivier 10 Blanc Pessac-L,750mL,2,1
90609,Flavor Essence Variety 5 Pak,5/2 oz,2,2
11236,Willamette Pnt Gris Valley,750mL,2,1
2723,J & B Rare,1.75L,1,1
1395,Old Crow,750mL,1,1
5391,Kamora Coffee,1.75L,1,1
1890,Jameson 12 Year Old,750mL,1,1
18375,Antinori Villa Wh,750mL,2,1
14625,Bridlewood Pnt Nr,750mL,2,1
18621,Villa Sandi Il Fresco Rose,750mL,2,1
5640,Metcalf's Blueberry Liqueur,375mL,1,1
313,Rothman & Winter Violette,750mL,1,1
19703,Round Hill Chard,750mL,2,1
6968,Peter Vella Burgundy B/B,5L,2,1
17293,Defesa Branco White Alentejo,750mL,2,1
23284,Ch Les Carruades 11 Lafitte,750mL,2,1
23035,Jacobs Creek Two Lands Shirz,750mL,2,1
28262,Nathanson Creek Merlot,1.5L,2,1
19557,Zorvino Fragole Z Strawberry,750mL,2,1
38541,Avalon Cab Svgn Napa,750mL,2,1
2036,Jim Beam Signature Craft Ltd,750mL,1,1
22643,Chartron Trebuchet Puligny,750mL,2,1
2577,Jack Daniels 2 Yr Rested Rye,750mL,1,1
21561,Talley Vyds Chard,750mL,2,1
1249,Jim Beam Apple,1.75L,1,1
954,Pinnacle Blueberry Vodka,Liter,1,1
22889,Le Petit Haut Lafitte Brdx,750mL,2,1
5245,Le Reviseur XO Cognac,750mL,1,1
41143,Red Diamond Cab Svgn Wash,750mL,2,1
39228,Eponymous Cab Svgn Napa,750mL,2,1
23825,Tortiose Crk La Charmel Mus1,750mL,2,1
19995,Ravenswood Barricia Znfdl,750mL,2,1
20333,Mommy's Time Out Delicious R,750mL,2,1
16752,Pennywise Cab Svgn,750mL,2,1
43450,Fish Eye Pnt Grigio,3L,2,1
42122,Smoking Loon Svgn Bl Cal,750mL,2,1
40456,Moschofilero Boutari Mantnia,750mL,2,1
27472,Secco-Bertani Verona,750mL,2,1
19646,JP Chenet Pnt Noir,750mL,2,1
22597,Erath Prince Hill Pnt Nr,750mL,2,1
18767,Cosentino The Zin,750mL,2,1
19603,Ch Jean De Gue Lalande 10,750mL,2,1
23138,Toschi Chard,750mL,2,1
20931,Frey Vyds Bio Field Blend Rd,750mL,2,1
18126,Monte Velho White Alentejo,750mL,2,1
21369,Kendall Jackson Grand Pnt Nr,750mL,2,1
6224,La Belle Orange Liqueur,750mL,1,1
21123,Southern Right Svgn Bl,750mL,2,1
8634,Manischewitz Cream White Cnd,1.5L,1,1
22451,Bota Brick Chard,1.5L,2,1
19454,J Vineyards Vin Gris Rose RR,750mL,2,1
8534,M & R Asti,375mL,2,1
7993,Stock Italian X Dry Vermouth,750mL,1,1
8780,Sandeman Fine Rich Madeira,750mL,2,1
18813,Sweet Baby Vyds Raspberry,375mL,2,1
19895,Skeleton Malbec,Liter,2,1
370,Finlandia Vodka,Liter,1,1
32338,Stags Leap Svgn Bl Napa,750mL,2,1
20682,A Bichot Chablis Vaucopins,750mL,2,1
21223,Americano Petite Syrah,750mL,2,1
18272,B & G Cotes du Rhone Red,750mL,2,1
1269,Jeffersons Bourbon,750mL,1,1
5348,St Brendans Irish Cream,750mL,1,1
14004,Layer Cake Virgin Chard,750mL,2,1
8929,Sebastiani Chard Sonoma,750mL,2,1
1767,Buffalo Trace Bourbon,750mL,1,1
26739,Chalk Hill Chard RRV,750mL,2,1
14502,Offley White Port,750mL,2,1
26075,Intrinsic Cab Svgn,750mL,2,1
33735,Hopler Trockenbeerenauslese,375mL,2,1
43553,La Puerta La Rioja Malbec,750mL,2,1
18083,Madria Sangria Moscato,1.5L,2,1
605,Alate Kosher Wine,750mL,2,1
6842,Delicious White P Vella B/B,5L,2,1
21000,Bonpas Ch du Pape Rouge Rsv,750mL,2,1
41727,Beaulieu Cstl Clr Slct Chard,750mL,2,1
1744,Old Forester 100 Bourbon,750mL,1,1
8408,Wild Turkey American Honey,1.75L,1,1
15355,Decoy Duckhorn Chard Sonoma,750mL,2,1
33214,Sycamore Lane Merlot Cal,1.5L,2,1
24558,Dom La Fage Cve Nicholas VdP,750mL,2,1
23015,Marietta Clrs ARME Red,750mL,2,1
22517,J Lohr Cypress Cab Svgn,750mL,2,1
25222,G Ferrer Etesian Pnt Nr Rose,750mL,2,1
13363,Newton Red Label Cab Svgn,750mL,2,1
7363,BeatBox Fruit Punch,5L,1,1
26716,Arpa Brunello di Montalcino,750mL,2,1
24724,Nozzole La Forra Chianti Gra,750mL,2,1
21784,Grape Time Winery Rsl Granny,750mL,2,1
3476,Reyka Vodka,750mL,1,1
25199,Le Prelat CdR Blanc,750mL,2,1
5468,Hine Rare VSOP,750mL,1,1
2812,Hudson Manhattan Rye,375mL,1,1
25863,Locations OR Red,750mL,2,1
25030,Cardinale 12 Cab Svgn Napa,750mL,2,1
5491,Rumpleminze,50mL,1,1
46447,Gascon Malbec Mendoza,750mL,2,1
8737,Freixenet Cordon Negro Brut,750mL,2,1
20098,Milestone Chard,750mL,2,1
536,Svedka Cherry Vodka,Liter,1,1
11774,Diamond Crk Cab Svgn Volcanc,750mL,2,1
23848,Dom Cherrier Sancerre,750mL,2,1
26098,Champy Brut Sonoma Cnty,750mL,2,1
40041,Nero D'Avola Donnafugata Scl,750mL,2,1
3851,Grey Goose Vodka,375mL,1,1
5517,Tippy Cow Shamrock Mint,750mL,1,1
28070,Sutter Home Moscato Cal,1.5L,2,1
36483,Tommasi Amarone,750mL,2,1
43224,Ch Beauchene Cotes du Rhone,750mL,2,1
12507,Piazzo Barbaresco,750mL,2,1
23327,Ch Cheval Blanc St Emil 11,750mL,2,1
26404,Wild Horse Cheval Sauvage Ch,750mL,2,1
27406,Hourglass Estate Svgn Bl,750mL,2,1
38641,Opici Marsala Cal,1.5L,2,1
23991,Martin Ray 14 Rose of Pnt Nr,750mL,2,1
2102,West Cork 10Yr S Malt Irish,750mL,1,1
25740,Oberon Chardonnay,750mL,2,1
14671,Riondo Prosecco,750mL,2,1
14837,Vinum Cellars Petite Sirah,750mL,2,1
3951,Hornitos Reposado Tequila,50mL,1,1
27429,Grahams Six Grapes,750mL,2,1
11156,Canyon Rd Wh Znfdl,1.5L,2,1
18601,Bocelli Prosecco,750mL,2,1
35962,Stags Leap Wine Petite Syrah,750mL,2,1
12607,Ravenswood Teldschi Znfdl,750mL,2,1
45239,J Vineyards Chard RRV,750mL,2,1
15478,Vietti Barbera D'Asti Vigne,750mL,2,1
25265,Brittan Vyds Chard Wlmete Vy,750mL,2,1
16609,Leese-Fitch Chard,750mL,2,1
3310,Pinnacle Vodka,375mL,1,1
15876,3 Brooms Svgn Bl Marlborough,750mL,2,1
46590,Merieau 13 Bois Jacou Gamay,750mL,2,1
24532,Joseph Drouhin Cote de Nuits,750mL,2,1
24701,Gratien & Meyer Cremant Brut,750mL,2,1
16045,Entwine Merlot,750mL,2,1
26032,Ferrari Carano Prevail,750mL,2,1
728,George Dickel Barrel Select,750mL,1,1
26696,O Leflaive Rully 14 Le Cloux,750mL,2,1
27778,Jadot Savigny les Beaune 14,750mL,2,1
25365,Alexander Vly Vyds Sin Znfdl,1.5L,2,1
3161,New Amsterdam Red Berry,750mL,1,1
25932,Gabbiano Chianti Clsc,750mL,2,1
6530,Meridian Santa Barbara Chard,750mL,2,1
15235,Common Man Pnt Grigio,750mL,2,1
4784,Presidente Solera Brandy,750mL,1,1
13981,Alverdi Pnt Grigio,750mL,2,1
26596,Felton Road Chard Bannockbrn,750mL,2,1
5989,Tanteo Jalapeno Tequila,50mL,1,1
27137,P Jolivet Ply Fume 14 Griott,750mL,2,1
5325,Hornitos Spiced Honey Liquer,750mL,1,1
2743,Linkwood 15 Yr Old Sngl Malt,750mL,1,1
23891,Cycles Gladiator Cab Svgn,750mL,2,1
23350,Lapierre Raisins 14 Gaulois,750mL,2,1
2079,Jack Daniels Sngl Barrel Rye,750mL,1,1
26473,Ch Moulin Canon Fronsac,750mL,2,1
6599,Estancia Cab Svgn Paso Roble,750mL,2,1
15255,Bota Mini Pnt Grigio,500mL,2,1
2520,The Macallan 12 Yr Old,750mL,1,1
3682,Belvedere Vodka,750mL,1,1
35650,Penley Est Phoenix Cab Svgn,750mL,2,1
28239,Fetzer Eagle Peak Merlot,1.5L,2,1
18836,Coppa La Rocca Gavi,750mL,2,1
15504,Mollydooker The Boxer Shiraz,750mL,2,1
8508,Celtic Honey Liqueur,750mL,1,1
12089,Northstar Merlot Walla Walla,750mL,2,1
15006,B & G Pouilly Fuisse,750mL,2,1
19334,Amadeo Chianti,750mL,2,1
2912,Platte Valley KY Moonshine,750mL,1,1
5697,Metcalfe's Maple Liqueur,750mL,1,1
6742,Rodney Strong Chalk Hill Cha,750mL,2,1
19228,San Callisto Montepulcno 09,750mL,2,1
7867,Tooters Red-diculous 15 Pk,375mL,1,1
46819,Kaiken Malbec Mendoza,750mL,2,1
4074,Blue Chair Bay White Rum,750mL,1,1
26175,Tom Gore Svgn Bl,750mL,2,1
17519,Barboursville Rsv Cab Franc,750mL,2,1
10715,C Y Toro Privada Rsv Casa Di,750mL,2,1
22866,Vino Dious Cab Svgn Rose 13,750mL,2,1
3894,Zhenka Vodka 100 Proof,1.75L,1,1
26945,Ferrari-Carano Fume Bl,750mL,2,1
15043,Cuvee Aurora Rose Sparkling,750mL,2,1
39600,R M Woodbridge Merlot Cal,187mL 4 Pk,2,1
977,McCormick Scotch,Liter,1,1
7383,BeatBox Blue Razzberry Rtd,5L,1,1
23948,Ch La Croix Lartigue 09,750mL,2,1
16878,Goosebump Velvety Red,750mL,2,1
1226,Lexington Bourbon,750mL,1,1
2059,Backbone Blended Bourbon,750mL,1,1
22617,Viberti Barbera D'Alba Gemel,750mL,2,1
47011,Freemark Abbey Chard Napa,750mL,2,1
2308,Wild Turkey Honey VAP,750mL,1,1
5368,Midori Melon Liqueur,750mL,1,1
18893,19 Crimes Red,750mL,2,1
8700,Beringer Knights Vly Cab Svg,750mL,2,1
23307,Ch St Sulpice,750mL,2,1
585,1800 Reposado Gold Tequila,Liter,1,1
24930,L'Ecole No 41 Cab 12 Walla W,750mL,2,1
33586,Fattoria Del Cerro Vino Nob,750mL,2,1
27549,Whitman Express Pnt Blanc,750mL,2,1
1667,Redbreast 21 Yr Old Irish,750mL,1,1
20602,Pali Pnt Nr Rancho La Vina,750mL,2,1
8614,Sutter Home Znfdl,750mL,2,1
22225,Gifft Chardonnay,750mL,2,1
15647,Tortoise Creek Znfdl,750mL,2,1
21684,Underwood Pnt Nr,750mL,2,1
24489,Hunt & Harvest Cab Svgn,750mL,2,1
17754,Chocolate Shop Red,750mL,2,2
934,Tanteo Jalapeno Tequila,750mL,1,1
41558,Sydney Ann Pinot Grigio Ver,750mL,2,1
20167,Plungerhead Lodi Cab Svgn,750mL,2,1
13669,Folk Machine Pnt Nr,750mL,2,1
2849,Tullibardine 20 YO Highland,750mL,1,1
5760,Grand Marnier Rasp-Peach,50mL,1,1
685,Caravan Cab Svgn,750mL,2,1
834,Bols Brown Creme de Cacao,Liter,1,1
41415,Crios Cab Svgn,750mL,2,1
24097,Gallo Copperidge Chard Cal,750mL,2,1
22474,The White Doe White,750mL,2,1
19769,Kismet Wine Papa's All-Black,750mL,2,1
39792,Bolgheri Ornellaia Le Serre,750mL,2,1
11213,Meiomi Pnt Nr,750mL,2,1
42099,Bota Box Pnt Grigio Cal,3L,2,1
42348,Livingston Sangria Natural,1.5L,2,1
43430,Mont Gras RSV Colch Carmener,750mL,2,1
16380,Duboeuf Bjls Nouveau 2014,750mL,2,1
10380,Santa Cristina Pnt Grigio,750mL,2,1
20459,Hardys Nottage Hill Chard,750mL,2,1
19377,The Naked Grape Pnt Nr,3L,2,1
17462,Zacharias Cab Svgn,750mL,2,1
5952,Jagermeister Liqueur,50mL,1,1
42789,Greg Norman Pnt Nr Cal Est,750mL,2,1
21100,Robert Hall 13 Syrah,750mL,2,1
20018,Camelot Cab Svgn,750mL,2,1
6593,Souverain Chard N Cst,750mL,2,1
18664,Corvo Moscato Siciliarvo,750mL,2,1
30735,Sonoma-Cutrer Cutrer V Chard,750mL,2,1
356,Carolans Irish Cr Gift Set,750mL,1,1
29407,Wild Horse CC Merlot,750mL,2,1
18332,Ch Daqueria Tavel Rose,750mL,2,1
35644,Grenache/Shirz Stump Jump,750mL,2,1
21581,Epiphany Revelation,750mL,2,1
2016,Ardbeg Perpetuum Single Malt,750mL,1,1
1020,B & B Dom VAP,750mL,1,1
14419,Livingston Cellars Pinot Nr,1.5L,2,1
26490,Ch Beaulieu Rose Cote d Prov,750mL,2,1
25494,Avante Mencia 09 Castilla Y,750mL,2,1
4246,Bacardi Superior Rum,375mL,1,1
3367,Pinnacle Pomegranate Vodka,750mL,1,1
5242,Cointreau Liqueur,750mL,1,1
2039,Herradura Reposado #14 BtB,750mL,1,1
35667,Redwood Creek Merlot Cal,750mL,2,1
22554,Jadot Pernand Croix Blanc 12,750mL,2,1
4223,Bacardi Gold Rum,1.75L,1,1
2062,Woodford Reserve Bourbon,1.75L,1,1
3227,Taaka Gin,1.75L,1,1
4054,Patron XO Cafe Liqueur,375mL,1,1
4386,Casa Noble Reposado,750mL,1,1
35358,Cataldi Madonna Malandrino,750mL,2,1
3058,Three Olives Vodka,50mL,1,1
19374,The Naked Grape Cab Svgn,3L,2,1
18378,Stark Raving Cab Svgn,750mL,2,1
24784,Roncolato Pnt Grigio Veneto,750mL,2,1
14133,Yellow Tail Tree Free Chard,750mL,2,1
2749,John Begg Blue Cap,1.75L,1,1
18856,Barefoot Refresh Sweet White,750mL,2,1
8491,Forbidden Secret Dark Mocha,750mL,1,1
14110,Bodegas Numanthia Termes,750mL,2,1
8159,Jose Cuervo Especial,1.75L,1,1
19397,Thunevin Calvet Cuvee Constn,750mL,2,1
2540,Antiquary 12 Yr Old Scotch,750mL,1,1
41787,Ferrari-Carano Cab Svgn Alex,750mL,2,1
4077,Blue Chair Bay Coc Spced Rum,750mL,1,1
2208,WhistlePig 10 Yr Old Rye,750mL,1,1
13446,La Crema Pnt Nr Sonoma Coast,375mL,2,1
20061,Ch Pavie 10 Brdx,750mL,2,1
5073,DeKuyper O3 Orange Liqueur,750mL,1,1
2517,Balvenie 14 Yr Caribean Cask,750mL,1,1
15584,Ch Vrai Caillou Wh Brdx,750mL,2,1
14920,Broadbent Gruner Veltliner,Liter,2,1
4764,Flor de Cana Gran Rsv Rum,750mL,1,1
39062,Shelton Wild Thing Znfdl,750mL,2,1
17837,Alverez de Toledo Mencia Rbl,750mL,2,1
21412,Cesari Bardolino Chiaretto,750mL,2,1
23078,Sbragia Home Ranch Merlot,750mL,2,1
24329,Ch Cos d'Estournel St-Est 12,750mL,2,1
46882,Urban Rsl Mosel,750mL,2,1
12258,Rex Goliath Cab Svgn Free Ra,1.5L,2,1
4787,Appleton Special Gold Rum,1.75L,1,1
17814,Ruffino Chianti Clsc Rsv Gld,750mL,2,1
2494,Crown Royal Regal Apple,1.75L,1,1
12945,Middle Sister Mischief Maker,750mL,2,1
39411,Mirassou Chard Cntrl Coast,750mL,2,1
8322,Chi Chi's Ruby Red Margarita,1.75L,1,1
37419,Provenance Cab Svgn Rutherfd,750mL,2,1
287,The Bitter Truth Falernum,750mL,1,1
6115,Midnight Moon Raspberry,750mL,1,1
8986,Sauza Blue Silver VAP,750mL,1,1
828,Bols Sloe Gin,Liter,1,1
45577,Pacifico Sur Chard Curico,750mL,2,1
16148,Cavit Alta Luna Pnt Nr,750mL,2,1
25634,Trader Joe's Petit Rsv Znfdl,750mL,2,1
2889,Buchanans Deluxe 12Yr Scotch,750mL,1,1
34439,Toad Hollow Mendocino Chard,750mL,2,1
35103,Ruffino Chianti Superiore,750mL,2,1
13709,Jam Jar Sweet Shiraz,750mL,2,1
38106,Canyon Oaks Merlot Cal,750mL,2,1
39434,Cambas Nemea RSV Attica Rd,750mL,2,1
897,Montezuma Blue,Liter,1,1
12212,Black Box Svgn Bl,3L,2,1
34193,Kangarilla McLaren Vl Shiraz,750mL,2,1
33111,Marques de Gelida Cava Spai,750mL,2,1
16317,Noble Vines 446 Chard Monter,750mL,2,1
12235,Murrieta's Well The Spur,750mL,2,1
874,DeKuyper Creme de Banana,Liter,1,1
23596,Menage A Trois Znfdl,750mL,2,1
27014,Jean-Claude Boisset Gev-Chmb,750mL,2,1
22809,Opici Toscano Twist Neck 12,750mL,2,1
21326,Kim Crawford Svgn Bl Sptfire,750mL,2,1
8840,Burnetts Gin,1.75L,1,1
28156,Sauvion Vouvray,750mL,2,1
2686,AnCnoc 12 Yr Old Scotch,750mL,1,1
40559,McManis Cab Svgn Cal,750mL,2,1
37310,Salmon Run Coho Red NY,750mL,2,1
23828,Ermisch Pnt Nr Erendira Rise,750mL,2,1
8923,Taylor Lake Country Wh,3L,2,1
765,Vincent Van Gogh Dutch Choc,750mL,1,1
25156,Champagne Malard Grand Cru B,750mL,2,1
16998,Ch Rauzan Segla Margaux 09,750mL,2,1
90088,Ch Le Petite Mouton 12 Pauil,750mL,2,1
4595,Don Pancho Origenes 18Yr Rum,750mL,1,1
2580,Barr Hill Gin,750mL,1,1
16394,Ghost Pines Red L Martini,750mL,2,1
4701,Fabrizia Limoncello,750mL,1,1
8236,Jim Beam,50mL,1,1
18017,Verde Sole Pnt Grigio,750mL,2,1
5033,Fireball Cinnamon Whisky,Liter,1,1
3908,St George Green Chile Vodka,750mL,1,1
21017,Estancia Monterey County GSM,750mL,2,1
25843,Ch Bois du Fil Brdx,750mL,2,1
373,Fernet Branca Borgetti Cafe,750mL,1,1
3705,Smirnoff Sours Watermelon,50mL,1,1
28050,Morgan Winery Albarino,750mL,2,1
4309,Paul Masson Gr Amber Brandy,750mL,1,1
17296,Monte Velho Tinto Alentejo R,750mL,2,1
8637,Metaxa Ouzo,750mL,1,1
10051,Joseph Phelps Cab Svgn Napa,750mL,2,1
2972,Eagle Rare Bourbon 17 yr,750mL,1,1
20625,Monte Degli Angeli,750mL,2,1
24953,Chloe Prosecco,750mL,2,1
26281,Guigal Gigondas,750mL,2,1
27031,Opus One 2013,750mL,2,1
46201,Petite Petit Phillips Lodi,750mL,2,1
14983,Ken Wright Clrs Willa Pnt Nr,750mL,2,1
1999,Old Forrester 1870 Craft,750mL,1,1
36623,Talbott Sleepy Hollow Chard,750mL,2,1
26885,Jolivet Sancerre,750mL,2,1
25557,Kenwood Cab Svgn Sonoma,750mL,2,1
3622,Spud Potato Vodka,750mL,1,1
23934,Talmard Macon Chard,750mL,2,1
19606,Ch Fontenil Fronsac 10,750mL,2,1
29676,Hartley & Gisbon Pedro Zimen,750mL,2,1
25262,Ziobaffa Organic Tuscan Red,750mL,2,1
26344,A to Z Rsl,750mL,2,1
25348,Merlo Family Vyds Pnt Nr,750mL,2,1
3513,Ciroc Snap Frost Vodka,750mL,1,1
25995,Gallo Cafe Znfdl Cal,1.5L,2,1
5096,DeKuyper Peachtree Schnapps,750mL,1,1
3768,Jenkins Vodka,750mL,1,1
15916,Simply Naked Pnt Grigio,750mL,2,1
6762,Paul Masson Chablis,1.5L,2,1
19746,Van Ruiten Family Cab Svgn,750mL,2,1
27572,Kiona Late Harvest Chenin Bl,375mL,2,1
11926,The Crusher Cab Svgn,750mL,2,1
8096,Beefeater Gin,50mL,1,1
21080,Landmark Overlook Pnt Nr,750mL,2,1
22408,Three Wishes Merlot,750mL,2,1
5434,Southern Comfort Caramel,750mL,1,2
38392,Ch de Lascaux Rouge Langued,750mL,2,1
7990,Noilly Prat Sweet Vermouth,Liter,1,1
23095,Glen Ellen Cab Svgn RSV,1.5L,2,1
4160,Bacardi Gran Reserva Maestro,750mL,1,1
2826,Bowmore Small Batch Sngl Mlt,750mL,1,1
35581,Frogs Leap Merlot Napa,750mL,2,1
3121,Pinnacle Rainbow Sherbet,750mL,1,1
18269,Masi Serego Alighieri Amaron,750mL,2,1
957,Hangar One Blueberry Vodka,750mL,1,1
13941,Dom du Grand Tinel Ch d Pape,750mL,2,1
1498,Jefferson's Wood Experiment,200mL 5 Pk,1,1
25302,Barrique Chard,750mL,2,1
17144,Caposaldo Sweet Red Sprklng,750mL,2,1
21472,Ch Haut Bailly Pessac-Leogan,750mL,2,1
811,Jack Daniels No 7 Black,Liter,1,1
24369,Forefront Pine Ridge Znfdl,750mL,2,1
42766,14 Hands Merlot Wash,750mL,2,1
39517,J Lohr Seven Oaks Cab Svgn,1.5L,2,1
13795,Yellow Tail Tree Free Chard,1.5L,2,1
28943,Round Hill Common Man Chard,1.5L,2,1
24615,Pieropan Soave La Rocca,750mL,2,1
8385,Glenfiddich 1978 Rare Collct,750mL,1,1
11385,Poggio Al Lupo Tenuta Pnt,750mL,2,1
1893,Port Charlotte Scotch Barley,750mL,1,1
33028,Rombauer Cab Svgn Napa,750mL,2,1
23533,Yellow Tail Moscato Bubbles,750mL,2,1
16795,Salon Brut Bl de Bl 97,750mL,2,1
23287,Ch Lynch Bages Paulliac 11,750mL,2,1
25697,Artesa Cab Svgn Estate Rsv,750mL,2,1
45322,Zabrin de Fuego Garnacha,750mL,2,1
33961,Allegrini Amarone Clsc,750mL,2,1
44781,Nicolis Recioto Valpo Clsc,500mL,2,1
4206,Kirk and Sweeney 23 Yr Rum,750mL,1,1
22600,Jos Phelps Insignia 11,1.5L,2,1
16649,Cesari Valpo Classico,750mL,2,1
11239,Willamette Pnt Nr Valley,750mL,2,1
18747,Ca'Momi Rosso di Napa,750mL,2,1
25411,Artesa Rsv Chard,750mL,2,1
21166,La Crema Pnt Nr Williamette,750mL,2,1
25909,Merryvale Profile Napa,750mL,2,1
14834,White Elephant Vinum Cellars,750mL,2,1
10589,Vendange Wh Znfdl,750mL,2,1
19245,Hidden Crush Chard Cntrl Cst,750mL,2,1
27403,Dom du Touch Gasgogne Blanc,750mL,2,1
39995,Tisdale Cab Svgn Cal,750mL,2,1
5371,Dr McGillicudy's Buttersctch,50mL,1,1
24392,Ch Fuisse Pouilly Fuisse Tet,750mL,2,1
25886,Storybook Mt Znfdl Mayacamas,750mL,2,1
23679,A Bichot Secret de Fam PN,750mL,2,1
8076,Jadot Moulin-a-Vent Jacques,750mL,2,1
4140,Baroca White Rum,Liter,1,1
46424,Hob Nob Pnt Nr VDP D'Oc,750mL,2,1
29112,Perrin Gigondas,750mL,2,1
43433,SA Prum Rsl Essence Mosel,750mL,2,1
23871,Duckhorn Chard Napa Vly,750mL,2,1
15215,Migration Duckhorn Chard,750mL,2,1
6390,Chamucos Blanco Tequila,750mL,1,1
34777,Bandol Dom Gros Nore,750mL,2,1
20456,Duck Commander Wood Duck,750mL,2,1
24180,Boscarelli Vino Nobile Monte,750mL,2,1
22471,Dom Specht Rsl Alsace,750mL,2,1
204,Smirnoff Pineapple,Liter,1,1
21475,Ch St Jean Cinq Cep Cab Svgn,750mL,2,1
2454,Clynelish Single Malt Scotch,750mL,1,1
3450,260 Vodka,750mL,1,1
18770,Enza Prosecco,750mL,2,1
16520,Biagio Prosecco,187mL,2,1
25176,Casas Del Bosque Sauv Bl,750mL,2,1
37313,Salmon Run NY Rsl,750mL,2,1
12086,Candia Vyds Classic Cab Svgn,750mL,2,1
29155,Gallo Merlot Cal,187mL 4 Pk,2,1
20001,Soter Vyds North Vly Pnt Nr,750mL,2,1
26078,Locations CA Red,750mL,2,1
22663,Iron Horse Ocean Rsv Nationa,750mL,2,1
13835,Down Under Cellars Shiraz,1.5L,2,1
8617,Bacardi Black,750mL,1,1
44452,Ravenswood Zen of Zin Znfdl,750mL,2,1
2623,Ballantines,1.75L,1,1
2125,Glenfiddich 14 Yr Barrel Rsv,750mL,1,1
26427,Latour Pouilly Fuisse,750mL,2,1
36749,Framboise Pacific Rim Infusn,375mL,2,1
19935,Cielo Pnt Grigio,750mL,2,1
9115,Caffo Limoncino Dell'l Sola,750mL,1,1
11820,Scagliola Dolcesvago Moscato,750mL,2,1
46118,Tozai Snow Maiden Junmai Ngr,720mL,2,1
11279,Cabreo Il Borgo Toscana,750mL,2,1
22640,Crossbarn Cab Svgn,750mL,2,1
16540,Atamisque Malbec,750mL,2,1
19786,Warre's Vintage Port 2011,750mL,2,1
1392,Red Stag Hardcore Cider,750mL,1,1
23204,Benvolio Prosecco Italia DOC,750mL,2,1
2474,The Glenrothes Triple Pack,3/100mL,1,1
26450,Pere Anselme CDR Rose,750mL,2,1
1415,Old Grand Dad,750mL,1,1
33334,Cavit Pinot Grigio Delle Ve,187mL 4 Pk,2,1
5202,Dr McGillicuddy's Vanilla,750mL,1,1
1956,Balvenie 12 Yr Doublewood S,750mL,1,1
11153,Canyon Rd Chard,1.5L,2,1
37121,Flag Hill Apple Cran NH,750mL,2,1
21432,Ch Grande Pontet St Emilion,750mL,2,1
19809,Ch Lassegue 07 St Emilion AC,750mL,2,1
24678,Olivier Chanzy Chard VdFranc,750mL,2,1
27924,Barone Ricasoli Casalferro,750mL,2,1
31488,Barefoot Chard Cal,750mL,2,1
35318,Jewell Towne Marechal Foch,750mL,2,1
15089,Mont Redon Cotes du Rhone,750mL,2,1
6433,Avion Anejo Tequila,750mL,1,1
3599,Bakon Vodka,750mL,1,1
16583,Pali Huntington Pnt Nr,750mL,2,1
20413,Pepperjack Barossa Red,750mL,2,1
24243,Tenet Syrah The Pundit,750mL,2,1
11259,Jaboulet Crozes Herm 10 Thal,750mL,2,2
23745,Ch Angelus 12 St Emilion,750mL,2,1
19417,Latour 11 Merslt-Blgny P Cru,750mL,2,1
7535,Gekkeikan Sake,750mL,1,1
5912,Yeni Raki,750mL,1,1
23851,Louis M Martini Cab Svgn,750mL,2,1
44993,Red Truck Pnt Nr Cal,750mL,2,1
24349,Fess Parker Pnt Nr Bien Naci,750mL,2,1
22228,Luiano Ottantuno Chianti,750mL,2,1
20519,La Croix de Carbonnieux Roug,750mL,2,1
36208,Ch Bellevue Lussac St Emili,750mL,2,1
24847,Mureda Cab Svgn Organic,750mL,2,1
4226,Bacardi Superior Rum Trav,750mL,1,1
38850,Ravenswood Vntrs Bl Cab Svgn,750mL,2,1
26948,Ferrari-Carano Chard,750mL,2,1
5308,Paul Masson Red Berry Brandy,50mL,1,1
22534,Jadot Fixin 12,750mL,2,1
25866,Le Cirque Rouge,750mL,2,1
3387,Kinahan's Irish Whiskey,750mL,1,1
21538,La Merika Cab Svgn CC,750mL,2,1
39932,Cavit Pinot Grigio Del Vene,375mL,2,1
26862,La Quintinye Rouge Vermouth,375mL,2,1
10632,Vendange Chard,Liter,2,1
23616,.nparalleled Svgn Blanc,750mL,2,1
15979,Moonlight Meadery Wild,375mL,2,1
290,Aberlour A'Bunadh Sngle Malt,750mL,1,1
6241,Sutter Home Chard,750mL,2,1
2368,Balvenie 17 Yr Doublewood,750mL,1,1
18684,Mount Veeder Cab Svgn Napa,3L,2,1
2995,Jim Beam Maple,1.75L,1,1
2909,Lot No 40 Canadian Rye,750mL,1,1
3991,Georgi Watermelon Vodka,Liter,1,1
5614,Integre Citrus Vodka,750mL,1,1
26258,Ornellaia Bolgheri 13,750mL,2,1
23161,Loft Cab Svgn,3L,2,1
5849,GranGala Triple Orange,750mL,1,1
16669,Sweet Baby Vyds Blueberry,750mL,2,1
17167,Kendall Jackson Vntr RSV Zin,750mL,2,1
25325,Gran Moraine Y-C Chard OR,750mL,2,1
14505,Gazela Vinho Verde,750mL,2,1
18833,Sutter Home Red Moscato,750mL,2,1
20997,Grape & Vine Pnt Grigio,750mL,2,1
27489,Ladoucette Comte Lafond Sanc,750mL,2,1
17316,Damilano Lecinquevgne Barolo,750mL,2,1
10283,M D 20/20 Orange Jubilee,750mL,2,1
23267,Siduri Pnt Nr 13 Clos Pepe,750mL,2,1
27097,Vieux Telegraphe Chtnf Pape,750mL,2,1
21103,Farnum Hill Dooryard Still,750mL,2,1
20605,Viu Manent Cab Svgn La Capil,750mL,2,1
16775,Lucky Duck Moscato,750mL,2,1
24933,Lancaster Est Cab Svgn,750mL,2,1
44907,Guntrum Dry Trocken Rheinhsn,750mL,2,1
25431,Schlink Haus Kabinett,750mL,2,1
34628,Banrock Station Merlot Ausl,750mL,2,1
39348,Sterling Vintners Cltn Pnt N,750mL,2,1
4724,Patron Citronge Lime Liqueur,750mL,1,1
25282,Ransom Sweet Vermouth,500mL,2,1
11216,Red Truck Znfdl Sonoma Cnty,750mL,2,1
20954,Moonlight Meadery Last Apple,375mL,2,1
24200,Pacifico Sur Rsv Malbec,750mL,2,1
11067,Sterling Chard,750mL,2,1
1870,Oban Distiller's Edition,750mL,1,1
2952,Old Bushmills,750mL,1,1
247,Gran Patron Platinum Tequil,750mL,1,1
4034,Pura Vida Silver Tequila,750mL,1,1
16477,Cupcake Angel Food,750mL,2,1
17018,Riebeek Cellars Pinotage,750mL,2,1
4575,Brugal XV Rum,750mL,1,1
12149,Hobbs Crossbarn Pnt Nr RRV,750mL,2,1
788,Skinnygirl Cucumber Vodka,750mL,1,1
12690,Gramona Imperial Cava Gr Rsv,750mL,2,1
6198,Lazzaroni Sambuca,750mL,1,1
6356,Taylor Cream Sherry,1.5L,2,1
19755,Velvet Crush Red Blend,750mL,2,1
4103,Capt Morgan White,750mL,1,1
20419,Spalletti Toscana Rosso Palz,750mL,2,1
16174,Inkblot Cab Franc,750mL,2,1
3439,Broker's London Dry Gin,750mL,1,1
18427,Duckhorn Decoy Merlot Sonoma,750mL,2,1
36071,Ch La Mondot 10,750mL,2,1
35407,Blue Nun Rsl,750mL,2,1
23336,Ch Pavie St Emilion 11 Gr Cr,750mL,2,1
14846,Louro Do Bolo Godello White,750mL,2,1
27581,Zenato Valpolicella Clsc,750mL,2,1
39652,Sutter Home Pnt Grigio Cal,187mL 4 Pk,2,1
24664,M Chiarlo 10 Chiarlo Rosso,750mL,2,1
15510,Mollydooker Violinist Verdel,750mL,2,1
19091,Gen5 Cabernet Sauvignon,750mL,2,1
22672,Mumm Brut Cve Napa,187mL,2,1
2752,Johnnie Walker Black Label,750mL,1,1
41003,Yaegaki Nigori Sake,720mL,2,1
1424,Bulleit Bourbon,375mL,1,1
3416,Danziger Gold Vodka,750mL,1,1
25351,Cusumano Merlot,750mL,2,1
10578,Flying Fish Rsl Wash,750mL,2,1
19732,Rib Shack Red,750mL,2,1
24023,Cavit Merlot Trentino,750mL,2,1
23359,Ferrari Carano Cab Svgn Rsv,750mL,2,1
9035,Tempus Fugit Gran Classico,750mL,1,1
2088,The Glenlivet 25 Yr Old,750mL,1,1
27558,Donatella Cinelli Colombini,750mL,2,1
3485,Luksusowa Potato Vodka,1.75L,1,1
4149,Sailor Jerry Spiced Navy Rum,50mL,1,1
21129,St Supery Svgn Bl Napa,750mL,2,1
20465,Pali Wine Co Pnt Nr Durell,750mL,2,1
24710,Onix Classic Priorat,750mL,2,1
26871,Dom Dionysos Charline CdR Bl,750mL,2,1
38109,Canyon Oaks Shiraz Cal,1.5L,2,1
25374,Fratelli Urciuolo Fiano,750mL,2,1
8563,Chi Chi's Chocolate Malt RTD,1.75L,1,1
4813,Monteru Sherry French Brandy,750mL,1,1
3462,Absolut Ruby Red,750mL,1,1
41713,Fish Eye Merlot,750mL,2,1
37422,Stags Leap Fay Cab Svgn Napa,750mL,2,1
24856,Cantine Cantena Taurasi,750mL,2,1
25520,Nobilo Chard,750mL,2,1
35430,Planeta Chardonnay di Sicil,750mL,2,1
41172,Vendange Shiraz,500mL,2,1
4126,Brinley Shipwreck Mango Rum,750mL,1,1
26061,Centonze Frappato Rosso Sici,750mL,2,1
20442,Vigna Magana Dignus,750mL,2,1
3608,Smirnoff Orange Vodka,50mL,1,1
8517,Baileys Salted Caramel,750mL,1,1
2944,The Glenlivet Founders Res,750mL,1,1
4272,Smith & Cross Jamacian Rum,750mL,1,1
17671,Revelation Chard Pays D'Oc,750mL,2,1
37568,Staglin Cab Svgn Rutherford,750mL,2,1
19586,Ch Godeau St Emilion 10 Cru,750mL,2,1
26084,Gravel Bar Cab Svgn Columbia,750mL,2,1
27412,Peter Paul Bennett Vy Svgn B,750mL,2,1
27750,Wind Gap 14 Pinot Noir Sonom,750mL,2,1
16320,Ninety+Cellars Lot 42 Pnt Gr,750mL,2,1
4959,Bacardi Tangerine,50mL,1,1
39798,R M Woodbridge Pnt Grigio,187mL 4 Pk,2,1
4295,Ronrico Silver Rum,750mL,1,1
7830,Blossom Hill Wh Znfdl,1.5L,2,1
19609,Ch Guiraud Sauternes 10,750mL,2,1
14328,Palmaz Vyds Cab Svgn Napa,750mL,2,1
5623,Signatory Glen Grant 92 Cask,750mL,1,1
26771,Conterno Fantino Rosso Langh,750mL,2,1
6479,Clos du Bois Chard,750mL,2,1
40193,Mark West Chard Sonoma Cnty,750mL,2,1
28122,Dom Carneros Pnt Nr Napa Vly,750mL,2,1
18381,Block Nine Caiden Vyd Pnt Nr,750mL,2,1
39775,Bogle Svgn Bl Cal,750mL,2,1
5815,Godiva Dark Chocolate,750mL,1,1
29619,Schmitt Sohne Auslese,750mL,2,1
19045,San Polo Mezzopane 06 Toscan,750mL,2,1
18212,Pulenta Est Malbec Mendoza,750mL,2,1
7143,Smirnoff Watermelon Vodka,1.75L,1,1
26376,Orin Swift Palmero Cab Svgn,750mL,2,1
39111,Gekkeikan Sake Cap Ace,180mL,2,1
5128,Carolans Irish Cream,750mL,1,1
8202,Sambuca Romana,750mL,1,1
5669,Fabrizia Blood Orange,750mL,1,1
6456,Sutter Home Clsc Svgn Bl,187mL 4 Pk,2,1
38301,Neirano Pitul Moscato d'Asti,750mL,2,1
27063,A Bichot Montagny 1er Cru 14,750mL,2,1
29473,M & R Sweet Vermouth,Liter,2,1
860,Bols Orange Curacao,Liter,1,1
13595,Palagetto Brunello d Montlcn,750mL,2,1
26330,Cristom Pnt Nr Mt Jeffrson C,750mL,2,1
18753,Yellow Tail Sweet White Roo,1.5L,2,1
3754,Smirnoff Blueberry Vodka,750mL,1,1
25689,Nisia 13 O V Verdejo Rueda,750mL,2,1
10701,Yellow Tail Bubbles Rose,750mL,2,1
25892,Lila Svgn Bl 4 Pk Cans,250mL 4 Pk,2,1
24564,Chronic Cellars Suite Petite,750mL,2,1
27017,Bouchard Aine & Fils Pnt Nr,750mL,2,1
9373,Rothman & Winter Pear Liquer,750mL,1,1
3316,Ciroc Peach Vodka,375mL,1,1
3562,Pearl Vodka,50mL,1,1
40608,Pinotage Southern Right,750mL,2,1
26625,Maz Caz Rose,750mL,2,1
4249,Capt Morgan White Coconut,750mL,1,1
19360,Finca La Linda Cab Svgn,750mL,2,1
25643,Kunde Magnolia Lane Svgn Bl,750mL,2,1
18573,Mulderbosch Faithful Hound,750mL,2,1
2921,Full Throttle Strwbry Whisky,750mL,1,1
19655,Manifesto! Svgn Bl,750mL,2,1
3857,Grey Goose Vodka,1.75L,1,1
5185,Irish Manor Irish Cream,1.75L,1,1
25497,Triga Alicante Tinto 11,750mL,2,1
19260,The Beach House Pinot Grigio,750mL,2,1
276,Bushmills Black Bush,Liter,1,1
24418,Hidlago Panesa Fino Sherry,750mL,2,1
23831,Manon Rose de Provence,750mL,2,1
44730,Kendall Jackson Spcl Cab Svg,750mL,2,1
25746,Riojana Malbec,750mL,2,1
4498,Calvados Boulard Grnd Brandy,750mL,1,1
44292,Woop Woop Shiraz,750mL,2,1
1006,Jim Beam Candy Cane 4/50mLs,50mL 4 Pk,1,1
12662,Castillo Monastrell Red,750mL,2,1
13990,Big Claw White,750mL,2,1
3170,Pinnacle Orange Whipped,750mL,1,1
25105,EnRoute Chard Brumaire RRV,750mL,2,1
22941,Haut-Bailly Pessc Leognan 06,1.5L,2,1
12324,Conterno Fantino Barb Alba,750mL,2,1
21275,Honoro Vera Blanco Rueda,750mL,2,1
10455,Redtree Chard Cal,750mL,2,1
13303,Plungerhead Znfdl Lodi,750mL,2,1
31454,Foxhorn SE Chard Australia,1.5L,2,1
46599,Primaterra Primitivo,750mL,2,1
23877,Love Lane Carmenere,750mL,2,1
3811,Absolut Spark Vodka,750mL,1,1
23290,Ch Brane Cantenac Margaux 11,750mL,2,1
20880,Valmaggiore Nebbiolo d'Alba,750mL,2,1
23044,Phantom Bay Svgn Bl,750mL,2,1
25205,Silverado GEO Cab Svg,750mL,2,1
319,Peter Paul Bacigalupi Chard,750mL,1,1
2729,Hell-Cat Maggie Irish Whisky,750mL,1,1
14385,Moillard Ch D'Eau Pnt Nr,750mL,2,1
32782,Hardys Whiskers Blake Tawny,750mL,2,1
1650,Balcones TX Whisky Single Ba,750mL,1,1
24123,Garnacha de Fuego 14 Rose Ar,750mL,2,1
23436,Dom R Bouvier Marsny Rose 14,750mL,2,1
22649,San Felice Campogiovanni Bru,750mL,2,1
1009,Rebel Yell Variety Pack,750mL 3 Pk,1,1
173,Hornitos Reposado VAP,750mL,1,1
714,Allen's Peach Schnapps,Liter,1,1
22108,Emmolo Svgn Blanc,750mL,2,1
24518,Ray's Station Cab Svgn,750mL,2,1
45912,L'Ecole No 41 Chenin Bl OV,750mL,2,1
23190,Walt La Brisa Pnt Nr,750mL,2,1
46453,Mason Clrs Svgn Bl Pomelo,750mL,2,1
22895,Sutter Home Red Blend,750mL,2,1
45474,Belle Glos Alturas Pnt Nr,750mL,2,1
19340,Cannonball Svgn Bl,750mL,2,1
15261,Barefoot Cellars Sweet Red,187mL 4 Pk,2,1
7269,Gallo Fairbanks Wh Port,1.5L,2,1
107,Mr Boston Melon Liqueur,Liter,1,1
3688,Bowman's Light Vodka,1.75L,1,1
24415,Hidalgo Gobernador Oloroso S,750mL,2,1
26502,Laroche Chablis St Martin,750mL,2,1
13744,W Hill Est Chard Cntrl Cst,750mL,2,1
5254,DeKuyper Buttershots Schnpps,750mL,1,1
2549,WhistlePig 10Yr Rye,375mL,1,1
6748,Turning Leaf RSV Chard Cal,750mL,2,1
15902,Kosta Browne Pnt Nr RRV,750mL,2,1
21355,Cantina Gabriele Dolc White,750mL,2,1
11703,Macchia Mischievous Znfdl Lo,750mL,2,1
3047,Bully Boy Vodka,750mL,1,1
7412,Manischewitz Blackberry Kshr,750mL,2,1
23064,Liberty Creek Moscato,500mL,2,1
23562,Flip Flop Crisp White,250mL 4 Pk,2,1
27853,Brandini Dolcetto d'Alba,750mL,2,1
14551,Cava Mistinguett Brut,750mL,2,1
13718,Redwood Creek Malbec,1.5L,2,1
5062,Southern Comfort Lime,750mL,1,1
25789,Ch Pitot Brdx,750mL,2,1
13887,Nicolis Amarone Valpo Clsc,750mL,2,1
4398,Capt Morgan ParrotBay Pineap,750mL,1,1
5231,Bacardi Party Drinks Hurricn,1.75L,1,1
5872,Godiva Chocolate Liqueur,50mL,1,1
37840,Los Cardos Malbec Mendoza,750mL,2,1
4421,Cruzan Vanilla Flavored Rum,750mL,1,1
12536,La Garenne Entre Mer Wh,750mL,2,1
8122,Ty Ku Liqueur,750mL,1,1
26479,Ch Haut Lariveau Fronsac,750mL,2,1
3880,360 Double Chocolate Vodka,750mL,1,1
15782,Macon Villages Eugene Blanc,750mL,2,1
27143,Bouchaine Chard Carneros,750mL,2,1
24438,Quara Malbec,750mL,2,1
46496,Cavit Wine Pack,750mL 2 Pk,2,1
8102,Absolut Mandrin,1.75L,1,1
16758,Dolin Sweet Red Vermouth,750mL,2,1
16592,B & G Sauternes,750mL,2,1
18507,Cakebread Cab Svgn,750mL,2,1
15092,Anne Amie Pnt Nr,750mL,2,1
41985,Ridge Estate Cab Svgn,750mL,2,1
27163,Rio Madre 14 Rioja Tempranlo,750mL,2,1
27827,Jadot Cote de Nuits Vaucrain,750mL,2,1
2008,Rebel Yell Small Batch Rye,750mL,1,1
18109,Clos du Bois Unoaked Chard,750mL,2,1
18822,Sterling Carneros Pnt Nr,750mL,2,1
15951,Tenuta Sette Ponti Oreno,750mL,2,1
16443,Sans Liege Cotes du Coast Wh,750mL,2,1
25148,McNab Ridge Petite Sirah,750mL,2,1
25812,Ch Rombeau Elise 11,750mL,2,1
20814,Tarkettle Chard RRV,750mL,2,1
5795,Courvoisier L'Essence Cognac,750mL,1,1
26814,Simonnet-Febvre 14 Chablis,750mL,2,1
42603,3 Blind Moose Merlot Cal,750mL,2,1
39357,Bota Box Merlot Cal,3L,2,1
6064,Sauza Sprklg Wild Berry Marg,750mL,1,1
19881,Pravis Pnt Grigio Vignetti,750mL,2,1
3900,Bracero Reposado Tequila,750mL,1,1
16466,Gerard Bertrand Gr Terrier R,750mL,2,1
29201,La Terre Cab Svgn,1.5L,2,1
27286,Ch Malartic-Lagraviere PL 07,750mL,2,1
8620,Sambuca Romana,375mL,1,1
6579,J Lohr Riverstone Chard,750mL,2,1
41252,Beringer Classic Pnt Grigio,1.5L,2,1
8079,Gallo Fairbanks Red Port,750mL,2,1
37342,Dunn Vyds Cab Svgn Napa Vly,750mL,2,1
17989,Porta Vita Bianco,1.5L,2,1
26104,Spottswoode Cab Svgn Napa,750mL,2,1
6038,Brinley Gold Shipwrk Coconut,750mL,1,1
15825,Octave Vino Verde White,750mL,2,1
26645,Darting Rsl Kab,Liter,2,1
8520,Brady's Irish Cream,1.75L,1,1
46476,Tilia Malbec Mendoza,750mL,2,1
5105,Dr McGillicuddy's Mentholmnt,1.75L,1,1
17176,Beringer Classic Chard,1.5L,2,1
46725,Broadbent Auction RSV,750mL,2,1
18338,Mile Marker Pnt Gris,750mL,2,1
4192,Havana Club Anejo Blanco Rum,750mL,1,1
24587,Woodbridge Harvest Spice Red,750mL,2,1
5603,Gran Gala Liqueur,50mL,1,1
18089,Cavit Moscato,1.5L,2,1
20508,Calaches Lanessan Haut-Medoc,750mL,2,1
26994,Frank Family Vyds Chard,750mL,2,1
21006,Ch Lassegue 05 GC St Emilion,750mL,2,1
19191,Noble Vines 1 Red Blend,750mL,2,1
13867,Borealis Northern Whites,750mL,2,1
23021,Jarhead Red,750mL,2,1
883,Patron Burdeos Anejo Tequila,750mL,1,1
25228,D Guillot Broux Bourgogne,750mL,2,1
26353,Lago Rose,750mL,2,1
26851,Eric Kent Stiling Vyd Pnt Nr,750mL,2,1
17697,Pearls of Simplicity Junmai,720mL,2,1
2898,Scoresby Rare,750mL,1,1
5566,Grind Espresso Shot,750mL,1,1
10727,Starborough Svgn Bl Marlboro,750mL,2,1
3980,Hornitos Reposado Tequila,1.75L,1,1
32367,Cavit Pinot Noir Delle Vene,750mL,2,1
3731,Absolut Apeach,750mL,1,1
648,Tanqueray Rangpur Gin,Liter,1,1
25371,Alexander Vly Vyds Cab Svgn,375mL,2,1
16964,Magnolia Grove Cab Svgn,750mL,2,1
6648,Marcus James Merlot Mendoza,1.5L,2,1
44269,Codorniu Original Spklg Cava,750mL,2,1
38945,Franzia Sangria Fruity Red,5L,2,1
22629,Ryan Patrick Ryan's Rsl,750mL,2,1
399,S S Pierce 99 Vodka 80 Proof,Liter,1,1
19632,Ch de Pez 10 St Estephe Brdx,750mL,2,1
23356,Bacio Divino 12 Pazzo,750mL,2,1
43877,Duckhorn Svgn Bl Napa,750mL,2,1
23270,Campo Viejo Gr Cava Brut Rsv,750mL,2,1
13618,Terra d'Oro Znfdl Port,750mL,2,1
634,Cruzan Aged Light Rum,Liter,1,1
20024,Inglenook Rubicon 09,750mL,2,1
23897,Michel Chapoutier Vigne Rose,750mL,2,1
4521,Appleton Estate Reserve Rum,750mL,1,1
32908,Sterling Vintners Cltn Merlo,750mL,2,1
2606,Glenmorangie Original 18Yr,750mL,1,1
24003,Corbett Canyon Cab Svgn,1.5L,2,1
21341,Essenciel Paradis Prvnc Rose,750mL,2,1
2855,Master's London Dry Gin,750mL,1,1
9104,Oro de Oaxaca Mezcal,750mL,1,1
21590,Red Lace Luscious Red Blend,750mL,2,1
6940,Bolla Merlot,750mL,2,1
45294,C K Mondavi Willw Pnt Grigio,1.5L,2,1
35464,Stags Leap Artemis Cab Svgn,750mL,2,1
840,Bols Peach Flavored Brandy,Liter,1,1
24146,Louis Latour 12 Marsannay Bl,750mL,2,1
10621,Righetti Campolieti Valpo,750mL,2,1
20316,Smith & Hook Cab Svgn,3L,2,1
25769,R Mondavi Winery Cab Svgn Na,3L,2,1
24103,Filon Garnacha Calatayud,750mL,2,1
4229,Bacardi Black,1.75L,1,1
1232,Jack Daniels No 7 Black,750mL,1,1
3396,Smirnoff Vanilla Vodka,1.75L,1,1
3147,Stolichnaya Chocolat Kokonut,50mL,1,1
13967,Villa Sandi Il Fresco Prosec,750mL,2,1
20216,Conti Zecca Negroamaro 10,750mL,2,1
36197,Cavit Pinot Noir Delle Vene,187mL 4 Pk,2,1
24295,Motto Znfdl Unabashed,750mL,2,1
12052,Firesteed Rsl,750mL,2,1
19967,Ch Branaire Ducru 10 Brdx,750mL,2,1
43379,Edna Valley San Luis Cab Svg,750mL,2,1
34133,Turning Leaf RSV Cab Svgn,1.5L,2,1
43920,Farnum Hill Semi-Dry Cider,750mL,2,1
2755,Johnnie Walker Red Label,750mL,1,1
2214,James E Pepper Bourbon,750mL,1,1
24936,T-Vine Petite Sirah Napa,750mL,2,1
13575,Brownstone Pnt Nr,750mL,2,1
23854,Mazzocco Cab Svgn Sonoma,750mL,2,1
1132,Jack Daniels Honey & Fire Pk,375mL 2 Pk,1,1
20608,Villa Fassini Sangio/Cab,750mL,2,1
21149,Graffigna Centenario Cab Svg,750mL,2,1
34674,Warre's Altano Douro Portuga,750mL,2,1
14657,The Shepherd Svgn Bl,750mL,2,1
41215,Flag Hill Wild Blueberry Fr,750mL,2,1
21690,Kenwood Chard 12,750mL,2,1
10870,Bouza Tannat Las Violetas,750mL,2,1
35756,Ken Wright Freedom Hill Pnt,750mL,2,1
32988,Barefoot Cab Svgn Cal,750mL,2,1
6854,Carlo Rossi Burgundy Calif,4L,2,1
2609,Pigs Nose Scotch,750mL,1,1
44063,Valentin Bianchi Elsa Malbec,750mL,2,1
24166,Enzo Boglietti Barolo Fosati,750mL,2,1
22838,Vinchio Vaglio Barbera,750mL,2,1
23170,Marchesi di Barolo Sarmsa 07,750mL,2,1
5858,Ole Smoky Apple Pie Moonshin,50mL,1,1
27083,Santa Margherita Rose Brut,750mL,2,1
8537,Dom Chandon Brut Cuvee,750mL,2,1
2586,Jameson Irish Whiskey,50mL,1,1
17906,Kim Crawford Chard Unoaked,750mL,2,1
25185,Black Pearl Oro,750mL,2,1
16695,Ch Hyot Brdx Castillon,750mL,2,1
24853,Cantine Cantena Fiano Avelno,750mL,2,1
2918,Alibi Whiskey,750mL,1,1
23857,Pezzi King Chard Sonoma,750mL,2,1
711,Bitter Truth Celery Bitters,200mL,1,1
41169,Vendange Cab Svgn,500mL,2,1
903,Bombay Sapphire Gin,Liter,1,1
20800,Talamonti Moda Montepulciano,750mL,2,1
18879,LaBelle Winery Seyval Blanc,750mL,2,1
17219,Honoro Vera Garnacha Calatyd,750mL,2,1
12473,Ch Beauchene CDR White RSV,750mL,2,1
1398,Blantons Sgl Barrel Bourbon,750mL,1,1
16887,The Seeker Cabernet Svgn,750mL,2,1
1730,La Collection NH Summer,750mL,2,1
38112,Canyon Oaks Znfdl Cal,750mL,2,1
4816,Very Old Barton,750mL,1,1
35049,Ch Pesquie Cotes du Ventoux,750mL,2,1
1876,Midleton Rare Irish Whiskey,750mL,1,1
18733,Antinori Villa Chianti Class,750mL,2,1
880,Sobieski Vanilla Vodka,Liter,1,1
16200,Gramona Lustros Gr Rsva Cava,750mL,2,1
425,Hennessy Paradis,750mL,1,1
24143,Ozeki Platnm Junmai Dai Sake,300mL,2,1
23147,Ch Floreal Laguens Brdx,750mL,2,1
34508,Trinity Oaks Chard Cal,750mL,2,1
16864,Pacifico Sur Merlot,750mL,2,1
17405,Ch Haut-Bailly 09 Pessac Brd,750mL,2,1
45082,Hahn Pnt Nr Monterey,750mL,2,1
17196,Cocchi Vermouth di Torino Sw,750mL,2,1
46147,Calandray RSV Cotes Roussiln,750mL,2,1
10266,Klinker Brick Old Vine Znfdl,750mL,2,1
24335,Gran Passione Gavi,750mL,2,1
21673,Juan Gil Dry Wh Muscat Jumil,750mL,2,1
18756,Yellow Tail Pink Moscato,750mL,2,1
23665,Cooks Brut,187mL 4 Pk,2,1
20422,M Chiarlo Barberesco Anni 09,750mL,2,1
15507,Mollydooker Blue Eyed Boy,750mL,2,1
5102,Brinley Shipwreck Coconut Cr,750mL,1,1
2108,Ole Smoky Strawberry Lightin,750mL,1,1
25586,Rex Hill Williamette Pnt Nr,375mL,2,1
1189,Mad River 3 Pack Revolution,200mL 3 Pk,1,1
14279,Movendo Moscato,750mL,2,1
13492,Barefoot Cellars Pnt Nr,1.5L,2,1
12951,Purple Cowboy Red,750mL,2,1
5125,DeKuyper Anisette,750mL,1,1
3797,Skinnygirl Sweet'Arita,1.75L,1,1
34763,Mas Donis Montsant Old Vines,750mL,2,1
2131,Jack Daniels No 7 Black Trav,375mL,1,1
5789,Tomahawk Maple Cream Liqueur,750mL,1,1
19443,Cave de Tain St Joseph Red,750mL,2,1
21109,Les Lauzeraies Tavel,750mL,2,1
24312,Ch Clos Fourtet 12 St-Emilin,750mL,2,1
43685,Babich Svgn Bl Marlboro,750mL,2,1
42188,Moet & Chandon Nectar Imp Rs,750mL,2,1
3651,Belvedere Vodka,50mL,1,1
233,Tullamore Dew 12 Yr Old,750mL,1,1
4315,Rumson's Spiced Rum,750mL,1,1
21627,Ferrari Carano Pnt Grigio,750mL,2,1
5643,Flag Hill Blueberry Liqueur,375mL,1,1
14471,De Loach Merlot Cal,750mL,2,1
18384,2 Copas Spain White,750mL,2,1
20963,Stags Leap Hands of Time Chr,750mL,2,1
24876,Wine & Soul Manoela Douro,750mL,2,1
25563,Elvio Cogno Barbera D'Alba B,750mL,2,1
13661,Duckhorn Decoy Pnt Nr,750mL,2,1
19489,Heavyweight Cab Svgn,750mL,2,1
45752,Root 1 Svgn Bl,750mL,2,1
36383,F Coppola Sofia Bl de Bl,750mL,2,1
18948,Austin Hope 10 Syrah,750mL,2,1
19071,J Lohr Valdiguie Monterey,750mL,2,1
3628,Montanya Platino Rum,750mL,1,1
21481,Chateau Giscours Margaux,750mL,2,1
26891,Predator Cab Svgn,750mL,2,1
42211,Parker Stn Snt Barbra Pnt Nr,750mL,2,1
19612,Ch Petit Bocq Cru Borgeos 10,750mL,2,1
1358,Knob Creek Bourbon,1.75L,1,1
6267,Kinky Gold Liqueur,750mL,1,1
5188,Cointreau Noir Liqueur,750mL,1,1
14342,Cupcake Pnt Nr,750mL,2,1
21172,Ornellaia Bolgheri 11,750mL,2,1
3860,Jose Cuervo Cinge,750mL,1,1
26496,Gosset Excellence Brut,750mL,2,1
6184,Glen Ellen Cab Svgn RSV,750mL,2,1
22168,Tangent Pnt Gris,750mL,2,1
22500,Chaman Petit Verdot,750mL,2,1
14425,Ch Musar Rouge,750mL,2,1
17342,Salmon & Trout Bordeaux Blnc,750mL,2,1
25500,KJ Est Chard Santa Maria Vly,750mL,2,1
36907,Dom Tempier Bandol Rg,750mL,2,1
27515,Clos du Bois RSV Chard RRV,750mL,2,1
8082,Baileys Irish Cream,1.75L,1,1
19357,Kendall Jackson Vntnr Rsv Ch,375mL,2,1
5875,Malibu Light Bl Hawaiian RTD,1.75L,1,1
11199,Carpene Malvolti Prosecco,750mL,2,1
2045,Monkey 47 Dry Gin,375mL,1,1
1049,Old New England Pumpkin Nog,750mL,1,1
31345,Cecchi Cern Chianti Clsc RSV,750mL,2,1
920,Sobieski Vodka,Liter,1,1
4252,Bacardi Limon Rum,50mL,1,1
1252,Jim Beam Bonded Bourbon,750mL,1,1
21564,Folk Machine Parts & Labor R,750mL,2,1
22297,Zorvino Vyds Pearz,750mL,2,1
7890,Barrow's Intense Ginger,750mL,1,1
23379,Luiano Sangiovese,750mL,2,1
23625,Apimed Old Slavic Mead Dark,750mL,2,1
23293,Ch Pavie Macquin St Emiln 11,750mL,2,1
8391,Cabrito Blanco,750mL,1,1
18965,Sprinkle Chard,750mL,2,1
27707,Daou Reserve Seventeen Forty,750mL,2,1
40545,Whitehaven Svgn Bl Marlboro,750mL,2,1
35590,Tiziano Chianti,750mL,2,1
966,Patron Citronge Orange Liqu,750mL,1,1
18278,Cecchi Nobile Montepulciano,750mL,2,1
16655,Dom Bousquet Cab Svgn Mendza,750mL,2,1
22901,Hermann J Wiemer Dry Rsl,750mL,2,1
15659,Chickadee CA Pnt Nr,750mL,2,1
26688,Dom Faiveley 14 St George AC,750mL,2,1
40213,Gramona Gessami Penedes,750mL,2,1
10704,Brownstone Cab Svgn Cal,750mL,2,1
43545,Carlo Rossi RSV Merlot Cal,1.5L,2,1
17282,Ch Fugue de Nenin 09,750mL,2,1
15327,Rex Goliath Svgn Bl,750mL,2,1
16950,Rex Goliath White,750mL,2,1
857,Kahlua,Liter,1,1
5440,Jagermeister Liqueur,1.75L,1,1
11932,Castello Banfi Belnero Prop,750mL,2,1
2440,Platte Valley Fireshine,750mL,1,1
6768,Sutter Home Merlot Cal,750mL,2,1
1112,Ardbeg Exploration Pk +50mls,750mL,1,1
21418,G Bertrand CdRoses Blanc Lan,750mL,2,1
18424,Poggio Altero Antico Brunllo,750mL,2,1
7996,Stock Italian Sweet Vermouth,750mL,2,1
3668,Belvedere Polish Vodka,1.75L,1,1
5334,Kahlua Especial,750mL,1,1
11826,Cupcake Chard,750mL,2,1
20439,Torremoron Tinto,750mL,2,1
20980,Valley of the Moon Blend 41,750mL,2,1
22646,Guillaume Vrignaud Chablis,750mL,2,1
22105,Castello Di Cacchiano Chiant,750mL,2,1
2237,Edradour 10 Yr Single Malt,750mL,1,1
21959,Le Grande Courtage Brut,187mL,2,2
19549,Opici White Sangria,3L,2,1
37943,Columbia Crest Twin Vns Merl,750mL,2,1
8729,Smirnoff Light Strawberry,50mL,1,1
22798,Elk Cove La Boheme Pnt Nr,750mL,2,1
27369,Herencia del Padri Priorat,750mL,2,1
27123,Alessio Chinato Vermouth,750mL,2,1
23041,Spring Valley Katherine Cab,750mL,2,1
4401,Papa Pilar Double Barrel Rum,750mL,1,1
3565,Ultimat Vodka,750mL,1,1
10057,Rocca delle Macie Sasyr Tscn,750mL,2,1
3319,Imperia Russian Vodka,750mL,1,1
26287,DeWetshof Bon Vallon Chard,750mL,2,1
6960,Cooks Brut,750mL,2,1
42420,Yellow Tail Pnt Grigio Ausl,750mL,2,1
13993,Sartori Family Pnt Grigio,750mL,2,1
25649,De Loach Chard Cal,750mL,2,1
1550,Jack Daniels Tennessee Fire,100mL,1,1
19944,Cielo Pnt Grigio,1.5L,2,1
25354,Calmel & Joseph Terra Larzac,750mL,2,1
2632,Partida Tequila Blanco,750mL,1,1
25895,JeanJean Terrasses Larzac 13,750mL,2,1
26436,Savory & James Amontillado,750mL,2,1
19403,The Seeker Rose,750mL,2,1
24813,Looking Glass Cab Svgn,750mL,2,1
31909,Catena Lunlunta Malbec Argn,750mL,2,1
6937,Cavit Pinot Grigio,1.5L,2,1
3522,Platinum 7X Distilled Vodka,1.75L,1,1
23253,Summers Cab Svgn Rsv,750mL,2,1
1696,Imperial Blended Whiskey,1.75L,1,1
14099,Douglass Hill Merlot,750mL,2,1
27166,Dom Giraud 14 CdR Rouge,750mL,2,1
24249,Montes Spring Harvest Svgn B,750mL,2,1
4020,Clement Creole Shrubb Orange,750mL,1,1
6416,La Fee NV Absinthe,750mL,1,1
22234,Casalini Monteplciano D'Abrz,750mL,2,1
3711,Three Olives Mango Vodka,750mL,1,1
3213,Smirnoff Pomegrante Vodka,750mL,1,1
23230,High Valley Svgn Bl 13 Lake,750mL,2,1
2715,Teeling Single Grain Whiskey,750mL,1,1
29181,Cantele Primitivo Salento,750mL,2,1
27189,Jamieson R Double Lariat Cab,750mL,2,1
47014,Juan Gil Jumilla Rd,750mL,2,1
26456,Ravenswood Vntnrs Blnd Chard,750mL,2,1
6227,Bastille 1789 French Whiskey,750mL,1,1
12390,Volpe Rossa Pnt Grigio,750mL,2,1
20050,Occhio A Vento Vermentino,750mL,2,1
14883,Little Yering Pnt Nr Yarra V,750mL,2,1
1484,Knob Creek Rye,1.75L,1,1
21046,Eden Ice Windfall Orchard,187mL,2,1
817,Gordons Vodka,Liter,1,1
2480,Kavalan Concertmaster,750mL,1,1
7458,New Amsterdam Citron Vodka,Liter,1,1
8454,Tres Agaves Anejo Tequila,750mL,1,1
23061,Navarro Vyds Chard,750mL,2,1
22065,Dom Zind Humbrecht Rsl 12,750mL,2,1
10163,Andre Bjls Vlgs La Treille,750mL,2,1
17345,Bogle Essential Red,750mL,2,1
15264,Bridlewood Cab Svgn,750mL,2,1
7266,Fonseca Bin No 27,750mL,2,1
23920,Broadside Cab Svgn Paso Rob,750mL,2,1
26499,Ch Gassier Espirit CdProvenc,750mL,2,1
2025,J Seeds Apple Cider Whiskey,750mL,1,1
19337,Robert Mondavi Chard Rsv,750mL,2,1
4687,DeLuze VS Cognac,750mL,1,1
2672,Dewars White Label,50mL,1,1
508,Bacardi Superior Rum,Liter,1,1
19486,Franciscan Equilibrium White,750mL,2,1
6459,Freixenet Cordon Negro Extr,750mL,2,1
8623,Casamigos Anejo Tequila,50mL,1,1
23771,Ch Pichon Baron Pauillac 12,750mL,2,1
2174,Virginia Black Whiskey,750mL,1,1
23273,Apothic Crush,750mL,2,1
16781,Mica Cab Svgn,750mL,2,1
17322,Cortijo Rosado Rioja,750mL,2,1
25935,Gabbiano Chianti Clsc RSV,750mL,2,1
43290,Fish Eye Chard,1.5L,2,1
40757,Casa Julia Merlot Rapel,750mL,2,1
15138,Black Stallion Cab Svgn Napa,750mL,2,1
5228,DeKuyper Wh Cr de Menthe,750mL,1,1
8474,1800 Reposado Gold Tequila,1.75L,1,1
6725,Franzia Crisp White Tap,5L,2,1
32619,Schmitt Sohne Blue Rsl,1.5L,2,1
3236,Pinnacle Pecan Pie,750mL,1,1
29204,La Terre Merlot,750mL,2,1
1982,Herradura Silver Tequila,375mL,1,1
25958,DarkHorse Rose,750mL,2,1
23794,Anton Bauer Pnt Nr Rsv,750mL,2,1
5251,DeKuyper Buttershots Schnpps,50mL,1,1
8497,Kamora Coffee,750mL,1,1
1464,Tin Cup Whiskey,750mL,1,1
27432,Emilio Lustau Amontillado S,750mL,2,1
24727,Nardi Brunllo d Montlcino 10,750mL,2,1
22022,Lower East Side Cab Svgn,750mL,2,1
16071,Sasa VO Amarone del Valp Cla,750mL,2,1
25268,Cantine Maschio Sparkling Ro,750mL,2,1
25809,Hoopes Napa Cab Svgn,750mL,2,1
16612,McManis Barbera Jamie Lynn,750mL,2,1
7956,Bayou Satsuma Rum Liqueur,50mL,1,1
27973,Litoral Sauvignon Blanc,750mL,2,1
38899,L Martini Cab Svgn Sonoma,750mL,2,1
16761,Dolin Dry White Vermouth,750mL,2,1
22583,Cambria Julias Vyd Pnt Nr,750mL,2,1
25417,Kunde Cab Svgn Sonoma Valley,750mL,2,1
21089,Quivira Znfdl Dry Creek Vly,750mL,2,1
3777,Spring 44 Honey Vodka,750mL,1,1
25915,Hogue Cellars Chard Wash,750mL,2,1
41318,R Perrin Chtnf du Pape,750mL,2,1
21587,Celani Family Cab Svgn,750mL,2,1
29353,Elk Cove Pnt Nr Ore,750mL,2,1
11414,Beringer Classic Moscato,750mL,2,1
41212,A to Z Pnt Gris Ore,750mL,2,1
16240,Domino Chard,750mL,2,1
24398,Fleur de Pnt Nr California,750mL,2,1
17863,Tommasi Poggio Tufo Cab Svgn,750mL,2,1
26021,Nigl Gruner Veltliner Freiht,750mL,2,1
21693,Chalk Hill Pnt Nr RRV,750mL,2,1
21195,Paul Hobbs Las Piedras Cab S,750mL,2,1
20568,Ninety+Cellars Lot 94 Cab Sv,750mL,2,1
25523,Z Alexander Brown Uncage Red,750mL,2,1
36386,Kenwood Pnt Nr RRV,750mL,2,1
19572,Anakota Cab Svgn Helena Dako,750mL,2,1
551,Cruzan Aged Light Rum,750mL,1,1
42337,St Francis Red Sonoma,750mL,2,1
23900,Salmon Run Rose,750mL,2,1
24896,Pomino Vinsanto,750mL,2,1
6980,Midnight Moon Blueberry,750mL,1,1
731,Black & White Scotch,1.75L,1,1
24292,Olivier & Lafont Ventx Rouge,750mL,2,1
3648,UV Ruby Red Grapefruit Vodka,750mL,1,1
31866,F Coppola Diamond Merlot,750mL,2,1
15550,Talbott Pnt Nr Santa Lucia,750mL,2,1
24206,Flint & Steel Svgn Bl Napa V,750mL,2,1
25288,A Bichot Ch Gris Nuits 13 Ge,750mL,2,1
20960,Geyser Peak Tectonic Red,750mL,2,1
2652,Michter's American Whiskey,750mL,1,1
12304,Pigmentum Rose Malbec Vigour,750mL,2,1
2958,Dalwhinnie 15-Yr Single Mal,750mL,1,1
1962,Jim Beam Apple,750mL,1,1
4040,Clement Select Barrel Rhum,750mL,1,1
253,Poland Spring Vodka,Liter,1,1
24684,F Coppola Vendetta Cab/Malbc,750mL,2,1
21979,Massolino Dolcetto D'Alba,750mL,2,1
10618,14 Hands Rsl Wash,750mL,2,1
33987,Cavit Cab Svgn,1.5L,2,1
39981,Little Penguin Merlot Ausl,1.5L,2,1
14013,Joseph Mellot Sancerre White,750mL,2,1
37817,Frescobaldi Chianti Castigln,750mL,2,1
5855,Kahlua Salted Caramel,750mL,1,1
21003,Bonpas Ventoux Rouge Rhone,750mL,2,1
26997,Graffigna Gr Rsv Malbec,750mL,2,1
23167,Loft Chard,3L,2,1
1029,Fulton's Harvest Apple Pie L,750mL,1,1
8019,Bols Lychee,Liter,1,1
3193,Absolut Wild Tea,750mL,1,1
5357,Campari Negroni,Liter,1,1
18839,Mas Carlot Grenache Syrah,750mL,2,1
27644,Cline Znfdl Cal,750mL,2,1
18988,Franzia Chillable Red Tap,5L,2,1
27146,Codice Sierra Cantabria Red,750mL,2,1
14119,Zonin Prosecco Brut,187mL,2,1
37923,Five Rivers Cab Svgn,750mL,2,1
16824,Adissat Lirac,750mL,2,1
17949,OneHope Cabernet Sauvignon,750mL,2,1
27103,Apothic Inferno,750mL,2,1
24441,Underwood Cans Pnt Gris,375mL,2,1
24982,Molly Dooker Girl on the Go,750mL,2,1
24939,NH 1761 Walpole Rose,750mL,2,1
20654,Notarious Cab Svgn,750mL,2,1
12496,Cupcake Petit Sirah Cal,750mL,2,1
34136,Turning Leaf RSV Pnt Grigio,1.5L,2,1
35759,Ken Wright Shea Ore Pnt Nr,750mL,2,1
25480,Boyle MacDonald Cab Svgn Nap,750mL,2,1
4232,Castillo Silver Label Rum,Liter,1,1
3150,Svedka Mango Pineapple Vodka,750mL,1,1
6396,Taylor Dry Sherry,1.5L,2,1
10724,Canyon Rd Wh Znfdl,750mL,2,1
29118,Santa Rita RSV Merlot,750mL,2,1
33446,Takara Sake Sho Chiku Bai G,300mL,2,1
17216,Gerard Metz Pnt Gris,750mL,2,1
19380,O Wines Red,750mL,2,1
22626,Ryan Patrick Redhead Red,750mL,2,1
5165,Hpnotiq Liqueur,750mL,1,1
1378,Jim Beam,375mL,1,1
5706,Gr Marnier Raspberry Peach,750mL,1,1
4624,Meukow 90,750mL,1,1
837,Bols Creme de Banana,Liter,1,1
1919,Tullamore Dew Crock,750mL,1,1
3542,Vera Limon Vodka,750mL,1,1
2460,Old St Andrews Jumbo Golfbll,Liter,1,1
2443,Seagrams VO,1.75L,1,1
31494,Barefoot Merlot Cal,1.5L,2,1
190,Christian Bros Ruby Port,750mL,1,1
35075,Clos LaChance Chard,750mL,2,1
6688,Ch St Jean Chard California,750mL,2,1
8016,La Vieille Ferme Wh Rhone,750mL,2,1
3107,Don Julio 70th Anniversary,750mL,1,1
22340,Gerard Bertrand Languedoc Rg,750mL,2,1
15178,Tercos Torrontes,750mL,2,1
1779,Forged Oak Bourbon Whiskey,750mL,1,1
24332,Tortoise Creek Svgn Bl,750mL,2,1
44893,Dusted Vly Pitch Cab Svgn,750mL,2,1
36380,Sebastiani Znfdl Sonoma Cnty,750mL,2,1
213,Stolichnaya Blueberi,Liter,1,1
3084,Patron Silver Tequila,200mL,1,1
877,DeKuyper Creme de Cassis,Liter,1,1
34388,Kesselstatt Rsl RK QbA Mosel,750mL,2,1
7375,Riunite Lambrusco,750mL,2,1
26562,Zardetto Private Cuvee Glara,187mL,2,1
18072,Mixed Up Red,750mL,2,1
25898,Alexana Willamette Chard,750mL,2,1
35716,Miner Gary's Vyd Pnt Nr,750mL,2,1
16529,Naveran Cava Brut,750mL,2,1
43542,Carlo Rossi RSV Cab Svgn Cal,4L,2,1
18736,A Portela Mencia,750mL,2,1
17408,Ch Haut-Brion Pessac 09 Brdx,750mL,2,1
10910,Marcarini Barolo Brunate,750mL,2,1
38441,Toasted Head Cab Svgn,750mL,2,1
8726,Baileys Irish Cream,50mL,1,1
8895,Gloria Ferrer Brut,750mL,2,1
24378,Napa Highlands Meritage,750mL,2,1
5145,Malibu Island Spiced Rum,750mL,1,1
25211,Ch de Carles Brdx,750mL,2,1
27203,DeLoach Ethans Vyd Znfdl,750mL,2,1
21461,Ch Rayne Vigneau Sauternes,750mL,2,1
25706,North by Northwest Rose,750mL,2,1
25875,Ruffino Rose Sparkling,750mL,2,1
26539,Regnard Macon Lugny Chard,750mL,2,1
20133,Fancy Pants Cab Svgn,750mL,2,1
3817,Crop Meyer Lemon Vodka,750mL,1,1
3794,Cabo Wabo Reposado Tequila,750mL,1,1
8749,Lugny Les Charmes Macon,750mL,2,1
2466,Crown Royal Maple Whisky,1.75L,1,1
25729,Chappellet Mt Cuvee Napa,750mL,2,1
21438,Ch Boyd Cantenac Margaux,750mL,2,1
25188,Ch Les Granges Brdx,750mL,2,1
26516,West Side Wine Co Chard,250mL 4 Pk,2,1
25852,Dom Serene Rose,1.5L,2,1
15009,Sean Minor Cab Svgn,750mL,2,1
1023,Hennessy VSOP Cognac + 50mL,750mL,1,1
34906,Smoking Loon Syrah,750mL,2,1
21584,Fess Parker Ashleys Chard,750mL,2,1
19592,Ch Fonroque St Emilion 10,750mL,2,1
359,Brotherhood Holiday Spiced,750mL,1,1
22171,Lucienne Smith Vyd Pnt Nr,750mL,2,1
2938,Kennedy's Original Irish,750mL,1,1
12994,Acrobat Pnt Gris Oregon,750mL,2,1
3625,Absolut 80 Proof,750mL,1,1
32968,Alice White Chard Ausl,1.5L,2,1
44083,Wente Reliz Crk Pnt Nr,750mL,2,1
23150,Jekel Cab Svgn Monterey,750mL,2,1
336,Bols Genever Amsterdam,750mL,1,1
24478,ZIPZ Cab Svgn,187mL,2,1
12115,Long Lake Pnt Grigio Cal,750mL,2,1
2961,W.Laure Weller KY Bourbon,750mL,1,1
44106,Carmel Road Unoaked Chard Mo,750mL,2,1
22294,The Calling Pnt Nr RRV,750mL,2,1
21799,Ch Lafite Rothschild 10 Brdx,750mL,2,1
23791,Pio II Chianti 07,750mL,2,1
24873,Fontana Candida Pinot Grigi,750mL,2,1
1733,Ole Smoky Moonshine Peaches,750mL,1,1
1069,Spade&Bushel 10yr Irish Wsky,375mL,1,1
405,Jack Daniels & Coke,1.75L,1,1
22958,Cavit Select Red Blend,750mL,2,1
236,Loukatos Mastic Liqueur,750mL,1,1
900,Capt Morgan Parrot Bay Coco,Liter,1,1
12307,Avinyo Cava Brut,750mL,2,1
45016,Neal One Lane Bridg Cab Svgn,750mL,2,1
45457,R Mondavi Meritage Pvt Slctn,750mL,2,1
34219,Simi Merlot,750mL,2,1
13489,Don Miguel Gascon Malbec Rsv,750mL,2,1
44916,Ferreira Dona Antonio RSV,750mL,2,1
22194,Placido Pinot Grigio Venezi,1.5L,2,1
46785,Oops Spicy Splendr Carmenere,750mL,2,1
382,McCormick Irish Cream Liquer,Liter,1,1
2251,Canadian Hunter Whisky,50mL,1,1
21112,Wicked Bold Cab Svgn,750mL,2,1
21653,Pendulum Red,750mL,2,1
23522,13 Celsius Svgn Bl,750mL,2,1
11743,Parducci Sustainable White,750mL,2,1
22440,S Aviron 12 Fleurie Madrieir,750mL,2,1
923,DeKuyper Peach Pucker,Liter,1,1
22858,Canary Hill Vyd Pnt Nr,375mL,2,1
10415,Le Pive Rose Gris,750mL,2,1
4358,Mr Boston Light Rum,750mL,1,1
26247,Roederer Brut Premier,750mL,2,1
20674,Tolaini Al Passo Toscana,750mL,2,1
24670,Freemark Abbey Cab Svgn Ruth,750mL,2,1
113,Mr Boston Cr de Cacao Brown,Liter,1,1
17093,Guidobono Barbera D'Alba,750mL,2,1
20425,Fattoria Pagliaatura Verm 11,750mL,2,1
4109,Hennessy Paradis Imperial,750mL,1,1
1856,Four Roses Elliott's Select,750mL,1,1
3422,Beefeater,750mL,1,1
2543,Darnley's View Gin,750mL,1,1
8580,Alize Coco Liqueur,750mL,1,1
1215,Tullibardine Sherry Finish,750mL,1,1
25560,Piledriver Red Blend 13,750mL,2,1
18859,Mercat Brut Nature,750mL,2,1
25357,Bench Cab Svgn,750mL,2,1
754,Stolichnaya Sticki Vodka,750mL,1,1
26685,Ch Fuisse Pouilly Le Clos 14,750mL,2,1
31202,Beringer Fndrs Est Chard,750mL,2,1
13558,Merry Edwards Pinot Noir RRV,750mL,2,1
3230,Svedka Grapefruit Jalapeno,750mL,1,1
17047,Murphy-Goode All In Claret,750mL,2,1
2984,Diva Platinum Citrus Infused,750mL,1,1
23296,Livingston Burgundy Calif,1.5L,2,1
43937,P Jaboulet Hrmtg 10 Chapelle,750mL,2,1
20628,Clos Amador Brut Cava,750mL,2,1
3917,Smirnoff Peppermint Twist,50mL,1,1
3376,Tommy Guns Vodka,750mL,1,1
2589,Jameson Irish Whiskey,1.75L,1,1
35885,Due Torri Pinot Grigio Dell,750mL,2,1
18364,Lost Angel Moscato,750mL,2,1
25606,Hoopla Chardonnay,750mL,2,1
2048,The London No 1 Gin,750mL,1,1
3671,Stolichnaya Razberi,50mL,1,1
23983,King Estate Dom Pnt Nr 12,750mL,2,1
13950,Cade Svgn Bl Napa Cuvee,750mL,2,1
16360,Columbia Winery Merlot,750mL,2,1
16260,The Dreaming Tree Cab Svgn,750mL,2,1
3276,Gordons London Dry,1.75L,1,1
5191,Fireball Cinnamon Whiskey,375mL,1,1
6857,Sutter Home Wh Znfdl,1.5L,2,1
6270,Shady Fruit Valencia Orange,50mL,1,1
14096,Citation Chard,750mL,2,1
17339,Chicken & Turkey Cotes du Rh,750mL,2,1
19841,Ch Clos Fourtet 10 Brdx,750mL,2,1
4942,Cruzan 151 Aged Rum,750mL,1,1
21169,Honoro Vera Organic Jumilla,750mL,2,1
15424,Santa Ema Cab Svgn Rsv,750mL,2,1
8434,1800 Select Silver Tequila,750mL,1,1
36572,Matanzas Creek Merlot Sonoma,750mL,2,1
19254,Yosemite Road Moscato,750mL,2,1
25503,Bouchaine Terraces Vyd Pnt N,750mL,2,1
29433,Clos du Val Carneros Chard,750mL,2,1
18613,Juve Y Camp Rose Brut Pnt Nr,750mL,2,1
16990,Santa Cristina Antinori Wh,750mL,2,1
5629,RumChata Liqueur,3/100mL,1,1
18275,Sartori Valpolicella Cls,750mL,2,1
16947,Altadonna Nero D'Avola,750mL,2,1
6957,Torna Sorrento Limoncello,750mL,1,1
26439,Chene Bleu Rose,1.5L,2,1
3963,Menage A Trois Vodka,750mL,1,1
24816,Looking Glass Wh Znfdl,750mL,2,1
6565,Clos du Bois Cab Svgn N Cst,750mL,2,1
4896,Hiram Walker Coffee Brandy,1.75L,1,1
3568,Pearl Cucumber Vodka,50mL,1,1
17385,Ch La Fleur Patris-Querre 09,750mL,2,1
17880,Manabito Ginjo Sake,720mL,2,1
15470,Achaval Ferrer Quimera,750mL,2,1
18962,Clos du Bois Chard Calcaire,750mL,2,1
18467,K Vintners Cab Svgn Stonerid,750mL,2,1
4796,Caravella Limoncello,750mL,1,1
5337,Drambuie,750mL,1,1
27813,Warre's Warrior Port,750mL,2,1
17485,Barefoot Cellars Red Moscato,1.5L,2,1
19108,Toasted Head BB Oaked Svgn B,750mL,2,1
6273,Vendange Wh Znfdl,1.5L,2,1
2692,Glenmorangie 10 Yr Scotch,750mL,1,1
28162,Villa Maria Chard NZ,750mL,2,1
23917,Mionetto Prosecco DOC Brut,1.5L,2,1
8265,Cockburns Fine Ruby Port,750mL,2,1
36154,Frogs Leap Znfdl Napa,750mL,2,1
14929,Yellow Tail Moscato,750mL,2,1
90011,Ch Pichon Longville 12 Pauil,750mL,2,1
18344,Gnarly Head Authentic White,750mL,2,1
2194,Beat 3 Single Malt Whiskey,375mL,1,1
3545,Ketel One Vodka,1.75L,1,1
45331,Cono Sur Vision Cab Svgn,750mL,2,1
22566,LaBelle Winery 2013 Dry Rsl,750mL,2,1
4043,Calico Jack Cherry Rum,1.75L,1,1
15404,Dom Serene Rose,750mL,2,1
19695,Ch Bernadotte 10 Haut Medoc,750mL,2,1
19861,Rex Goliath Pnt Gri,500mL,2,1
10707,Howling Moon Pnt Grigio Lodi,750mL,2,1
24060,Robertson & Duke Napa Cab Sv,750mL,2,1
27521,Seghesio Defiant Red,750mL,2,1
4066,Bacardi Oakheart Spiced Rum,1.75L,1,1
38859,Inniskillin Icewn Ngra Vidal,375mL,2,1
10472,Clos du Bois Pnt Nr Cal,750mL,2,1
38690,Ch Ste Michelle Indn Wl Merl,750mL,2,1
485,Seagrams 7 Crown,Liter,1,1
39523,Cloudy Bay Svgn Bl Marlboro,750mL,2,1
156,The Bitter Truth Cucumber Bi,200mL,1,1
12891,Santa Marta Pnt Grigio,750mL,2,1
25457,GH Mumm Cordon Rouge,9L,2,1
24793,Canyon Oaks Pink Moscato,750mL,2,1
4899,Clement Mahina Coco Liqueur,750mL,1,1
6891,Gallo Twin Vly Chard Cal,750mL,2,1
29207,La Terre Wh Znfdl,1.5L,2,1
3402,Pinnacle Vanilla,750mL,1,1
21710,Farnese Edizone Cinque Autoc,750mL,2,1
22543,Jadot Santenay Clos Rous 12,750mL,2,1
46164,Barefoot Merlot Cal,187mL 4 Pk,2,1
2171,Pike Creek Canadian Whisky,750mL,1,1
6081,Kinky Blue Liqueur,50mL,1,1
5417,Bols Triple Sec,Liter,1,1
9118,Caffo Sambuca Secolare,750mL,1,1
16778,Lange Willamette Chard,750mL,2,1
4876,Skyy Infusion Tropical Mango,750mL,1,1
20528,Sileni Pnt Nr,750mL,2,1
36844,Frey Chard Organic Mendocino,750mL,2,1
21733,Dom Fond Croze CdR Serra Grd,750mL,2,1
34803,Bregeon Muscadet Sevre et M,750mL,2,1
44455,Santa Margherita Pnt Grigio,375mL,2,1
23442,Sule Susumaniello IGP,750mL,2,1
43791,Oakhurst Happy Camper Merlot,750mL,2,1
13930,Gallo Copperidge Pnt Grigio,1.5L,2,1
12181,Cakebread Chard,750mL,2,1
3525,Gold Crown Vodka,Liter,1,1
46141,Spy Valley Pnt Nr Marlboro,750mL,2,1
1361,BenRiach 1994,750mL,1,1
23250,Ch de Jarnioux Bjls,750mL,2,1
25414,Falesco Tellus Cab Svgn IGT,750mL,2,1
23084,Villa Olmi Cabernet Svgn,750mL,2,1
7936,Bayou Spiced Rum,50mL,1,1
1195,Baileys Pumpkin Spice,50mL,1,1
40568,Pascual Toso Malbec Argn,750mL,2,1
1295,Jack Daniels No 7 Black,100mL,1,1
1836,Tyrconnell Irish Whiskey,750mL,1,1
24650,Perrier Jouet BE Luxury Case,750mL,2,1
43124,Gekkeikan Nigori Sake,300mL,2,1
3502,Pinnacle Vodka,750mL,1,1
12656,Merriam Vyds Miktos Red,750mL,2,1
24773,Actum Sinister,750mL,2,1
19320,Merriam Danielle Svgn Bl RRV,750mL,2,1
8500,Stolichnaya Chocolat Kokonut,750mL,1,1
24109,Beringer KVR Cab Svgn,750mL,2,1
23107,Duckhorn Howell Mtn Cab Svgn,1.5L,2,1
797,Creme Yvette Liqueur,750mL,1,1
2002,Kronan Swedish Punsch,750mL,1,1
46021,Spellbound Cab Svgn Cal,750mL,2,1
24458,Franciscan Magnificat Red,750mL,2,1
22045,Woodwork Chard,750mL,2,1
3233,Belvedere Wild Berry,750mL,1,1
24040,Merieau 12 Les Hex PN VdP,750mL,2,1
25291,Notre Dame Cousignac 13 Gigo,750mL,2,1
14053,Seven Daughters Red,750mL,2,1
13220,Le Sec Richettes Cote d Rhon,750mL,2,1
2151,Bain's Cape Mountain Whisky,750mL,1,1
42752,Five Oaks Chard Cal,750mL,2,1
20030,Trivento Rsv Cab Malbec,750mL,2,1
32055,Greg Norman Eden Vly Chard,750mL,2,1
2792,Jim Beam Apple,50mL,1,1
505,Robert Sinskey Pnt Gris,750mL,2,1
46662,Oak Leaf Chard Cal,750mL,2,1
3210,Smirnoff Sourced Pineapple,50mL,1,1
3333,Pinnacle Atomic Hots,750mL,1,1
43293,Fish Eye Shiraz,1.5L,2,1
23399,Summers Est Cab S Andriana C,750mL,2,1
25832,Dry Creek Fume Bl Sonoma,750mL,2,1
3943,Skyy Barcraft White Sangria,750mL,1,1
16180,Skinnygirl Sangria,750mL,2,1
38318,Portillo Malbec,750mL,2,1
21504,Ponte Vinho Verde,750mL,2,1
41899,Marietta Old Vine Cve Cal Rd,750mL,2,1
22417,Elouan Pnt Nr Oregon,750mL,2,1
1026,Ole Smoky Apple Pie Pour Pak,750mL,1,1
16429,HandCraft Artisan Coll Pnt N,750mL,2,1
25085,Jadot Marsannay 13,750mL,2,1
18587,Eric Kent Chardonnay RRV,750mL,2,1
2271,Jailers Tennessee Whiskey,750mL,1,1
25334,Masseria Prosecco,750mL,2,1
16678,Neal Fifteen Forty Cab Svgn,750mL,2,1
3041,Zhenka Pink Lemonade Vodka,1.75L,1,1
20402,I Lauri Tavo Pnt Grigio,750mL,2,1
23519,Slow Press Chard,750mL,2,1
25191,Cousino Macul Cab Svgn,750mL,2,1
26224,Jarvis Chard Estate Napa,750mL,2,1
25726,La Marca Prosecco,187mL 3 Pk,2,1
23568,Criterion Rioja,750mL,2,1
46333,Echeverria Ltd Edtn Cab Svgn,750mL,2,1
27349,Murphy-Goode California Red,750mL,2,1
5317,B & B Liqueur Dom,50mL,1,1
35862,Allegrini Palazzo Della Tor,750mL,2,1
45600,Luigi Bosca La Linda Malbec,750mL,2,1
19961,Dom du Pegau Chntf du Pape R,750mL,2,1
1238,The Glenlivet 12 Yr Single,50mL,1,1
8059,Corazon de Agave Anejo,750mL,1,1
27206,Irony Black Monterey,750mL,2,1
28039,Canyon Rd Merlot,1.5L,2,1
24289,Thierry Delaunay Tour Svgn B,750mL,2,1
2320,The Tweeddale 12 Yr Old,750mL,1,1
12387,Desert Wind Cab Svgn,750mL,2,1
8308,Nardini Acqua di Cedro,375mL,1,1
21043,Alexander Vly Vyds Syrah,750mL,2,1
3253,Gilbeys London Dry,1.75L,1,1
6585,Kijafa Cherry,750mL,2,1
10372,Hazlitt Red Cat Finger Lakes,750mL,2,1
37926,Five Rivers Pnt Nr,750mL,2,1
46582,Grayson Cellars Pnt Nr Cntrl,750mL,2,1
6044,Glenmorangie 25 Yr Old,750mL,1,1
22274,Complicated Chard,750mL,2,1
3104,Smirnoff Whipped Cream,750mL,1,1
28580,Silverado Chard,750mL,2,1
5268,Mr Boston Rock & Rye,750mL,1,1
25918,Hogue Cellars Rsl Wash,750mL,2,1
19669,Murphy-Goode Homefront Red,750mL,2,1
13183,Alpataco Malbec,750mL,2,1
39400,Claret Ramey Napa Valley,750mL,2,1
15347,Bunraku Nihonjin No Wasuremo,300mL,2,1
24252,Barefoot Summer Red Spritzer,250mL 4 Pk,2,1
8849,Mr Boston Amaretto Liqueur,Liter,1,1
26167,KJ Jackson Est Cab Svgn Alex,750mL,2,1
21833,Frey Vyds Organic Blanc,750mL,2,1
4670,Bacardi Dragon Berry Rum,375mL,1,1
18152,Banfi Centine Mntcln Tscna,750mL,2,1
28474,Burgans Albarino Baixas Rio,750mL,2,1
5168,Kahlua French Vanilla,750mL,1,1
6293,Fetzer Gewurz,750mL,2,1
34431,Beaulieu Cab Svgn Napa,750mL,2,1
30638,San Quirico Vernaccia,750mL,2,1
4627,Wiggly Bridge Gold Rum,750mL,1,1
3004,Clix Vodka,750mL,1,1
19818,Ninety+Cellars Lot 90 Rosso,750mL,2,1
17611,True Myth Chard,750mL,2,1
5560,Bacardi Mojito Cocktail,1.75L,1,1
15888,R M Woodbridge Malbec,750mL,2,1
4478,Myers Original Dark Rum,750mL,1,1
5311,Amaretto DiSaronno,1.75L,1,1
13724,Big House White,3L,2,1
15639,Secco Italian Bubbles,750mL,2,1
26708,Monte del Fra Amarone Valpol,750mL,2,1
27790,Jadot Chass Mont Abbaye 14,750mL,2,1
3837,Skyy Vodka,50mL,1,1
6542,Melini Borghi D'Elsa Chiant,750mL,2,1
3296,Belvedere Pink Grapefruit,750mL,1,1
15739,Vina Borgia Garnacha,3L,2,1
19526,Rhone Roger Sabon 13 CDR Rou,750mL,2,1
39592,Redwood Creek Pnt Nr Calif,750mL,2,1
20067,Ch Bellevue Mondotte 10 Brdx,750mL,2,1
27100,La Maialina Gilfredo Verment,750mL,2,1
18593,Barefoot Bubbly Red Moscato,750mL,2,1
4269,Calico Jack Spiced Rum,1.75L,1,1
38822,Castano Yecla Monastrell Red,750mL,2,1
24498,Cuvaison Chard,750mL,2,1
35905,Catena Alta Historic Malbec,750mL,2,1
45059,Falesco Sangiovese Umbria,750mL,2,1
27747,Mayacamas 14 Chardonnay Mt V,750mL,2,1
14348,De Martino Carmenere Estate,750mL,2,1
2277,Kilbeggan Irish Whiskey,750mL,1,1
20253,Round Pond Est Cab Svgn K&K,750mL,2,1
26419,Roscato Rosso,187mL,2,1
18261,Gravelly Ford Chard,750mL,2,1
32656,Turning Leaf RSV Pflz Pnt Nr,750mL,2,1
8205,Frangelico Hazelnut Liqueur,50mL,1,1
2254,Canadian Club Triple Aged,750mL,1,1
1258,Jim Beam Black,750mL,1,1
15035,Morellino d Scansano Rsv,750mL,2,1
32679,Pepperwood Grove Merlot Cal,750mL,2,1
44704,J Lohr Riverstone Chard,750mL,2,1
26728,Santi Infinito Rose 14,750mL,2,1
27724,Mommessin Moulin-A-Vent Gran,750mL,2,1
44040,Bella Sera Pnt Nr Venezie,750mL,2,1
25732,Sonoma Loeb Pnt Nr Dutton Ra,750mL,2,1
23193,Martinelli Vellu Ranch Znfdl,750mL,2,1
40837,JJ Prum Graacher Himel Rsl K,750mL,2,1
926,Hangar One Kaffir Lime Vodk,750mL,1,1
25517,Match Book Lake Cnty Cab Svg,750mL,2,1
23525,La Vieille Ferme Red B/B,3L,2,1
3250,Pinnacle Cake Vodka,750mL,1,1
19566,Contratto 08 Milesimato Brut,750mL,2,1
39841,Kenwood Yulupa Cab Svgn Cal,750mL,2,1
6877,Original Wondermint Schnapps,750mL,1,1
26396,Trapiche Chard,750mL,2,1
5480,E & J Superior RSV VSOP,750mL,1,1
5148,St Brendans Irish Cream,1.75L,1,1
28457,Clos Pegase Merlot Napa,750mL,2,1
45769,Bonterra Svgn Bl Organic,750mL,2,1
2563,Greenore Irish Whiskey,750mL,1,1
16054,Il Borro Toscana,750mL,2,1
22460,Uppercut Chard,750mL,2,1
734,Old Grand Dad,750mL,1,1
2231,Nikka Miyagikyo Single Malt,750mL,1,1
70,Luxardo Amaretto di Saschira,750mL,1,1
1066,DiSaronno Cavalli Glass Pack,750mL,1,1
18046,Ch La Louviere Pssc-Leg Roug,750mL,2,1
34694,Valley of the Moon Pnt Bl,750mL,2,1
46765,Tom Eddy Cab Svgn Napa,750mL,2,1
239,Vincent Van Gogh Espresso V,750mL,1,1
1212,DiSaronna Amaretto Sour VAP,750mL,1,1
757,Jim Beam Rye,750mL,1,1
6499,Kinky Liqueur,750mL,1,1
2085,Jesse James America's Outlaw,750mL,1,1
216,Absolut Raspberri,Liter,1,1
17073,Tomaiolo Pinot Grigio,750mL,2,1
23479,Handcraft Pnt Grigio,750mL,2,1
548,DeKuyper Amaretto,Liter,1,1
12450,Cellar No 8 Pnt Nr,750mL,2,1
16532,Zestos Blanco,750mL,2,1
17528,Dom Serene Roadblock Syrah,750mL,2,1
5171,Fernet-Branca Italian Liquer,50mL,1,1
2772,Talisker Storm Scotch,750mL,1,1
4438,Cruzan Black Cherry Rum,750mL,1,1
525,El Tesoro Anejo Gold Tequil,750mL,1,1
8351,Arrow Kirsch,750mL,1,1
5689,Villa Massa Limoncello,750mL,1,1
26250,Roederer Est Brut,750mL,2,1
44232,Acacia Winery Pnt Nr Lake,750mL,2,1
780,Svedka Clementine Vodka,Liter,1,1
21750,Santos Sangria,1.5L,2,1
13592,Bliss Merlot,750mL,2,1
7017,The Pogues Irish Whiskey,750mL,1,1
22337,Maison L'Envoye The Attache,750mL,2,1
24999,Schramsberg Mirabelle B Rose,750mL,2,1
45460,New Harbor Svgn Bl Marlboro,750mL,2,1
2795,George Dickel Rye,750mL,1,1
40296,Choya Plum Wine,750mL,2,1
46788,Oops Cheeky Little Svgn Bl,750mL,2,1
20986,Pizzolato Fields Prosecco,750mL,2,1
20445,Barefoot Bubbly Tropical Fus,750mL,2,1
26273,Field Stone Cab Svgn Alexand,750mL,2,1
44249,Concannon Slt Vyd Pnt Grigio,750mL,2,1
18779,Girl Go Lightly Chardonnay,750mL,2,1
8892,R Mondavi Cab Svgn Napa,750mL,2,1
46934,Silver Palm Nth Cst Cab Svgn,750mL,2,1
13807,Oh Schist Rsl,750mL,2,1
13638,Charles Smith Velvet Dev Mer,750mL,2,1
3728,Absolut Citron,1.75L,1,1
4979,Patron Silver Tequila,Liter,1,1
43021,Ceretto Arneis Blange Lange,750mL,2,1
8228,Wild Turkey Diamond Annivsry,750mL,1,1
26204,Dom de La Foret 15 Rose,750mL,2,1
25709,Hallowed Ground Proprtry Red,750mL,2,1
2818,Rough Rider Straight Bourbon,750mL,1,1
22291,Locations E Red Spanish,750mL,2,1
31119,Beringer Chard Private RSV,750mL,2,1
20130,Pommerey Brut Rose Champagne,750mL,2,1
25540,Richard Grant Cuvee Rose Brt,750mL,2,1
36360,Saarstein Riesling QbA,750mL,2,1
4833,Plantation Original Dark Rum,750mL,1,1
3505,Tito's Handmade Vodka,750mL,1,1
4415,Cruzan Banana Flavored Rum,750mL,1,1
2423,Early Times Mint Julep RTD,Liter,2,1
13784,Churchills 10 Yr Tawny Port,500mL,2,1
37047,Ch Montelena Est Cab Svgn Np,750mL,2,1
43539,Fantinel Prosecco,750mL,2,1
19735,Beringer Quantum Red Napa Vl,750mL,2,1
26227,Jarvis Lake William Red Napa,750mL,2,1
34903,Smoking Loon Cab Svgn,750mL,2,1
4939,Kapali Coffee,1.75L,1,1
46310,Twisted Pnt Grigio Cal,750mL,2,1
8437,Maestro Dobel Diamond Tequla,750mL,1,1
13097,Menage a Trois Chard,750mL,2,1
33326,Jacobs Crk Shiraz,750mL,2,1
45314,Barberis Malbec Mendoza,750mL,2,1
37156,Gekkeikan Sake Kobai Plm Cal,750mL,2,1
43393,Red Diamond Shiraz Wash,750mL,2,1
29081,Beringer Wh Znfdl/Chard LVS,750mL,2,1
25749,Duca di Salaparuta Platino I,750mL,2,1
24753,Girl & Dragon Cab Svgn,750mL,2,1
26081,Nickel & Nickel Merlot Harri,750mL,2,1
7750,Cynar Liqueur,Liter,1,1
21232,Barefoot Bubbly Prosecco,750mL,2,1
8875,Freixenet Cordon Negro Brut,1.5L,2,1
21859,Tiefenbrunner Pnt Grigio,750mL,2,1
43499,Sterling Vntrs Cltn Chard,750mL,2,1
12078,F Coppola Votre Sante Pnt Nr,750mL,2,1
24066,Camelot Merlot,1.5L,2,1
26187,Binyamina Cab Svgn,750mL,2,1
17033,Black Box Moscato B/B,3L,2,1
25062,Jadot Nuit St George 13,750mL,2,1
717,Balvenie 30 Yr Single Barrel,750mL,1,1
15908,Mommy's Time Out Moscato,750mL,2,1
23542,Vin Vault Pnt Nr,3L,2,1
14972,Nicolas Feuillatte Brut,750mL,2,1
21965,Marques de Caceres Blanco Wh,750mL,2,1
44186,H Brunier Telegramme Pape,750mL,2,1
15968,Kunde Chard Sonoma Cnty,750mL,2,1
23874,Ruinart Champagne Gift Box,750mL,2,1
11640,F Coppola Emerald Pnt Grigio,750mL,2,1
27870,Flor Prosecco,750mL,2,1
22938,Black Stallion Carnrs Pnt Nr,750mL,2,1
28889,Peter Vella Chard Cal B/B,5L,2,1
8036,Livingston Chablis Cal,3L,2,1
5626,Baja Luna Black Raspberry,750mL,1,1
24020,Rosenblum Vntr Cve XXX Znfdl,750mL,2,1
2294,Yellow Stone Ltd Edition 15,750mL,1,1
17983,Coppo L'Avvocata,750mL,2,1
16987,Trivento Birds & Bees Sw Red,750mL,2,1
1003,Crown Royal +2 Reusable Cups,750mL,1,1
24561,Ch St-Roch Chimeres CdRoussi,750mL,2,1
42672,Orogeny Pnt Nr Sonoma,750mL,2,1
2626,Crown Royal Apple,50mL,1,1
6021,Jackson Morgan Pepmint Mocha,750mL,1,1
4355,Sea Hagg Spiced Rum,750mL,1,1
18175,Seven Falls Cab Svgn,750mL,2,1
28497,Warre's Fine Selected Ruby P,750mL,2,1
1106,Aberfeldy Single Cask,750mL,1,1
20339,Pol Roger Brut 2004,750mL,2,1
23333,Ch Lagrange St Julien 11 GC,750mL,2,1
21424,Tons de Durum Douro Red,750mL,2,1
34153,Capanna Rosso di Montalcino,750mL,2,1
37651,Glen Ellen Pnt Grigio RSV,750mL,2,1
2191,Clark & Chesterfield Whiskey,375mL,1,1
863,Ten High Bourbon,Liter,1,1
25603,Verrazzano Chianti Clsc,750mL,2,1
21318,Barefoot Refresh Crisp Red,750mL,2,1
19652,Alias Chard,750mL,2,1
32138,Bonterra Merlot Organic Mndc,750mL,2,1
14826,My Big Fat Greek Red Wine,750mL,2,1
176,Seagrams Twisted Lime Gin,1.75L,1,1
25646,Marchesi Di Barolo Sbirolo N,750mL,2,1
6127,The Club Strawbry Margarita,200mL,1,1
24275,Becker Family Pnt Bl,750mL,2,1
17488,Solar de Randez White Rioja,750mL,2,1
27810,Ch des Jacques Gr Clos de Ro,750mL,2,1
27269,Krupps Bros Synchrony,750mL,2,1
8978,Riunite Lambrusco,3L,2,1
565,Bombay Dry Gin,Liter,1,1
13552,Merry Edwards Pnt Nr Sonoma,750mL,2,1
12224,Banfi Centine Bianco Toscana,750mL,2,1
19798,Jadot Beaujolais Villages,375mL,2,1
1404,Woodford Rsv Master Coll Pnt,750mL,1,1
26290,Pratsch Organic Rose,750mL,2,1
6814,Il Tramonto Amaretto,750mL,1,1
8288,Korbel Brut,750mL,2,1
15321,Blufeld Rsl,750mL,2,1
21272,Comoloco Monastrell Jumilla,750mL,2,1
5042,Tequila Rose Liqueur,750mL,1,1
419,Absolut Citron,Liter,1,1
20731,Villa Jolanda Strwby Moscato,750mL,2,1
27764,Warre's Port 2000,375mL,2,1
3960,Tortilla Gold Tequila Liquer,1.75L,1,1
21813,Canyon Rd Chard,750mL,2,1
10452,Line 39 Lk Cnty Petite Sirah,750mL,2,1
2878,Hudson Four Grain Bourbon,375mL,1,1
3419,Combier Liqueur D'Orange,750mL,1,1
26682,Feudi d San Gregorio Patrimo,750mL,2,1
3356,Svedka Vodka,375mL,1,1
27830,Silverado Svgn Bl Napa,750mL,2,1
19174,Cavicchioli Sw Italian Spkln,750mL,2,1
1862,John Power Irish Whiskey,750mL,1,1
35490,Sierra Cantabria Rioja Tint,750mL,2,1
19672,Ladera Stile Blocks Cab Napa,750mL,2,1
26834,Melsheimer Handwerk Mosel Rs,750mL,2,1
27332,Gilmanton Raspberry Merlot,750mL,2,1
24913,Smith & Sons Cab Svgn,750mL,2,1
16257,Sutter Home Pink Moscato,750mL,2,1
2858,Royal Thistle Scotch,750mL,1,1
20668,Taylor Fladgate 11 Port,375mL,2,1
20170,Piazzo Dolcetto,750mL,2,1
11016,Franzia Fruity Red Sangria,1.5L,2,1
3877,Smirnoff Green Apple Vodka,750mL,1,1
23894,Lindemans Bin 45 Cab Svgn,750mL,2,1
22898,Dona Paula Est Red Blend,750mL,2,1
6084,Brinley Gold Shipwreck,750mL,1,1
4375,Capt Morgan Lime Bite Rum,750mL,1,1
3379,High West Vodka 7000',750mL,1,1
2148,Canadian Mist Traveler,750mL,1,1
5394,Goldschlager Cinnamon Schnap,375mL,1,1
8480,Clan MacGregor,1.75L,1,1
16469,Menage a Trois Moscato,750mL,2,1
25125,Zorvino Vyds Mango Magnifico,750mL,2,1
20883,Quinta do Noval Port 11,750mL,2,1
20382,Fabrizio Dionisio Rose Syrah,750mL,2,1
42437,Crane Lake Cab Svgn Cal,1.5L,2,1
25792,Girasole Cab Svgn,750mL,2,1
14219,Lucien Boillot & Fils Volnay,750mL,2,1
24129,Three Thieves Cab Svgn,750mL,2,1
14050,Baileyana Firepeak Cve Chard,750mL,2,1
27807,Night Harvest Chard,750mL,2,1
4089,Capt Morgan White,1.75L,1,1
26811,Canyon Rd Merlot Cal,750mL,2,1
12204,Dragani Mntplcno d'Abruzzo,750mL,2,1
36463,Heidsieck Brut Little Blue,187mL,2,1
22397,Allegrini Solosole Vermentin,750mL,2,1
21856,Waterstone Chard Carneros,750mL,2,1
43127,Cristobal Pie de Palo Malbec,750mL,2,1
24106,Oliver Chanzy Rly 1 Cru Mar,750mL,2,1
23110,Duckhorn Estates Merlot,1.5L,2,1
41418,Tentaka Kuni Hawk Heavens J,300mL,2,1
25815,Dom Souyris Le Chemin 14,750mL,2,1
46373,Carlo Rossi RSV Merlot Cal,5L,2,1
2689,Black Velvet Reserve,1.75L,1,1
39234,Vidal Jackson-Triggs RSV Icw,187mL,2,1
24086,Hess Select Chard,750mL,2,1
3187,Three Olives Cake Vodka,750mL,1,1
608,Cruzan Est Single Barrel Rum,750mL,1,1
22420,Farm Napa Vly Chard,750mL,2,1
110,Mr Boston Creme de Menthe-Wh,Liter,1,1
27501,Ch Ste Michelle Cold Crk Mer,750mL,2,1
90014,Ch Giscours Margaux 12,750mL,2,1
7272,Deep Eddy Cranberry Vodka,750mL,1,1
19343,Tres Ojos Old Vines Garnacha,750mL,2,1
24584,Moshin Vyds Pnt Nr Est Grown,750mL,2,1
2838,Calumet Bourbon,750mL,1,1
41132,McManis Petite Sirah Cal,750mL,2,1
17986,Mas la Chevaliere Chard,750mL,2,1
20648,Pleasures Pnt Nr,750mL,2,1
23937,Caillot Bourgogne Rouge,750mL,2,1
27140,Coto de Imaz Red Gr Rsva 08,750mL,2,1
2646,Chivas Regal,1.75L,1,1
482,Absolut 80 Proof,Liter,1,1
21381,Barkan Clsc Cab Svgn,750mL,2,1
45185,Scagliola Moscato D'Asti Prm,750mL,2,1
23373,M D 20/20 Banana Red,750mL,2,1
22048,Maggy Hawk Afleet Pnt Nr,750mL,2,1
27873,Poderi Le Ripi Amore e Folli,750mL,2,1
2815,Benromach 10Yr Single Malt,750mL,1,1
23130,Alexanders Crown Cab Svgn,750mL,2,1
24627,SMV SMV Blustery Blend White,750mL,2,1
14717,Il Donato Pnt Grigio Daunia,750mL,2,1
15971,Revana Cab Svgn Napa Vly,750mL,2,1
19217,Chronic Cellars Dead Nuts,750mL,2,1
800,Jameson Irish Whiskey,Liter,1,1
24604,Dark Horse Pnt Nr,750mL,2,1
45875,Gallo Twin Vly Pnt Grigio,1.5L,2,1
45334,Cono Sur Vision Svgn Bl Csbl,750mL,2,1
18653,Fuki Plum Wine,750mL,2,1
26768,Fire & Flood The Fire Pnt Nr,750mL,2,1
24063,Atelie Prosecco,750mL,2,1
41375,Torres Tempranillo Coronas,750mL,2,1
1882,Seagrams 7 Crown,375mL,1,1
27850,Bastianich Chardonnay,750mL,2,1
2105,Black Velvet Toasted Caramel,750mL,1,1
21836,Merriam Pnt Nr Cuvee RRV,750mL,2,1
694,Hiram Walker Creme de Cassis,Liter,1,1
4524,Smoky Quartz Granite Cst Rum,750mL,1,1
21338,Vincent Delaporte Sancerre,750mL,2,1
17010,Mas Sorrer Montsant Red,750mL,2,1
23353,Parducci True Grit 11 Cab Sv,750mL,2,1
8746,Cavit Pinot Grigio,750mL,2,1
4916,Mr Boston Coffee Brandy,1.75L,1,1
5414,Bols Amaretto Liqueur,750mL,1,1
21730,Ch Les Ormes Saint-Julien,750mL,2,1
26058,Matua Rose Wine,750mL,2,1
4418,Don Q Single Barrel Rum,750mL,1,1
2211,Mickey Finn Apple Whiskey,750mL,1,1
1086,Hennessy VSOP Privilege VAP,750mL,1,1
14697,Ch Musar Jeune Rouge,750mL,2,1
23957,Angels & Cowboys Rose,750mL,2,1
25039,Sutter Home Svgn Bl,1.5L,2,1
44272,Legaris Crianza Ribera del,750mL,2,1
19715,Slices Sangria Red,750mL,2,1
24043,Dom de la Nobl Chinon Rose,750mL,2,1
27289,Ch Plaisance Alix CdBrdx 12,750mL,2,1
22569,Bota Box Svgn Bl,3L,2,1
39254,Las Rocas Garnacha San Alej,750mL,2,1
33930,Dom Chandon Etoile,750mL,2,1
8958,Malibu Peach Sparkler RTD,750mL,1,1
10581,Fat Bastard Pnt Nr,750mL,2,1
24647,Dom Perignon P2 Blanc 1998,750mL,2,1
22028,Gramercy Clrs Grenache,750mL,2,1
23024,Louis de Sacy Brut Gr Cru,750mL,2,1
23565,10 Span Pnt Gris Monterey Cy,750mL,2,1
26356,Le Val Grenache Rose,750mL,2,1
43668,L'Ecole No 41 Perigee Seven,750mL,2,1
20319,Jonathan Edwards Chard,750mL,2,1
22918,Blossom Hill Merlot,1.5L,2,1
1278,Jim Beam Black,1.75L,1,1
5606,Montezuma Blue Tequila Liqu,1.75L,1,1
3940,Pearl Cucumber Vodka,750mL,1,1
16426,Yellow Tail Sweet Red Roo,750mL,2,1
8268,Paul Masson Chablis Carafe,Liter,2,1
25082,Jadot Bouzeron 13,750mL,2,1
21252,Renwood BBQ Zinfandel,750mL,2,1
19088,Lagar de Bezana Aluvion Red,750mL,2,1
7770,J Roget Spumante,1.5L,2,1
3834,Skyy Vodka,750mL,1,1
5457,After Shock Hot & Cool Cinmn,50mL,1,1
3791,Jose Cuervo Especial Silver,375mL,1,1
8660,Drambuie Liqueur,375mL,1,1
8119,Pinnacle Grape Vodka,750mL,1,1
14654,Arrogant Frog Chardonnay,750mL,2,1
1129,Smugglers Notch Rum,750mL,1,1
36200,Four Vines Truant Znfdl,750mL,2,1
25623,Forest Glen Merlot Cal,750mL,2,1
39689,Hahn Meritage Central Coast,750mL,2,1
5065,Berentzen Apple Liqueur,750mL,1,1
40771,Dom La Suffrene Bandol Rose,750mL,2,1
26705,Mazzei Castello Font Gr Slzn,750mL,2,1
3983,Wiggly Bridge Vodka,750mL,1,1
16967,Trentadue Merlot Alex Vly,750mL,2,1
20213,Casa Ferreirinha Papas Figos,750mL,2,1
27787,Jadot Corton Charlemagne Bl,750mL,2,1
2901,Templeton 6 Yr Old Rye,750mL,1,1
34428,Frei Bros RSV Chard RRV,750mL,2,1
21985,Menage a Trois Midnight,750mL,2,1
19821,Castello Chianti Classico,750mL,2,1
32805,Truchard Carneros Pnt Nr,750mL,2,1
23067,Perrier Jouet Grand Brut,375mL,2,1
18739,Robert Sinskey POV Napa Red,750mL,2,1
27395,J Drouhin Hos de Bel Fleurie,750mL,2,1
20903,Delamotte Brut,375mL,2,1
24149,La Monacesca Verd di Mattell,750mL,2,1
21444,Ch Palmer Margaux,750mL,2,1
26854,Eric Kent Green Acres Chard,750mL,2,1
14411,Liberty Creek Vyd Pnt Noir,1.5L,2,1
13329,Cinzano Prosecco,750mL,2,1
8609,Duboeuf Beaujolais Villages,750mL,2,1
22008,Schmitt Sohne Kabinett Mchls,750mL,2,1
24925,Immersion Red,750mL,2,1
25589,Dalliance Chardonnay,750mL,2,1
20016,Camelot Pnt Nr,750mL,2,1
26253,Harlaftis Chard,750mL,2,1
15748,Rioja Vega Tempranillo Garna,750mL,2,1
12213,Evodia Garnacha Old Vine,750mL,2,1
21367,KJ Est 12 Chard Camelot High,750mL,2,1
20703,Sanford & Benedict Pnt Nr,750mL,2,1
15084,Project Paso Lonely Oak Red,750mL,2,1
25566,Quivira 12 Znfdl Dry Creek V,750mL,2,1
2821,Auchentoshan American Oak,750mL,1,1
38370,Oyster Bay Svgn Bl Marlboro,750mL,2,1
6402,Avion Silver Tequila,750mL,1,1
23382,Haywood Chamizal Znfdl 09,750mL,2,1
17145,Honeymaker Blueberry Mead,750mL,2,1
11480,Candia Vyds Noiret Vault RSV,750mL,2,1
829,Tanqueray Sterling Vodka,Liter,1,1
19137,Gordon Est Cab Svgn Columbia,750mL,2,1
2157,Canadian Hunter Rye Whiskey,1.75L,1,1
22054,Lokoya Spring Mtn Cab Svgn,750mL,2,1
22223,Auspicion Cabernet Sauvignon,750mL,2,1
27132,Luigi Bosca Malbec 13,750mL,2,1
5220,Basilica Sambuca,750mL,1,1
16458,Gerard Bertrand Corbieres Ro,750mL,2,1
22864,Vino Dious Chard 13,750mL,2,1
806,DeKuyper Peachtree Schnapps,Liter,1,1
22077,C Y Toro Casa Diablo Chard,750mL,2,1
18450,Concannon Crimson & Clover,750mL,2,1
23528,Santa Maria Alla Pieve Soave,750mL,2,1
21536,La Merika Chard CC,750mL,2,1
5197,Southern Comfort,375mL,1,2
4195,Calico Jack Spiced Rum No 94,750mL,1,1
2280,The Botanist Islay Dry Gin,750mL,1,1
6525,Du Peyrat Organic Cognac,750mL,1,1
16266,Walnut Crest Malbec,1.5L,2,1
25758,Angels Landing Svgn Bl,750mL,2,1
26422,Royal Tokaji Szt Tamas,500mL,2,1
288,The Bitter Truth Pink Gin,750mL,1,1
27009,Bouchard Aine & Fils B Chard,750mL,2,1
2867,Jefferson's Rsv Old Rum Cask,750mL,1,1
16289,Barefoot Bubbly Pink Moscato,750mL,2,1
1639,The Famous Grouse,750mL,1,1
5838,Agave Loco Pepper Cured Teq,750mL,1,1
24779,Straccali Chianti,1.5L,2,1
2967,Glenfiddich Solera 15-Yr RS,750mL,1,1
45632,Fish Eye Chard Cal,3L,2,1
27650,Eden Ice Cider Heirloom Barr,187mL,2,1
27773,Jadot Nuits St Georges Les B,750mL,2,1
2180,Stirk's Small Batch Gin,750mL,1,1
17617,Nostor Tinto Priorat,750mL,2,1
3508,Llord's Orange Curacao,Liter,1,1
975,Drambuie,Liter,1,1
26445,F Boschendal Rose Garden,750mL,2,1
2844,Diplome Dry Gin,750mL,1,1
25781,The Crusher 12 Sugar Beet Rd,750mL,2,1
4241,Capt Morgan Spiced Rum,50mL,1,1
2990,Bulldog Gin,750mL,1,1
3654,Patron Reposado Tequila,750mL,1,1
3159,Sobieski Vodka,750mL,1,1
37537,Penfolds Tawny Port Club,750mL,2,1
16389,R. Merlo Pnt Nr,750mL,2,1
26299,Excelsior Svgn Bl,750mL,2,1
25466,Zonin Prosecco,750mL,2,1
27627,Hook or Crook Chardonnay,750mL,2,1
2326,Michter's 10 YO Bourbon,750mL,1,1
38178,Rex Goliath Cab Svgn,750mL,2,1
4882,Arrow Coffee Brandy,750mL,1,1
13710,Stone Fruit Rsl,750mL,2,1
2890,Four Roses Bourbon,750mL,1,1
4218,Sailor Jerry Spiced Navy Rum,750mL,1,1
26399,Trapiche Malbec Mendoza Oak,750mL,2,1
25071,Jadot Pommard 13,750mL,2,1
26153,Paul Dolan Svgn Bl 14 Potter,750mL,2,1
25735,Hazana Vinas Viejas Rioja,750mL,2,1
27481,Lanson Extra Age Brut,750mL,2,1
26817,Ravenswood Vntrs Blnd Merlot,750mL,2,1
3677,Shady Fruit Valencia Orange,750mL,1,1
3800,Don Julio Anejo Tequila,750mL,1,1
36850,Frey Svgn Bl Organic Mendcno,750mL,2,1
35104,La Crema Russian Rive Pnt Nr,750mL,2,1
5005,Woodford Reserve Derby,Liter,1,1
2034,Glendalough Double Barrel,750mL,1,1
31500,Barefoot Wh Znfdl Cal,750mL,2,1
7358,Viniq Ruby Shimmery Liqueur,750mL,1,1
3362,Poland Spring Gin,Liter,1,1
39575,Morgan Winery Double L Pnt N,750mL,2,1
20093,Ch Beausejour Pentimento,750mL,2,1
22595,CK Mondavi Blonde Five,1.5L,2,1
26591,Ninety+Cellars Lot 50 Prosec,187mL 3 Pk,2,1
26840,Josh Cellars Cab Svgn Paso R,750mL,2,1
2721,Johnnie Walker Green Label,750mL,1,1
38888,Justin Cab Svgn Paso Robles,750mL,2,1
2426,The Glenlivet 15Yr FrenchOak,750mL,1,1
19406,Dow's 10 Yr Old Tawny Port,750mL,2,1
24361,JJ Prum Graacher Him Rsl Aus,750mL,2,1
15871,Cyan Toro Zamora,750mL,2,1
25904,Casal Garcia Sangria,750mL,2,1
6717,Dream Catcher Irish Liqueur,750mL,1,1
43548,Carlo Rossi RSV Wh Znfdl Cal,4L,2,1
23236,Scaggs Vyds Mt Vedeer Montag,750mL,2,1
14082,Zinck Pnt Blanc,750mL,2,1
23033,Jacobs Creek Two Lands Cab S,750mL,2,1
28214,Lagaria Venezie Pnt Grigio,750mL,2,1
23969,Bellafina Prosecco,750mL,2,1
906,DeKuyper Watermelon Pucker,Liter,1,1
12067,Casalini Pnt Grigio,750mL,2,1
13395,Debauchery Svgn Bl,750mL,2,1
15230,Faust Cab Svgn Napa Valley,750mL,2,1
33707,Canaletto Pnt Grigio Venezie,750mL,2,1
16312,Ramon Bilbao Valinas Albarin,750mL,2,1
1988,Hardy V.S. Cognac,750mL,1,1
2675,Crown Royal XO,750mL,1,1
1347,Bakers Bourbon,750mL,1,1
28606,Cline Viognier Sonoma Count,750mL,2,1
15917,Simply Naked Chard,750mL,2,1
10298,Alamos Torrontes,750mL,2,1
44922,Quinta do Crasto RSV Douro,750mL,2,1
8191,Savory & James Deluxe Cream,1.5L,1,1
8778,Bulleit Bourbon,1.75L,1,1
8440,Bailey's Espresso Creme,750mL,1,1
22841,Banfi Poggio Alle Mura Rsva,750mL,2,1
6863,Jekel Grvlstone Montry Chard,750mL,2,1
17932,Camp Meeting Ridge Chard,750mL,2,1
23090,Angels Cup Cab Svgn,750mL,2,1
12021,Jargon Pinot Nr CA,750mL,2,1
365,Ciroc Vodka,200mL,1,1
614,J W Dant Bourbon,1.75L,1,1
2529,Right Gin,750mL,1,1
19847,Nanna's Short Cake Znfdl,750mL,2,1
19598,Ch Coufran Haut Medoc 10,750mL,2,1
19947,Josh Cellars Svgn Bl,750mL,2,1
19160,Tommasi Tenuta Filo Prosecco,750mL,2,1
39472,Acorn Sangiovese Alegria RRV,750mL,2,1
22449,Bota Brick Pnt Grigio,1.5L,2,1
42423,Firesteed Willamette Pnt Nr,750mL,2,1
23777,Ch Smith Haut Lafitte 12 Whi,750mL,2,1
10647,Fish Eye Cab Svgn,3L,2,1
8237,Grand Mayan Ultra Aged Teq,750mL,1,1
30713,Ferrari-Carano Siena Sonoma,750mL,2,1
7404,New Amsterdam Mango Vodka,50mL,1,1
19552,Tenuta Alzatura Sagrantino,750mL,2,1
21467,La Clarence de Haut Brion PL,750mL,2,1
22549,Jadot Savigny Les Beaune 12,750mL,2,1
21716,Terrilogio Primitivo,750mL,2,1
20388,Antico Colle Toscana Rosso,750mL,2,1
8632,Arak-Gantous & Abouraad,750mL,1,1
21321,Rex Goliath Red Sangria,750mL,2,1
44338,Irony Chard Napa,750mL,2,1
20534,Cielo Pnt Nr,750mL,2,1
19452,Trois Couronnes CdR Red,750mL,2,1
13767,Catena Vista Flores Malbec,750mL,2,1
16684,Sokol Blosser Evolution Red,750mL,2,1
25838,Dry Creek Cab Svgn Sonoma,750mL,2,1
3949,Patron En Lalique Tequila,750mL,1,1
368,The Macallan 25 Yr Old,750mL,1,1
3451,Smirnoff Root Beer Float,750mL,1,1
20265,Louis Jadot Nuits St Geo 11,750mL,2,1
19767,Smoking Loon Moscato,750mL,2,1
1032,Woodford Rsv MC Classic Malt,750mL,1,1
17348,Ty Ku Silver Junmai Sake,330mL,2,1
24699,Alfred Gratien Champagne Bru,750mL,2,1
2598,Firefly Apple Pie Moonshine,750mL,1,1
36558,Cruz Garcia Real Sangria Re,1.5L,2,1
45214,Canaletto Pnt Nr Pavia,750mL,2,1
25197,Ch La Rousseliere St Estephe,750mL 4 Pk,2,1
18865,Mirafiore Barolo,750mL,2,1
11088,Gruet Blanc de Noir,375mL,2,1
36060,Vieux Ch Certan 10 Red Brdx,750mL,2,1
4092,Bacardi Grapefruit Rum,750mL,1,1
27404,J Drouhin Hos Bell Morgon,750mL,2,1
1885,Seagrams 7 PET,750mL,1,1
5489,DeKuyper Hot Damn Cinnamon,750mL,1,1
6156,Cinnabon Cinnamon Liqueur,750mL,1,1
23797,Mayu Carmenere Syrah,750mL,2,1
18891,Churchill's Vintage Port 11,750mL,2,1
15476,Vietti Barolo Castiglione,750mL,2,1
3239,Seagram's Red Berry Vodka,750mL,1,1
39449,Ponzi Pnt Gris Willamette,750mL,2,1
10398,Spring Vly Frederick Rd,750mL,2,1
22472,Achaval Ferrer Cab Svgn,750mL,2,1
1742,Hedonism Scotch,750mL,1,1
10421,Barefoot Moscato Cal,1.5L,2,1
8171,Leroux Blackberry Brandy,50mL,1,1
33143,Our Daily Red,750mL,2,1
3216,Fleischmanns X Dry Gin,1.75L,1,1
32479,Danzante Del Vnzi Pnt Grigio,750mL,2,1
23823,Round Hill Cab Svgn,1.5L,2,1
3757,Ketel One 325 Commemorative,Liter,1,1
25532,BR Cohn Olive Hill Cab Svgn,750mL,2,1
14835,Vinum Cellars Pnt Nr,750mL,2,1
24487,Farmstead Long Meadow Pnt Nr,750mL,2,1
16827,Cesari Bosan Amarone,750mL,2,1
3282,Skyy Watermelon Fresca Vodka,50mL,1,1
46568,R M Woodbridge Cab/Merlot,1.5L,2,1
41321,Bogle Phantom Red Cal,750mL,2,1
3780,Three Olives Raspberry Vodk,750mL,1,1
23256,Robert Hall Cab Svgn,750mL,2,1
7361,Bolla Soave,1.5L,2,1
25171,Gardacho Garnacha,750mL,2,1
26671,Catena Zapata 3pk 09-10-11 R,750mL 3 Pk,2,1
2618,Glenmorangie Milsean Scotch,750mL,1,1
46070,Carpineto Dogajolo Rose,750mL,2,1
22592,Brandborg Benchlands Pnt Nr,750mL,2,1
26837,Landhaus Mayer Zweig Burgenl,750mL,2,1
14102,Douglass Hill Pnt Grigio,750mL,2,1
15851,Sextant Wheelhouse Znfdl,750mL,2,1
3139,Grey Goose Le Melon,750mL,1,1
5297,Southern Comfort,750mL,1,2
21951,Ruffino Aziano Chianti Clsc,750mL,2,1
13461,R M Woodbridge Moscato,1.5L,2,1
13836,R Mondavi Private Sel Pnt Nr,1.5L,2,1
22615,Freixenet Cordon Negro Brut,375mL,2,1
16166,Sutter Home Pnt Nr,750mL,2,1
23156,Bertani Amarone Valpolicell,750mL,2,1
18158,Maggio Chardonnay,750mL,2,1
13959,Charles & Charles Rose,750mL,2,1
24158,Cambridge Pnt Nr RRV,750mL,2,1
13979,Jos Phelps Pnt Nr,750mL,2,1
1244,Jack Daniels Winter Jack,750mL,1,1
24799,The Chard Project Chard,750mL,2,1
23966,Nortico Alvarinho,750mL,2,1
27212,R Mondavi Cab Svgn Oakville,750mL,2,1
3408,Ketel One Oranje,750mL,1,1
2077,John Barr Rsv Black Scotch,750mL,1,1
6505,Lucano Limencello,750mL,1,1
4513,Chauffe-Coeur Calvados VSOP,750mL,1,1
3923,Don Julio 1942 Anejo Tequila,750mL,1,1
15333,Maso Canali Pnt Grigio Coll,750mL,2,1
23866,Landhaus Mayer Gruner Veltli,750mL,2,1
15161,Groth Rsv Cab Svgn Napa Vly,750mL,2,1
23325,Ch Bellevue-Mondotte 11 Emil,750mL,2,1
23989,Sierra Cantabria 14 Rose Rio,750mL,2,1
27235,Dom du Touch Gascogne White,750mL,2,1
26694,Dom Ch Moreau Chablis 14 Cls,750mL,2,1
38473,Adelsheim Pnt Gris Ore,750mL,2,1
17325,The Calling Dutton Chard RRV,750mL,2,1
17866,James Mitchell Cab Svgn,750mL,2,1
14620,Bodega Elena de Mendoza Mlbc,750mL,2,1
24530,Joseph Drouhin Puligny-Montr,750mL,2,1
26571,Juniper Estate Cab Svgn,750mL,2,1
11354,Paso a Paso Tempranillo,750mL,2,1
43820,Little Black Dress Merlot,750mL,2,1
18599,Bocelli Sangiovese,750mL,2,1
27255,D'Arry's Original Shrz/Grnch,750mL,2,1
27504,Mon Plaisir Minervois Charmi,750mL,2,1
18742,Ca'Momi Cab Svgn Napa,750mL,2,1
5758,1800 Ultimate Margarita RTD,1.75L,1,1
6256,Sutter Home Chard,1.5L,2,1
19867,Tierra de Antes Malbec Mndza,750mL,2,1
13418,Pacifico Sur Rose Carmenere,750mL,2,1
24195,Casa E Mirafiori Barb d'Alba,750mL,2,1
932,Robert Sinskey Marcien Red,750mL,2,1
2057,Rebel Yell Root Beer Bourbon,50mL,1,1
26402,Franciscan Est Rsv Merlot NV,750mL,2,1
22572,Freeman Vyd Pnt Nr RRV,750mL,2,1
3743,Smirnoff Sorbet Pine/Coconut,750mL,1,1
16727,Bitch Grenache Aragon,750mL,2,1
41948,Tozai Nigori Voice Mist Sake,720mL,2,1
24387,Steph Avrn Julienas Vielles,750mL,2,1
2910,Full Throttle Vanila Whiskey,750mL,1,1
41862,Rex Goliath Shiraz,750mL,2,1
15645,Obsidian Ridge Cab Svgn,750mL,2,1
23554,Riva Rose Brut,750mL,2,1
39598,R M Woodbridge Cab Svgn Cal,187mL 4 Pk,2,1
33684,R Mondavi Pvt Sel Merlot,1.5L,2,1
23946,Ch La Cardone Medoc 09,750mL,2,1
20700,J Lohr Flume Crossing Svgn B,750mL,2,1
17368,Emblem Cab Svgn Oso Vyd,750mL,2,1
17909,Ravenswood Pickberry Red,750mL,2,1
8712,Cuervo RTD Golden Grapefruit,1.75L,1,1
20614,Las Pizarras Garnacha,750mL,2,1
25569,Steele 10 Pnt Nr Sangiacomo,750mL,2,1
12585,F Coppola Sophia Rsl,750mL,2,1
27696,Volpaia Chianti Classico RSV,750mL,2,1
2114,Black Velvet Canadian Whisky,1.75L,1,1
12685,Brazin Old Vine Znfdl Lodi,750mL,2,1
8606,Baileys Espresso Creme,50mL,1,1
6448,Dubonnet Rouge,750mL,2,1
41072,Angeline Pnt Nr Rsv,750mL,2,1
8612,Grand Marnier,1.75L,1,1
34082,Dom du Dupeuble Bjls,750mL,2,1
23013,Marietta Clrs Christo Red,750mL,2,1
17019,Riebeek Cellars Cab Svgn,750mL,2,1
199,Wisdom & Warter Cream Sherry,750mL,1,1
21098,Rutherford Ranch Chard,750mL,2,1
46817,Alexander Vly Vyds Sin Znfdl,750mL,2,1
44653,Nickel Rock Cairn Cab Svgn,750mL,2,1
8506,Myers Original Dark Rum,1.75L,1,1
19283,Roscato Bianco,750mL,2,1
34474,Livingston Chianti Cal,1.5L,2,1
42097,Toad Hollow Eriks The Red 12,750mL,2,1
17119,Zaccagnini Cerasuolo Rose,750mL,2,1
21447,Ch Leoville Barton St Julien,750mL,2,1
19824,Ch Lalande Boire 10 Brdx,750mL,2,1
16478,Poema Cava Rose,750mL,2,1
18642,Yellow Tail Pink Moscato,1.5L,2,1
20557,The Other Red,750mL,2,1
9147,Green Spot Irish Whiskey,750mL,1,1
10229,Pinecroft Chard Cal,750mL,2,1
8214,E & J Brandy VS,750mL,1,1
11460,Freemark Abbey Cab Svgn Napa,750mL,2,1
22821,Corvo Pnt Grigio,750mL,2,1
19034,Nicholson Ranch Pnt Nr Sonom,750mL,2,1
23362,Boundary Breaks Dry Rsl #239,750mL,2,1
8443,Forbidden Secret Wh Choc Cr,750mL,1,1
24759,Sokol Blosser Evolution Sprk,750mL,2,1
3534,Milagro Silver Tequila,750mL,1,1
19850,Barefoot Cellars Malbec,1.5L,2,1
25091,Jadot Ch des Jacques La Roch,750mL,2,1
23763,Ch Marquis de Terme 12 Mrgx,750mL,2,1
9439,Cointreau VAP,750mL,1,1
42403,Hendry Chard Napa Unoaked,750mL,2,1
17929,Giorgio & Gianni Lambrusco,750mL,2,1
25755,Peter Vella Moscato Sangria,5L,2,1
26087,Ravage Knight Fall Dark Red,750mL,2,1
15605,La Mondotte 08 St Emilion,750mL,2,1
4221,Bacardi Gold Rum Traveler,1.75L,1,1
38181,Rex Goliath Pnt Nr,750mL,2,1
14703,Casa Ferreirinha Esteva Doro,750mL,2,1
21533,10 Span Pnt Nr CC,750mL,2,1
23076,Madrigal Znfdl,750mL,2,1
29691,Hahn Merlot Central Coast,750mL,2,1
13375,Mionetto Organic Prosecco,750mL,2,1
7424,Capt Morgan White,Liter,1,1
22861,K Vintners Syrah The Hidden,750mL,2,1
37849,Darioush Cab Svgn,750mL,2,1
5549,Don Ramon Reposado Tequila,750mL,1,1
15582,Vieux Clocher Rose CDR,750mL,2,1
20537,The Pass Svgn Bl,750mL,2,1
24736,Dumangin Champagne Cuvee 17,750mL,2,1
6545,LeCompte Calvados 18 Yr Old,750mL,1,1
3488,Tanqueray,750mL,1,1
3820,Smirnoff Citrus Vodka,1.75L,1,1
42117,Jewell Towne Chardonnay,750mL,2,1
15891,Farnum Hill Dooryard Cider,750mL,2,1
2492,Crown Royal Hand Slct Barrel,750mL,1,1
14895,Vendange Pnt Grigio,1.5L,2,1
27793,Jadot Marsannay Blanc 14,750mL,2,1
25801,Acacia Winery Pnt Nr Carnero,750mL,2,1
41785,Ecco Domani Collezion Merlot,750mL,2,1
29714,Planeta La Segreta Rosso,750mL,2,1
1828,Old Forester Mint Julep,Liter,1,1
44109,Cavit Riesling Trentino,187mL 4 Pk,2,1
2824,Wolfburn Single Malt Scotch,750mL,1,1
3511,New Amsterdam Vodka,750mL,1,1
15745,Sandeman 10 Yr Tawny Port,750mL,2,1
46508,Crane Lake Pnt Grigio Cal,1.5L,2,1
24782,Casa Silva Los Lingues Cab S,750mL,2,1
19827,Pomino Chard,750mL,2,1
18831,Line 39 Merlot,750mL,2,1
25778,Duckhorn Migration Pnt Nr RR,750mL,2,1
14417,Jacobs Crk Moscato,750mL,2,1
26774,El Coto Blanco Rioja,750mL,2,1
47049,Argiola Turriga 05 Isola Nur,750mL,2,1
27106,Lavau 13 Red Rhone Gigondas,750mL,2,1
21155,Quinta do Crasto Douro S per,750mL,2,1
37657,Maso Canali Pinot Grigio Tr,750mL,2,1
5031,DeKuyper Peppermint Schnapp,1.75L,1,1
4361,Casa Noble Repsdo La Carreta,750mL,1,1
8274,Paul Masson Ruby Burgundy Ca,Liter,2,1
24928,Rive Droite Rive Gauche CDR,750mL,2,1
21015,WindRacer RRV Chard,750mL,2,1
20345,Milbrandt Rsl Columbia Vly,750mL,2,1
2369,Amrut Fusion Single Malt,750mL,1,1
46485,Shafer Merlot Napa,750mL,2,1
35665,Redwood Creek Chard Cal,750mL,2,1
26256,Ornellaia Poggio Alle Gaz 14,750mL,2,1
3680,Stolichnaya Ohranj,1.75L,1,1
20992,Les Hauts de Lagarde Rouge,750mL,2,1
26943,Jordan Cab Svgn Alex Valley,750mL,2,1
25609,Wilson Winery Znfdl,750mL,2,1
19658,Hogwash Rose,750mL,2,1
24281,Col D'Orcia Brunello Montalc,750mL,2,1
26820,Teruzzi Vernaccia Terre Tufi,750mL,2,1
2346,Black Velvet Toasted Caramel,1.75L,1,1
27484,Clos Lanson Champagne,750mL,2,1
6236,Duboeuf Beaujolais,750mL,2,1
26966,De Loach Cab Svgn Cal,750mL,2,1
16146,Sean Minor Red Napa Vly,750mL,2,1
5741,Merry Wh Chocolate Liqueur,750mL,1,1
13143,F Coppola Directors Chard,750mL,2,1
162,Stolichnaya Vanil,Liter,1,1
19635,Ch St Jean Pnt Nr Sonoma Cst,750mL,2,1
44278,Scala Dei Negre Priorat,750mL,2,1
15064,Sokol Blosser Pnt Gris,750mL,2,1
40365,Rochioli Pinot Noir RRV,750mL,2,1
826,Clan MacGregor Scotch,Liter,1,1
1072,Bruichladdich Wee Laddie Box,200mL 3 Pk,1,1
2841,High West Double Rye Whiskey,750mL,1,1
308,Barsol Primero Quebranta Pso,750mL,1,1
849,Bols Peach Schnapps,Liter,1,1
2177,Canadian Hunter Rye,50mL,1,1
1095,Southern Comfort wShaker,750mL,1,1
3279,Double Cross Vodka,750mL,1,1
43737,Menage a Trois Rose Blend,750mL,2,1
14935,J Lohr Tower Road Petite Sir,750mL,2,1
10441,Charles Smith Boom Boom Syra,750mL,2,1
44733,Casa Liliana Good Chianti,750mL,2,1
23425,La Jota Howell Mtn Merlot,750mL,2,1
11437,Schug Svgn Bl Sonoma Vly,750mL,2,1
18267,Caprai Montefalco Passito 06,375mL,2,1
19595,Ch Doisy Daene Sauternes 10,750mL,2,1
22097,Hacienda Haro Lopez Cri Rsva,750mL,2,1
26342,Ch Vincens 15 L'Instant M Rs,750mL,2,1
27361,Borsao Campo de Borja Red,750mL,2,1
7215,Lancers Rose,750mL,2,1
5094,Jagermeister Liqueur,100mL,1,1
2887,Patron Anejo Tequila #2 BTB,750mL,1,1
21410,Goose Bay Svgn Bl,750mL,2,1
21078,Justin Obtuse,375mL,2,1
24527,Scott Family Est Chard Arroy,750mL,2,1
1891,Oban 18 Yr Single Malt,750mL,1,1
39718,Calera Mills Vyd Pnt Nr,750mL,2,1
25738,Mas De Daumas Gassac Red 13,750mL,2,1
22406,Three Wishes Cab Svgn,750mL,2,1
25406,Moschofilero Mantinia Spirop,750mL,2,1
21218,Heitz Znfdl Ink Grade Vyd,750mL,2,1
41530,Septima Malbec Mendoza,750mL,2,1
38198,La Carraia Orvieto Clsc,750mL,2,1
7902,Piehole Apple Pie,50mL,1,1
4902,Ron Virgin Bold Coconut Rum,750mL,1,1
657,DeKuyper Apricot Brandy,750mL,1,1
3574,Stoli Gluten Free Vodka,50mL,1,1
24218,Aizpurua B,750mL,2,1
8921,Sterling Cab Svgn,750mL,2,1
5921,RumChata Liqueur,750mL,1,1
21364,La Caplana Gavi di Gavi,750mL,2,1
4052,Goslings Family Rsv Rum,750mL,1,1
15954,Jacobs Crk Moscato Rose,750mL,2,1
4298,Bacardi Raspberry Rum,50mL,1,1
25692,Carpineto Chianti Castldo 14,750mL,2,1
5589,Korbel California Brandy,750mL,1,1
26233,Varner Chard El Camino,750mL,2,1
9376,St Elizabeth Allspice Dram,750mL,1,1
32831,Carpineto Dogajolo Tuscan Rd,750mL,2,1
31497,Barefoot Svgn Bl Cal,1.5L,2,1
25005,Volpaia Chianti Clsco,750mL,2,1
25260,Lavergne Brdx Rouge,750mL,2,1
20932,Frey Vyds Organic Agrul Red,750mL,2,1
3365,Russian Standard Vodka,1.75L,1,1
36080,Ch La Mission Haut Brion 10,750mL,2,1
25841,Ch La Roseraie Brdx,750mL,2,1
27169,Mas Doix 12 Salanques Priora,750mL,2,1
22011,LiDestri White Sangria,1.5L,2,1
371,Myers Platinum White Rum,Liter,1,1
38244,Hendry Pnt Nr Napa,750mL,2,1
44238,B & G Pnt Nr Bistro,750mL,2,1
18768,Cosentino The Franc,750mL,2,1
12519,Salmon Creek Pnt Nr Cal,750mL,2,1
46402,Tamari RSV Malbec Mendoza,750mL,2,1
6365,Fetzer Svgn Bl Cal,750mL,2,1
19349,Trimbach Pnt Gris Rsv,750mL,2,1
16996,LaBelle Winery Americus,750mL,2,1
13793,Yellow Tail Svgn Bl,1.5L,2,1
809,Southern Comfort,Liter,1,2
5678,Skinnygirl Pina Colada,750mL,1,1
33767,Sensi Chianti DOCG,750mL,2,1
4012,Tall Ship White Island Rum,750mL,1,1
27275,Jos Phelps Insignia 13,1.5L,2,1
18662,Hatzimichalis Kapnias Red,750mL,2,1
16455,One Four Brut Rose 1/4,187mL,2,1
21324,Rosatello Sweet Rose,750mL,2,1
25154,Vina Cobos Cocodrilo Corte,750mL,2,1
27816,Jadot Ch des Jacques Flr 14,750mL,2,1
27613,Dominus 12 Christian Moueix,750mL,2,1
34646,Terrazas Alto Cab Svgn Argn,750mL,2,1
44925,Montsarra Brut Cava,750mL,2,1
21619,Yosemite Road Pnt Grigio,750mL,2,1
45128,Paul Hobbs Chard RRV,750mL,2,1
19996,Inspired Red Blend CA,750mL,2,1
5635,VeeV Acai Spirit,750mL,1,1
1158,Old New England Choc Egg Nog,750mL,1,1
6322,Rene Junot Red,1.5L,2,1
6568,Gallo Twin Valley Wh Znfdl C,750mL,2,1
10650,Gaia Notios Nemea Wh,750mL,2,1
21470,Ch Angelus Saint Emilion,750mL,2,1
13060,Peter Michael Belle Cote Cha,750mL,2,1
17142,Caposaldo Sweet Moscato,750mL,2,1
6173,Gallo Fairbanks Red Port,1.5L,2,1
1845,Cluny Scotch Whiskey,1.75L,1,1
24567,Ravenswood Mendocino OV Znfd,750mL,2,1
22944,Talbot St Julien 10,1.5L,2,1
8337,Marcati Limoncello,750mL,1,1
222,Wray & Nephew Wh Overproof,750mL,1,1
1304,Jeremiah Weed Sarsaparilla,750mL,1,1
2386,2 Gingers Irish Whiskey,750mL,1,1
19157,Inman Family Endless Crush,750mL,2,1
12124,Gallo Family Vyds Sweet Red,750mL,2,1
24026,Bella Bellina FrongoLata,750mL,2,1
12665,Umberto Cesari Moma Red,750mL,2,1
4945,Jacquin Ginger Brandy,750mL,1,1
202,Ketel One Citroen Vodka,Liter,1,1
700,Hiram Walker Cr de Cacao Br,Liter,1,1
17016,Picpoul d Pinet HB Languedoc,750mL,2,1
24178,Ch Alie d'Argent Mout-Rth 12,750mL,2,1
11775,Diamond Creek Red Rock Cab S,750mL,2,1
90604,Ch Lynch Bages Pauilac,750mL,2,1
18012,Bella Bolla Pink Moscato,750mL,2,1
20431,Januik Muscat Canelli Champx,750mL,2,1
18533,Candia Vyds Diamond,750mL,2,1
4424,Barbarossa Spiced Rum,1.75L,1,1
26691,Dom Faiveley Corton-Charl 14,750mL,2,1
1719,Casa Noble Alta Belleza,750mL,1,1
19223,Trimbach Pnt Bl,750mL,2,1
3903,Skinnygirl Wh Cherry Vodka,750mL,1,1
25386,Champagne Pommerey 04 Gr Cru,750mL,2,1
26382,Gordo Monastrell & Cab Svgn,750mL,2,1
21473,Ch Malartic-Lagraviere Rouge,750mL,2,1
2907,Route 66 Tequila,375mL,1,1
2738,Balvenie 25 Yr Old Scotch,750mL,1,1
26883,DBR Legende Brdx Rouge,750mL,2,1
27879,I Perazzi La Mozza Sangioves,750mL,2,1
5134,Dr McGillicuddy's Cherry,750mL,1,1
4138,Sea Hagg Amber Rum,750mL,1,1
892,Uncle Val's Botanical Gin,750mL,1,1
46422,Hob Nob Chard,750mL,2,1
23159,Champlain Orchards Ice Cider,375mL,2,1
1888,El Toro Silver Tequila,Liter,1,1
26860,Lagar Da Condesa Albarino,750mL,2,1
26405,Simi Dry Rose Sonoma Cnty,750mL,2,1
21450,Le Petit Cheval St Emilion,750mL,2,1
25151,Fred's Red Mendocino County,750mL,2,1
20454,Simi Cab Svgn Alexander Vly,3L,2,1
2429,Jim Beam Double Oak,750mL,1,1
8689,Paul Masson Rose,3L,2,1
6608,Patron Roca Anejo Tequila,750mL,1,1
12774,Joel Gott Rsl Columbia Vly,750mL,2,1
45234,Calera Selleck Vyd Pnt Nr,750mL,2,1
2695,Rebel Yell Ginger Whiskey,750mL,1,1
4616,Penny Blue XO Mauritian Rum,750mL,1,1
24845,Mureda Svgn Bl Organic,750mL,2,1
42655,Warre's Vintage Port 03,750mL,2,1
38476,Adelsheim Pnt Nr Ore,750mL,2,1
13123,Colosi Nero D'Avola Sicilia,750mL,2,1
3969,Jose Cuervo Tradicional,750mL,1,1
8838,Ch Ste Michelle Cab Svgn Col,750mL,2,1
21281,Rodney Strong Rsv Alex Vy CS,750mL,2,1
23943,Canella Bellini Fusion,250mL,2,1
680,Midnight Moon Strawberry,750mL,1,1
12625,Tiamo Pnt Grigio,750mL,2,1
90086,La Dame Montrose St Estep 11,750mL,2,1
23445,Ma Terr Aglianico Vulture,750mL,2,1
15330,Rex Goliath Moscato,1.5L,2,1
33873,Bella Sera Pnt Grigio Del,750mL,2,1
3405,Tito's Handmade Vodka,1.75L,1,1
37786,Lindemans Bin 45 Cab Svgn,1.5L,2,1
6651,Rocca Delle Macie Chianti C,750mL,2,1
8815,Ch Ste Michelle Chard Colmbi,750mL,2,1
17471,Loukatos Mavrodaphne Patras,750mL,2,1
159,Glenmorangie Original VAP,750mL + 2/,1,1
29130,Sutter Home White Merlot,750mL,2,1
19392,Dom Virginie Thunevin Brdx,750mL,2,1
18553,Menage a Trois Pnt Nr,750mL,2,1
39283,Concannon Svgn Bl Cntrl Cst,750mL,2,1
24135,Chanson Vire Clesse,750mL,2,1
41965,F Coppola Sofia Rose,750mL,2,1
42678,Fish Eye Shiraz,750mL,2,1
1390,Makers Mark,Liter,1,1
21407,Bartenura Ovidia Est Chianti,750mL,2,1
25194,Ch Beaulieu Lalande de Pomer,750mL,2,1
7341,Smirnoff Watermelon,50mL,1,1
16538,Catalpa Malbec,750mL,2,1
34022,Marcel Lapierre Morgon,750mL,2,1
19243,Simply Naked Unoaked Pnt Nr,750mL,2,1
1868,Lagavulin Single Malt 16-Yr,750mL,1,1
6694,Lindemans Bin 65 Chard,750mL,2,1
2366,Templeton Rye Whiskey,750mL,1,1
14852,Mooiplaas The Bean Pinotage,750mL,2,1
5698,P & J Cold Soaked Pineapples,750mL,1,1
11022,Hogue Cab Svgn Columbia,750mL,2,1
42741,Il Poggio Sangiovese Rubico,750mL,2,1
23508,Vino.e Falanghina Beneventno,750mL,2,1
15350,Kitaya Ai No Hime Sprkl Sake,180mL,2,1
24006,Jacopo Blondi Santi 10 Sasso,750mL,2,1
20176,Dom Bousquet Malbec Gr Rsv,750mL,2,1
2864,Silo Reserve Gin,750mL,1,1
44650,Nickel Branding Irn Cab Svgn,750mL,2,1
3385,Pinnacle Strawbry Kiwi Vodka,1.75L,1,1
3883,Hornitos Lime Shot Tequila,750mL,1,1
10916,Piper Sonoma Bl de Bl Sonoma,750mL,2,1
19074,Roaring Meg Pnt Nr,750mL,2,1
6090,8000 Generations Shochu,750mL,1,1
12539,Croix de Basson Rose Organic,750mL,2,1
16369,Tiki Sound Svgn Bl,750mL,2,1
1762,Ole Smoky Blue Flame,750mL,1,1
6588,Gallo Chard Cal,187mL 4 Pk,2,1
3989,Deep Eddy Lemon Vodka,750mL,1,1
17059,Murai Nigori Genshu Sake,300mL,2,1
4075,Bacardi Pineapple Fusion,1.75L,1,1
25715,Grgich Hills Fume Bl Napa,750mL,2,1
743,Angels Envy Whiskey,750mL,1,1
15977,Quattro Mani Barbera,750mL,2,1
7321,Malibu Cosmo Light RTD,1.75L,1,1
24304,Muga 2014 Rose Rioja,750mL,2,1
43027,Monsanto Monrosso Chianti,750mL,2,1
5071,Drambuie 15 Yr Old,750mL,1,1
25629,Marchesi Barolo Ruvei B Alba,750mL,2,1
4679,Courvoisier VS Cognac,375mL,1,1
40926,Taylor Madeira NY,750mL,2,1
3597,UV Sangria Vodka,750mL,1,1
24241,Tenet Syrah Le Fervent,750mL,2,1
19372,Liberty Creek Pink Moscato,1.5L,2,1
12253,Cecchi Natio Organic Chianti,750mL,2,1
351,Rittenhouse Rye Bonded Whsky,750mL,1,1
20995,Grape & Vine Merlot,750mL,2,1
26319,Steak House Cab Svgn,750mL,2,1
22924,Patricius Sarga Muskotaly,750mL,2,1
7278,Mapple Jack Liquer,750mL,1,1
18098,Shafer Hillside Cab Svgn,750mL,2,1
26754,Dom Faiveley Mercurey 14 Bl,750mL,2,1
24590,Dominios Rueda,750mL,2,1
2950,1792 Sweet Wheat Bourbon,750mL,1,1
16326,Black Box Cab Svgn,500mL,2,1
3840,Smirnoff Raspberry Vodka,1.75L,1,1
1178,Evan Williams Black Label B,750mL,1,1
1135,Rebel Reserve Bourbon,750mL,1,1
5463,Aguardiente Cristal Liqueur,750mL,1,1
2801,Tullamore Dew 10 Yr Old,750mL,1,1
3342,Bully Boy Old Fashioned RTD,750mL,1,1
12147,Sterling Vintners CA Meritag,750mL,2,1
24049,Ozeki Hana Awaka Sprkl Sake,250mL,2,1
5655,Jose Cuervo Lite Wh Peach,1.75L,1,1
15393,Cupcake Pnt Grigio,750mL,2,1
22967,Cambria Clone-4 Pnt Nr,750mL,2,1
45446,Coastal Vines Cab Svgn Cal,750mL,2,1
19721,Cutler Creek Chard,750mL,2,1
13229,Cakebread Vine Hill Cab,750mL,2,1
31231,Nobilo Svgn Bl MarlborougH,750mL,2,1
46379,Ghost Pine Cab Svgn LMartini,750mL,2,1
11214,Caymus Cab Svgn Napa Vly,750mL,2,1
19870,Yellow Tail Sangria,1.5L,2,1
39346,Salmon Creek Wh Znfdl Cal,750mL,2,1
17706,Il Donato Vino Rosso Puglia,750mL,2,1
15001,Jubileo Meritage,750mL,2,1
20952,Bouza Temp Tannat,750mL,2,1
24198,Route 128 Est Pnt Nr Santa B,750mL,2,1
27444,Renato Ratti Langhe Nebbiolo,750mL,2,1
25280,Menage a Trois Merlot,750mL,2,1
23116,Patz & Hall Sonoma Cst Chard,750mL,2,1
36100,Carpineto Vino Nobile RSV d,750mL,2,1
15542,Tiziano Prosecco,750mL,2,1
19329,Ca Del Monte Amarone Red,750mL,2,1
44756,Duck Pond Syrah Columbia,750mL,2,1
18788,Triton Avante Mencia,750mL,2,1
3368,Pinnacle Grape Vodka,1.75L,1,1
17431,Rhiannon Proprietor's Red,750mL,2,1
4696,Blue Chair Bay Banana Rum,750mL,1,1
25257,Ch Boston Margaux,750mL,2,1
24593,Bodegas La Cartuja Priorat,750mL,2,1
18095,Layer Cake Garnacha,750mL,2,1
451,Hiram Walker Triple Sec,Liter,1,1
23929,La Mura Blanco,750mL,2,1
19684,Ch Magdelaine 10 St Emilion,750mL,2,1
8918,Beat 3 Reserve,750mL,1,1
8254,Mateus Rose,1.5L,2,1
428,Sauza Giro Gold Tequila,Liter,1,1
23242,Columbia Crest H3 Svgn Bl,750mL,2,1
7590,Stoli 80 VAP Lemonade Shaker,750mL,1,1
21699,Terra de Touros White,750mL,2,1
22363,Andre Moscato,750mL,2,1
24570,Oko Cab Svgn VdP L'Herault,750mL,2,1
6734,Gallo Twin Valley Cab Svgn C,1.5L,2,1
8231,Folonari Valpolicella,1.5L,1,1
3153,Rye Harbor Vodka,750mL,1,1
12476,Ch Donjon Minervois Rose,750mL,2,1
23050,Stonestreet Est Chard Sonoma,750mL,2,1
8085,Wild Turkey,1.75L,1,1
6216,Taylor Tawny Port,1.5L,2,1
13163,Barefoot Bubbly Moscato,750mL,2,1
40053,Campo Viejo Tempranillo,750mL,2,1
23196,Yellow Tail Sangria Bubbles,750mL,2,1
43803,Banfi Rosa Regale,187mL,2,1
39512,Jacobs Crk Cab/Merlot,750mL,2,1
23860,Concannon Founder Cab Svgn,750mL,2,1
39412,Mirassou Merlot Cal,750mL,2,1
22509,Alderbrook Pnt Nr RRV,750mL,2,1
33578,Tommasi Pinot Grigio Le Ros,750mL,2,1
21181,Belaire Sparkling Rose,750mL,2,1
8446,Richards Wild Irish Rose Red,1.5L,1,1
23173,Four Star Cab Svgn,750mL,2,1
18851,Atalon Pauline's Cuvee Red N,750mL,2,1
12353,Mercer Merlot,750mL,2,1
18928,Ninety+Cellars Lot 83 Pnt Nr,750mL,2,1
8108,Amaras Cupreata Mezcal,750mL,1,1
305,Crown Royal Canadian Whisky,Liter,1,1
18951,Caymus Conundrum Red,750mL,2,1
8131,Lillet White French Aperiti,750mL,2,1
28984,Kendall Jackson Grand RSV Me,750mL,2,1
29648,Hartley & Gibson Fino Dry S,750mL,2,1
21158,Huber Gruner Veltliner Trais,750mL,2,1
18164,Lyrarakis Okto White,750mL,2,1
8154,Cazadores Reposado Tequila,750mL,1,1
33037,Beringer Fndrs Est Cab Svgn,1.5L,2,1
31045,Presidential 20-Yr Tawny Dec,750mL,2,1
40786,Morgan Winery Cd Crows Monte,750mL,2,1
41032,Folie A Deux Amador Znfdl,750mL,2,1
18974,Pine Ridge Napa Vlly Cab Svg,750mL,2,1
19807,Mont Gravet Colombard,750mL,2,1
20889,La Lecciaia Brunello di Mont,750mL,2,1
20471,Viu Manet Rsva Chard,750mL,2,1
8818,Jack Daniel BTB NE Tap House,750mL,1,1
8423,Paul Masson Wh Znfdl,1.5L,2,1
19120,Bodegas Borsao Berola,750mL,2,1
42801,Benton Lane Pnt Gris Willamt,750mL,2,2
19661,Red Sox Club Series Chard Rs,750mL,2,1
20448,Liberty Creek Chard Tetra Pk,500mL,2,1
6362,Totts Brut Calif,750mL,2,1
34998,Luiano Chianti Clsc,750mL,2,1
14437,Byron Santa Barbara Pnt Nr,750mL,2,1
2781,High West Campfire Whiskey,750mL,1,1
22014,Foss Marai Prosecco,750mL,2,1
19346,Mt Monster Cab Svgn,750mL,2,1
25844,Ch Chaigneau Brdx,750mL,2,1
5283,Tippy Cow Vanilla Soft Serve,750mL,1,1
27172,Pecchenino 12 Siri d'Jermu D,750mL,2,1
22263,Volker Eisele Family Est Cab,750mL,2,1
26923,Rosso del Popolo Lange Rosso,750mL,2,1
21576,Chalk Hill Chard,750mL,2,1
26236,Marques de Caceres Rose,750mL,2,1
24029,W Hill Est Cntrl Cst Pnt Nr,750mL,2,1
16203,Simple Life Pnt Nr,750mL,2,1
22904,Mercer Canyons Cab Svgn,750mL,2,1
2094,Kilchoman Machir Bay Whiskey,750mL,1,1
7985,Noilly Prat Extra Dry Vermou,Liter,1,1
34703,Valley of the Moon Znfdl,750mL,2,1
45526,Natura Chard Casablanca,750mL,2,1
79,Three Olives Loopy Vodka,750mL,1,1
24965,Ch Haut Gravet Gr Chemin St,750mL,2,1
3660,Deep Eddy Ruby Red Vodka,1.75L,1,1
16890,The Seeker Pinot Noir,750mL,2,1
1656,Forbidden Secret Pumpkin Crm,750mL,1,1
8626,Ezra Brooks,1.75L,1,1
1261,Jim Beam Kentucky Fire,50mL,1,1
22950,Pierre Andre Chablis,750mL,2,1
5970,St George Spiced Pear Liquer,750mL,1,1
17331,Sean Minor Four Bears Svgn B,750mL,2,1
3614,Finlandia Vodka,1.75L,1,1
11440,Peter Vella Sangria B/B,5L,2,1
3863,Evan Williams Honey Reserve,1.75L,1,1
4201,Calico Jack Silver Rum,1.75L,1,1
4450,Leblon Natural Cane Cachaca,750mL,1,1
16349,Cinsault Frick,750mL,2,1
14683,State Ranch 07 Cab Svgn Youn,750mL,2,1
24175,Stella Moscato,750mL,2,1
13604,Folonari Pnt Grigio Venezie,3L,2,1
28005,Somerston Stornoway Red,750mL,2,1
12768,Castle Rock Pnt Nr Cal Cuvee,750mL,2,1
25011,St Supery Rutherford Merlot,750mL,2,1
2535,Glenfiddich 21 Year Old,750mL,1,1
24424,Adaption by Odette Chard,750mL,2,1
26090,Pietro Rinaldi Monpiano Barb,750mL,2,1
26339,Ch Castel Maures 15 Rose Cuv,750mL,2,1
5137,Irish Manor Irish Cream,750mL,1,1
3176,Smugglers Notch Vodka,750mL,1,1
2973,Eagle Rare Single Barrel Bo,750mL,1,1
15619,Beringer Classic Red Moscato,750mL,2,1
25652,Red Autumn Red,750mL,2,1
1848,Oban Little Bay Single Malt,750mL,1,1
23783,Pavillon du Ch Margaux 12 Ma,750mL,2,1
3514,Llord's Blue Curacao,Liter,1,1
90080,Ch Cantenac Brown Margaux 11,750mL,2,1
6465,Arrow Coffee Brandy,50mL,1,1
27318,W Selyum Pnt Nr Foss Vyd RRV,750mL,2,1
4404,Bacardi Gold Rum,375mL,1,1
14975,Cavit Moscato,750mL,2,1
912,Smirnoff Vanilla Vodka,Liter,1,1
36123,Qupe Central Coast Syrah Cal,750mL,2,1
3909,White Mountain Vodka,750mL,1,1
35290,Vampire Transylvania Merlot,750mL,2,1
26631,Vignaioli Casdoni Barolo,750mL,2,1
2240,Bully Boy White Whiskey,750mL,1,1
23388,Light Horse Cab Svgn,750mL,2,1
2827,Glenfiddich 26 Yr Old Scotch,750mL,1,1
26877,Argentiera Poggio Ginerpi Bo,750mL,2,1
25549,Alisios Pinot Grigio,750mL,2,1
25798,D. Cohn Cab Svgn Bellacosa,750mL,2,1
1994,Laphroaig 30 Year,750mL,1,1
15911,Primal Roots Red Cal,750mL,2,1
4550,E & J XO Brandy,750mL,1,1
3763,Patron Anejo Tequila,375mL,1,1
24075,Bouvet Brut,750mL,2,1
25157,M Lynch Bordeaux Blanc Grave,750mL,2,1
23534,Zenato Alanera Rosso Verones,750mL,2,1
35977,Jaboulet Cotes du Rhone Par,750mL,2,1
26485,Vivanco Rose,750mL,2,1
25698,Masi Tupungato Corbec,750mL,2,1
2140,West Cork Barrel Proof Ltd R,750mL,1,1
8526,Chambord Royale de France,750mL,1,1
5111,Dr McGillicuddy's Mentholmnt,50mL,1,1
12771,Joel Gott Cab Svgn 815,750mL,2,1
24842,Jacobs Crk Shrz/Cab Svgn,750mL,2,1
3617,Olmeca Altos Reposado,750mL,1,1
4447,Patron XO Cafe Dark Cocoa,750mL,1,1
26336,Canella Rose Brut,187mL,2,1
17182,Mimosa by St Clair Winery,750mL,2,1
15688,Cheval Blanc St Emilion 08,750mL,2,1
20763,Sassoregaule Maremma Toscana,750mL,2,1
5609,Integre Vodka,750mL,1,1
27925,Barone Ricasoli Castello,750mL,2,1
21427,Verde Sole Chard,750mL,2,1
12273,Beringer Classic Moscato,1.5L,2,1
38241,Hendry Block 8 Cab Svgn Napa,750mL,2,1
8028,S S Pierce Manhattan,1.75L,1,1
8692,Grey Goose VX,750mL,1,1
25506,B Doon The Heart Has Rieslin,750mL,2,1
4258,Bacardi Mango Fusion,750mL,1,1
19246,Hidden Crush Cab Svgn C Cst,750mL,2,1
2432,Crown Royal,750mL,1,1
889,DeKuyper Sour Apple Pucker,Liter,1,1
16541,Atamisque Assemblage,750mL,2,1
44716,Drouhin Chorey Les Beaune,750mL,2,1
26359,Fizz 56 Sparkling Red,375mL,2,1
17039,Sutter Home Pink Bubbly Mosc,750mL,2,1
3594,Pinnacle Tropical Punch,50mL,1,1
3096,Three Olives Loopy Vodka,50mL,1,1
25695,Carpineto Molin Vecchio,750mL,2,1
2051,Glenrothes Bourbon Cask Rsv,750mL,1,1
10235,Sheffield Marsala Silver Lne,1.5L,2,1
26551,C R Clrs Fortissimo Red,4L,2,1
22801,Fetzer Valley Oaks Cab Svgn,1.5L,2,1
44859,Man Cab Svgn Western Cape,750mL,2,1
20551,Humble Pie Cab Svgn CC,750mL,2,1
23468,Il Poggione di Montalcino,1.5L,2,1
19054,Chateau Gazin Pomerol 10,750mL,2,1
16472,Lock & Key Meritage,750mL,2,1
24132,Sutter Home Malbec Arg,750mL,2,1
19887,Guasti Clemente Barolo Rsva,750mL,2,1
31789,Livingston Cab Svgn Cal,3L,2,1
746,Allen's Melon Liqueur,Liter,1,1
4235,Sailor Jerry Spiced Rum,375mL,1,1
25718,Penfolds 08 Grange,750mL,2,1
35393,Tohu Svgn Bl Marlboro,750mL,2,1
3425,Olmeca Altos Plata Tequila,750mL,1,1
18536,Andrew Will Two Blondes WA,750mL,2,1
22778,Orestiadi Ludovico,750mL,2,1
2220,Barr Hill Gin,375mL,1,1
15167,De Martino Svgn Bl Organic,750mL,2,1
2884,Comandon XO Cognac,750mL,1,1
23491,True Myth Chard Keg,20L,2,1
43385,Three Thieves Bnd Pnt Grigio,Liter,2,1
19077,Ornellaia Bolgheri 10,750mL,2,1
27192,DeLoach Est Vyd Chard,750mL,2,1
27069,Medici Ermete Concerto Lmbrs,750mL,2,1
869,DeKuyper Anisette,Liter,1,1
22758,Copain Tous Ensemble 12 Chrd,750mL,2,1
24673,Bolla Pinot Grigio,1.5L,2,1
20594,Fritz Pnt Nr RRV,750mL,2,1
7195,Herradura Reposado Barrel 11,750mL,1,1
11274,Nardi Brunello di Montalcino,750mL,2,1
9359,KAH Extra Aged Tequila,750mL,1,1
20428,Fattoria Poggio Red 10,750mL,2,1
27092,Feast Agiorgitiko,750mL,2,1
22094,Trione Family Vyds Red Blend,750mL,2,1
45921,Estancia Svgn Bl Pinnacles,750mL,2,1
21453,Ch Ducru Beaucaillau St-Juli,750mL,2,1
16000,Drouhin Pouilly Fuisse,750mL,2,1
19787,Bota Mini RedVolution,500mL,2,1
8008,Bols Peppermint Schnapps,Liter,1,1
846,Chinaco Anejo Tequila,750mL,1,1
16664,Eden Northern Spy 09 Cider,375mL,2,1
43193,Dancing Bull Zabaco Cab Svgn,750mL,2,1
6654,Veuve Clicquot Brut Yellow,750mL,2,1
19220,Veuve Clicquot Gold Label,750mL,2,1
43365,Cavit Riesling Trentino,1.5L,2,1
32545,Artesa Carneros Chard,750mL,2,1
41868,Goldeneye Anderson Pnt Nr,750mL,2,1
10733,A Bichot Macon-Villages,750mL,2,1
11397,Buried Cane Chard,750mL,2,1
8151,St Elder Elderflower Liqueur,50mL,1,1
18556,Armonia Malbec,750mL,2,1
21384,Ch Ste Michelle Cold Ck Cab,750mL,2,1
8128,Espolon Anejo Tequila,750mL,1,1
40096,Black Box Cab Svgn,3L,2,1
11915,Sequoia Grove Cab Svgn,750mL,2,1
44547,Silver Oak Cab Svgn Alex Vly,750mL,2,1
17915,Thorny Rose Svgn Bl NZ,750mL,2,1
20743,Churchill's Late Bottled 05,750mL,2,1
6136,Casoni Limoncello di Sorento,750mL,1,1
21284,Elk Cove Pinot Bl,750mL,2,1
18579,Primo Amore Rsl,750mL,2,1
35413,Yellow Tail Shiraz Ausl,750mL,2,1
3694,Stolichnaya Razberi,750mL,1,1
3196,Absolut Orient Apple Vodka,750mL,1,1
22927,Paydirt Svgn Blanc,750mL,2,1
26010,Byron Pnt Nr Nielson Vyd SMV,750mL,2,1
15931,Fuligni Brun Montalcino DOCG,750mL,2,1
26259,CastelGiocondo 11 Brun Montl,750mL,2,1
26508,Ch Maycott Red,750mL,2,1
20863,W Hill Est Chard N Coast,750mL,2,1
4762,Hartley Brandy VS,750mL,1,1
6385,Fetzer Sundial Chard,1.5L,2,1
20912,Whitehall Tre Leoni Red Napa,750mL,2,1
19369,Luigi Bosca de Sangre,750mL,2,1
2555,The GlenDronach Cask Strngth,750mL,1,1
9090,Harmon Buffalo Trace Barrel,750mL,1,1
45884,Kendall Jackson Pnt Nr Spl S,750mL,2,1
385,Leopold GourmelAge Des Epic,750mL,1,1
27398,Talley Vyds Stone Corral Pnt,750mL,2,1
13916,Stellar Organics Shiraz,750mL,2,1
8898,Yukon Jack,1.75L,1,1
21055,Sandeman Imperial 20-Yr Taw,750mL,2,1
5403,Amaretto di Amore,750mL,1,1
989,Absolut Pears,Liter,1,1
2661,Laphroaig Cask Strength 10Yr,750mL,1,1
24301,Mija Sangria,750mL,2,1
36538,Liberty Creek RSV Cab Svgn,1.5L,2,1
20222,Nantucket Vyd Chard,750mL,2,1
2071,Bird Dog Maple Whiskey,750mL,1,1
25383,Von Winning Riesling Pfalz,750mL,2,1
18636,Castello di Cacchiano Rosso,750mL,2,1
46190,Napa Cellars Merlot,750mL,2,1
33206,Bodegas Faustino V RSV Rioj,750mL,2,1
21633,Wild Horse Pnt Nr CC,375mL,2,1
597,Baileys Irish Cream,Liter,1,1
7716,Andre Brut,750mL,2,1
42881,La Bastarda Pnt Gr Sicily,750mL,2,1
14663,Spellbound Merlot,750mL,2,1
3929,Los Amantes Mezcal,750mL,1,1
3388,Seagrams Extra Dry Gin,750mL,1,1
15290,Backhouse Pnt Nr,750mL,2,1
19618,Ch Lafon-Rochet St Estphe 10,750mL,2,1
26024,Ch le Pape Pessac Leo Rouge,750mL,2,1
21696,Shelburne Vyds Lake View Wh,750mL,2,1
24942,Ch Poujeaux Brdx Rouge,750mL,2,1
13581,Veuve Clicquot Rose Shop Bag,750mL,2,1
4278,Capt Morgan Parrot Bay Cocnt,750mL,1,1
2120,Canadian Club,1.75L,1,1
21596,Siduri Pnt Nr Sonoma Cst,750mL,2,1
4527,Camus Grand VSOP Elegance,750mL,1,1
23511,Plantaze Cab Montenegro,750mL,2,1
4029,Tall Ship Cedar Island Spice,750mL,1,1
6193,Midnight Moon Moonshine,750mL,1,1
25426,Fattoire Barbi 13 MdScansano,750mL,2,1
34580,Luce Della Vite Lucente Tosc,750mL,2,1
2612,Four Roses Small Batch 15,750mL,1,1
4135,Smirnoff Blueberry Vodka,50mL,1,1
4178,Fabrizia Limoncello,375mL,1,1
15496,C Monaci Kreos Rosato,750mL,2,1
40425,Mionetto Prosecco Brut,750mL,2,1
3637,Zhenka Vodka Plastic,750mL,1,1
17162,Menage a Trois Pnt Grigio,750mL,2,1
18785,Tineta Tinto Fino Ribera Del,750mL,2,1
26316,Fish House Svgn Bl,750mL,2,1
5801,Dr McGillicuddy's Peppermint,50mL,1,1
6342,Avia Slovenia Chard,1.5L,2,1
2014,Weller Rsv Special Barrel,750mL,1,1
14457,Scagliola Mati Barbera,750mL,2,1
24152,Grape Time Super Tuscan,750mL,2,1
45300,Hall Svgn Bl Napa,750mL,2,1
2512,The Macallan 12 Yr Old,375mL,1,1
46923,Torrontes Jelu San Juan,750mL,2,1
25818,Fitou Rsv 14,750mL,2,1
6983,J Lohr Seven Oaks Cab Svgn,750mL,2,1
2655,James Oliver Rye Whisky,750mL,1,1
6150,Midnight Moon Blackberry,750mL,1,1
3737,Pinnacle Blueberry Vodka,1.75L,1,1
22970,Bluegray Priorat DOQ,750mL,2,1
24885,Passadouro 12 Tinto Douro,750mL,2,1
46774,Rosenblum Znfdl Paso Robles,750mL,2,1
24052,Poochi Poochi Sparkling Sake,300mL,2,1
3986,Deep Eddy Peach Vodka,Liter,1,1
3345,Bombay Sapphire Gin,50mL,1,1
16329,Battle Axe Malbec Mendoza,750mL,2,1
14706,Cupcake Prosecco,750mL,2,1
640,Sobieski Orange Vodka,Liter,1,1
15247,Juve y Camps Brut Nature,750mL,2,1
25526,Frescobaldi Massovivo Vermen,750mL,2,1
1181,Kahlua Peppermint Mocha,750mL,1,1
1722,Jack Daniels Sinatra Century,Liter,1,1
24985,Bodega Zafado Malbec,750mL,2,1
4427,Rhum Barbancourt 3 Star,750mL,1,1
2804,Camp Robber Whiskey,750mL,1,1
5194,Bacardi Party Mai Tai,1.75L,1,1
8111,Smirnoff 80 Proof,50mL,1,1
42735,Magnificent Wine Co House Re,750mL,2,2
37826,Yellow Tail Cab Svgn Ausl,750mL,2,1
4198,Sailor Jerry Spiced Navy Rum,1.75L,1,1
33581,Masi Modello Delle Venezie,750mL,2,1
24095,Gallo Copperidge Cab Svgn,750mL,2,1
17265,Proximo Red Rioja,750mL,2,1
20514,Marquis de Calon St Estephe,750mL,2,1
20182,Washington Hills LH Rsl,750mL,2,1
24427,Plumpjack Est Cab Svgn,750mL,2,1
21510,Mezzacorona Cab Svgn,1.5L,2,1
12024,Terre Rouge Syrah Les Cotes,750mL,2,1
22174,QM Alvarinho White,750mL,2,1
1281,Benchmark Old #8 Bourbon,1.75L,1,1
25423,Pol Roger 02 Sir W Churchill,750mL,2,1
21178,Sensi Dalcampo Chianti Rsva,750mL,2,1
8420,Frangelico Hazelnut Liqueur,1.75L,1,1
6213,Taylor Red Port,1.5L,2,1
21201,Bota Box Pnt Nr,3L,2,1
16246,Domino Chard,1.5L,2,1
24404,Carpineto Valcolomba Verment,750mL,2,1
262,Don Q Cristal Rum,Liter,1,1
27461,Ecco Domani Pnt Grigio Venez,750mL,2,1
4152,Jenkins Rum,750mL,1,1
46694,Santa Margherita Chianti Cls,750mL,2,1
16555,Murrieta's Well The Whip Wh,750mL,2,1
34792,Ch Thivin Cote de Brouilly,750mL,2,1
14062,Shafer Red Shoulder Chard,750mL,2,1
43777,Ben Marco Cab Svgn,750mL,2,1
15058,Cono Sur Organic Svgn Bl,750mL,2,1
2160,Nikka Coffey Malt Whisky,750mL,1,1
41762,Ch Beaucastel Chtnf Pap,750mL,2,1
2847,The Quiet Man Irish Whiskey,750mL,1,1
20491,Wild Oats Chard Cntrl Ranges,750mL,2,1
13544,Lucky Duck Cab Svgn,750mL,2,1
21487,Twelfth Night Svgn Bl,750mL,2,1
26442,Fortant Heritage Lang Rouge,750mL,2,1
8280,Piper Sonoma Brut,750mL,2,1
6946,Rosemount Diamond Cab Svgn,750mL,2,1
32084,Heidsieck Brut Monopole Epe,750mL,2,1
6359,W Hill Est Chard Bench Blend,750mL,2,1
3697,Ciroc Pineapple Vodka,50mL,1,1
18430,Bertani Secco 09 Edition IGT,750mL,2,1
2446,Nomad Outland Whiskey,750mL,1,1
24922,Appolo Vyds China Girl,750mL,2,1
21009,Galerie Naissance Svgn Bl,750mL,2,1
25592,Writer's Block 12 Lake Count,750mL,2,1
22930,La Puerta Alta Malbec Bonrda,750mL,2,1
3133,Svedka Strwbry Lemonad Vodka,750mL,1,1
8961,Jose Cuervo Especial,50mL,1,1
32107,Erath Pnt Gris Ore,750mL,2,1
803,Bacardi Gold Rum,Liter,1,1
38968,Le Capitaine Vouvray Loire,750mL,2,1
28148,Ciro Rosso Clsc Librandi Cl,750mL,2,1
26156,Pino Pnt Nr Oregon,750mL,2,1
36306,Dom Chandon Pinot Meunier,750mL,2,1
4344,Calypso Silver Rum,1.75L,1,1
408,Wild Turkey American Honey,750mL,1,1
27799,Ch de Sancerre Sancerre,750mL,2,1
12479,Geyser Peak Cab Svgn,750mL,2,1
22389,Villa Cornaro Prosecco,187mL,2,1
995,Absolut Ruby Red,Liter,1,1
18971,Tenuta Guado Al Tasso Bructo,750mL,2,1
12310,Napa Cellars Pnt Nr Napa,750mL,2,1
13561,Stump Jump Shiraz,750mL,2,1
22220,Salted Caramel Martini Wine,500mL,2,1
26302,Brooks Janus Pnt Nr,750mL,2,1
28317,Livingston Wh Znfdl Cal,1.5L,2,1
972,Ciroc Snap Frost Vodka,Liter,1,1
40219,Fat Bastard Merlot,750mL,2,1
5054,Jagermeister Spice,50mL,1,1
18284,Michele Chiarlo Arneis,750mL,2,1
12333,Dom Leflaive Merslt 07 d'Ane,750mL,2,1
23694,Dom Perignon Rose,750mL,2,1
5595,Hine Antique XO Premier Cru,750mL,1,1
2532,The Macallan 12 Yr Old,1.75L,1,1
3528,Don Felix Anejo Tequila,750mL,1,1
3611,Grey Goose La Poire Vodka,375mL,1,1
2200,Bonnie Rose Spiced Apple,750mL,1,1
23840,Roth Est Red Heritage Sonoma,750mL,2,1
26093,Pietro Rinaldi Argante Nebbi,750mL,2,1
10358,Gnarly Head Merlot Cal,750mL,2,1
11769,Carpene Malvolti Prosecco,187mL,2,1
17935,Butterfly Kiss Pnt Grigio,750mL,2,1
26674,Lady Lola Pnt Grigio Del Ven,750mL,2,1
6754,Livingston Chablis Cal,1.5L,2,1
10750,Gattinara Travaglini,750mL,2,1
8543,Kringle Cream,750mL,1,1
2924,Speyburn 10-Yr Single Malt,750mL,1,1
3219,Svedka Grapefruit Jalapeno,50mL,1,1
4215,Kingfish Silver Rum,750mL,1,1
27066,A Bichot Merc Champs Mart 14,750mL,2,1
16309,Mollydooker Two Left Feet,750mL,2,1
3325,Pinnacle Caramel Apple Vodka,750mL,1,1
5735,Malibu Rum,750mL,1,1
33953,L Bernard Cotes du Rhone,750mL,2,1
43359,David Bruce Pnt Nr RRV,750mL,2,1
19558,Verite La Joie Red Sonoma,750mL,2,1
20969,Ninety Cellars Lot 105 Chard,750mL,2,1
20723,Shannon Ridge Wrangler Red,750mL,2,1
20637,Netzl Rosanna Rose,750mL,2,1
23886,Cycles Gladiator Chard,750mL,2,1
17637,Laurent Reverdy Sancerre,750mL,2,1
26379,Orin Swift Machete Red,750mL,2,1
26047,Tamellini Soave DOC,750mL,2,1
4261,Capt Morgan Spiced Rum,1.75L,1,1
21032,Taylor Fladgate 10-Yr Tawny,750mL,2,1
46299,Grayson Cellars Znfdl Cntl C,750mL,2,1
21573,Casal Garcia Vinho Verde Ros,750mL,2,1
2638,Bowmore Islay 18-Yr Sgl Malt,750mL,1,1
25360,Honig Cab Svgn,1.5L,2,1
14626,Carlo Rossi Sweet Red,1.5L,2,1
25901,Cupcake Prosecco,187mL 3 Pk,2,1
8048,Coole Swan Irish Cream,750mL,1,1
24573,Oko Malbec Mendoza Organic,750mL,2,1
26983,Almaviva Rothschild & CyToro,750mL,2,1
18622,Bruno Giacosa Roero Arneisxc,750mL,2,1
20096,Milestone Red,750mL,2,1
43900,Clio Jumilla Red,750mL,2,1
25254,Ch des Perligues Graves,750mL,2,1
12270,Wente Louis Mel Svgn Bl,750mL,2,1
23926,St Paul's Pnt Nr Alto Aldige,750mL,2,1
34746,Hogue Clrs Pnt Gris Columbia,750mL,2,1
2784,Lauders,Liter,1,1
18762,Villadoria Barolo,750mL,2,1
31503,Barefoot Znfdl Cal,1.5L,2,1
122,DeKuyper Mixed Berry Medley,750mL,1,1
15768,Sandeman Vau Vintage Porto,750mL,2,1
4948,Ron Virgin Black Spiced Rum,750mL,1,1
13498,Riva Rey Tempranillo,750mL,2,1
1012,Courvoisier VSOP VAP,750mL,1,1
2678,Michter's Straight Rye,750mL,1,1
8629,Ezra Brooks Cinnamon Bourbon,1.75L,1,1
2137,Glen Moray 10 Yr Chard Cask,750mL,1,1
19990,Sauvion Rose d'Anjou,750mL,2,1
25941,Wine Cube Cab Svgn,3L,2,1
6319,Santa Cristina Toscana,750mL,2,1
23385,Dom Roux Bourgogne Chard,750mL,2,1
8483,Rastignac VSOP Cognac,750mL,1,1
39764,Grahams 10-Yr Tawny Port,750mL,2,1
23239,Hay Maker Svgn Bl,750mL,2,1
27567,Zenato Pinot Grigio Veneto,750mL,2,1
41633,Prinz Salm Two Princes Nahe,750mL,2,1
4845,Arrow Cherry Brandy,750mL,1,1
11337,Freemark Abbey Merlot Napa,750mL,2,1
4304,Bacardi Mango Fusion,50mL,1,1
26239,Sokol Blosser Rose of Pnt Nr,750mL,2,1
23780,La Chapelle Mission Haut Bri,750mL,2,1
21616,Moonstone Plum Sake,300mL,2,1
3783,Ciroc Apple Vodka,50mL,1,1
16352,Girls in the Vineyard Svgn B,750mL,2,1
11443,Ravenswood Petite Sirah Vnts,750mL,2,1
13933,Canyon Rd Pnt Grigio,1.5L,2,1
4779,Molletto Grappa di Barbera,750mL,1,1
5277,Arrow Sloe Gin,750mL,1,1
21593,Melini Orvieto Clsc Orzalume,750mL,2,1
866,Absolut Hibiskus,Liter,1,1
1364,Bols Pumpkin Spice,750mL,1,1
22091,Presswork Grenache Mclaren V,750mL,2,1
24012,Bertani Secco 11 Orig V Ed,750mL,2,1
25008,St Supery Dollarhide Svgn Bl,750mL,2,1
24510,Tin Barn Svgn B Hi Vista Vyd,750mL,2,1
12416,Callia Alta Malbec,750mL,2,1
3760,Absolut Pears,750mL,1,1
17869,La Joya Svgn Blanc,750mL,2,1
16873,Tierruca Svgn Bl Rsva,750mL,2,1
17371,Castelmaure Corbieres,750mL,2,1
557,Bowman's Gin,Liter,1,1
26027,Ch Beauchene CdPape Blanc,750mL,2,1
11918,Ch de Beaucastel Pape Blanc,750mL,2,1
2764,Hatfield & McCoy Whiskey,750mL,1,1
12227,Korbel Sweet Rose,750mL,2,1
43362,Silver Oak Cab Svgn Napa,750mL,2,1
3571,Absolut Vanilia,50mL,1,1
2074,Ardbeg Auriverdes Scotch,750mL,1,1
23800,Boya Svgn Bl,750mL,2,1
3070,Peligroso Reposado Tequila,750mL,1,1
16140,Ravines Meritage,750mL,2,1
26050,Henry Fessy Bjls Vlgs Crus d,750mL,2,1
17394,Ch La Mission 09 Blanc Pessc,750mL,2,1
40116,Marcus James Rsl,1.5L,2,1
1078,Ezra Brooks Bourbon Cream,750mL,1,1
18868,Josh Cellars Merlot,750mL,2,1
13458,Ch Ste Michelle Harvest Rsl,750mL,2,1
16163,Sutter Home Pnt Nr,187mL 4 Pk,2,1
11749,Almaden Pnt Grigio B/B,5L,2,1
24819,Brancaia Blu Rosso Toscana,750mL,2,1
20405,Tenuta Santo Pietro Viper Su,750mL,2,1
34397,Valckenberg Madonna Spatlese,750mL,2,1
4802,Monteru Sauternes French Bra,750mL,1,1
1556,Kahlua w/50mL Absolut+Glass,750mL,1,1
843,Mount Gay Eclipse Silver Rum,750mL,1,1
17159,Quattro Mani Montepulciano,750mL,2,1
2097,Ole Smoky Hunch Punch Lightn,750mL,1,1
2552,Defiant American Single Malt,750mL,1,1
5798,1800 Raspberry Margarita RTD,1.75L,1,1
46734,Gnarly Head Cab Svgn Cal,750mL,2,1
25337,Ch Francs Brdx CdFrancs,750mL,2,1
17351,Wine by Joe Pnt Nr,750mL,2,1
35914,Stone Cellars Chard,1.5L,2,1
8523,Glen Ellen Chard RSV,750mL,2,1
23345,Neyers Vyd Chard Carneros,750mL,2,1
18845,Lamiable Brut Grand Cru,750mL,2,1
23843,Kistler Hyde Chard,750mL,2,1
25509,Lockwood Pnt Nr,750mL,2,1
6774,Sorel Artisan Liqueur,750mL,1,1
16681,Nicolas Potel Wh Burgundy,750mL,2,1
25984,C Y Toro Casa Diablo Svgn Bl,750mL,2,1
14623,The Naked Grape Pnt Grigio,750mL,2,1
3305,Canada House Canadian Whisky,1.75L,1,1
32648,Beringer Classic Wh Znfdl,1.5L,2,1
14666,Raymond Family Clsc Cab Svgn,750mL,2,1
41304,Craggy Range Svgn Bl Marlbro,750mL,2,1
6010,Schonauer Apple Liqueur,750mL,1,1
21115,Wicked Smooth Merlot,750mL,2,1
23279,Turnbull Syrah 11,750mL,2,1
23820,Le Mistral Red,750mL,2,1
22781,Rage Znfdl,750mL,2,1
16830,C Y Toro Gran Rsva Carmenere,750mL,2,1
36435,Vin Santo Castellani Somavte,500mL,2,1
7982,M & R Sweet Vermouth,750mL,1,1
3826,Skyy Vodka,1.75L,1,1
4736,Capt Morgan Spiced Rum,100mL,1,1
823,Johnnie Walker Red Label,Liter,1,1
5990,H by Hine Cognac,750mL,1,1
33209,Sycamore Lane Cab Svgn Cal,750mL,2,1
2572,Tatoosh Whiskey,750mL,1,1
14474,Brownstone Moscato,750mL,2,1
26717,Arpa Pnt Grigio,750mL,2,1
24553,Ch Lassegue 2/05-09-10 6 Pak,750mL 6 Pk,2,1
23471,Three Wishes Pnt Grigio Colm,750mL,2,1
1905,Ole Smoky Margrita Moonshine,750mL,1,1
21307,Chloe Chard,750mL,2,1
580,Hennessy VSOP Cognac,Liter,1,1
5818,Tomahawk Maple Cream Liqueur,50mL,1,1
20056,Ch Rauzan-Segla 10 Brdx,750mL,2,1
2595,Clontarf Irish Whiskey,750mL,1,1
2054,Johnnie Walker Select Casks,750mL,1,1
44719,Cavit Prosecco Lunetta,750mL,2,1
13956,Gouleyant Malbec Cahors,750mL,2,1
17202,Natura Malbec Ville de Rapel,750mL,2,1
16661,John Anthony Cab Svgn Napa,750mL,2,1
24776,Amayna Chard,750mL,2,1
23153,Butternut Pnt Nr Cal,750mL,2,1
25317,Grammercy Cellars Cab Svgn,750mL,2,1
2117,Black Velvet Traveler,750mL,1,1
31915,F Coppola Diamond Chard,750mL,2,1
2615,Chivas Regal,50mL,1,1
18433,Bertani Amarone 04,750mL,2,1
23259,Vegan Vines Chard,750mL,2,1
14105,Cakebread Dancing Bear Cab S,750mL,2,1
6445,Dubonnet Bl,750mL,2,1
27089,Ch Perron Brdx Rouge,750mL,2,1
1121,Old St Andrews Tumbler Pack,50mL,1,1
9256,Don Ramon Silver Tequila,750mL,1,1
17912,Thorny Rose Cab Svgn,750mL,2,1
39681,Jaume Serra Cristalino Brut,187mL,2,1
45503,Rebel The Show Cab Svgn,750mL,2,1
42386,Sycamore Lane Pnt Grigio Cal,1.5L,2,1
13086,Armand De Brignac Brut,750mL,2,1
27693,Gosset Grand Blanc de Blancs,750mL,2,1
16916,R Mondavi Malbec Private Slt,750mL,2,1
23863,Bisol Crede Prosseco Super V,750mL,2,1
25572,Vineyards Found 14 Chard Nap,750mL,2,1
26568,Ninety+Cellars Lot 131 PN RV,750mL,2,1
26697,O Leflaive Ch-Mnt 14 St Marc,750mL,2,1
27195,JCB No 69 Sparkling Rose,750mL,2,1
42884,Beringer Cab Svgn Pvt RSV Np,750mL,2,1
600,McCormick Gin,Liter,1,1
23365,Elderton Barossa Shiraz,750mL,2,1
19037,Gunsight Rock Cab Svgn,750mL,2,1
22867,Vino Dious Cab Svgn 11,750mL,2,1
18539,Banknote Counterfeit,750mL,2,1
24882,Boones Strawberry Hill,750mL,2,1
8652,Grande Absente Absinthe,750mL,1,1
17308,Novelty Hill Cab Svgn CV,750mL,2,1
22632,Buil & Gine Montsant 17X1,750mL,2,1
20554,Franzia Moscato,5L,2,1
18304,Satellite Svgn Blanc Marlbor,750mL,2,1
25964,MacRostie Pnt Nr Sonoma Cst,750mL,2,1
44613,Bodegas Borsao 14 Rose,750mL,2,1
35957,Kesselstatt Josephshofer Kab,750mL,2,1
388,Smirnoff 80 Proof,Liter,1,1
1384,Bulleit 95 Rye,750mL,1,1
929,DeKuyper Island Punch Pucker,Liter,1,1
3634,Silo Lemon Vodka,750mL,1,1
2011,1792 Single Barrel Bourbon,750mL,1,1
18347,Banfi Pnt Grigio San Angelo,750mL,2,1
44072,Bogle Russian River Pnt Nr,750mL,2,1
3199,Grey Goose La Poire Vodka,1.75L,1,1
22675,For A Song  The Score,750mL,2,1
1035,Pinnacle Vodka Gift Pak,750mL + 3/,1,1
24341,Dom Henri Boillot Mersault,750mL,2,1
5363,Luxardo Angioletto Hazelnut,750mL,1,1
41759,Blue Fish Pfalz Rsl,750mL,2,1
28775,C K Mondavi Merlot,1.5L,2,1
46628,Paso Creek Cab Svgn,750mL,2,1
22326,Saved Red,750mL,2,1
17457,Skinnygirl White Wine,750mL,2,1
40136,Cakebread Merlot Napa,750mL,2,1
43923,Farnum Hill Summer Cider,750mL,2,1
43425,Chatom Gitano Sangiovese Cal,750mL,2,1
21785,Ghostwriter Pnt Nr,750mL,2,1
26611,Pull Eighty Pnt Nr,750mL,2,1
24447,TC Le Charmel Pnt Nr France,750mL,2,1
26654,CP Vini Salice Salentino Rsv,750mL,2,1
20162,Hess Select Pnt Nr,750mL,2,1
23949,Ch Valfontaine 10,750mL,2,1
15293,Flip Flop Merlot,750mL,2,1
20119,Love Oregon Pnt Nr,750mL,2,1
19621,Ch Rol Valentin 10,750mL,2,1
20660,WillM Alsace Rsl,750mL,2,1
26462,Ravenswood Znfdl Sonoma,750mL,2,1
2658,Cutty Sark,750mL,1,1
8068,Absolut 80 Proof,1.75L,1,1
24298,Ty Ku Cucumber Sake,330mL,2,1
3740,Kru Peach Mango Vodka,750mL,1,1
16724,Ch Haut Gravet Saint-Emillon,750mL,2,1
13478,Cantele Chard Salento,750mL,2,1
19970,Ch Ducru Beaucallou 10,750mL,2,1
6296,Taylor Sherry,1.5L,2,1
4673,Hennessy VS Cognac,1.75L,1,1
3591,Absolut Vanilia,750mL,1,1
3050,Bowman Vodka,1.75L,1,1
10624,Querceto Il Querciolaia Tosc,750mL,2,1
5214,Bacardi Party Drinks Rum Run,1.75L,1,1
35668,Redwood Creek Merlot Cal,1.5L,2,1
29431,Clos du Val Cab Svgn Napa,750mL,2,1
47075,Turn Me Red,750mL,2,1
4625,Courvoisier XO Cognac,750mL,1,1
25186,Jadot Ch d Jacques Morgon 11,750mL,2,1
13779,Banfi Centine Rose Toscana,750mL,2,1
37921,C Y Toro Carmenere Terrunyo,750mL,2,1
5953,Barrow's Intense Ginger,375mL,1,1
17360,Chapelle-St-Arnoux CdR Rouge,750mL,2,1
26514,Villa Jolanda Prosecco,1.5L,2,1
27178,Ridge Monte Bello Chard,750mL,2,1
3938,Stolichnaya,750mL,1,1
12428,Firesteed Citation Pnt Nr,750mL,2,1
20918,LAN Rioja Reserva,750mL,2,1
14420,Livingston Clrs Pnt Grigio,1.5L,2,1
19375,The Naked Grape Chard,3L,2,1
1731,The Spiced Tree Scotch,750mL,1,1
27201,DeLoach OFS Chard,750mL,2,1
3746,Gordons Vodka 80 Proof,1.75L,1,1
2418,Crown Royal Regal Apple,750mL,1,1
3915,Sauza Silver Tequila,750mL,1,1
4410,Cruzan Mango Flavored Rum,750mL,1,1
36378,MezzaCorona Pnt Grigio,1.5L,2,1
18734,Little Black Dress Divalicio,750mL,2,1
19398,Philippe Herard Bl de Blanc,750mL,2,1
24476,Les Pasquets Entre Deux Mers,750mL,2,1
35714,Miner Chard Napa,750mL,2,1
165,Gentleman Jack Gift Pack,750mL,1,1
20062,Ch Angelus 10 Brdx,750mL,2,1
25140,Nicole Chanrion Cote de Brou,750mL,2,1
8847,J Roget Extra Dry,750mL,2,1
3769,Jenkins Vodka,1.75L,1,1
10175,Big House Birdman Pnt Grigio,750mL,2,1
36524,Ch de Ribebon Brdx,750mL,2,1
18880,Piccini Memoro,750mL,2,1
19544,Freemark Abbey Viognier,750mL,2,1
2564,Glen Garioch 12 Yr Old,750mL,1,1
3105,Vincent Van Gogh PB&J Vodka,750mL,1,1
3228,Ciroc Mango Vodka,50mL,1,1
35860,Stella Merlot Veneto,1.5L,2,1
3892,Zhenka Vodka 80 Proof,750mL,1,1
25163,Colavita Pnt Nr,750mL,2,1
25827,Angeline Cab Svgn California,750mL,2,1
21413,Ch de Berne Rose,750mL,2,1
26491,Ch Paradis Rose Cotes D Prov,750mL,2,1
4556,Austin Cocktails Vodkarita,750mL,1,1
211,Cold River Gin,750mL,1,1
34509,Trinity Oaks Merlot Cal,750mL,2,1
12946,Middle Sister Smarty Pants C,750mL,2,1
875,DeKuyper Creme de Cacao Dark,Liter,1,1
24353,Diora Pnt Nr,750mL,2,1
25017,Ch Tertre de Viaud C d Bourg,750mL,2,1
24430,Eden Ice Sprklng Cider Semi,375mL,2,1
20108,Sassacaia,750mL,2,1
22438,Ch Fuisse Pouilly Fuisse 12,750mL,2,1
26345,A to Z Rose,750mL,2,1
35837,Franzia Rhine Tap,5L,2,1
20772,Dutton Goldfield Chard Dutto,750mL,2,1
2518,Woodford Reserve Double Oak,750mL,1,1
24453,Estancia Meritage,750mL,2,1
45601,Luigi Bosca Malbec,750mL,2,1
311,The Glenlivet 12 Yr Gift Pk,750mL,1,1
23666,Cooks Extra Dry Champagne,187mL 4 Pk,2,1
188,Capt Morgan Parrot Bay Mango,Liter,1,1
46929,Lindemans Bin 85 Pnt Grigio,750mL,2,1
20795,Kracher Beerenauslese Cuvee,375mL,2,1
25117,Zuccardi Q Malbec,750mL,2,1
23451,Terra Mia Lacryma Christi Wh,750mL,2,1
24330,Ch Reserve de la Comtesse 12,750mL,2,1
21459,Chateau Montrose St Estephe,750mL,2,1
14961,Stone Barn Cab Svgn,750mL,2,1
25658,Kir-Yianni Akakies Yianakoho,750mL,2,1
24994,Couvent des Thorins Moulin,750mL,2,1
24971,Hugel Gentil White,750mL,2,1
23474,Anew Rose,750mL,2,1
998,Corralejo Blanco Tequila,750mL,1,1
36209,Big House White,750mL,2,1
12900,Madria Sangria,750mL,2,1
503,Jose Cuervo Tropina,Liter,1,1
3577,Effen Black Cherry & Vanilla,750mL,1,1
2913,Spring 44 Gin,750mL,1,1
2495,Virginia Highland Malt Whsky,750mL,1,1
22392,Ch Julien French Kiss,750mL,2,1
32989,Barefoot Cab Svgn Cal,1.5L,2,1
2226,Jim Beam Devils Cut,1.75L,1,1
23079,Bolla Torr'Alta Veronese Ros,750mL,2,1
24825,Anakota 11 Helena Montana CS,750mL,2,1
1021,St Brendans Peppermint Bark,750mL,1,1
22292,Locations F Red France,750mL,2,1
22833,Grady Family Vyds Cab Svgn,750mL,2,1
1808,Ardbeg 21 Yr Single Malt,750mL,1,1
90089,Ch Lynch Bages 12 Pauillac,750mL,2,1
234,Allen's Ginger Brandy,1.75L,1,1
24161,Krupp Bros Chard,750mL,2,1
12259,Rex Goliath Chard Free Range,1.5L,2,1
23497,Ch Gruaud Larose 11 St Julin,750mL,2,1
2349,Blood Oath Bourbon,750mL,1,1
11200,Palagetto Vernaccia Gimigano,750mL,2,1
44081,Wente Riva Ranch Chard,750mL,2,1
8283,Korbel X Dry,1.5L,2,1
4702,Metaxa Amphora,750mL,1,1
21267,Latour 13 Cuvee Bourgog Blnc,750mL,2,1
23935,Dom Sourdais Chinon,750mL,2,1
457,El Caballo Gold Tequila,Liter,1,1
12113,Peter Lehmann Layers White,750mL,2,1
17437,Thomas Goss Shiraz McLaren,750mL,2,1
25512,Sbragia Cab Svgn Monte Rosse,750mL,2,1
27765,Warre's Port 2003,375mL,2,1
27516,Masseto 13 Red,750mL,2,1
4264,Capt Morgan Spiced Rum Trav,750mL,1,1
34904,Smoking Loon Chard,750mL,2,1
13215,Moet Nectar Imperial Rose,375mL,2,1
7891,DeLeon Platinum Tequila,750mL,1,1
1393,Jim Beam,200mL,1,1
15717,Ch d'Yquem Sauternes,375mL,2,1
20377,Duval-Leroy Prestige Rose,750mL,2,1
19252,Camp Cab Svgn Sonoma County,750mL,2,1
26199,Chronic Cellars Eunice X,750mL,2,1
11426,Emerald Bay Cab Svgn Cnt Cst,750mL,2,1
24576,Failla Chard Sonoma Cst,750mL,2,1
2936,Abraham Bowman Ltd Edition,750mL,1,1
8329,R Mondavi Chard Pvt Sel,750mL,2,1
28890,Peter Vella Wh Znfdl Cal,5L,2,1
44035,De Loach Pnt Nr,750mL,2,1
42953,Tozai Well of Wisdom Sake,720mL,2,1
26391,Pepperwood Grove Chard,750mL,2,1
21313,Kedem Concord Grape Kosher,750mL,2,1
26886,Jolivet Pouilly Fume Pascal,750mL,2,1
2000,John Taylor Velvet Falernum,750mL,1,1
8970,Ice Box Manhattan,1.75L,1,1
25704,Murphy-Goode Chard Sonoma,750mL,2,1
37311,Salmon Run NY Chard,750mL,2,1
20626,Les Dauphins Cotes du Rhone,750mL,2,1
19003,Lange Pnt Gris Willamette,750mL,2,1
28260,Nathanson Creek Chard,1.5L,2,1
18857,Barefoot Refresh Crisp White,750mL,2,1
13948,Cade Cab Svgn Howell Mtn,750mL,2,1
24768,Vinsacro Rioja,750mL,2,1
4207,Mr Boston Triple Sec,Liter,1,1
26683,Heritance Svgn Bl,750mL,2,1
18270,Donnafugata Ben Rye,375mL,2,1
7450,New Amsterdam Peach Vodka,Liter,1,1
8678,Banfi Chianti Clsc RSV,750mL,2,1
28947,R M Woodbridge Merlot Cal,1.5L,2,1
41974,Beringer Classic Wh Znfdl,187mL 4 Pk,2,1
14635,Marcarini Ciabot Camerano,750mL,2,1
27619,Opus One 2011,1.5L,2,1
7991,Stock Italian X Dry Vermouth,1.5L,1,1
18811,Haunting Whisper Vyds Vignol,750mL,2,1
18565,Red Diamond Pnt Nr,750mL,2,1
17978,Calling All Angels Chard,750mL,2,1
4748,Patron XO Cafe Incendio,750mL,1,1
16896,Nicolas Catena Zapata Mendza,750mL,2,1
40454,Yellow Tail Cab/Merlot Ausl,1.5L,2,1
26142,Finca Valpiedra Rsv Rioja 08,750mL,2,1
38731,Hogue Lt Harvest Clmb Wh Rsl,750mL,2,1
39518,J Lohr Riverstone Chard,1.5L,2,1
8386,Dry Sack Sherry,750mL,1,1
16796,Delamotte Brut,750mL,2,1
27911,Ruffino Chianti Clsc Santdam,750mL,2,1
38190,Argiola Costera Isola dei N,750mL,2,1
27370,Sierra Cantabria Crianza,750mL,2,1
18419,Mark West Pnt Nr Santa Lucia,750mL,2,1
41141,Ruffino Modus Toscana,750mL,2,1
26288,Spy Valley Rose,750mL,2,1
19747,Van Ruiten Family Chard,750mL,2,1
6368,Santa Rita 120 Merlot,750mL,2,1
14194,Caparzo Brnllo di Montalcino,750mL,2,1
23182,Mark West Pnt Nr Willamette,750mL,2,1
42581,Roussanne Truchard Carneros,750mL,2,1
13530,Home Ranch Sbragia Chard,750mL,2,1
26763,Marcarini Nebb Langhe Lasarn,750mL,2,1
7032,Twenty 2 Coffee Vodka,375mL,1,1
22043,Five Oaks Wh Moscato,750mL,2,1
2100,Canadian Regal,1.75L,1,1
23205,M & R Prosecco Frizzante,187mL 4 Pk,2,1
15545,M Chiarlo Barolo Cerequio,750mL,2,1
27808,Blackstone Chard Monterey,750mL,2,1
3500,Tito's Handmade Vodka,50mL,1,1
11821,Slingshot Cab Svgn,750mL,2,1
43789,Oakhurst Happy Camp Cab Svgn,750mL,2,1
2833,Old Smuggler,Liter,1,1
37457,San Rocco Pinot Grigio Vene,750mL,2,1
24722,Feudo Saia Nero d'Avola 13,750mL,2,1
25555,Brotte Optimum Chat du Pape,750mL,2,1
20477,Hayes Valley Chard Monterey,750mL,2,1
15402,Red Rock Winemakers Red,750mL,2,1
8575,The King's Ginger Liqueur,750mL,1,1
2169,Olmeca Altos Plata Tequila,50mL,1,1
35442,Borsao Tres Picos Garnacha,750mL,2,1
7224,Jagermeister Spice,750mL,1,1
2810,Bib & Tucker Bourbon,750mL,1,1
19126,Delas Cotes du Rhone,750mL,2,1
15425,John Anthony Svgn Bl,750mL,2,1
5515,Grand Marnier Flask,200mL,1,1
10470,Easton Amador Cnty Znfdl,750mL,2,1
42438,Crane Lake Chard Cal,750mL,2,1
6560,Rocky Peak Hard Cinnamon,750mL,1,1
21831,Buoncristiani Family Chard,750mL,2,1
24015,Mazzei Zisola Notto Rosso,750mL,2,1
46829,Pacific Rim Yakima Gewurz,750mL,2,1
36750,Big House Cardinal Bst Znfdl,750mL,2,1
22515,Justin Vyds 13 Svgn Bl C Cst,750mL,2,1
20600,Felino Vino Cobos Chard,750mL,2,1
4705,Blue Chair Bay Banana Rum,50mL,1,1
1124,Manchester Conn Wild Turkey,750mL,1,1
2126,Kilchoman Sanaig Whiskey,750mL,1,1
11280,Cabreo La Pietra White,750mL,2,1
24181,Constanti Brunello Montalcno,750mL,2,1
26594,Felton Road Pnt Nr Calvert,750mL,2,1
25930,Bieler Pere et Fils Rose,750mL,2,1
12697,Tapiz Malbec Mendoza,750mL,2,1
9116,KAH Tequila 3/50mLs Pak,50mL 3 Pk,1,1
19936,Prendo Pnt Grigio,750mL,2,1
2790,High West American Prairie,750mL,1,1
626,Hiram Walker Cherry Brandy,750mL,1,1
4041,Gran Patron Piedra,750mL,1,1
23517,Luiano Rosato,750mL,2,1
45329,Nasiakos Agiorgitiko Rd,750mL,2,1
8475,J Roget Extra Dry,187mL,2,1
22000,Cooks Brut,1.5L,2,1
5346,Green Chartreuse Liqueur,750mL,1,1
4682,Courvoisier VSOP Cognac,750mL,1,1
31320,La Vieille Ferme Rose Vntoux,750mL,2,1
4141,Wild Turkey American Honey,50mL,1,1
13338,C'est La Vie Pnt Nr/Syrh VDP,750mL,2,1
2641,Jack Daniels SB-BTB Joe Bell,750mL,1,1
21502,Cambridge Chard Carneros,750mL,2,1
30656,Steele Pnt Nr,750mL,2,1
37314,Dr Frank Johannisberg Rsl,750mL,2,1
22664,B & G Sancerre Svgn Bl,750mL,2,1
19836,Zorah Red,750mL,2,1
36773,Yalumba Oxford Landng Shiraz,750mL,2,1
25289,Notre Dame Cousignac Vent 14,750mL,2,1
22143,Simi Cab Svgn,750mL,2,1
11154,Canyon Rd Cab Svgn,1.5L,2,1
13487,Brancaia Tre Rosso Toscana,750mL,2,1
15233,Flowers Chard Sonoma Cst,750mL,2,1
2667,Damrak Amsterdam Gin,750mL,1,1
33212,Sycamore Lane Chard Cal,1.5L,2,1
25389,Agiorgitiko Argilos Nemea,750mL,2,1
43291,Fish Eye Merlot,1.5L,2,1
752,Meletti Cioccolato,750mL,1,1
23889,Corbett Canyon Wh Znfdl,1.5L,2,1
24556,Mas Alta Black Slate Priorat,750mL,2,1
2498,Catskill Fearless Whiskey,375mL,1,1
46119,Phillips Lust Znfdl Lodi,750mL,2,1
1416,Old Grand Dad,1.75L,1,1
25220,Castelo do Sulco Tinto Rsva,750mL,2,1
62,Herradura Silver Tequila,750mL,1,1
2767,Johnnie Walker Blue Label,750mL,1,1
46096,Yellow Tail Bubbles White,750mL,2,1
12505,Angelini Pnt Nr Veneto,750mL,2,1
24579,Mt Beautiful Svgn Bl,750mL,2,1
775,Barton Light Rum,Liter,1,1
726,Allen's Blue Curacao Liqueur,Liter,1,1
11423,Ch Julien Merlot Mont Cnty,750mL,2,1
21333,Mas Carlot Marsanne Roussann,750mL,2,1
34735,Lake Sonoma Znfdl Dry Creek,750mL,2,1
20669,Croft Port 11,750mL,2,1
20792,Belle Ambiance Chard,750mL,2,1
603,McCormick Gold Rum,Liter,1,1
1267,Fitch's Goat 100% Corn Whsky,750mL,1,1
40666,Bolla Chianti,750mL,2,1
43832,3 Blind Moose Pnt Grigio Cal,750mL,2,1
2710,Bitch Vodka,750mL,1,1
25761,Tellus Chardonnay,750mL,2,1
24599,The Lost Colony Red Sonoma,750mL,2,1
19275,Stones Currant Ginger Flavor,750mL,2,1
5223,Paul Masson Red Berry Brandy,750mL,1,1
3102,Smirnoff Traveler,1.75L,1,1
47009,Torino Don David RSV Malbec,750mL,2,1
32900,Sandeman Tawny 40-Yr Port,750mL,2,1
8057,Corazon de Agave Blanco,750mL,1,1
895,Sambuca Romana,Liter,1,1
23746,Ch Brannon 12 Pessac-Leognan,750mL,2,1
7430,New Amsterdam Vodka,Liter,1,1
12256,Rex Goliath Pnt Grigio Free,1.5L,2,1
24207,Calista Pnt Nr The Coast Ran,750mL,2,1
22584,Cambria Katherines Chard,750mL,2,1
6932,Santa Rita 120 Chard,750mL,2,1
21041,Alexander Vly Vyds Merlot,750mL,2,1
16584,Pali Winsdor Oaks Pnt Nr RRV,750mL,2,1
10762,Pacifico Sur Svgn Bl,750mL,2,1
19418,Latour 11 Corton-Chrl Bl AC,750mL,2,1
5415,Amaretto di Amore,1.75L,1,1
254,DeKuyper Root Beer Schnapps,Liter,1,1
1336,Gr Marnier Cordon Rouge VAP,750mL,1,1
35960,Stags Leap Winery Chard Napa,750mL,2,1
21731,Ch Moulin de la Rose St-Juln,750mL,2,1
4582,Diplomatico Venezln Rsva Rum,750mL,1,1
26222,Jarvis Cab Svgn Rsv Napa,750mL,2,1
29554,Joseph Phelps Eisrebe Napa V,375mL,2,1
3351,Pinnacle Whipped Vodka,1.75L,1,1
1728,Aberlour 16 Year Old Single,750mL,1,1
25581,BV Coastal Estate Merlot,750mL,2,1
18585,James L'Escargot Svgn Blanc,750mL,2,1
9388,Hennessy Privilege VSOP,375mL,1,1
35319,Jewell Towne Rsl NH,750mL,2,1
26663,Benziger Pnt Nr Sonoma,750mL,2,1
14712,Lucky Duck Riesling,750mL,2,1
17958,Bluebird Chardonnay,750mL,2,1
15253,Bota Mini Merlot,500mL,2,1
24991,Ch Behere Courtin Pauillac,750mL,2,1
20357,Apothic Dark,750mL,2,1
38416,Acquese Moscato D'Asti Dolc,750mL,2,1
14363,Educated Guess Cab Svgn Napa,750mL,2,1
7865,Moet & Chandon Imperial,750mL,2,1
3792,Jose Cuervo La Familia Rsv,750mL,1,1
27596,MezzaCorona Pnt Grigio,750mL,2,1
40331,Terrazas Alto Chard Mendoza,750mL,2,1
27098,Grattamacco Bolgheri Rosso,750mL,2,1
6199,Zwack Liqueur,750mL,1,1
16776,Amapola Creek Cab Svgn 10,1.5L,2,1
5707,Art in the Age Rhubarb Tea,750mL,1,1
8114,Arrow Creme de Strawberry,750mL,1,1
3543,Ketel One Citroen Vodka,750mL,1,1
16527,Vinyes Domenech Furvus,750mL,2,1
18193,Joseph Phelps Insignia 09,750mL,2,1
25432,Schlink Haus Spatlese,750mL,2,1
31277,Landmark Overlook Chard,750mL,2,1
3643,Caldwells Vodka,1.75L,1,1
16670,Sweet Baby Vyds White Peach,750mL,2,1
17168,Kendall Jackson Vntrs Rsl Rs,750mL,2,1
41605,Charles Heidsieck Brut RSV,750mL,2,1
33441,Etude Carneros Pnt Nr,750mL,2,1
20457,Duck Commander Miss Priss,750mL,2,1
15004,David Stone Pnt Nr,750mL,2,1
7473,Kagemusha Sw Potato Soju,750mL,1,1
27496,Terra Viva Sangiovese,750mL,2,1
27988,Bouchaine Anne Amie Block,750mL,2,1
26557,King Est Pnt Gris Ore,750mL,2,1
16819,H3 Horse Heaven Hills Cab Sv,750mL,2,1
14655,Arrogant Frog Pnt Nr,750mL,2,1
8655,Plomari Ouzo,750mL,1,1
5658,OR-G Liqueur,750mL,1,1
4576,Coronet VSQ,1.75L,1,1
15737,Naked Ryan Patrick Vyd Chard,750mL,2,1
25724,Storypoint Chardonnay,750mL,2,1
18150,O Pinot Pinot Noir,750mL,2,1
15837,Ninety+Cellars Lot 37 Shiraz,750mL,2,1
20706,A Proper Claret,750mL,2,1
18001,Ruca Malen Malbec Rsv,750mL,2,1
16378,Hob Nob Malbec VDP D'Oc,750mL,2,1
20165,Bonal Apertif,750mL,2,1
37526,Redwood Creek Pnt Grigio,750mL,2,1
27198,Buena Vista Ch Napa Vly Cab,750mL,2,1
6451,Columbia Crest G E Cab Svgn,750mL,2,1
1542,Bowen's American Whiskey,750mL,1,1
18854,Barefoot Cellars Rich Red,1.5L,2,1
1210,Elmer T Lee Bourbon,750mL,1,1
546,Bowman's Rum,Liter,1,1
21771,Jamieson Ranch Cab Svgn,750mL,2,1
19518,Hugel Riesling,750mL,2,1
45913,Gallo Twin Vly Pnt Grigio,750mL,2,1
26680,S A Prum Luminance Rsl Mosel,750mL,2,1
25684,Jekel Pnt Nr Monterey,750mL,2,1
27012,Bouchard Aine & Fils B Pnt N,750mL,2,1
1233,Jack Daniels No 7 Black,1.75L,1,1
22744,Austerity Chard,750mL,2,1
43019,Krug Grande Cve Brut,375mL,2,1
13590,Bliss Cab Svgn,750mL,2,1
27699,Buglioni Bugiardo Ripasso,750mL,2,1
28887,Livingston Nat Flvrs Chard,3L,2,1
44038,Barefoot Pnt Grigio Cal,1.5L,2,1
24805,Menage a Trois Silk Soft Red,750mL,2,1
13899,Hogue Genesis Meritage,750mL,2,1
16816,H3 Horse Heaven Hills Merlot,750mL,2,1
45203,MezzaCorona Pnt Nr Dolomiti,750mL,2,1
8489,Rastignac XO Cognac,750mL,1,1
23809,Angels Landing Chard,750mL,2,1
46199,Man Chenin Blanc,750mL,2,1
32136,Warre's 20-Yr Tawny Port,750mL,2,1
15820,Mont Redon CdP Red,750mL,2,1
13567,Bila-Haut Cotes Roussillon,750mL,2,1
500,Remy Martin Louis XIII,750mL,1,1
23477,Luna di Luna Prosecco,750mL,2,1
33819,Sokol Blosser Evolution Whit,750mL,2,1
40766,Casa Julia Svgn Bl Manta,750mL,2,1
523,Castello Del Poggio Moscato,750mL,2,1
17503,Montes Twins Red,750mL,2,1
16839,Le Gr Bouqueteau Chinon Roug,750mL,2,1
13421,Liberty School Cuvee Red CC,750mL,2,1
32823,Beaucanon Merlot Napa,750mL,2,1
22458,Casa Lapostolle Canto Apalta,750mL,2,1
27204,Conundrum Sparkling 25th Ann,750mL,2,1
27868,Chimney Rock Elevage SLD,750mL,2,1
4290,Bacardi Tangerine Rum,750mL,1,1
12116,Lindemans Bin 85 Pnt Grigio,1.5L,2,1
8203,Grand Marnier,50mL,1,1
15774,Paul D Zweigelt Weinland,Liter,2,1
44493,Neal Cab Svgn Napa,750mL,2,1
3703,OuterSpace Vodka,50mL,1,1
25515,Bootstrap Red,750mL,2,1
20274,Louis Jadot Chmble-Musgny 11,750mL,2,1
6952,Marie Brizard Cassis d Dijon,750mL,1,1
3016,Bombay Sapphire East Gin,750mL,1,1
22289,Pichot Dom Moriette Vouvray,750mL,2,1
19000,L'Ardi Dolcetto D'Acqui,750mL,2,1
39601,R M Woodbridge Wh Znfdl Cal,187mL 4 Pk,2,1
46763,Clayhouse Svgn Bl Paso Roble,750mL,2,1
11174,Sutter Home Sweet Red,1.5L,2,1
354,Capt Morgan Lime Bite Rum,Liter,1,1
24951,Jackhammer Pnt Nr,750mL,2,1
27158,Ch Lamonthe St Germain Brdx,750mL,2,1
31466,Ch Carignan Brdx,750mL,2,1
4413,Casamigos Blanco,50mL,1,1
16315,24 Knots Pnt Nr,750mL,2,1
15651,Villa d Anges Old Vines Rose,750mL,2,1
2252,Buck Bourbon 8 Yr,750mL,1,1
9823,Silo Vodka,750mL,1,1
4244,Castillo Gold Rum,1.75L,1,1
26225,Jarvis Cab Svgn Napa,750mL,2,1
27135,Le Ragose Valpo Clsco 09,750mL,2,1
27553,Hedges Family Estate Red Mtn,750mL,2,1
4267,Bacardi Limon Rum,1.75L,1,1
31489,Barefoot Chard Cal,1.5L,2,1
3726,Gilbeys Vodka Traveler,750mL,1,1
13636,Charles Smith C Smith Cab Sv,750mL,2,1
9136,Caffo Amaretto Liqueur,750mL,1,1
14300,Masi Passo Doble,750mL,2,1
25538,St Clement Svgn Bl,750mL,2,1
19710,JP Chenet Merlot/Cab,750mL,2,1
2398,Tullamore Dew,750mL,1,1
24456,Franciscan Est Chard Napa,750mL,2,1
25120,Foxglove Chard,750mL,2,1
24997,W Hill Merlot Napa,750mL,2,1
20251,Round Pond Est Svgn Bl Napa,750mL,2,1
2939,Berentzen Bushel & Barrel,750mL,1,1
4204,Bacardi Coco Rum,750mL,1,1
17188,The Messenger Telegram Red 1,750mL,2,1
24018,Fontanafredda Barolo Serralu,Liter,2,1
872,DeKuyper Cherry Brandy,Liter,1,1
2876,The Irishman Single Malt,750mL,1,1
955,Allen's Pomegranate Liqueur,Liter,1,1
15860,Merriam Vyds Rose of Pnt Nr,750mL,2,1
19109,Estancia Cal Moscato,750mL,2,1
13358,Dry Creek Svgn Bl,750mL,2,1
4785,Remy Martin XO Excellence,375mL,1,1
3872,Sobieski Estate Rye Vodka,750mL,1,1
27267,Krupps The Water Witch Red,750mL,2,1
17875,Darkhorse Chard,750mL,2,1
3766,Three Olives Grape Vodka,750mL,1,1
2770,Hudson Single Malt Whiskey,375mL,1,1
24410,Marques de Grinon 10 Caliza,750mL,2,1
563,Berkshire Mtn Greylock Gin,750mL,1,1
20082,Maison Nicolas Merlot,750mL,2,1
3079,Devils Spring Vodka,750mL,1,1
17981,If You See Kay Red Blend,750mL,2,1
1001,Bailey's 50mL 4 Pack,50mL 4 Pk,1,1
38542,Avalon Cab Svgn Cal,750mL,2,1
1997,Charles Goodnight Bourbon,750mL,1,1
669,Robert Sinskey Merlot,750mL,2,1
22395,Allegrini La Poja,750mL,2,1
2083,Flag Hill Straight Bourbon,750mL,1,1
13985,Luiano Chianti Clsc,375mL,2,1
23391,Trombetta Family Pnt Nr Gaps,750mL,2,1
21230,The Naked Grape Box Moscato,3L,2,1
6411,Avion Reposado Tequila,750mL,1,1
19395,Adissat Gabrielle Ch du Pape,750mL,2,1
5392,Goldschlager Cinnamon Schnps,750mL,1,1
24327,La Crema Pnt Nr Sonoma Cst,750mL,2,1
11970,Zaccagnini Montepulciano Rsv,750mL,2,1
23245,Torres Altos Ibericos Rioja,750mL,2,1
33278,Villa Cornaro Pnt Grigio LTD,750mL,2,1
45266,XYZin Old Vines Znfdl,750mL,2,1
27327,Canoe Ridge Merlot Colum Vly,750mL,2,1
17294,Defesa Tinto Red Alentejo,750mL,2,1
1064,Jack Daniels Honey + Glass,750mL,1,1
17921,Raymond R Field Blend Lot 7,750mL,2,1
1605,Jack Daniels Tennessee Fire,Liter,1,1
21376,Tullia Prosecco,750mL,2,1
23331,Ch Ducru Beaucaillou 11 Jul,750mL,2,1
18027,Banfi Rosa Regale,750mL,2,1
34752,Frogs Leap Svgn Bl Napa,750mL,2,1
32090,Rutherford Ranch Cab Svgn,750mL,2,1
5286,Rosita Triple Sec,Liter,1,1
3620,Powers Signature Release,750mL,1,1
2037,Jim Beam Honey,50mL,1,1
23932,Morel Cru Bjls Brouilly,750mL,2,1
22598,Animo Cab Svgn,750mL,2,1
21270,Kendall Jackson AVANT Svgn B,750mL,2,1
2292,Glenrothes Single Malt Scot,750mL,1,1
41831,BV Coastal Estate Cab Svgn,375mL,2,1
128,Grey Goose Le Citron Vodka,Liter,1,1
19604,Ch Lacoste-Borie Pauillac 10,750mL,2,1
7948,Bayou Silver Rum,50mL,1,1
2143,Canadian Mist,1.75L,1,1
13504,New Age Valentin Bianchi Whi,750mL,2,1
2684,Wemyss The Hive,750mL,1,1
12465,Cline Cashmere Red Cal,750mL,2,1
46308,Twisted Chard Cal,750mL,2,1
16793,Gallo Signature Series Pnt N,750mL,2,1
18568,A by Acacia Unoaked Chard Ca,750mL,2,1
3663,Tarantula Azul Tequila,750mL,1,1
20729,Villa Jolanda Peach Moscato,750mL,2,1
16647,Cesari Lugana Cento Filari,750mL,2,1
15319,Angoves Nine Vines Moscato,750mL,2,1
17486,Barefoot Cellars Red Moscato,187mL 4 Pk,2,1
23139,Toschi Pnt Nr,750mL,2,1
27221,Poggio Antico 11 Brunello Mn,750mL,2,1
20975,Belle Ambiance Pnt Nr,750mL,2,1
22057,Le Macchiole Bolgheri Rosso,750mL,2,1
3417,Six Saints Caribbean Rum,750mL,1,1
25060,Jadot Gevrey Chambertin 13,750mL,2,1
22896,Sutter Home Red Blend,1.5L,2,1
19647,JP Chenet Chard,750mL,2,1
42764,14 Hands Cab Svgn Wash,750mL,2,1
4353,AnestasiA Vodka,750mL,1,1
2189,Cleveland Black Rsv Whiskey,750mL,1,1
24665,Nardi Casale 08 Bosco Brunel,750mL,2,1
19255,Yosemite Road Red,750mL,2,1
14632,Dom Serene Evenstad 11 Pnt N,750mL,2,1
25747,Riojana Cab Svgn,750mL,2,1
25206,Quinta do Noval 2013 Port,750mL,2,1
1648,Port Dundas 12 Yr Scotch,750mL,1,1
25993,Vista Point Merlot,750mL,2,1
31157,Livio Felluga Pinot Grigio,750mL,2,1
13550,Z Znfdl Tom Eddy,500mL,2,1
19796,San Zopito Montepulciano d'A,750mL,2,1
2730,Smugglers Notch Hopped Gin,750mL,1,1
24124,Tarima 14 Blanco Alicante,750mL,2,1
26534,Lazzaroni Dry Marsala,750mL,2,1
46826,LaBelle Winery Grnt St Apple,375mL,2,1
13696,Barefoot Cellars Pnt Nr,187mL 4 Pk,2,1
8787,Torresella Pinot Grigio Ven,750mL,2,1
2123,Angel's Envy Rye,750mL,1,1
21854,Signorello's Cab Svgn Napa,750mL,2,1
18937,Yangarra Est Vyd 10 Shiraz,750mL,2,1
2621,Silo Bourbon,750mL,1,1
22352,Terlato Fmly Vyd Angels Peak,750mL,2,1
17941,Rose 'N' Blum Pink Moscato,750mL,2,1
38668,Mumm Napa Cuvee M Sparkling,750mL,2,1
27095,Bertani Villa Arvedi Amarone,750mL,2,1
19435,Jean Luc Colombo Ruchets 07,750mL,2,1
1127,Granny's Gingerbread Cream,750mL,1,1
108,Mr Boston Peppermint Schnaps,Liter,1,1
42392,Vendange Merlot,500mL,2,1
14217,Chevalier L'Aujardiere Chard,750mL,2,1
26076,Earthshaker Svgn Bl/Semillon,750mL,2,1
16424,Rex Goliath Pnt Nr,1.5L,2,1
25578,Parducci 13 True Grit Chard,750mL,2,1
24367,Ch de Pierreux Brouilly Bjls,750mL,2,1
21144,Cherry Tart Pnt Nr,750mL,2,1
915,Smirnoff Citrus Vodka,Liter,1,1
24559,Dom Janasse Terre d'Argile,750mL,2,1
23394,Couleurs Du Sud Viognier,750mL,2,1
33215,Sycamore Lane Wh Znfdl Cal,750mL,2,1
44121,Staglin Salus Cab Svgn,750mL,2,1
27805,Jadot Puligny Montrachet Bl,750mL,2,1
5847,Godiva Chocolate Liqueur,750mL,1,1
28114,Steele Chard Cal,750mL,2,1
36770,Yellow Tail Cab Svgn Ausl,1.5L,2,1
16753,Pennywise Pnt Nr,750mL,2,1
8097,Patron Citronge Orange,375mL,1,1
31200,Banfi Rosso di Montalcino,750mL,2,1
19458,Ruffino Unoaked Chard Toscna,750mL,2,1
24868,Ch St Sulpice Brdx Blanc,750mL,2,1
437,Rock Hills Farm Bourbon,750mL,1,1
3142,Smirnoff Sourced Cran/Apple,50mL,1,1
7788,Piehole Apple Pie,750mL,1,1
16189,Frescobaldi Tenuta Castglni,750mL,2,1
18110,Franciscan Est Cuvee Chard,750mL,2,1
20689,Charles Fournier Rsl,750mL,2,1
24602,Terre del Barolo Barbrsco 10,750mL,2,1
3875,Svedka Cucumber Lime Vodka,750mL,1,1
26766,Neyers Vineyard Left Bank Rd,750mL,2,1
22853,Venta Morales Organic Tempra,750mL,2,1
23351,Renwood California Znfdl,750mL,2,1
27264,Red IQ,750mL,2,1
649,Sauza Tres Generaciones Pla,750mL,1,1
14672,Duckhorn Decoy Cab Svgn,750mL,2,1
46093,Mouton Cadet Rose,750mL,2,1
3354,Ketel One Vodka,375mL,1,1
23328,Ch Clerc Milon Pauillac 11,750mL,2,1
2813,Full Throttle Peach Whiskey,750mL,1,1
22830,Beaux Freres Pnt Nr Will Vly,750mL,2,1
14174,Chalk Hill Estate Red,750mL,2,1
20666,Taylor Fladgate 11 Port,750mL,2,1
27287,Ch Rauzan-Segla Gr Cru 08 Ma,750mL,2,1
18459,Tussock Jumper Malbec,750mL,2,1
26617,Brousko Dry Red,750mL,2,1
27138,Korbel Brut,187mL 4 Pk,2,1
3162,Burnett's Peach Vodka,50mL,1,1
8744,Jadot Bourgogne Pinot Noir,750mL,2,1
46783,Oops Voluptuous Beauty Valle,750mL,2,1
39209,Barefoot Syrah Cal,1.5L,2,1
18651,Alexana Pnt Nr Willamette,750mL,2,1
2080,Four Roses 16 Private Slctn,750mL,1,1
20646,Pleasures Chard,750mL,2,1
39358,Bota Box Shiraz Cal,3L,2,1
5890,Godiva Wh Chocolate Liqueur,750mL,1,1
2644,Chivas Regal 18-Yr Scotch,750mL,1,1
23202,Truvee Chard,750mL,2,1
2103,Coldcock American Herbal Whi,750mL,1,1
3185,Grey Goose L'Orange Vodka,1.75L,1,1
4808,Leroux Polish Blackberry Bdy,750mL,1,1
25907,Hess Cab Svgn Shirtail Ranch,750mL,2,1
22120,Don Simon Selecion Shiraz,750mL,2,1
22661,Iron Horse Est Brut Rose,750mL,2,1
2793,Camus Elegance VS Cognac,750mL,1,1
12943,Middle Sister Drama Queen Pi,750mL,2,1
27350,Almaden Cab Svgn Cal B/B,5L,2,1
33587,Produttori del Barbaresco P,750mL,2,1
25429,Ch Pesquie Quint Ventoux Red,750mL,2,1
11449,Cambridge & Sunset Pnt Nr,750mL,2,1
44662,Caposaldo Pnt Grigio Veneto,750mL,2,1
16773,Hartford Court Pnt Nr RRV,750mL,2,1
23520,Slow Press Cab Svgn,750mL,2,1
4287,Dictador 20 Yr Rum,750mL,1,1
19192,Tangent Svgn Bl,750mL,2,1
21101,Niner Twisted Spur 10 Red,750mL,2,1
20105,Jonathan Edwards Znfdl Lodi,750mL,2,1
3397,Ciroc Red Berry Vodka,750mL,1,1
25535,Ch de Reynaud Cotes du Bourg,750mL,2,1
8223,Dom Chandon Blanc de Noir C,750mL,1,1
6102,Midnight Moon Peach,750mL,1,1
7725,Great Western Brut,750mL,2,1
23414,Barefoot Cellars Rosa Red,750mL,2,1
19584,Ciacci 07 Piccolomino Brunlo,750mL,2,1
22418,Pizzolato Moscato,750mL,2,1
24539,Stonestreet Est Vyds Svgn Bl,750mL,2,1
6600,Patron Roca Reposado Tequila,750mL,1,1
1774,Old Thompson,1.75L,1,1
16381,Merryvale Signature 07 Cab S,750mL,2,1
11320,Edna Valley Paragon Svgn Bl,750mL,2,1
10238,Layer Cake Primitivo Puglia,750mL,2,1
46371,Carlo Rossi RSV Cab Svgn Cal,5L,2,1
586,Malibu Passion Fruit Rum,Liter,1,1
2664,Firefly Moonshine,750mL,1,1
25727,Chappellet Cab Svgn Pritchrd,750mL,2,1
14652,Cambria Katherine Vyd Chard,750mL,2,1
22226,Geyser Peak Pnt Nr,750mL,2,1
23308,Ch Canon St Emilion Gr Cr 11,750mL,2,1
3683,Stolichnaya Ohranj,750mL,1,1
6929,Marie Brizard Orange Curacao,750mL,1,1
8011,Pepe Lopez White,Liter,1,1
978,Ron Rio Silver Rum,Liter,1,1
12339,Volver Tempranillo,750mL,2,1
8701,Sheffield Cream Sherry,1.5L,2,1
2209,Pendleton 1910,750mL,1,1
45246,Shoofly Shiraz,750mL,2,1
41416,Rihaku Nigori Dreamy Clouds,300mL,2,1
21685,Cameron Hughes Cam Col Cab S,750mL,2,1
543,Berkshire Mtn Ethereal Gin,750mL,1,1
26013,Toad Hollow Cab Svgn Lodi,750mL,2,1
15193,Billecart-Salmon Brut Rsv,750mL,2,1
24347,Fess Parker Marcella's White,750mL,2,1
20019,Camelot Chard,750mL,2,1
2707,Silo Whiskey,750mL,1,1
22183,Ninety+Cellars Lot 112 Svgn,750mL,2,1
26268,Tasca Grillo Cavallo DOC,750mL,2,1
21834,Meiomi Chard,750mL,2,1
39146,Matua Svgn Bl Marlboro,750mL,2,1
2856,Cragganmore 12-Yr Sngle Malt,750mL,1,1
25621,Forest Glen Cab Svgn Cal,750mL,2,1
24496,Luce Brunello Montalcino 10,750mL,2,1
23998,Belguardo Serrata Toscana,750mL,2,1
21791,Michael David Svgn Bl,750mL,2,1
42933,Valckenberg Rsl,750mL,2,1
17463,Zacharias Chard,750mL,2,1
21293,Clos du Bois Chard,375mL,2,1
27785,Jadot Mercurey 14,750mL,2,1
4330,Capt Morgan Spiced Rum 100,1.75L,1,1
8658,Absente 'Absinthe Refined',750mL,1,1
18396,The Tractor Guy Pnt Nr,750mL,2,1
44705,J Lohr Osos Rest Cve Merlot,750mL,2,1
16232,Blackstone Delectable Red,750mL,2,1
24888,Armand de Brignac Brut Rose,750mL,2,1
2166,The Macallan Double Cask 12,750mL,1,1
3248,Stark Vodka,750mL,1,1
1084,Cointreau Liqueur with Carafe,750mL,1,1
1476,Jim Beam Traveler,1.75L,1,1
3640,Belvedere Cytrus Vodka,750mL,1,1
2017,Redbreast Irish Whiskey,750mL,1,1
4722,Remy Martin VSOP Cognac,750mL,1,1
4181,Calypso Spiced Rum,1.75L,1,1
935,Tanteo Tropical Tequila,750mL,1,1
2704,Serpent's Bite Cider Whiskey,50mL,1,1
6285,Gallo Twin Valley Wh Znfdl C,1.5L,2,1
1376,Jim Beam,1.75L,1,1
36000,Fanal Madeira Rainwater,750mL,2,1
21273,Arindo Verdejo Rueda,750mL,2,1
23265,Frescobaldi Monte Chianti Rs,750mL,2,1
13447,Sutter Home Muscato,750mL,2,1
22601,Jos Phelps Insignia 11,750mL,2,1
2040,Malfy Gin Con Limone,750mL,1,1
712,Cruzan Citrus Flavored Rum,750mL,1,1
26846,Josh Cellars Craftsman Chard,750mL,2,1
39581,Capostrano Montepulciano Abr,750mL,2,1
4270,Brugal Anejo Rum,750mL,1,1
45392,Norton RSV Malbec Mendoza,750mL,2,1
1399,Jim Beam Signature Craft,750mL,1,1
21250,Bodega Garzon Albarino,750mL,2,1
11881,R Stemmler Carneros Pnt Nr E,750mL,2,1
2727,Grand Macnish Black Edition,750mL,1,1
13424,Merriam Vyds Simoneau Chard,750mL,2,1
26869,Olivier Chanzy Les Morgeots,750mL,2,1
26205,Memoires 15 Rose,750mL,2,1
5598,Integre Raspberry Vodka,750mL,1,1
4247,Bacardi Limon Rum,750mL,1,1
497,Capt Morgan Spiced Rum,Liter,1,1
3583,Smirnoff Orange Vodka,1.75L,1,1
7828,Bols Peach Schnapps,750mL,1,1
21058,Ayala Brut Majeur,750mL,2,1
24144,Ozeki Junmai Reishu Sake,18L,2,1
2086,Jefferson's Rsv Groth Resrve,750mL,1,1
2750,Henry DuYore's Strgt Bourbon,750mL,1,1
24808,Buenas Tempranillo,750mL,2,1
21227,Livingston Cellars Moscato,1.5L,2,1
4224,Goslings Black Seal Rum 80,750mL,1,1
8515,Baileys Chocolate Cherry,750mL,1,1
3437,Bombay Dry Gin,750mL,1,1
21081,Martinelli Belle Vigna Pnt N,750mL,2,1
3560,Ciroc Amaretto Vodka,375mL,1,1
36069,Ch Lagrange 10,750mL,2,1
46766,Tom Eddy Elodian Cab Svgn,750mL,2,1
27679,Henkell Brut,750mL,2,1
39750,Red Diamond Merlot Wash,750mL,2,1
6116,Sogno di Sorrento Lemoncell,750mL,1,1
28266,Nathanson Creek Wh Znfdl,1.5L,2,1
8369,Pernod Anise Liqueur,750mL,1,1
14280,Cupcake Shiraz,750mL,2,1
37420,Provenance Napa Merlot,750mL,2,1
4124,Blue Chair Bay Banana Cream,50mL,1,1
19189,Castello di Meleto Chianti,750mL,2,1
20517,Hauts de Smith Rouge Pessac,750mL,2,1
26351,Cella Lambrusco,1.5L,2,1
16195,Croft Fine Ruby Port,750mL,2,1
27015,Dom la Vougeraie La Justice,750mL,2,1
39086,Corbett Canyon Pnt Grigio,1.5L,2,1
8469,1800 Reposado Gold Tequila,750mL,1,1
8346,Marques de Riscal Rioja Red,750mL,2,1
38107,Canyon Oaks Merlot Cal,1.5L,2,1
38771,Rob Stuart Big Fire Pnt Gris,750mL,2,1
16172,Ch Lamothe de Haux Brdx Red,750mL,2,1
17500,Hob Nob Wicked Red,750mL,2,1
17838,Alverez de Toledo Godello,750mL,2,1
15508,Mollydooker Enchanted Path,750mL,2,1
6477,Avion Tequila 3/50ml Sampler,50mL 3 Pk,1,1
26328,Cristom Vyds Viognier Estate,750mL,2,1
26992,Pierre Andre Gevry-Chambertn,750mL,2,1
6995,Carlo Rossi Spanada Sangria,1.5L,2,1
4416,Cruzan Coconut Flavored Rum,750mL,1,1
6162,Jadot Pouilly Fuisse,750mL,2,1
8323,Jose Cuervo Gold w/Marg Mix,750mL,1,1
16318,Noble Vines 667 Pnt Nr Mntry,750mL,2,1
37712,Sterling Vintners Cltn Syrah,750mL,2,1
37048,Ch Montelena Chard Napa,750mL,2,1
27556,Querceto Chianti Clsc RSV,750mL,2,1
5080,Hpnotiq Harmonie,750mL,1,1
26892,Leyda Pnt Nr Leyda Vly,750mL,2,1
5767,Jose Cuervo Strawberry Marg,1.75L,1,1
5103,Fireball Cinnamon Whisky,1.75L,1,1
27579,Zenato Amarone,750mL,2,1
6431,Boones Sangria,750mL,2,1
39063,C Shelton Monga Zin Znfdl,750mL,2,1
18874,Jacobs Crk Sweet Red,750mL,2,1
5644,Metcalf's Raspberry Liqueur,375mL,1,1
8200,Chambord Liqueur de France,50mL,1,1
16441,Bota Box RedVolution,3L,2,1
3706,Pinnacle Citrus Vodka,1.75L,1,1
44828,Nicolis Valpo Clsc,750mL,2,1
7951,Auchentoshan Three Wood,750mL,1,1
15362,Gaia Notios Red,750mL,2,1
24516,Cartlidge & Browne Cab Svgn,750mL,2,1
23188,Jean Dauvissat Chablis St Pi,750mL,2,1
46156,Brookdale Cab Svgn Napa,750mL,2,1
20935,Chehalem Ian's Chard Rsv,750mL,2,1
16690,Fayolle Fils et Fille Hermit,750mL,2,1
3955,Wyborowa Vodka,1.75L,1,1
6872,Marquis de Chasse Red Gines,750mL,2,1
3268,Pinnacle CranApple Vodka,750mL,1,1
40560,McManis River Jct Chard Cal,750mL,2,1
17377,BV Beaurouge Red,750mL,2,1
1061,Christian Bros Holiday Nog,750mL,1,1
25203,Aveleda Follies,750mL,2,1
18920,Skinnygirl Moscato,750mL,2,1
27410,Monte d Fra Valpo Sup Ripaso,750mL,2,1
46202,Yellow Tail Pnt Grigio Ausl,1.5L,2,1
8246,BV Coastal Estate Pnt Nr,750mL,2,1
17984,Volpaia Citto Toscana,750mL,2,1
32296,Clos du Bois RSV Merlot Alex,750mL,2,1
25641,Fonseca Guimaraens Port,750mL,2,1
25890,Lila Rose 4 Pk Cans,250mL 4 Pk,2,1
19312,Carmel Rd Liberated Rsl,750mL,2,1
15316,Purple Cowboy Cab Svgn,750mL,2,1
1004,Jim Beam w/2 Rocks Glasses,750mL,1,1
2332,High West Bourye Whiskey,750mL,1,1
3314,El Jimador Blanco Tequila,1.75L,1,1
13052,Ch Ste Michelle Gewurz Colum,750mL,2,1
21622,Lima Loureiro Vino Verde DOC,750mL,2,1
14675,Culpeo Malbec,750mL,2,1
18671,Martin Ray RRV Pnt Nr,750mL,2,1
1545,Gentleman Jack,750mL,1,1
13693,Toasted Head Untamed Red,750mL,2,1
13942,Dom du Grand Tinel Establet,750mL,2,1
34841,Hopler Pnt Bl,750mL,2,1
22355,Wairau River Svgn Bl,750mL,2,1
23434,Bruno Colin Chass-Mont Rouge,750mL,2,1
42080,Evans Nine Stones Brs Shiraz,750mL,2,1
25349,Merlo Family Vyds Chard,750mL,2,1
26677,Feudi D San Gregorio Serpico,750mL,2,1
21519,Copain Monument Tree Pnt Nr,750mL,2,1
858,Canadian Club,Liter,1,1
43308,Penfolds Koonunga Hil Shiraz,750mL,2,1
12963,Redtree Pnt Nr,750mL,2,1
11340,Herzog Kosher Chard,750mL,2,1
317,Triple Eight Vodka,750mL,1,1
3809,Svedka Colada Vodka,750mL,1,1
21127,Fire Brix Chard,750mL,2,1
25449,San Guido Sassacaia,1.5L,2,1
24662,Silver Totem Cab Svgn,750mL,2,1
2186,Label 5 Scotch 12 Yr,750mL,1,1
25990,Antech Limoux Brut,750mL,2,1
24121,Willamette Vly Dijon Chard,750mL,2,1
13301,Moobuzz Pnt Nr,750mL,2,1
171,Gentleman Jack,1.75L,1,1
1748,William Grant Scotch,750mL,1,1
25057,Jadot Marsannay Clos Roy 13,750mL,2,1
21814,Hartford OV Znfdl RRV,750mL,2,1
22647,Guillaume Vrignaud Chablis 1,750mL,2,1
1253,Tullibardine Burgundy Finish,750mL,1,1
10991,Ch Nicot Bordeaux,750mL,2,1
11240,Willamette Rsl Valley Oregon,750mL,2,1
14483,Victor Hugo Hunchback Red,750mL,2,1
23975,Ninety+Cellars Lot 123 Chard,750mL,2,1
12073,Montevina Cab Svgn,750mL,2,1
2435,Crown Royal RSV,750mL,1,1
812,Jagermeister Liqueur,Liter,1,1
46551,J Vineyards Brut 20,750mL,2,1
21419,Round Hill Comm Man Cab Svgn,750mL,2,1
13255,Torre Migliori Monte d'Abruz,750mL,2,1
21960,Le Grande Courtage Rose,187mL,2,2
1107,Common Man Slctn Woodford Rs,Liter,1,1
271,Wild Shot Silver Mezcal,750mL,1,1
13796,Peter Paul Pnt Nr Mill Sta,750mL,2,1
22206,MU Creamy Vanilla Latte,750mL,2,1
24370,Aviary Chard,750mL,2,1
23042,Nozzole Le Bruniche Chardon,750mL,2,1
38502,Ruffino Lumina Pnt Grigio,750mL,2,1
25269,R Mondavi Cab Svgn Pvt Sel,750mL,2,1
18107,Barefoot Cellars Pink Moscat,750mL,2,1
19269,Peter Paul Live Free or Die,750mL,2,1
23680,A Bichot Cremant Brut Rose,750mL,2,1
39996,Tisdale Chard Cal,750mL,2,1
2953,Bowmore Mizurana,750mL,1,1
18771,Cigar Zin Old Vine Zinfandel,750mL,2,2
25767,Franciscan Est Cab Svgn Napa,3L,2,1
14526,Girardin Bourg St Vncn Chard,750mL,2,1
32906,Sterling Vintners Cab Svgn C,750mL,2,1
14383,LaBelle Winery Granite Red,750mL,2,1
15047,Zaccagnini Pnt Grigio,750mL,2,1
8100,Jefferson's Manhattan RTD,750mL,1,1
18748,Ca'Momi Bianco di Napa,750mL,2,1
938,Jack Daniels Master Dist VAP,750mL,1,1
16756,Cocchi Americano,750mL,2,1
5893,Ole Smoky Wh Lightin'Moonshn,50mL,1,1
23039,Trombetta Family Wines Pnt N,750mL,2,1
5395,Kahlua Chili Chocolate,750mL,1,1
22209,The Insider Cab Svgn,750mL,2,1
25246,M Sullberg Chard,750mL,2,1
5160,Hpnotiq Liqueur,375mL,1,1
23895,Lindemans Bin 50 Shiraz,750mL,2,1
16398,Shane The Unknown Syrah No C,750mL,2,1
3829,Three Olives Peach Vodka,750mL,1,1
25054,Jadot Clos Vougeot 13,750mL,2,1
21476,Cos d'Estournel St Estephe,750mL,2,1
11489,C K Mondavi Cab Svgn,750mL,2,1
25887,Joel Gott Merlot,750mL,2,1
27141,El Coto Real Rioja Rsva  10,750mL,2,1
43434,Phillips Earthquake Cab Svgn,750mL,2,1
12511,Angelini Sangiovese Pesaresi,750mL,2,1
8761,Jose Cuervo Especial,375mL,1,1
18130,Castello Di Ama Chianti,750mL,2,1
25077,Jadot Mercurey 13,750mL,2,1
3806,Svedka Citron Vodka,750mL,1,1
44098,Rocca di Montemassi Le Faca,750mL,2,1
22827,Taittinger La Francaise,1.5L,2,1
27782,Jadot Savigny les Beaune 14,750mL,2,1
15880,San Polo Brun di Montlcno 11,750mL,2,1
2624,Dewars 18 Yr Old Founders Rv,750mL,1,1
21353,Smoking Loon Malbec Carancho,750mL,2,1
26428,Latour Macon Village Chamery,750mL,2,1
39335,Phillips Seven Deadly Znfdl,750mL,2,1
20102,Julia James Pnt Nr,750mL,2,1
6869,Benziger Chard,750mL,2,1
8618,Olmeca Altos Plata Blanco,Liter,1,1
3288,Svedka Strwbry Lemonad Vodka,1.75L,1,1
17938,Stark Raving White,750mL,2,1
22017,Foss Marai Roos Spumante Bru,750mL,2,1
15359,Dry Creek Mariner Meritage,750mL,2,1
42601,3 Blind Moose Cab Svgn Cal,750mL,2,1
28658,R Mondavi Pnt Nr Pvt Sel,750mL,2,1
14008,Cigar Box Malbec Mendoza,750mL,2,1
18797,Hess Shirttail Crk Vyd Chard,750mL,2,1
17297,Clos du Bois Rouge,750mL,2,1
2647,Wiggly Bridge Bourbon Sm Brl,750mL,1,1
4639,Jeffersons  Ocean Bourbon,750mL,1,1
7344,Viniq Shimmery Liqueur,375mL,1,1
17131,Murphy-Goode Liars Dice Znfd,750mL,2,1
13344,Columbia Crest Two Vines Rsl,1.5L,2,1
20002,Soter Vyds Mineral Springs P,750mL,2,1
6846,Stock Limonce,750mL,1,1
8077,Sheffield Very Dry Sherry,1.5L,2,1
8741,J Drouhin Chablis,750mL,2,1
15900,Ch St Jean Svgn Bl Sonoma,750mL,2,1
38622,Canella Bellini Cocktail Vnz,750mL,2,1
27802,Moet & Chandon Imperial,375mL,2,1
5495,Ch Monet,750mL,1,1
3998,Monte Alban Mezcal,750mL,1,1
4662,Capt Morgan White PET,1.75L,1,1
24728,Nardi Rosso di Montalcino 13,750mL,2,1
25810,La Croix Belle Champ du Coq,750mL,2,1
15923,Bota Mini Moscato,500mL,2,1
38104,Canyon Oaks Chard Cal,750mL,2,1
15259,Laguna Chard,750mL,2,1
19169,Anterra Chardonnay,750mL,2,1
18628,Viberti Bricco Airoli,750mL,2,1
8718,Gallo Twin Vly Svgn Bl Cal,750mL,2,1
27284,Ch Giscours Margaux 07,750mL,2,1
27161,El Pundito 06 Gr Rsva Rioja,750mL,2,1
26620,Dom Paul Cherrier Sanc Rose,750mL,2,1
4370,Ron Virgin White,1.75L,1,1
32508,C Krug Merlot Napa,750mL,2,1
4121,Tall Ship Appledore Rum,750mL,1,1
4868,Skyy Infusions Blueberry,50mL,1,1
11366,Two Oceans WestrnCape Shiraz,750mL,2,1
540,Bacardi Pineapple Fusion,50mL,1,1
24101,Soli White Blend,750mL,2,1
1038,1800 Silver w/ Shot Glasses,750mL,1,1
27433,Emilio Lustau Fino Sherry,750mL,2,1
20520,La Croix de Carbonnieux Blnc,750mL,2,1
23603,Sidebar Svgn Bl,750mL,2,1
23354,Paul Dolan Deep Red 09 Mendo,750mL,2,1
23852,Ferrari-Carano Pnt Nr AV,750mL,2,1
4227,Bacardi Superior Rum Trav,1.75L,1,1
2604,Johnnie Walker Collection 4,200mL 4 Pk,1,1
2106,Elijah Craig 18 Yr,750mL,1,1
24244,Ch Corconnac Svgn Bl,750mL,2,1
25867,D Cabirau CdRoussillon Rouge,750mL,2,1
6434,Almaden Wh Znfdl Cal,1.5L,2,1
397,S S Pierce Ninety Nine Rum,Liter,1,1
3729,Three Olives Whipped Cream,750mL,1,1
8910,Finlandia Vodka,50mL,1,1
15980,Moonlight Meadery Apple Pie,375mL,2,1
15731,Tiamo Chianti,750mL,2,1
21645,Foxen Chard Block UU,750mL,2,1
24977,Spring Mountain Cab Svgn 10,750mL,2,1
25226,Il Molino di Grace Chianti C,750mL,2,1
2747,Speymalt Macallan 1993 20 Yr,750mL,1,1
21980,Massolino Barolo Parussi,750mL,2,1
6242,Zirbenz Stone Pine Liqueur,750mL,1,1
19581,Girard Cab Svgn,750mL,2,1
5060,Dr McGillicuddy's Butterscth,750mL,1,1
28323,M & R Bianco Vermouth,750mL,2,1
1273,Jim Beam Choice,1.75L,1,1
3978,Square One Bergamot Organic,750mL,1,1
13716,Tisdale Vyds Pnt Nr,750mL,2,1
25618,W Hill Est Bench Blend Napa,750mL,2,1
19040,The Path Merlot,750mL,2,1
1373,Jim Beam Honey,750mL,1,1
8120,Tribuno Sweet Vermouth,1.5L,1,1
20855,Cockburns Special RSV,750mL,2,1
14357,Chilensis Pnt Nr,750mL,2,1
12199,Rochioli RRV Chard Cal,750mL,2,1
24934,T-Vine Zinfandel Napa,750mL,2,1
26849,Seven Daughters Pnt Nr 4 Pk,250mL 4 Pk,2,1
26949,Sonoma-Cutrer Chard RRV,750mL,2,1
8512,Baileys Irish Cream,750mL,1,1
33982,Lyeth Estate Meritage N Cst,750mL,2,1
981,McCormick Triple Sec,Liter,1,1
33988,Cavit Chardonnay Trentino,1.5L,2,1
1479,Ten High,1.75L,1,1
11801,Arabella Chard,750mL,2,1
3145,Smoked Salmon Alaska Vodka,750mL,1,1
20955,Pacific Rim Dry Rsl,750mL,2,1
10676,W Hill RSV Cab Svgn,750mL,2,1
16129,Pol Roger Brut,750mL,2,1
35605,Castle Rock Paso Ro Cab Svgn,750mL,2,1
25283,Ransom Selection Pnt Nr,750mL,2,1
22621,A Bichot Adelie Mercury,750mL,2,1
23660,Chapoutier Bel Cotes Rhn Ros,750mL,2,1
8412,Tequila Ocho Plata Fresno,750mL,1,1
1330,Grey Goose Glass Pack,1.75L,1,1
4327,Capt Morgan Spiced Rum 100,750mL,1,1
2412,JP Wiser's Rye,750mL,1,1
10576,Diseno Malbec Mendoza,750mL,2,1
22478,Mionetto IL Lambrusco Sprklg,750mL,2,1
2163,Sloane's Gin,750mL,1,1
24393,Ch Fuisse Pouilly Fuisse Les,750mL,2,1
248,Wild Shot Reposado Mezcal,750mL,1,1
1081,Chivas Regal with2 50mLs,750mL + 2/,1,1
24642,Red Fire OV Znfdl,750mL,2,1
23560,Flip Flop Chard,250mL 4 Pk,2,1
33149,Alamos Ridge Malbec Mendoza,750mL,2,1
24493,Buehler Cab Svgn Napa,750mL,2,1
689,McManis Pnt Nr Cal,750mL,2,1
13132,F Coppola Rosso & Bianc Shir,750mL,2,1
1771,Jack Daniels Tennessee Fire,50mL,1,1
3394,Blue Nectar Silver Tequila,750mL,1,1
2312,The Macallan No.2 Edition,750mL,1,1
25575,Louis Latour 14 St Veran Bla,750mL,2,1
21788,LiDestri Bloody Mary,1.5L,2,1
6783,Hawk Crest Cab Svgn,750mL,2,1
878,DeKuyper Green Creme de Ment,Liter,1,1
8704,Beringer Chard Napa Vly,750mL,2,1
17194,Uvaggio Primitivo Lodi,750mL,2,1
1874,Bruichladdich Octomore 61,750mL,1,1
10032,J Lohr October Night Chard,750mL,2,1
39747,Foxhorn Pnt Grigio/Chard Bl,1.5L,2,1
26348,Walt Pnt Nr Shea Vineyard,750mL,2,1
25352,Cecchi Chianti DOCG,750mL,2,1
2870,Ardbeg Dark Cove Giftbox,750mL,1,1
26016,Kuleto Native Son Napa Red,750mL,2,1
22103,Nodus Cava Brut,750mL,2,1
3889,Wolfschmidt Vodka Plastic,750mL,1,1
2893,Glenmorangie Quinta Ruban,750mL,1,1
6096,Kinky Blue Liqueur,750mL,1,1
18877,Di Padrino Sweet Vermouth,1.5L,2,1
28578,Stella Pinot Grigio Umbria,750mL,2,1
13258,ChocoVine,750mL,2,1
27367,Ch Haut Bommes Sauternes 10,375mL,2,1
4104,Flipflop Spiced Rum,750mL,1,1
1897,Old Ezra 7Yr Bourbon,750mL,1,1
22080,Hacienda Zargon Merlot,750mL,2,1
38728,Rancho Zabaco Svgn Bl Dancg,750mL,2,1
21084,Glazebrook Svgn Bl Marlboro,750mL,2,1
22412,Harthill Farms Chard,750mL,2,1
21416,Round Hill Comm Man Wh Znfdl,750mL,2,1
46554,Atteca Garnacha Old Vines,750mL,2,1
37732,Corbett Canyon Merlot,3L,2,1
20205,Dibon Cava Rosado,750mL,2,1
1565,Galliano Tiki Gift Pack,375mL,1,1
20420,Vigne A Porrona Rosso,750mL,2,1
34460,Dr Loosen Rsl 'Dr L' M,750mL,2,1
16484,Layer Cake Centrl Cst Pnt Nr,750mL,2,1
28223,Ch Ste Michelle Canoe Rdge C,750mL,2,1
45535,Citra Pnt Grigio,1.5L,2,1
168,Three Olives Strawberry,750mL,1,1
22813,Angels Landing Cab Svgn,750mL,2,1
39461,Stags Leap SLV Cab Svgn,750mL,2,1
1164,Dingle Original PotStill Gin,750mL,1,1
23145,Ch de Chantegrive Graves Rou,750mL,2,1
832,Bols Strawberry Liqueur,Liter,1,1
6829,Almaden Moscato Rhine,1.5L,2,1
17148,Insomnia Red,750mL,2,1
25137,Nicole Chanrion Cote de Brou,750mL,2,1
44370,Gallo Twin Vly Moscato,1.5L,2,1
12216,Da Vinci Pnt Grigio,750mL,2,1
16175,The Naked Grape Moscato,750mL,2,1
2183,McClelland Highland Single,750mL,1,1
5810,Cuervo Watermelon Margaritas,1.75L,1,1
855,Black Velvet,Liter,1,1
18167,Lyrarakis Okto Syrah Blend,750mL,2,1
24118,Cecchi La Mora Morellino,750mL,2,1
12757,Graffigna Centenario Pnt Gri,750mL,2,1
23122,Innocenti Vignalsole Rosso,750mL,2,1
39438,Columbia Crest Two Vn Shiraz,750mL,2,1
24450,Santa Barbara Winery Pnt Nr,750mL,2,1
3039,Stoli Salted Karamel,750mL,1,1
6288,Almaden Chablis B/B,5L,2,1
3626,Sauza Extra Gold Tequila,750mL,1,1
19687,BT Termanthia 10 Toro Red,750mL,2,1
377,Hendrick's Gin,Liter,1,1
18359,Domaine de la Damase Rhone,750mL,2,1
26517,Altocedro Finca Tanos Malbec,750mL,2,1
1024,Hennessey VS +VSOP 50mL,750mL,1,1
5641,Flag Hill Raspberry Liqueur,375mL,1,1
6975,Jacobs Crk Chard,750mL,2,1
12803,Ravenswood Vntrs Blend Znfdl,1.5L,2,1
15133,Nativa Terra Cab Svgn Orgnic,750mL,2,1
24287,Bollini RSV Pinot Grigio,750mL,2,1
16461,Gerard Bertrand Cab Svgn Rsv,750mL,2,1
21625,Kirkland Signature Chard 12,750mL,2,1
23623,Apimed Trnava Mead,750mL,2,1
15482,C Y Toro Frontera Carmenere,1.5L,2,1
14818,Simi Pnt Nr Sonoma Cnty,750mL,2,1
3580,Smirnoff Orange Vodka,750mL,1,1
3085,Absolut Mini Bar 5/50mls,50mL 5 Pk,1,1
2916,Royal Brackla 12 Yr Scotch,750mL,1,1
24310,Hi! Prosecco,750mL,2,1
5077,Malibu Red,750mL,1,1
18900,Anderra Cab Svgn,750mL,2,1
8495,Capt Morgan White Pineapple,50mL,1,1
25638,Browne Family Vyds Tribute R,750mL,2,1
26889,Jaboulet Crozes Hermitage L,750mL,2,2
25807,Hoopes Oakville Cab Svgn,750mL,2,1
4390,Ron Zacapa 23 Yr Old Rum,750mL,1,1
8472,1800 Silver Tequila,750mL,1,1
3062,Russian Standard Platinum,750mL,1,1
15505,Mollydooker Carnival of Love,750mL,2,1
14964,Twisted Moscato,750mL,2,1
36235,Luce Della Vite Toscana,750mL,2,1
26866,Thunevin Calvet L'Amourette,750mL,2,1
8781,Rodney Strong Cab Svgn,750mL,2,1
15528,Cannonball Chard,750mL,2,1
3457,Olmeca Altos Plata Tequila,1.75L,1,1
3125,Pinnacle Strawbery Shortcake,750mL,1,1
41081,Gramona Grand Cve Cava Spklg,750mL,2,1
23769,Ch Pape Clement 12 Pess-Leog,750mL,2,1
4453,Pitu Brazilian Rum Cachaca,750mL,1,1
16939,Gallo Twin Vly Pink Moscato,750mL,2,1
2438,Crown Royal Special Reserve,1.75L,1,1
10596,Almaden Mt Rhine Calif B/B,5L,2,1
24705,Kenwood Merlot Sonoma,750mL,2,1
10264,Fort Ross Pnt Nr Sonoma Cst,750mL,2,1
43013,Anastasi Estates Messinia Rd,750mL,2,1
36859,Brancott Pnt Nr Marlboro,750mL,2,1
25701,Viberti Barolo Buon Padre,750mL,2,1
18754,Yellow Tail Sweet White Roo,750mL,2,1
26580,Sullivan Toile Cab Svgn Napa,750mL,2,1
22750,Franzia Refreshing White Ta,5L,2,1
19750,Glory Days Merlot,750mL,2,1
6660,Carlo Rossi Paisano Calif,4L,2,1
18562,Jewell Towne Vyds So Hampton,750mL,2,1
2246,Speyburn Brandan Orach,750mL,1,1
4250,Zaya Grand Reserva Rum,750mL,1,1
6574,Franzia Tap Wh Znfdl Cal,5L,2,1
5246,Bacardi Party Drinks Zombie,1.75L,1,1
22644,Gaston & Ravaut Bourgn Chard,750mL,2,1
17234,Earth 3.0 Tempranillo/Syrah,750mL,2,1
32969,Alice White Shiraz Ausl,1.5L,2,1
33965,Castellare Chianti Clsc,750mL,2,1
2329,Craigellachie 13 Yr Scotch,750mL,1,1
918,Smirnoff Cherry Vodka,Liter,1,1
16653,Quintessa Rutherford Red,750mL,2,1
21562,Talley Vyds Pnt Nr,750mL,2,1
2933,Aultmore 12 Yr Scotch,750mL,1,1
7261,Gallo X Dry Vermouth,750mL,2,1
1396,Old Crow,1.75L,1,1
19249,Educated Guess Chard,750mL,2,1
2392,Crown Royal 75th Anniversary,750mL,1,1
6265,Gallo Fairbanks Sherry,750mL,2,1
23036,Jacobs Creek Two Lands Pnt G,750mL,2,1
1310,Remy Martin XO Excelence VAP,750mL,1,1
3265,Firefly Sweet Tea Vodka,50mL,1,1
2043,I.W. Harper Bourbon,750mL,1,1
24513,R8 Cab Svgn,750mL,2,1
14191,Ch Fage Graves de Vayres,750mL,2,1
18276,Cecchi Coevo Wood,750mL,2,1
11529,Benvolio Pnt Grigio Friuli,750mL,2,1
8535,Arrow Peppermint Schnapps,375mL,1,1
27513,Garage Wine Co Cab Svgn,750mL,2,1
23185,Lee Family Farm Albarino Mon,750mL,2,1
26434,Ch Gassier Pas du Moine Vict,750mL,2,1
3371,Skyy Infusions Georgia Peach,50mL,1,1
3709,Aslanoff Vodka,1.75L,1,1
709,Bitter Truth Orange Bitters,200mL,1,1
22349,Callaway Svgn Bl Cellar Slct,750mL,2,1
2979,Bowmore 12-Yr Scotch,750mL,1,1
26285,Moet & Chandon Imperial,1.5L,2,1
21957,Cooks Spumante,750mL,2,1
17340,Chops & Burgers Bordeaux,750mL,2,1
44138,Crios Malbec,750mL,2,1
18963,Ruca Malen Yauquen Bonarda,750mL,2,1
23291,Ch Cantenac Brown Margx 11,750mL,2,1
20334,Drouet Freres Svgn Bl,750mL,2,1
27121,Alessio Bianco Vermouth,750mL,2,1
26826,Pellegrino Marsala Sweet,750mL,2,1
41144,Red Diamond Chard Wash,750mL,2,1
25160,Cinq les Pattes Bordeaux Bla,750mL,2,1
23832,Manon Rose de Provence,375mL,2,1
18668,G Bertrand T Jeffrsn Cremant,750mL,2,1
18127,Esporao Reserva Red Alentejo,750mL,2,1
2830,Serpent's Bite Cider Whiskey,750mL,1,1
7994,Stock Italian Sweet Vermouth,1.5L,1,1
19896,Masi Soave 2012 Classico,750mL,2,1
3666,Art in the Age Chicory Root,375mL,1,1
2584,JP Wiser's Spiced Vanilla,750mL,1,1
25893,MJ Candice Red 13 Roussillon,750mL,2,1
25306,Cyprus Cab Svgn,750mL,2,1
26388,Ch Puybarbe Cd Bourg Merlot,750mL,2,1
4994,Laird's Jersey Lightning,750mL,1,1
5681,Josiah Bartlett Apple Brandy,750mL,1,1
46600,Primaterra Pnt Grigio,750mL,2,1
3517,Smirnoff Sorbet Mango/Pasion,750mL,1,1
2976,Islay Mist 8 Yr Old Scotch,750mL,1,1
46059,Tisdale Vyds Wh Znfdl Cal,750mL,2,1
4058,Bacardi Oakheart Spiced Rum,Liter,1,1
10009,Long Lake Cab Svgn Cal,750mL,2,1
41751,Clos du Bois Pnt Grigio Cal,750mL,2,1
43245,Sterling Vntrs Pnt Grigio,750mL,2,1
7198,New Amsterdam Pineapple Vdka,750mL,1,1
15356,Seaglass Pnt Nr,750mL,2,1
23514,Plantaze Vranac ProCorde Red,750mL,2,1
463,Kirk & Sweeney 12Yr Old Rum,750mL,1,1
2787,Glenrothes Vintage Rsv,750mL,1,1
14360,Redtree Moscato,750mL,2,1
26431,Harken Chard,750mL,2,1
2289,Whistle Pig Boss Hog Rye,750mL,1,1
7221,M & R Sweet Vermouth,1.5L,2,1
24416,Hidlago Morenita Crm Sherry,750mL,2,1
6225,St Germain Liqueur,50mL,1,1
274,Old Bushmills,Liter,1,1
18084,Madria Sangria Moscato,750mL,2,1
24035,Lamberti Prosecco Extra Dry,187mL,2,1
26242,La Fleur d'Amelie Brdx Rose,750mL,2,1
8930,Pueblo Viejo Blanco Tequila,Liter,1,1
26740,Carpineto Rosso Toscano,750mL,2,1
37792,Blackstone Pnt Nr Monterey,750mL,2,1
18817,The Dreaming Tree Everyday,750mL,2,1
3497,Johnnie Walker Platinum,750mL,1,1
33879,Gallo Twin Valley Wh Merlot,1.5L,2,1
8907,Carlo Rossi Burgundy Calif,1.5L,2,1
3168,Belvedere UF Intense Vodka,750mL,1,1
27473,BiancaVigna Spumante Rosa,750mL,2,1
5492,Grand Marnier Cuvee du Cent,750mL,1,1
26219,Gloria Ferrer Carneros Chard,750mL,2,1
44785,Scagliola Barbera D'Asti Frm,750mL,2,1
82,Hundred Acre Ark Vy Cab Svgn,750mL,2,1
24227,Arca Nova Rose,750mL,2,1
15070,Conquista Oak Cask Malbec IP,750mL,2,1
4187,Kraken Black Spiced Rum,750mL,1,1
15548,Seaglass Chard,750mL,2,1
25200,Le Prelat CdR Rouge,750mL,2,1
6892,Vendange Cab Svgn,750mL,2,1
7433,New Amsterdam Orange,Liter,1,1
25741,Cesari Recioto Valpolicella,500mL,2,1
26454,Luxury Edition Prosecco,750mL,2,1
21499,Napa River Chard Napa Cnty,750mL,2,1
39524,Marilyn Merlot Napa,750mL,2,1
17085,Copain Les Voisins Pnt Nr,750mL,2,1
20503,Villa Cornaro Perl Anima,750mL,2,1
2478,Ransom Old Tom Gin,750mL,1,1
19790,Anderra Carmenere,750mL,2,1
8452,Cruzan Aged Light Rum,1.75L,1,1
12110,La Crema Chardonnay Monterey,750mL,2,1
3952,Belvedere Mango Passion,750mL,1,1
28681,F Coppola Rosso Bianco Rosso,750mL,2,1
16610,Leese-Fitch Cab Svgn,750mL,2,1
45240,Nino Franco Prosecco Rustic,750mL,2,1
3454,Pinnacle Pineapple,50mL,1,1
44742,Gamba Znfdl RRV Old Vine,750mL,2,1
18774,Rob Stuart Vignette Pinot Nr,750mL,2,1
45993,Casa Liliana Good Merlot,750mL,2,1
1788,Knappogue Castle Irish 12 Yr,750mL,1,1
14031,Annabella Cab Svgn Napa,750mL,2,1
20523,Lady Lola White,750mL,2,1
14838,Layer Cake Cab Svgn,750mL,2,1
37984,Barone Fini Pnt Gr Valdadige,750mL,2,1
4018,Papa's Pilar Dark Rum,750mL,1,1
21287,Foley Johnson Cab Svgn,750mL,2,1
23494,Ch Doisy-Daene Sauternes 11,375mL,2,1
13172,Two Vines Vineyard 10 Red,1.5L,2,1
20789,Zin-phomaniac Znfdl,750mL,2,1
12133,Pro.mis.Q.ous White CA,750mL,2,1
7413,Manischewitz Blackberry Kshr,1.5L,2,1
35130,C Back Goats Do Roam Rouge,750mL,2,1
749,Stolichnaya Hot Vodka,750mL,1,1
7241,Glendalough Poitin Shry Cask,750mL,2,1
19315,Rombauer Cab Svgn Diamond,750mL,2,1
3995,Purity Vodka,750mL,1,1
24725,Nozzole Vineto Il Pareto,750mL,2,1
16069,Voila Cellars Pnt Nr,750mL,2,1
6159,Lepanto Solera Gran Reserva,750mL,2,1
43809,R M Woodbridge Pnt Nr,1.5L,2,1
13341,Terra d'Oro Deaver Vyd Znfdl,750mL,2,1
2521,Jameson Gold Rsv,750mL,1,1
26497,Ch Ste Michelle Canoe Rdg Me,750mL,2,1
31194,Conn Crk Ltd Rls Np Cab Svgn,750mL,2,1
7931,Tooters Blu-D Kamikazi 15 Pk,375mL,1,1
1980,1792 Full Proof Bourbon,750mL,1,1
27407,Hourglass Blueline Est Merlt,750mL,2,1
16587,Pali Riviera Pnt Nr Sonoma,750mL,2,1
29202,La Terre Chard Cal,750mL,2,1
36063,Ch La Mission Haut-Brion 10,750mL,2,1
21997,Magnolia Court Merlot Paso R,750mL,2,1
16046,Entwine Chard,750mL,2,1
19833,Terra di Montevero Toscana,750mL,2,1
23271,Darkhorse Merlot,750mL,2,1
11698,Lamberti Prosecco X Dry,750mL,2,1
7868,Mumm Cordon Rouge Brut,750mL,2,1
3042,Ciroc Red Berry Vodka,375mL,1,1
44911,Spy Valley Svgn Bl Marlboro,750mL,2,1
8366,Bolla Bardolino,750mL,2,1
40583,M Chiarlo Gavi Wh,750mL,2,1
25678,Ch Recougne Brdx Superieur,750mL,2,1
21350,Candor Znfdl,750mL,2,1
35757,Ken Wright McCrone Ore Pnt N,750mL,2,1
1725,Ole Smoky White Lightnin',750mL,1,1
12090,Lombardo Marsala Fine IP 421,750mL,2,1
5661,Dr McGillicuddy's Root Beer,750mL,1,1
15399,Lobster Reef Svgn Bl,750mL,2,1
5747,Malibu Pineapple Rum,750mL,1,1
6743,Antinori Orvieto Clsc Campo,750mL,2,1
24055,La Volpe Pnt Grigio,750mL,2,1
21977,Massolino Barolo Margheria,750mL,2,1
13321,Collezione Monte d'Abruzzo,750mL,2,1
37878,Allegrini La Grola Veronese,750mL,2,1
19962,St Francis Merlot,750mL,2,1
6351,Kendall Jackson Vntr RSV Cab,750mL,2,1
24290,Ch La Gr Metaine Entre Mers,750mL,2,1
39979,Little Penguin Chard Ausl,1.5L,2,1
15007,Sean Minor Carneros Pnt Nr,750mL,2,1
43225,Ch Beauchene Chtnf Pape RSV,750mL,2,1
26995,Frank Family Vyds Cab Svgn,750mL,2,1
31323,Villa Maria Clr Slct Svgn Bl,750mL,2,1
7974,Luxardo Sambuca Dei Cesari,750mL,1,1
38897,L Martini RSV Cab Svgn Alex,750mL,2,1
3646,Tarantula Azul Tequila,1.75L,1,1
44221,Vinedo de Los Vientos Estiv,750mL,2,1
22581,Fox Brook Pnt Grigio,750mL,2,1
23663,Higher Ground Pinot Noir,750mL,2,1
25286,A Bichot Morgon Les Charmes,750mL,2,1
13278,Sonoma-Cutrer Pnt Nr,750mL,2,1
2956,Vat 69 Gold,1.75L,1,1
294,Old Mexico Gold Tequila,Liter,1,1
24098,Gallo Copperidge Wh Znfdl,1.5L,2,1
7284,Colombo Marsala Dry,750mL,2,1
2458,Catskill Wicked White Whisky,375mL,1,1
24596,Pitagora Red Blend,750mL,2,1
45495,Ermita Rioja White,750mL,2,1
15940,Bongiovanni Barolo,750mL,2,1
26760,Maal Biutifil Malbec,750mL,2,1
3348,Bombay Sapphire Gin,1.75L,1,1
686,Midnight Moon Cherry,750mL,1,1
5014,Penn Dutch Pumpkin Cr Liquer,750mL,1,1
8801,Smirnoff Wh Peach Sorbet,50mL,1,1
2850,Kavalan Soloist Tawain Whsky,750mL,1,1
13670,Stellina di Notte Prosecco,750mL,2,1
13129,Salmon Creek Cab Svgn Cal,1.5L,2,1
2807,Couvreur Pale Single Malt,750mL,1,1
6245,Blossom Hill Chard,1.5L,2,1
34134,Turning Leaf RSV Chard Cal,1.5L,2,1
43872,Joseph Carr Cab Svgn Napa,750mL,2,1
8409,Christian Bros Cream Sherry,1.5L,2,1
17065,Be. Bright Pnt Grigio,750mL,2,1
36541,Liberty Crk Prm RSV Wh Znfdl,1.5L,2,1
22475,MSH Cellars Svgn Bl Napa Vly,750mL,2,1
835,Bols Creme De Noyaux,Liter,1,1
26803,Gaston Chiquet Special Club,750mL,2,1
7327,La Caravedo Puro Quebranta,750mL,1,1
33052,Gosset Grande RSV Brut,750mL,2,1
46428,Villa Pozzi Nero D'Avola,750mL,2,1
21001,Bonpas Cote du Rhone Rouge R,750mL,2,1
13968,Spellbound Chard,750mL,2,1
8017,Pepe Lopez Premium Tequila,750mL,1,1
24788,Gentleman's Collection Cab S,750mL,2,1
18837,Moonlight Meadery Red Dress,375mL,2,1
6935,Fetzer Eagle Peak Merlot Cal,750mL,2,1
11263,Sequoia Grove Chard,750mL,2,1
25870,Man Svgn Bl,750mL,2,1
27493,F Coppola Wizard of Oz Merlt,750mL,2,1
6394,Taylor Dry Sherry,3L,2,1
10722,R M Woodbridge Chard,750mL,2,1
38854,Salmon Creek Merlot Calif,750mL,2,1
13427,Liberty School Cab Svgn,1.5L,2,1
8558,Irishman Cream Liqueur,750mL,1,1
22624,A Bichot Merc Champs M,750mL,2,1
3961,Grey Goose La Poire Vodka,750mL,1,1
6214,Taylor Red Port,3L,2,1
14704,Rex Goliath Free Range Red,750mL,2,1
23194,Gary Farrell RRV Chard,750mL,2,1
23858,Pezzi King Znfdl Dry Creek,750mL,2,1
16696,Alain Lorieux Chinon Express,750mL,2,1
20941,Valdivieso Brut,750mL,2,1
3297,Bully Boy White Rum,750mL,1,1
8893,Yukon Jack,750mL,1,1
1282,Small Batch 1792,750mL,1,1
36570,Flora Springs Trilogy Cal,750mL,2,1
33035,Cape Indaba Chard S Africa,750mL,2,1
19590,Haut-Carles Fronsac 10,750mL,2,1
2610,Glenmorangie Signet Sng Malt,750mL,1,1
26088,R Mondavi Maestro Red Napa V,750mL,2,1
24545,Sileni Nano Pnt Nr,187mL,2,1
1067,Absente  Glass & Spoon Pack,100mL,1,1
29477,R Mondavi Pvt Sel Rsl,750mL,2,1
2587,Jameson Irish Whiskey,375mL,1,1
6168,Kinky Pink Liqueur,375mL,1,1
426,Crystal Head Vodka,50mL,1,1
23148,Jekel Rsl Monterey,750mL,2,1
21156,Huber Hugo Red,750mL,2,1
18239,Pol Roger Rose 02 Brut,750mL,2,1
1259,St George Gin 3/200mls Combo,200mL 3 Pk,1,1
45129,Paul Hobbs Pnt Nr RRV,750mL,2,1
1090,Licor 43 Liqueur Gift Pack,750mL,1,1
6855,Midnight Moon Apple Pie,750mL,1,1
45770,Bonterra Mendocino Org Znfdl,750mL,2,1
1236,Southern Comfort & Egg Nog,1.75L,1,1
33204,Piero Broglia Gavi di Gavi,750mL,2,1
34532,Dom Fontsainte Corbieres Gr,750mL,2,1
18093,Ch La Dom St Emil Gr Cru 09,750mL,2,1
16888,The Seeker Chard,750mL,2,1
18757,Yellow Tail Big Bold Red,750mL,2,1
5527,Fernet Gancia Liqueur,750mL,1,1
20446,Barefoot Bubbly Brut Cuvee,187mL 4 Pk,2,1
22361,Ecco Domani Prosecco,750mL,2,1
19782,Marques de Caceres Gran RSV,750mL,2,1
19444,Cave de Tain Syrah,750mL,2,1
28272,Gallo Fairbanks Cream Sherry,1.5L,2,1
549,DeKuyper Melon,Liter,1,1
23025,Carlo Rossi Red Sangria Cal,4L,2,1
42258,Chatom Cab Svgn Calaveras,750mL,2,1
6360,Taylor Nys Cream Sherry,3L,2,1
21010,La Jota Cab Svgn Howell Mtn,750mL,2,1
22338,Maison L'Envoye Two Messenge,750mL,2,1
41648,Saint M Pflaz,750mL,2,1
29646,Hartley & Gibson Amontillad,750mL,2,1
31561,Fess Parker Snt Barbr Pnt Nr,750mL,2,1
8252,Gazdina Rakija Plum Brandy,750mL,1,1
42212,Rex Goliath Pnt Grigio,750mL,2,1
20400,Ilauri Le Pinciaie 10 Red,750mL,2,1
19736,Sledgehammer Zinfandel,750mL,2,1
11077,Nova 06 Marilyn Merlot Napa,750mL,2,1
20987,Pizzolato Cab Svgn,750mL,2,1
921,El Tesoro Platinum Tequila,750mL,1,1
19072,Astoria Sparkling Moscato,750mL,2,1
10931,Bridlewood Chard Monterey,750mL,2,1
8398,Casamigos Blanco,750mL,1,1
41030,Folie A Deux Cab Svgn,750mL,2,1
10267,Klinker Brick Old Ghst Znfdl,750mL,2,1
31120,Groth Chard Napa,750mL,2,1
20177,Robert Sinskey Abraxas,750mL,2,1
22169,Billecart-Salmon Brut Rsv,375mL,2,1
19636,Ch St Jean Chard Sonoma Cst,750mL,2,1
21505,Margaride's Chard Arinto,750mL,2,1
21628,Ironside Cab Svgn,750mL,2,1
43022,Ceretto Barbaresco,750mL,2,1
4299,Capt Morgan White Grapefruit,750mL,1,1
5627,Flag Hill Sugar Maple Liquer,375mL,1,1
34014,Hess Collection Cab S Mt Vee,750mL,2,1
31346,Florio Dry Marsala Italy,750mL,2,1
13702,Barefoot Cellars Cab Svgn,187mL 4 Pk,2,1
42753,Five Oaks Merlot Cal,750mL,2,1
21528,Aviary Red Blend,750mL,2,1
967,Chopin Vodka,Liter,1,1
26437,Ch le Borderon Haut-Medoc,750mL,2,1
25109,Tomaiolo Toscana,750mL,2,1
2046,Whoop & Holler Bourbon,750mL,1,1
718,Hiram Walker Mango,Liter,1,1
28690,Stonehedge Merlot Cal,750mL,2,1
12374,Zanetti Prosecco Frizzante,750mL,2,1
24860,Mystos Longboard Vyd 13 Pnt,750mL,2,1
2295,Balvenie 15 Yr Single Malt,750mL,1,1
18611,Stonehaven Svgn Bl,750mL,2,1
3612,Taaka Vodka,1.75L,1,1
46062,Martin Codax Tempranilo Ergo,750mL,2,1
6563,Black Opal Cashmore Chard,750mL,2,1
2733,GlenDronach Tawny Port 15 Yr,750mL,1,1
44734,Casa Liliana Good Pnt Grg,750mL,2,1
24422,Cade Rsv Cab Svgn,750mL,2,1
13061,P Michael Les Pavots Est Brd,750mL,2,1
23543,Guillermo Mndza Kosher Malbc,750mL,2,1
20592,Fritz Svgn Bl Dry Creek Vly,750mL,2,1
25750,Moulin Gassac Guilhm Rose 15,750mL,2,1
6755,Peter Vella Chablis B/B,5L,2,1
12079,F Coppola Votre Sante Chard,750mL,2,1
40051,Concannon Select Vyds Pnt Nr,750mL,2,1
22902,Hermann J Wiemer Semi Dry Rs,750mL,2,1
25063,Jadot Savigny 13 Clos de Gue,750mL,2,1
22653,Esser Vyds Chard,750mL,2,1
15660,Chickadee Chard,750mL,2,1
26234,Varner Pnt Nr Los Alamos,750mL,2,1
27562,Taylor Fladgate 1985 Porto,750mL,2,1
27316,W Selyum Pnt Nr Eastside Rd,750mL,2,1
6314,Livingston Burgundy Calif,3L,2,1
1359,Knob Creek Rye,750mL,1,1
46311,Twisted Old Vine Znfdl,750mL,2,1
2982,Highland Park Dark Origins,750mL,1,1
17675,Albero Sparkling Wh Organic,750mL,2,1
34950,Ch Ste Michelle Col Solare R,750mL,2,1
26380,Orin Swift Abstract Red,750mL,2,1
26921,Tenuta la Favola Bianco,750mL,2,1
27708,Ch Puech-Haut Prestige Langu,750mL,2,1
5381,E&J Peach Brandy,50mL,1,1
2879,Corner Creek Rsv Bourbon,750mL,1,2
17529,Dom Serene Evenstad Chard,750mL,2,1
25604,Ramey Annum Cab Svgn Napa,750mL,2,1
24276,Paul Buisse Svgn Bl Touraine,750mL,2,1
3128,Ocean Organic Vodka,50mL,1,1
25693,SCV Gold Hills Chard 12,750mL,2,1
25355,Bench Chardonnay,750mL,2,1
4153,Jenkins Rum,1.75L,1,1
12520,Pavao Vinho Verde Adegas Wh,750mL,2,1
24963,Ch Messile Aubert Montgne St,750mL,2,1
3815,Solid Granite Vodka,750mL,1,1
2487,Catskill Otay,375mL,1,1
23340,Le Petit Mout Roths 11 Pauil,750mL,2,1
26291,1000 Stories Znfdl,750mL,2,1
27170,Damilano 11 Brunate Barolo,750mL,2,1
26629,Nexo Rioja,750mL,2,1
22799,Farmers of Wine Italian Red,750mL,2,1
24668,Darioush Merlot Napa Valley,750mL,2,1
864,Montezuma Tequila Gold,Liter,1,1
14973,Nicolas Feuillatte Brut Rose,750mL,2,1
2192,Caledonia Barr Hill Gin VAP,375mL 2 Pk,1,1
24127,Three Thieves Chard,750mL,2,1
4502,E & J XO Brandy,1.75L,1,1
14240,Ninety+Cellars Lot 2 Svgn Bl,750mL,2,1
15076,Cigar Box Cab Svgn Valle Cen,750mL,2,1
13994,Banfi Chianti Superiore,750mL,2,1
3420,New Amsterdam Coconut Vodka,750mL,1,1
3174,Cold River Vodka,750mL,1,1
24568,PopCrush Sparkling Wine,750mL,2,1
25401,Assyrtiko-Athiri Atlantis,750mL,2,1
2092,Great King St Artists Blend,750mL,1,1
27811,Dom Ferret Les Perrieres 14,750mL,2,1
2925,Penasco Plata Tequila,750mL,1,1
24319,Ch Leoville Barton 12 St-Jul,750mL,2,1
25896,JeanJean Mas de Lunes 12,750mL,2,1
38631,Columbia Crest Gr Ests Syrah,750mL,2,1
26729,Hecht & Bannier Cotes du Rou,750mL,2,1
5335,Beniotome Sesame Shochu,750mL,1,1
25647,De Loach Russian River Chard,750mL,2,1
15322,Vinum Cellars Scrapper Cab F,750mL,2,1
4007,Averna Amaro,750mL,1,1
37798,Dr Frank Johannisberg Rsl,750mL,2,1
25650,Long Barn Chardonnay,750mL,2,1
16155,Joseph Phelps Insignia 08,750mL,2,1
3320,Rosita Tequila Wh,Liter,1,1
2238,Aviation American Gin,750mL,1,1
25796,Grgich Hills Znfdl,750mL,2,1
25255,Calera Ctrl Coast Chard,750mL,2,1
15222,Le Volte Red Toscana,750mL,2,1
23632,Firesteed Wines Rose Pnt Nr,750mL,2,1
36075,Ch L'Eglise Clinet 10,750mL,2,1
4402,Don Q Gran Anejo Rum VAP,750mL,1,1
27124,Winemakers Secret Barrel Red,Liter,2,1
3861,Zhenka 100 Vodka Traveler,750mL,1,1
2779,Wicked 87 Whiskey,750mL,1,1
14681,Shafer Hillside Cab Svgn 06,1.5L,2,1
5730,Galliano L'Autentico Liqueur,50mL,1,1
24714,La Perla Rioja Blanca,750mL,2,1
26583,Billecart-Salmon Brut 02 N F,750mL,2,1
3566,Pinnacle Raspberry,50mL,1,1
10874,Cantine Maschio Prosecco Brt,750mL,2,1
18534,Candia Vyds Black Ice,375mL,2,1
8455,R Mondavi Fume Bl Napa Vly,750mL,2,1
36344,Latour Pinot Noir Valmoissin,750mL,2,1
7293,Chi Chi's Skinny Margarita,1.75L,1,1
2882,Highland Park 18 Yr Single,750mL,1,1
24771,Les Darons Lang J Carrel Rou,750mL,2,1
29182,Cantele Salice Salentino Rsv,750mL,2,1
24273,von Buhl Jazz Rsl,750mL,2,1
4233,Castillo Silver Label Rum,1.75L,1,1
5776,Malibu Black,1.75L,1,1
31910,Luna di Luna Merlot/Cab Ca'M,750mL,2,1
13553,Merry Edwards Svgn Bl RRV,750mL,2,1
29039,Aszu Royal Tokaji 5 Puttony,500mL,2,1
4897,Remy Martin VSOP Cognac,50mL,1,1
11395,Cadaretta Svgn Bl Semillon C,750mL,2,1
44857,Fairview Pinotage Paarl,750mL,2,1
29205,La Terre Merlot,1.5L,2,1
22756,LaMarca Prosecco,1.5L,2,1
14432,Bully Hill NY Rsl,750mL,2,1
20549,Fifty Shades Of Grey Wh Silk,750mL,2,1
13602,Frescobaldi Mormoreto Cab Sv,750mL,2,1
40566,Pascual Toso Cab Svgn Argn,750mL,2,1
22092,Latour L'Ardeche Chard,750mL,2,1
45521,Nasiakos Nemea Rd,750mL,2,1
22899,Simi Svgn Bl,750mL,2,1
10164,Andre Bourgogne Pnt Nr RSV,750mL,2,1
5750,Malibu Rum Traveler,750mL,1,1
34137,Fat Bastard Chard,750mL,2,1
844,Bols Melon Liqueur,Liter,1,1
44714,Buehler Znfdl Napa,750mL,2,1
26145,Finca Montepedroso Verdejo,750mL,2,1
25816,Les Hauts Calas Chinian 14,750mL,2,1
41133,McManis Viognier River Junct,750mL,2,1
25481,Angela Yamhill-Carlton Pnt N,750mL,2,1
19175,Melini Chianti DOCG Riserva,750mL,2,1
38528,Seghesio Old Vine Znfdl,750mL,2,1
5109,Dr McGillicuddy's Menth Trav,750mL,1,1
27831,Wild Horse CC Chard,750mL,2,1
818,Gordons London Dry Gin,Liter,1,1
2859,Bushmills Irish Honey,750mL,1,1
14761,Ch Hermitage Mazeyres Pomerl,750mL,2,1
23466,R Merlo Blackbird Red,750mL,2,1
3904,Svedka Cucumber Lime Vodka,50mL,1,1
20761,Lamole Grand Selezione Blk,750mL,2,1
27167,Dom De La Janasse 13 Ch Pape,750mL,2,1
20884,Petrolo Inarno Toscana,750mL,2,1
24130,Indigano Pnt Grigio,750mL,2,1
1385,Makers Mark,750mL,1,1
6460,Columbia Crest Two Vns Chard,750mL,2,1
8790,Bolla Valpolicella,1.5L,2,1
23938,Alphonse Dolly Pouilly-Fume,750mL,2,1
21359,Stephen Vincent Pnt Nr,750mL,2,1
10705,Brownstone Chard Cal,750mL,2,1
17944,Beringer Fndrs Est Malbec,750mL,2,1
20861,B & G Rose D'Anjou,750mL,2,1
2049,Loch Lomond Single Grain Sco,750mL,1,1
2690,Black Velvet Reserve,750mL,1,1
31787,Peter Vella Merlot Calif B/B,5L,2,1
2026,Camarena Silver Tequila,750mL,1,1
8149,Sebastiani Cab Svgn Sonoma,750mL,2,1
2149,Canadian Ltd Traveler,750mL,1,1
23297,Fonterutoli Chianti Clsco,750mL,2,1
6483,Fetzer Wh Znfdl Cal,750mL,2,1
20008,Steele Out Kaste Lke Cty Red,750mL,2,1
18846,Dom de Pouy Ugni Blanc,750mL,2,1
19344,Montebuena Rioja,750mL,2,1
8498,R M Woodbridge Svgn Bl Cal,1.5L,2,1
21233,Cavicchioli Prosecco,750mL,2,1
39384,F Coppola Diamond Pnt Nr,750mL,2,1
34635,Riunite Lambrusco Rose,1.5L,2,1
675,Mount Gay 1703 Old Cask Slct,750mL,1,1
23397,Secoli 13 Prosecco Valdobbia,750mL,2,1
19318,Ch Leoville-Barton Gr Cru 09,750mL,2,1
10021,Clayhouse Syrah Paso Robles,750mL,2,1
19218,Veuve Clicquot Brut Grande,750mL,2,1
18013,Cecchi Sangiovese,750mL,2,1
111,Mr Boston Creme de Menthe Gr,Liter,1,1
41940,Lange Willamette Pnt Nr,750mL,2,1
21382,Barkan Clsc Merlot,750mL,2,1
652,Frangelico Gift Pack-Candle,750mL,1,1
21259,Paul Hobbs Crossbarn Rose PN,750mL,2,1
8767,Metcalfe's Raspberry Liqueur,750mL,1,1
1193,Clynelish Cask Strgth Scotch,750mL,1,1
7316,New Amsterdam Red Berry Vdka,1.75L,1,1
34429,Frei Bros RSV Mendcno Merlot,750mL,2,1
16370,Zinsane Znfdl Lodi,750mL,2,1
22192,Placido Chianti,1.5L,2,1
6042,Maurice's Mentholated Mint,750mL,1,1
16868,Don & Sons Pnt Nr Sonoma Cst,750mL,2,1
10121,Columbia Crest 08 Cab Svgn,750mL,2,1
20449,Liberty Creek Merlot Tetra P,500mL,2,1
2461,The Dubliner Irish Whiskey,750mL,1,1
25524,Z Alexander Brown Uncaged Ca,750mL,2,1
23105,DeLille Cellars D2,750mL,2,1
10370,Bouvier Marsannay Rose,750mL,2,1
25275,Zoe Red by D Skouras,750mL,2,1
552,Tijuana White Tequilla,Liter,1,1
25773,Anima Negra Quibia,750mL,2,1
13430,Agua de Piedra Malbec Selccn,750mL,2,1
5401,Jagermeister Liqueur,200mL,1,1
446,St Urbans-Hof Rsl,750mL,2,1
18385,B Side Napa Vly Red,750mL,2,1
25381,Selbach-Oster Riesling,750mL,2,1
4276,Goslings Gold Seal Rum,1.75L,1,1
16762,Leese Fitch Svgn Bl,750mL,2,1
33055,Cape Indaba Svgn Bl S Africa,750mL,2,1
24648,Mumm Napa Bl de Blanc,750mL,2,1
2759,Johnnie Walker Red Label,375mL,1,1
23566,Vin Vault Red,3L,2,1
31618,Chartron La Fleur Brdx Whit,750mL,2,1
31581,Ch Graville Lacoste Graves,750mL,2,1
38651,Carpineto Chianti Clsc,750mL,2,1
3941,Tres Generaciones Reposado,750mL,1,1
17011,La Maialina Gertrude Red,750mL,2,1
45647,Masciarelli Rose d'Abruzzo,750mL,2,1
22384,Maimai Hawke's Bay Syrah,750mL,2,1
15929,Marcarini Barolo La Serra,750mL,2,1
20257,Zerran Tinto Montsant,750mL,2,1
27290,Ch Pape Clement Pess-Leo 13,750mL,2,1
3300,Smirnoff Sorbet Mango/Pasion,50mL,1,1
5458,After Shock Hot & Cool Cinmn,750mL,1,1
887,DeKuyper Razzmatazz,Liter,1,1
3294,Leaf Vodka Alaskian Glacial,750mL,1,1
24691,Ch Vignot 09 St Emilion Gr C,750mL,2,1
14120,Antica Cab Svgn Napa Valley,750mL,2,1
15537,Ch Ducasse Brdx Blanc,750mL,2,1
24442,Underwood Cans Pnt Nr,375mL,2,1
22776,Claudia Papayianni 08 Red,750mL,2,1
1136,Malibu 50ml Sampler Pack,50mL 5 Pk,1,1
13871,Yosemite Road Cab Svgn,750mL,2,1
46580,Gode'II Rosso di Toscana,750mL,2,1
26357,Storypoint Cab Svgn,750mL,2,1
26606,Loredona Moscato Monterey,750mL,2,1
37924,Five Rivers Chard,750mL,2,1
3194,Grey Goose Cherry Noir Vodka,750mL,1,1
5315,B & B Liqueur Dom,750mL,1,1
23168,Blanc de Bleu Mousseux Brut,750mL,2,1
24840,Honig Svgn Bl Napa,750mL,2,1
5358,Irish Mist Honey Liqueur,750mL,1,1
4817,Skyy Infusions TX Grapefruit,750mL,1,1
16178,Lobstah White,750mL,2,1
24791,St Mayhem Red Coffee & Peppe,750mL,2,1
6981,J Lohr Cypress Merlot,750mL,2,1
2653,Litigation Wheat Whiskey,750mL,1,1
26457,Luxury Edition Pnt Nr Rose S,750mL,2,1
16327,Black Box Merlot,500mL,2,1
3835,Smirnoff Raspberry Vodka,750mL,1,1
3592,Burnetts Pineapple Vodka,1.75L,1,1
13081,Dom Ferret Pouilly Fuisse,750mL,2,1
5507,Arrow Blackberry Brandy,750mL,1,1
1920,Bowman Brothers Small Batch,750mL,1,1
17409,Ch La Mondotte 09 St Emilion,750mL,2,1
26314,OTWC Pnt Nr Willamete Vly,750mL,2,1
27396,J Drouhin Pouilly Vinzelles,750mL,2,1
23068,Nicolas Perrin Cote Rotie 11,750mL,2,1
3984,Sauza Tres Generacions Anejo,750mL,1,1
16427,Yellow Tail Sweet Red Roo,1.5L,2,1
34870,Arca Nova Vinho Verde,750mL,2,1
2902,Stranahan's Colorado Whiskey,750mL,1,1
35411,Yellow Tail Chard Ausl,750mL,2,1
13181,Alpataco Pnt Nr,750mL,2,1
1820,Yellowstone Select Bourbon,750mL,1,1
1279,Woodford Rsv MC Brandy Fnish,750mL,1,1
25083,Jadot Rully 13,750mL,2,1
16968,Trentadue Znfdl Alex Vly,750mL,2,1
4525,Paul Masson Peach Brandy,750mL,1,1
36493,Dom Tempier Bandol Rose Pro,750mL,2,1
26706,Feudi Di San Gregorio Tauras,750mL,2,1
3443,Stolichnaya,375mL,1,1
23692,R Mondavi Merlot Napa,750mL,2,1
23360,Ninety+Cellars Lot 35 Tempo,750mL,2,1
22696,Delish Svgn Bl,750mL,2,1
14538,Ch St Michel Brdx Superur,750mL,2,1
2467,Catskill Most Righteous Brbn,375mL,1,1
10625,Querceto Il Sole Alessandro,750mL,2,1
16530,Castelo do Papa Godello,750mL,2,1
3131,Pinnacle Key Lime Whipped,750mL,1,1
20443,Barefoot Bubbly Berry Fusion,750mL,2,1
44917,Ferreira 10-Yr Tawny Port,750mL,2,1
31873,Peter Vella Cab Svgn Cal B/B,5L,2,1
8395,Casamigos Anejo,750mL,1,1
24379,Madison's Ranch Cab Svgn,750mL,2,1
2112,Cutty Sark Prohibition,750mL,1,1
25375,Sella & Mosca Vermentino Ca,750mL,2,1
16553,Zestos Garnacha,750mL,2,1
26586,Elk Cove Goodrich Pnt Nr,750mL,2,1
2444,Clyde May's Alabama Style Wh,750mL,1,1
36072,Ch Malartic-Lagraviere 10,750mL,2,1
31541,Morgan Winery Highland Chard,750mL,2,1
8063,Absolut Pears,50mL,1,1
23383,Vivanco Rioja Rsva 08,750mL,2,1
3440,VanGogh Acai Blueberry Vodka,750mL,1,1
25707,Schramsberg Brut Rose,750mL,2,1
18428,Cocci Grifoni Tellus Red,750mL,2,1
36473,The Crossings Svgn Bl Marlbo,750mL,2,1
10579,High Note Malbec Mendoza,750mL,2,1
41714,Fish Eye Pnt Grigio,750mL,2,1
26394,Trapiche Cab Svgn,750mL,2,1
25730,Chappellet Chard Napa,750mL,2,1
44207,Neil Ellis Sincerely Svgn Bl,750mL,2,1
5169,Kahlua Hazelnut,750mL,1,1
4173,Capt Morgan Spiced Rum 100,50mL,1,1
21485,Ch Lynch Moussas Pauilac,750mL,2,1
25567,Saddleback Clrs 11 Cab Svgn,750mL,2,1
5146,Pama Pomegranate Liqueur,750mL,1,1
4150,Shellback Spiced Rum,750mL,1,1
3154,New Amsterdam Peach Vodka,750mL,1,1
41405,La Posta Angel Plucci Malbec,750mL,2,1
20466,Pali Wine Co Pnt Nr Fiddlstx,750mL,2,1
9105,Loukatos Tsipouro Brandy,750mL,1,1
25876,The Dreaming Tree Svgn Bl,750mL,2,1
26872,Dom Fond Croze Serre CdR Bl,750mL,2,1
42733,K Vntrs Milbrandt Col Syrah,750mL,2,1
43729,Calera Reed Vyd Pnt Nr,750mL,2,1
4482,Don Pancho Origenes Rsva Rum,750mL,1,1
14369,Neirano Prosecco Sparkling,750mL,2,1
20944,Valdivieso Cab Franc Rsva,750mL,2,1
23523,19 Crimes Cab Svgn,750mL,2,1
970,Prairie Organic Kosher Vodka,750mL,1,1
23861,Concannon Founder Chard,750mL,2,1
10124,Tormaresca Neprica Puglia,750mL,2,1
22195,Placido Pinot Grigio Venezi,750mL,2,1
3632,Ashuelot Vodka,750mL,1,1
25853,Purple Heart Red,750mL,2,1
2962,Mount Royal Light Canadian W,1.75L,1,1
27774,Jadot Marsannay Clos Roy 14,750mL,2,1
13805,Neal Family Vyds Znfdl Napa,750mL,2,1
2985,Gibsons 12YO Gold Canadian W,750mL,1,1
6526,Peter Lehmann Shiraz,750mL,2,1
4319,Bacardi Limon Traveler,750mL,1,1
1657,Dalwhinnie Distillers Edtion,750mL,1,1
12139,Silver Oak Cab Svgn Napa Vly,1.5L,2,1
12477,Ch Lancyre Languedoc Rose,750mL,2,1
20967,Ninety Cellars Lot 106 Pnt N,750mL,2,1
21631,Shelburne Vyds Marquette Red,750mL,2,1
11080,G Vigouroux Pigmentum Malbec,750mL,2,1
11744,Parducci Sustainable Red,750mL,2,1
18236,Marchesi Barolo Cannubi 11,750mL,2,1
28146,Kris Heart Rosso,750mL,2,1
23151,Ch La Bouree Castillion Brdx,750mL,2,1
2421,Highland Park Odin,750mL,1,1
38471,Ch Pesquie Cotes du Ventoux,750mL,2,1
38966,Henri Bourgeois Svgn Blanc,750mL,2,1
17741,Olivier Leflaive Bourg Al 12,750mL,2,1
924,Lombardo Marsala Ambra Dry,750mL,2,1
21654,Ch Valcombe Rose Ventoux,750mL,2,1
27064,A Bichot Morey St Denis 14 S,750mL,2,1
6357,Taylor Golden Sherry,3L,2,1
1734,Duggans Dew O Kirkintilloch,1.75L,1,1
33579,Tommasi Valpo Clsc Supr Rafl,750mL,2,1
29620,Schmitt Sohne Kabinett,750mL,2,1
33038,Beringer Fndrs Est Chard,1.5L,2,1
23669,Clos Cant St Emilion Grand C,750mL,2,1
28856,Seghesio Znfdl Sonoma,750mL,2,1
22441,Omaka Springs Svgn Bl,750mL,2,1
8627,Jadot Beaujolais Villages,750mL,2,1
26935,Ramos Pinto Fine Ruby Red P,750mL,2,1
17200,Leese-Fitch Pnt Nr,750mL,2,1
21113,Wicked Soft Chard,750mL,2,1
25358,Honig Late Harvest Svgn Bl,375mL,2,1
29248,Toasted Head Chard,750mL,2,1
19215,Dom Vacheron Sancerre Blanc,750mL,2,1
4737,St Remy VSOP Authentic Brndy,750mL,1,1
31203,Beringer Fndrs Est Merlot,750mL,2,1
25252,Hauts de Smith Rouge P-Le 12,750mL,2,1
26248,Roederer Cristal,750mL,2,1
26377,Orin Swift D66 Grenache Cata,750mL,2,1
17094,Moscato Pink Bubbly 480 Plt,750mL,2,1
20426,Fattoria Illario Rose,750mL,2,1
12268,Snap Dragon Cab Svgn,750mL,2,1
28252,Steele Pacini Mendocno Znfdl,750mL,2,1
17887,Trader Joe's Chard 720 Btls,750mL,2,1
23045,El Enemigo 11 Cab Franc Mend,750mL,2,1
23924,Cote Mas Rose Aurore,Liter,2,1
21422,Beso Del Sol Sangria,3L,2,1
2590,The Black Grouse Scotch,1.75L,1,1
2676,Grand MacNish,1.75L,1,1
8000,The Glenlivet 12 Yr Single,1.75L,1,1
15079,Anna de Codorniu Brut Cava,750mL,2,1
3918,Cabo Wabo Anejo Tequila,750mL,1,1
3672,Shady Fruit Real Ruby Red Gr,750mL,1,1
20234,Ch Marquis d'Alesme,750mL,2,1
2922,Usquaebach 15 Yr Whisky,750mL,1,1
5083,DK Burst Blustery Pmnt Trav,750mL,1,1
19988,Querceto Il Picchio Chianti,750mL,2,1
755,Vincent Van Gogh Raspberry,750mL,1,1
13997,Rivers Edge Pnt Nr Barrel,750mL,2,1
3609,Smirnoff Vanilla Vodka,50mL,1,1
4064,Calico Jack Pin/Coc Rum,1.75L,1,1
10642,Marques de Murrieta RSV Rioj,750mL,2,1
3068,Pinnacle Coconut Vodka,750mL,1,1
20921,Penfolds Bin 9 Cab Svgn,750mL,2,1
277,Smirnoff Lime Vodka,Liter,1,1
26331,Cristom Estate Pnt Gr Eola A,750mL,2,1
4605,Camus Elegance XO,750mL,1,1
19948,Josh Cellars Pnt Nr,750mL,2,1
23191,Clos Pegase Svgn Bl Napa,750mL,2,1
31349,Big House Red Cal,750mL,2,1
15620,C Y Toro Casillero Diab Malb,750mL,2,1
23778,M Chiarlo Barbera D'Asti,750mL,2,1
715,Hiram Walker Cr de Cacao Wh,Liter,1,1
24857,Ch du Parc Brdx Rouge,750mL,2,1
4545,Capel Premium Pisco,750mL,1,1
19693,Fish Eye Moscato,1.5L,2,1
21857,Willamette Vly Tualatin Est,750mL,2,1
21614,Billette Bousquet Prov Rose,750mL,2,1
15365,Alabaster 07 Tinta de Toro,,2,1
34947,M Chiarlo Moscato D'Asti Ni,375mL,2,1
5192,Kahlua Mocha,750mL,1,1
22842,Corral De Peidra Cab Svgn,750mL,2,1
14684,Cherry Pie Stanly Pnt Nr,750mL,2,1
2530,The Macallan 17Yr Old Scotch,750mL,1,1
24170,Adelsheim Caitlins Rsv Chard,750mL,2,1
11143,C K Mondavi Willow Spr Chard,750mL,2,1
22504,Dom Gres St Vincent CdR Vlgs,750mL,2,1
323,Tequila Rose Strawberry Gift,750mL,1,1
19842,Ch Les Flefs de LaGrange 10,750mL,2,1
24465,Tenuta di Capraia 11 Chianti,750mL,2,1
366,Crown Royal w/2 Glasses,750mL,1,1
25504,Renwood Clarion Red,750mL,2,1
1989,Johnnie Walker Black Tin,750mL,1,1
25793,Girasole Chard,750mL,2,1
6420,R M Woodbridge Chard Cal,750mL,2,1
12076,Chapoutier Hrmtage La Sizera,750mL,2,1
4256,English Harbour Rum,750mL,1,1
5338,Morecello Blackberry Cello,375mL,1,1
3025,Ciroc Snap Frost Vodka,375mL,1,1
7353,1800 Ultimate Peach Margrita,1.75L,1,1
14386,Tarima Monastrell Jumilla,750mL,2,1
861,Barton Gin,Liter,1,1
18173,Seven Falls Chard,750mL,2,1
2484,Tatoosh Bourbon,750mL,1,1
39593,Redwood Creek Pnt Nr Cal,1.5L,2,1
4044,Calico Jack Mango Rum,1.75L,1,1
45332,Cono Sur Pnt Nr Rapel,750mL,2,1
41087,Wrongo Dongo Jumilla,750mL,2,1
10708,Howling Moon Pnt Nr N Cst,750mL,2,1
4542,Richland Rum,750mL,1,1
2550,Stillhouse Originl Moonshine,750mL,1,1
27522,Whitehall Lane Merlot,750mL,2,1
8289,E.H.Taylor Jr Single Barrel,750mL,1,1
3546,Vera Blood Orange Vodka,750mL,1,1
19364,Luigi Bosca Chard,750mL,2,1
18866,Tariquet Sauvignon,750mL,2,1
19862,Rex Goliath American Chard,500mL,2,1
131,J Lohr Carols Vyd Svgn Bl,750mL,2,1
4565,Christian Bros VS Brandy,750mL,1,1
14930,Yellow Tail Moscato,1.5L,2,1
15428,Ruffino Prosecco Sparkling,750mL,2,1
90012,Ch Malartic Lagravier 12 RG,750mL,2,1
46732,A by Acacia Chard Cal,375mL,2,1
21379,Alhambra Red Blend,750mL,2,1
5255,TGI Fridays Ultimte Mudslide,1.75L,1,1
24817,Mirassou Pnt Nr,1.5L,2,1
25484,Finca Sandoval Tinto Manchue,750mL,2,1
3758,Margaritaville Gold Tequila,1.75L,1,1
22567,Our Daily Red Cab Svgn,750mL,2,1
8501,Mother's Pumpkn Spice Liquer,750mL,1,1
25813,Ch Rombeau L'Eleve 13,750mL,2,1
23563,Flip Flop Pnt Grigio,250mL 4 Pk,2,1
40114,M & R Prosecco Frizzante,750mL,2,1
13433,C Y Toro Carmenere de Casa,750mL,2,1
5232,DeKuyper Buttershots Schnaps,1.75L,1,1
23798,Aquitania Cab Svgn,750mL,2,1
46065,Corbett Canyon Pnt Nr,3L,2,1
45524,Natura Valle Cab Svgn Cntrl,750mL,2,1
36155,De Villaine Bouzeron Aligot,750mL,2,1
27499,Pot de Vin Rouge Organic,750mL,2,1
17134,Ch Ste Michelle Indn Wls Red,750mL,2,1
20552,Cafaggio Basilica Chianti Cl,750mL,2,1
5773,Kahlua Midnight,750mL,1,1
25790,Love Noir Pnt Nr,750mL,2,1
36868,Dunn Cab Svgn Howell Mtn,750mL,2,1
26503,Leflaive Macon Verze,750mL,2,1
5298,Southern Comfort 100 Proof,750mL,1,2
3377,Tanqueray Rangpur Gin,750mL,1,1
24774,J Bouchon Canto Norte,750mL,2,1
1296,Tap 357 Maple Rye Whisky,750mL,1,1
36845,Frey Natural Red Organic Ca,750mL,2,1
17867,Beringer Classic Wh Zin Mosc,750mL,2,1
26025,Ch Cru Godard Cd Brdx Rouge,750mL,2,1
17369,Gattinara Red,750mL,2,1
821,Grand Marnier,Liter,1,1
27330,Hahn Cab Svgn Santa Lucia,750mL,2,1
1860,Bruichladdich Islay Barley,750mL,1,1
41820,Cesari Sangioves Romagna RS,750mL,2,1
4024,Bacardi Razz,50mL,1,1
3503,Smirnoff Sorbet Rasp/Pomegra,750mL,1,1
8670,Arrow Coffee Brandy,1.75L,1,1
1339,The Glenlivet 12 Yr Single,Liter,1,1
2593,James Oliver American Whisky,750mL,1,1
37217,Castano Solanera Yecla Mona,750mL,2,1
17326,The Calling Cab Svgn Rio Lgo,750mL,2,1
11249,Joseph Carr Merlot Napa Vly,750mL,2,1
33971,Zenato Valpolicella Clsc Ri,750mL,2,1
36135,Foley Santa Maria Hil Pnt Nr,750mL,2,1
4585,Coruba Rum,Liter,1,1
4757,Flor De Cana 4 Yr Old Wh Rum,Liter,1,1
4734,Capt Morgan Cannon Blast,750mL,1,1
17177,Beringer Classic Merlot,1.5L,2,1
36653,R M Woodbridge Rsl,750mL,2,1
2570,Johnnie Walker Gold Rsv,750mL,1,1
13931,Ghost Pines Znfdl L Martini,750mL,2,1
7439,New Amsterdam Red Berry Vdka,Liter,1,1
25833,Ch Genins Brdx,750mL,2,1
25464,Eden Rose Cider Keg,20L,2,1
28538,Shooting Star Chard Lake Cny,750mL,2,1
23841,Fantini Sangiovese,750mL,2,1
22046,Woodwork Cab Svgn,750mL,2,1
18800,Haunting Whisper DeChaunac,750mL,2,1
2029,Springbank 10 Yr Scotch,750mL,1,1
43317,Salmon Creek Pnt Grigio Cal,750mL,2,1
24751,Lugny Macon Vllgs Vielle Rsv,750mL,2,1
37194,Blackstone Syrah Cal,750mL,2,1
25292,Ch Grand Renom Brdx Bl 14,750mL,2,1
1382,Makers 46,750mL,1,1
5212,Margaritaville Silver,1.75L,1,1
884,DeKuyper Orange Curacao,Liter,1,1
42255,Ridge Three Valleys Sonoma,750mL,2,1
1880,The Glenlivet Nadurra 16 Yr,750mL,1,1
46583,Errazuriz Max Fndrs RSV,750mL,2,1
23022,Jarhead Chard,750mL,2,1
22524,Dry Creek Vyds Est Block 10,750mL,2,1
26354,Le Cengle CdProvence Rose,750mL,2,1
26852,Eric Kent Sascha Marie Pnt N,750mL,2,1
5710,Signatory Laphroaig 97 Cask,750mL,1,1
1276,Jack Daniels Single Barrel,50mL,1,1
778,Svedka Vodka,Liter,1,1
5106,Capt Morgan Long Isl Tea RTD,750mL,1,1
2899,Laphroiag Select Single Malt,750mL,1,1
2401,Sea Hagg Poitin White Whisky,200mL,1,1
19713,Anne Pichon Gris Montagne Ro,750mL,2,1
23649,Tom Gore Cabernet Svgn CA,750mL,2,1
17910,Estancia Unoaked Chard,750mL,2,1
39550,Aquinas Cab Svgn,750mL,2,1
22238,Seven Sisters Cab Svgn,750mL,2,1
14993,Neirano Prosecco,187mL,2,1
20403,Tenuta Santo Pietro Imago 11,750mL,2,1
2009,Silo Gin,750mL,1,1
24645,Carmel Road Drew's Bl Pnt Nr,750mL,2,1
20317,Jonathan Edwards Svgn Bl,750mL,2,1
19321,Goats Do Roam White,750mL,2,1
5318,Benedictine Liqueur Dom,750mL,1,1
23712,Bell'Agio Chianti Flask,750mL,2,1
8023,DeKuyper Triple Sec,750mL,1,1
32368,Cavit Pinot Noir Delle Vene,1.5L,2,1
3695,Rain Organics Vodka,750mL,1,1
38946,Bully Hill Sweet Walter Rd,750mL,2,1
24253,Franzia Dark Red Blend,5L,2,1
12351,Mercer Cab Svgn,750mL,2,1
15056,Cono Sur Vision Pnt Nr,750mL,2,1
21007,Ch Vignot 05 St Emilion Red,750mL,2,1
16679,Pennywise Petite Sirah,750mL,2,1
990,Ethyl Alcohol 200 Proof,128.0 Gal,1,1
23257,Jason Stephens Syrah,750mL,2,1
21634,Estancia Rsv Meritage Paso R,1.5L,2,1
6941,Bolla Pinot Grigio,750mL,2,1
25335,George Wine Co Pnt Nr Sonoma,750mL,2,1
19925,Green Lip Svgn Bl,750mL,2,1
22630,Ryan Patrick Rsv Cab,750mL,2,1
27934,Terruzzi & Puthod Vernaccia,750mL,2,1
8458,Agave Underground Tequila,750mL,1,1
4628,Martell Cordon Bleu,750mL,1,1
4130,Kraken Black Spiced Rum,375mL,1,1
17612,Tilia Malbec Syrah  Mendoza,750mL,2,1
21442,Chapoutier Cotes du Rhone R,750mL,2,1
300,Don Q Gold Rum,1.75L,1,1
2464,Pinnacle Gin,1.75L,1,1
25770,Franciscan Est Cab Svgn Napa,6L,2,1
24104,Le Paradou Gren Vin de Franc,750mL,2,1
4522,Lairds Apple Jack,750mL,1,1
1817,Irishman Founders RSV Whisky,750mL,1,1
6145,Marcus James Cab Svgn Mendza,1.5L,2,1
3981,Three Olives Berry Vodka,750mL,1,1
194,Yazi Ginger Vodka,750mL,1,1
151,Pirassununga Cachaca 51 Rum,Liter,1,1
692,Thatchers Organic Pomegranat,750mL,1,1
6686,Taylor Lake Country Red,1.5L,2,1
43380,Edna Valley San Luis Obs Mer,750mL,2,1
32803,Truchard Carneros Chard,750mL,2,1
1425,Granite Lightning Whiskey,750mL,1,1
21983,Massolino Barbera D'Alba,750mL,2,1
7917,Tooters Ala-Bama Slama 15 Pk,375mL,1,1
25229,D Guillot Broux Blanc Les Ge,750mL,2,1
24147,Toucas Vinho Verde DOC,750mL,2,1
11163,B Side Cab Svgn,750mL,2,1
23065,Liberty Crk Pnt Grigio,500mL,2,1
27393,Victor Vineyards Cab Svgn 13,750mL,2,1
24837,Wycliff Brut,750mL,2,1
8066,DeKuyper Triple Sec,1.75L,1,1
3197,Pinnacle Vodka 100 Proof,1.75L,1,1
6984,Kendall Jackson Vntrs RSV Me,750mL,2,1
3738,Three Olives Chocolate Vodka,750mL,1,1
25919,Hogue Clrs Merlot Wash,750mL,2,1
12394,Argiolas SerraLori Rose 13,750mL,2,1
23755,Ch Haut Brion 12 Pessac-Leog,750mL,2,1
23214,White Knight Viognier,750mL,2,1
19968,Ch Clerc Milon 10,750mL,2,1
25378,Fratelli Urciuolo Greco di T,750mL,2,1
18886,Marchesi di Barolo Barbaresc,750mL,2,1
20509,Ch Mylord Cuvee Milady,750mL,2,1
44854,Duckhorn Merlot Napa,750mL,2,1
37821,Frescobaldi Sangiovese Remo,750mL,2,1
5361,Grind Espresso Shot,50mL,1,1
17263,Lincourt Courtney's Chard,750mL,2,1
26460,Golan Heights Yarden Cab Svg,750mL,2,1
2965,Ardbeg 10 Yr Single Malt Sc,750mL,1,1
3629,Flag Hill White Rum,750mL,1,1
18617,Picket Fence Chard RRV,750mL,2,1
41170,Vendange Chard,500mL,2,1
7874,Sutter Home Cab Svgn,750mL,2,1
39842,Kenwood Yulupa Chard Cal,750mL,2,1
2301,Glen Moray 25 Yr Portwood,750mL,1,1
19945,Cocchi Americano Rossa,750mL,2,1
15036,Castello Banfi Excelsus,750mL,2,1
12783,Il Colle Prosecco Brut,750mL,2,1
24854,Contramalini Valpo Clsco,750mL,2,1
2942,Glen Grant 10 Yr Single Malt,750mL,1,1
3606,Smirnoff Raspberry Vodka,50mL,1,1
19258,The Beach House Chard,750mL,2,1
15059,Cono Sur Organic Chard,750mL,2,1
735,Orange Quattro di Amore,Liter,1,1
26420,Villa Russiz Pnt Grigio,750mL,2,1
18594,Ninety+Cellars Lot 30 CDR,750mL,2,1
11432,Undone Rsl,750mL,2,1
25541,Masi Bonacosta Valpolicella,750mL,2,1
758,Cointreau Liqueur,Liter,1,1
5836,Bauers Obstler Echt,Liter,1,1
1591,Carstairs White Seal,1.75L,1,1
12165,Clayhouse Petite Sirah,750mL,2,1
18571,Sterling Vyd Aromatic White,750mL,2,1
927,Hangar One Mandarin Blossom,750mL,1,1
2255,Crown Royal Party Pak,1.75L,1,1
21488,Twelfth Night Rsl,750mL,2,1
14157,Solar de Randez Crianza,750mL,2,1
904,Malibu Rum,Liter,1,1
6523,Franzia Burgundy Tap Red,5L,2,1
2232,Sipsmith Gin,750mL,1,2
40483,Drylands Svgn Bl Marlboro,750mL,2,1
16556,The Transcendentalist,750mL,2,1
240,Capt Morgan Tattoo,Liter,1,1
2109,Lagavulin Distillers Edition,750mL,1,1
7851,Piehole Pecan Pie,50mL,1,1
781,DeKuyper Cranberry,Liter,1,1
18548,Carol Shelton Wild Thing Zin,375mL,2,1
22839,Tomada de Castro Albarino,750mL,2,1
27794,Jadot Pernand Verg Combottes,750mL,2,1
3798,Ciroc Apple Vodka,750mL,1,1
40337,Da Vinci Chianti Tuscany,750mL,2,1
5713,DeKuyper Sour Apple Pucker,1.75L,1,1
1468,Knob Creek Single Barrel Rsv,750mL,1,1
2132,Lord Calvert Canadian,1.75L,1,1
3460,Corzo Anejo Tequila,750mL,1,1
26274,Finca Alcayate Malbec 14,750mL,2,1
5126,Marzadro Le Diciotto Lune,750mL,1,1
2796,Teeling Single Malt Whiskey,750mL,1,1
17861,Dom du Gros Nore Antoinette,750mL,2,1
3134,Jefferson's Ocean Aged Cask,750mL,1,1
13539,Solar De Randez Rioja,750mL,2,1
24359,Stradanova Barolo,750mL,2,1
3821,Smirnoff Vanilla Vodka,750mL,1,1
2155,McClelland Islay Single Malt,1.75L,1,1
44943,Sanford Santa Barbara Chard,750mL,2,1
38322,Fuki Sake,750mL,2,1
5149,Hpnotiq Liqueur,1.75L,1,1
4362,Ron Virgin Heavy Bodied Rum,Liter,1,1
15846,Merry Edwards Svgn Bl RRV,375mL,2,1
3483,Kru 82 Vodka,750mL,1,1
4147,Kirk and Sweeney 18 Yr Rum,750mL,1,1
39650,Vendange Chard 192/2Pk  Plt,3L,2,1
24336,Meridian Cab Svgn Cal,750mL,2,1
5667,Skinnygirl Spicy Lime RTD,750mL,1,1
25564,Elvio Cogno Barolo Vignaelen,750mL,2,1
13662,Duckhorn Decoy Svgn Bl,750mL,2,1
36138,Renzo Masi Chianti Rufina,750mL,2,1
1760,William Grant Scotch,1.75L,1,1
16241,Domino Merlot,750mL,2,1
27061,A Bichot Chablis Les Clos 14,750mL,2,1
14495,Quinta d Azevedo Vinho Verde,750mL,2,1
3752,Margaritaville Coconut,750mL,1,1
4834,Ole Smoky Shine Nog,750mL,1,1
25733,Regusci Est SLD Merlot,750mL,2,1
5003,Brinley Shipwreck Coconut Cr,50mL,1,1
13831,The Show Malbec Argentina,750mL,2,1
2842,Laphroaig 25 Yr Cask Strenth,750mL,1,1
2988,Sauza 901 Silver Tequila,750mL,1,1
3529,U V Vodka,1.75L,1,1
25046,Bully Hill Love My Goat Rd,750mL,2,1
36161,Ch Ste Michelle Pnt Gris Was,750mL,2,1
37735,Walnut Crest Vnto Pnt Grigio,1.5L,2,1
13144,Korbel Brut Rose,750mL,2,1
25587,Geyser Peak Znfdl,750mL,2,1
24923,Sea Smoke Pinot Noir,1.5L,2,1
4316,Bacardi Peach Red Rum,750mL,1,1
25710,Edna Valley Paragon Pnt Grig,750mL,2,1
15136,Mionetto Moscato Dolce Spklg,750mL,2,1
26374,Orin Swift Papillon Red,750mL,2,1
3775,Smirnoff Sorbet Pine/Coconut,50mL,1,1
15677,Six Hats Chenin Blanc,750mL,2,1
4857,Skyy Infusions Grapefuit,50mL,1,1
3652,Ciroc Pineapple Vodka,1.75L,1,1
36284,Gruet Brut New Mexico,750mL,2,1
37071,Caymus Conundrum White,750mL,2,1
38153,Lange Three Hills Cve Pnt Nr,750mL,2,1
13808,Tiziano Pnt Gr Delle Venezie,750mL,2,1
3967,Deep Eddy Ruby Red,750mL,1,1
42421,Firesteed Pnt Gris Ore,750mL,2,1
10453,Line 39 Svgn Bl Lake County,750mL,2,1
33267,El Coto de Rioja RSV Coto d,750mL,2,1
42172,Graffigna Centenario Malbec,750mL,2,1
21860,Le Grande Courtage Brut,750mL,2,2
1050,Hudson Maple Cask Rye,375mL,1,1
20532,Bread & Butter Pnt Nr,750mL,2,1
5295,Tippy Cow Choclate Rum Cream,750mL,1,1
26769,Fire & Flood The Flood Pnt N,750mL,2,1
22939,Lynch Bages 09 Pauillac,1.5L,2,1
4216,Havana Club Anejo Clsco Gold,750mL,1,1
4903,Bacardi Superior Rum,200mL,1,1
1737,Makers Mark,1.75L,1,1
16264,Il Poggione Brunlo d Montlcn,750mL,2,1
6231,Mumm Brut Prestige,750mL,2,1
37904,Trapiche Broquel Mndz Malbec,750mL,2,1
8438,Capt Morgan White Grapefruit,50mL,1,1
3280,Stolichnaya Elite Vodka,50mL,1,1
27871,Flor Rose Brut,750mL,2,1
22547,Jadot Savigny Narbantons 12,750mL,2,1
3065,Three Olives Grape Vodka,50mL,1,1
24754,Girl & Dragon Malbec,750mL,2,1
23875,Inglenook 1882 Cab Svgn,750mL,2,1
26082,Casal Garcia Duoro Red,750mL,2,1
11770,La Basttistina Gavi,750mL,2,1
6918,Franzia Tap Cab Svgn,5L,2,1
28312,Gallo Copperidge Merlot Cal,1.5L,2,1
16656,Dom Bousquet Malbec Mendoza,750mL,2,1
19653,Alias Cab Svgn,750mL,2,1
15328,Rex Goliath Svgn Bl,1.5L,2,1
43546,Carlo Rossi RSV Merlot Cal,4L,2,1
24313,Ch Cheval Bl 12 St-Emilion,750mL,2,1
44233,A by Acacia Chard Cal,750mL,2,1
658,Allens Triple Sec,Liter,1,1
22298,Zorvino Vyds Sangiovese,750mL,2,1
23626,Apimed Old Slavic Mead Light,750mL,2,1
10937,Grahams 30-Yr Tawny Port,750mL,2,1
23921,Landmark 12 Overlook Chard S,750mL,2,1
363,4 Orange Vodka,Liter,1,1
17535,Ninety+Cellars Lot 66 Rsl Mo,750mL,2,1
31847,Saintsbury Carneros Pnt Nr,750mL,2,1
8043,Bols Triple Sec,750mL,1,1
217,Absolut Vanilia,Liter,1,1
11037,Beringer Classic Cab Svgn,750mL,2,1
19699,Seratina Primitivo,750mL,2,1
41588,Paul Hobbs Cab Svgn Napa,750mL,2,1
21027,Kinsella Est Cab Svgn 10,750mL,2,1
33513,Dom Ste Michelle Brut Rose,750mL,2,1
11873,Columbia Crest Svgn Bl Wash,750mL,2,1
31160,Monsanto Chianti Clsc RSV,750mL,2,1
32826,Rombauer Carneros Chard,750mL,2,1
8143,Perrier Jouet Grand Brut,750mL,2,1
42275,Blackstone Merlot Cal,1.5L,2,1
19799,Belle Glos Dairyman Vyd PN,750mL,2,1
23334,Ch Lalande Borie 11 Julien,750mL,2,1
22793,Kenwood Yulupa Pnt Nr,750mL,2,1
8979,Bols Cassis Foam,200mL,1,1
21465,Ch Haut Brion Pessac-Leognan,750mL,2,1
44041,Bella Sera Pinot Noir Delle,1.5L,2,1
21319,Wlm Hill Est No Cst Svgn Bl,750mL,2,1
11827,Cupcake Merlot,750mL,2,1
19158,Dom de La Petite Cassagne,750mL,2,1
18909,Cryptic California Red,750mL,2,1
41634,Morgan Winery Garys Vyd Pnt,750mL,2,1
8730,Ruffino Orvieto Clsc,750mL,1,1
8189,Camarena Silver Tequila,1.75L,1,1
33075,Forest Glen Chard,1.5L,2,1
10058,F Coppola Dmd Ivry Cab Svgn,750mL,2,1
8976,Beat 3 White Kosher Whiskey,750mL,1,1
31452,Foxhorn SE Cab Svgn Australi,1.5L,2,1
20091,Dos Minas Malbec,750mL,2,1
43354,Pinot Evil VDP Beaute Pnt Nr,750mL,2,1
19304,Dalton Canaan Red,750mL,2,1
41485,Newton Unfiltered Chard,750mL,2,1
20632,Smoke Stack Svgn Bl,750mL,2,1
19845,The Rule Cab Svgn Napa Vly,750mL,2,1
3878,Smirnoff 80 Proof,750mL,1,1
12534,Ch Beaulieu Grand Vin Brdx,750mL,2,1
24605,Fortant Chard,750mL,2,1
12368,Vina Zaco Tempranillo Rioja,750mL,2,1
15949,Kunde Cab Svgn Sonoma Cnty,750mL,2,1
2716,Stranahans Diamond Peak,750mL,1,1
3214,Ciroc Mango Vodka,750mL,1,1
26692,Faiveley Meursault  4 Blagny,750mL,2,1
6938,Vendange Chard,1.5L,2,1
5444,E & J Superior RSV VSOP,1.75L,1,1
3237,Firefly Sweet Tea Vodka,1.75L,1,1
14100,Douglass Hill Chard,750mL,2,1
20383,Fabrizio Dionisio Cast Syrah,750mL,2,1
2739,Bruichladdich Rocks Sngl Mlt,750mL,1,1
23752,Ch Gloria St Julien 12,750mL,2,1
22590,Ch Motte Maucourt Brdx,750mL,2,1
23088,Villa Olmi Prosecco Ex Dry,750mL,2,1
19553,Insomnia Pnt Grigio,750mL,2,1
7436,Belle de Brillet Pear Liquer,750mL,1,1
5587,Jose Cuervo Golden Margarita,1.75L,1,1
17489,Ch St Pierre Rose,750mL,2,1
40801,Sileni Sauvignon Blanc,750mL,2,1
46374,Carlo Rossi RSV Wh Znfdl Cal,5L,2,1
43128,Cristobal Pie Palo Viognier,750mL,2,1
20406,Tenuta Santo Pietro Percept,750mL,2,1
2504,The Dalmore 18 Yr,750mL,1,1
26812,Louis Latour 14 Beaune Bl AC,750mL,2,1
23231,Stags Leap The Investor Red,750mL,2,1
34472,Carlo Rossi Chianti Cal,1.5L,2,1
45710,Ferrari-Carano Terre Chard,750mL,2,1
38714,Dom Clape Cornas Rd,750mL,2,1
22398,Allegrini Sondraia,750mL,2,1
1173,Woodford Rsv Cotton Restrant,Liter,1,1
6105,Midnight Moon,750mL,1,1
25126,Zorvino Vyds Peachez,750mL,2,1
22421,Marchesi di Barolo Monferrat,750mL,2,1
26835,Lagler Gr Velt Smaragd Stein,750mL,2,1
21757,Jovino Pnt Nr Williamete Vly,750mL,2,1
21216,Il Poggione Monalcino Rsv 07,750mL,2,1
13224,Alphonse Dolly Pnt Nr,750mL,2,1
3549,Ketel One Vodka,750mL,1,1
1883,Seagrams 7 Crown,1.75L,1,1
5962,Vermont Ice Maple Creme,750mL,1,1
16782,Penner-Ash Willamette Pnt Nr,750mL,2,1
23772,Ch Pontet Canet 12 Pauillac,750mL,2,1
25936,Roscato Rose Dolce,750mL,2,1
2547,WhistlePig 10Yr Straight Rye,50mL,1,1
23944,Ch du Courlat 10,750mL,2,1
25859,Handsome Devil Cab Svgn,750mL,2,1
26102,Finca El Origen Rsva Malbec,750mL,2,1
19361,Finca La Linda Bonarda,750mL,2,1
27851,Bastianich Vini Orsone Svgn,750mL,2,1
7977,M & R X Dry Vermouth,1.5L,1,1
15139,Massimo Malbec Mendoza,750mL,2,1
14475,Belcreme de Lys Chard,750mL,2,1
2696,McClelland Highland Sgl Malt,1.75L,1,1
4190,Boca Loca Cachaca,750mL,1,1
23795,Casa Silva Carmenere,750mL,2,1
27502,Ma Serenite Corbieres Langue,750mL,2,1
25338,Ch Chantelune Margaux,750mL,2,1
17346,Ridge Estate Merlot,750mL,2,1
2198,Chivas Regal Extra,750mL,1,1
26500,Clau de Nell Anjou Cab Franc,750mL,2,1
25295,Stark Conde Cab Svgn,750mL,2,1
16805,Las Rocas Spanish Red,750mL,2,1
3921,Espolon Reposado Tequila,750mL,1,1
2839,Ardmore Legacy Single Malt,750mL,1,1
3257,Gilbeys London Dry Trav,750mL,1,1
27233,Turning Leaf RSV Merlot Cal,750mL,2,1
45876,Frei Bros RSV Svgn Bl RRV,750mL,2,1
1342,Kavalan Classic Single Malt,750mL,1,1
17323,Stonestreet Est Cab Svgn,750mL,2,1
24064,Austerity Cab Svgn,750mL,2,1
25146,Barefoot Cellars Winter Red,750mL,2,1
2175,Cedar Ridge Iowa Bourbon,750mL,1,1
824,Dewars White Label Scotch,Liter,1,1
2816,Auchentoshan 12 Yr Sngle Mlt,750mL,1,1
1365,Stoli Mini Bar 5/50mLs Pack,50mL 5 Pk,1,1
23423,Santa Rita RSV Chard,750mL,2,1
23964,La Font de Notre Dame Rastea,750mL,2,1
13267,Tiamo Prosecco,750mL,2,1
27333,Night Harvest Cab Svgn,750mL,2,1
1906,Jack Daniels Tenn Fire VAP,750mL,1,1
35989,Ch Haut Brion 10,750mL,2,1
27874,Forefront by Pine Ridge Pnt,750mL,2,1
1465,Woodford Rsv Bourbon,375mL,1,1
8212,Krupnik Spiced Honey Liqueur,375mL,1,1
4382,Admiral Nelson Spiced Rum,1.75L,1,1
2212,Canadian Rich & Rare,1.75L,1,1
24777,Mayu Svgn Bl,750mL,2,1
33682,R Mondavi Pvt Slctn Cab Sv,1.5L,2,1
39255,Las Rocas Garnacha Vinas Vi,750mL,2,1
26520,Albert I Noya Xarello Clsc,750mL,2,1
1963,Nikka Taketsuru Pure Malt 21,750mL,1,1
17615,Bota Box Rsl,3L,2,1
20947,Catalpa Cab Svgn,750mL,2,1
21445,Alto Ego De Palmer Margaux,750mL,2,1
17864,Mermelada Sassy Red,750mL,2,1
21196,Paul Hobbs Crossbarn Chard,750mL,2,1
1714,Smoky Quartz V5 Bourbon,375mL,1,1
3778,Grey Goose Le Citron Vodka,1.75L,1,1
19381,O Wines Chard,750mL,2,1
10227,Due Torri Pnt Nr del Venezie,750mL,2,1
41070,Angeline Chard RRV,750mL,2,1
25418,Malamatina Retsina,500mL,2,1
22086,Queens Peak Cab Svgn Sonoma,750mL,2,1
25879,Firestone Santa Ynez Rsl,750mL,2,1
17758,Il Poggione Rosso Montalcino,750mL,2,1
23211,Wild Horse Pnt Gris CC,750mL,2,1
9102,Scorpion Anejo Mexcal,750mL,1,1
34074,Girard Artistry Napa Vly Red,750mL,2,1
1073,Straw Boys Poitin,750mL,1,1
15743,Bodegas Izadi Tempranillo Rd,750mL,2,1
16321,Atlas Peak Cab Svgn,750mL,2,1
41711,Fish Eye Cab Svgn,750mL,2,1
23403,La Merika Pnt Grigio Montery,750mL,2,1
6254,Tsilili Tsipouro,750mL,1,1
3008,Pinnacle Red Liquorice,1.75L,1,1
7728,Great Western X Dry,750mL,2,1
2945,The Macallan Rare Cask,750mL,1,1
36991,Duck Pond Pnt Gris Ore,750mL,2,1
21339,Flowers Sonoma Cst Chard,1.5L,2,1
14306,Dom les Pallieres Gigondas,750mL,2,1
19630,Ch Bernadotte 10 Haut Medoc,750mL,2,1
25630,Marchesi di Barolo Barb DOCG,750mL,2,1
24585,Moshin Vyds Pnt Nr RRV,750mL,2,1
37569,Staglin Family Vyd Est Chard,750mL,2,1
6646,Brown Jug Cream Bourbon,750mL,1,1
24044,Dom LaFage Mira Cd Rousillon,750mL,2,1
11060,Craggy Range Te Kahu Rd,750mL,2,1
5215,TGI Fridays Long Island Iced,1.75L,1,1
1379,Jim Beam Traveler,750mL,1,1
24193,Ch Montaud Cotes de Provence,1.5L,2,1
43918,Farnum Hill X-Dry Cider,750mL,2,1
881,DeKuyper Hazelnut,Liter,1,1
3045,Pinnacle Salted Caramel,750mL,1,1
18199,Valandraud 09 St Emilion Cru,750mL,2,1
20363,Altitude Project Chard,750mL,2,1
11209,Pezzi King Svgn Bl Dry Creek,750mL,2,1
20114,Wolfgang Puck Chard,750mL,2,1
19865,Clarendelle Brdx Rouge,750mL,2,1
18448,Wild Horse Cheval Pnt Nr,750mL,2,1
7130,Smirnoff Green Apple Vodka,1.75L,1,1
1130,Smugglers Notch Bourbon,750mL,1,1
26463,Ravenswood Vints Blend Znfdl,750mL,2,1
18299,Sartori Family Pnt Nr,750mL,2,1
9145,Smirnoff Kissed Caramel,50mL,1,1
1030,Ole Smoky Pumpkin Pie,750mL,1,1
20506,Citran Haut-Medoc,750mL,2,1
21004,Castle Rock Pnt Nr Carneros,750mL,2,1
2753,Johnnie Walker Black Label,1.75L,1,1
44708,Trentadue Old Patch Red Son,750mL,2,1
41213,A to Z Pnt Nr Ore,750mL,2,1
838,Bols Cherry Flavored Brandy,Liter,1,1
18740,Robert Sinskey Aries Pnt Nr,750mL,2,1
21737,Paul Hobbs Beckstoffer Cab S,750mL,2,1
19822,Ch LaGrange 10 Brdx,750mL,2,1
22819,Rozes Infanta Isabel 10 Yr,750mL,2,1
589,Bols Blackberry Brandy,Liter,1,1
8312,Bols Curacao Orange,750mL,1,1
31083,Stags Leap Chard Napa,750mL,2,1
22919,Complicated Pnt Nr,750mL,2,1
21837,Gerard Bertrand Gr Teroir Rd,750mL,2,1
24001,Lee Family Farm Rio Tinto S,750mL,2,1
19673,Tavernello Pinot Grigio IGT,1.5L,2,1
738,Thatchers Organic Coffee Hou,750mL,1,1
197,44* North Huckleberry Vodka,750mL,1,1
7230,New Amsterdam Orange Vodka,750mL,1,1
23460,Marilyn Meritage Red,750mL,2,1
8040,Bols Blue Curacao,750mL,1,1
10957,Seaglass Svgn Bl Snt Barbara,750mL,2,1
31186,Almaden Merlot Cal B/B,5L,2,1
24024,Fulchino Vyds Barbera Red,750mL,2,1
18783,Herencia Altes Garnacha Negr,750mL,2,1
25020,Ch de Pierreux Brouilly Rsv,750mL,2,1
32514,Hogue Cellars Genesis Merlot,750mL,2,1
23028,Gallo Twin Vly Cab Svgn Cal,187mL 4 Pk,2,1
27273,Albatros Malbec Cahors,750mL,2,1
15889,R M Woodbridge Malbec,1.5L,2,1
24047,Kikkoman Plum Wine,750mL,2,1
8727,Monkey Shoulder Scotch,750mL,1,1
18096,Bolla Amarone Valpolicella,750mL,2,1
25043,Bully Hill Goat Wh Semi-Dry,750mL,2,1
20088,Camp Merlot Sonoma Cnty,750mL,2,1
901,Creta Olympia White,375mL,2,1
2776,Brenne French Sng Mlt Whisky,750mL,1,1
40363,Clos La Coutale Cahors,750mL,2,1
27250,Forestville Cab Svgn Cal,750mL,2,1
26254,Kalogeri Papagiannakos Cab S,750mL,2,1
15156,Yago Sant'Gria Red,3L,2,1
38133,Il Bastardo Sangiovese Tosc,750mL,2,1
5833,Patron Roca Silver Tequila,750mL,1,1
43543,Carlo Rossi RSV Chard Cal,1.5L,2,1
24734,Dom Piquemal Cotes du Roussi,750mL,2,1
3841,Stolichnaya Citros Vodka,Liter,1,1
3509,Llord's Peach,Liter,1,1
4505,El Jimador Reposado Tequila,Liter,1,1
26062,Torres Garnacha 5G,750mL,2,1
22149,Paso Robles Svgn Bl,750mL,2,1
8232,Riunite Lambrusco,1.5L,2,1
3818,Cabo Wabo Blanco Tequila,750mL,1,1
8441,Baileys Irish Cream,375mL,1,1
3486,Tanqueray,375mL,1,1
2822,James E Pepper 1776 Rye,750mL,1,1
42401,Grayson Cellars Chard N Cst,750mL,2,1
25089,Jadot Saint Aubin 13,750mL,2,1
26085,Skyfall Cab Svgn,750mL,2,1
20134,Fancy Pants Chard,750mL,2,1
31163,Bonterra Viognier Orgnic,750mL,2,1
25544,Tilia Bonarda Mendoza,750mL,2,1
25212,Mionetto Prosecco Extra Dry,750mL,2,1
38110,Canyon Oaks Wh Znfdl Cal,750mL,2,1
24548,Fenouillet Beaumes Terres Ve,750mL,2,1
25753,Barefoot Refresh Summer Red,250mL 4 Pk,2,1
38179,Rex Goliath Chard,750mL,2,1
1634,The Famous Grouse,1.75L,1,1
4296,Ronrico Silver Rum,1.75L,1,1
44084,Wente Riverbank Rsl Monterey,750mL,2,1
19610,Ch Rieussec Gr Cru 10 Sauter,750mL,2,1
1047,Angels Envy Hanover Chop,750mL,1,1
26772,Einaudi Barolo Terlo,750mL,2,1
2968,Yukon Jack Wicked Hot,750mL,1,1
24525,Tablas Crk Patelin Tblas Ros,750mL,2,1
13141,Noble Vines 181 Merlot Lodi,750mL,2,1
4313,Sauza Blue Silver Tequila,1.75L,1,1
44107,Carmel Road Pnt Nr Monterey,750mL,2,1
22836,Veracruz Joven Verdejo,750mL,2,1
8518,Ke Ke Beach,750mL,1,1
15010,Ninety+Cellars Lot 28 Pnt Nr,750mL,2,1
22318,Lecciaia Brunello M Reserve,750mL,2,1
24897,Carpineto Rosso di Montalcno,750mL,2,1
25561,Stateland Cellars Cab Svgn 1,750mL,2,1
1757,Aberfeldy 21 Yr Single Malt,750mL,1,1
20990,Biokult Gruner Veltliner,750mL,2,1
24479,ZIPZ Pnt Grigio,187mL,2,1
1093,Old St Andrew 3 Mini Barrels,50mL 3 Pk,1,1
6234,C Y Toro Front Cab/Merlot,1.5L,2,1
45604,Latour 12 Cuvee Bourg Rouge,750mL,2,1
34907,Smoking Loon Viognier Cal,750mL,2,1
45063,Cecchi Bonizio Red Blend,750mL,2,1
24874,Benziger Merlot,750mL,2,1
16931,Caymus Spec Select Cab Svgn,750mL,2,1
18382,2 Copas Spain Red,750mL,2,1
1070,Three Olives Vodka w3 50mls,750mL + 3/,1,1
23792,Camila Malbec,750mL,2,1
283,Milagro Tequila Reposado SBR,750mL,1,1
17595,Ch La Gordonne Rose,750mL,2,1
39653,Sutter Home Pnt Grigio Cal,750mL,2,1
5152,Patron Citronge Mango Liquer,750mL,1,1
5693,P & J Cold Soaked Berries,375mL,1,1
46145,Gallo Pnt Nr Pavia,187mL 4 Pk,2,1
4050,Bacardi Oakheart Spiced Rum,750mL,1,1
18860,Barefoot Refresh Summer Red,750mL,2,1
25690,Cepa 21 Ribera Duero 06 Tnto,750mL,2,1
20781,Steele Clear Lake Merlot Cty,750mL,2,1
5378,Galliano L'Autentico Liqueur,750mL,1,1
10702,Kris Pnt Nr delle Venezie,750mL,2,1
33765,Perrier Jouet Gr Brut,1.5L,2,1
26686,Dom Faiveley Chamber 14 Beze,750mL,2,1
22358,Seifried Nelson Svgn Blanc,750mL,2,1
8295,E.H. Taylor Jr Small Batch,750mL,1,1
2129,Ole Smoky Charred Tennesse,750mL,1,1
25607,Liparita Cab Svgv,750mL,2,1
16453,Hillinger Eveline Pnt Nr,750mL,2,1
6457,Fetzer Valley Oaks Cab Svgn,750mL,2,1
5438,Emmets Irish Cream,750mL,1,1
3231,Pinnacle Tropical Punch Vdka,750mL,1,1
2235,Deanston SM Virgin Oak,750mL,1,1
19547,Ch Ste Michelle Chard Mimi,750mL,2,1
114,Mr Boston Creme de Banana,Liter,1,1
23377,The Loop Svgn Bl,750mL,2,1
7393,99 Blackberries,750mL,1,1
31558,J Lohr Los Osos Merlot,750mL,2,1
3423,Beefeater,1.75L,1,1
3755,Russian Standard Original,750mL,1,1
35972,Cambas Mavrodafne of Patras,750mL,2,1
19656,Manifesto! Chard No Cst,750mL,2,1
14329,Ty Ku Sake Junmai Ginjo,330mL,2,1
4751,Capt Morgan Cannon Blast,50mL,1,1
19739,Sledgehammer Cab Svgn,750mL,2,1
2427,13th Colony Sthrn Corn Whsky,750mL,1,1
33719,Dom Le Sang des Cailloux Va,750mL,2,1
23984,Triennes Rose 2012,750mL,2,1
423,Hennessy Richard Cognac,750mL,1,1
16261,The Dreaming Tree CC Chard,750mL,2,1
36573,Matanzas Creek Svgn Bl Sonom,750mL,2,1
4359,Mr Boston Light Rum,1.75L,1,1
8687,Paul Masson Ruby Burgundy,3L,2,1
15265,The Naked Grape Cab Svgn,750mL,2,1
3363,Lunazul Reposado Tequila,750mL,1,1
13310,C K Mondavi Scarlet Five Red,1.5L,2,1
15720,Clos Rochette Faiveley 09,750mL,2,1
35577,Laboure-Roi Pouilly Fuisse,750mL,2,1
14638,Bongiovanni Dolceo D'Alba,750mL,2,1
25003,Tenuta Sette Cieli Indaco,750mL,2,1
26626,Maz Caz Rouge,750mL,2,1
24671,Palacios Bolo Godello Valdeo,750mL,2,1
33032,Rombauer El Dorado Znfdl,750mL,2,1
33573,Morgan Winery Svgn Bl Mont S,750mL,2,1
14724,Tozai Blossom of Peace,720mL,2,1
1740,Glenkinchie 12 YO Scotch,750mL,1,1
41983,Ridge Znfdl Paso Robles,750mL,2,1
20343,Milbrandt Traditions Cab Svg,750mL,2,1
6958,Vendange Svgn Bl,1.5L,2,1
5292,Rumpleminze,750mL,1,1
5630,Cabin Fever Maple Liqueur,750mL,1,1
29434,Clos du Val Merlot Napa,750mL,2,1
2630,Old Pulteney Single Malt Sc,750mL,1,1
16948,Rex Goliath Malbec,750mL,2,1
19942,Viu Manent Estate Rsv Malbec,750mL,2,1
22942,Clos de Marquis 09 St Julien,1.5L,2,1
44339,Irony Merlot Napa,750mL,2,1
18614,Ninety+Cellars Lot 78 Cab Sv,750mL,2,1
3858,Grey Goose Vodka,750mL,1,1
20629,Clos Amador Rose Tendre Cava,750mL,2,1
43652,Barbera d'Alba Alessandria,750mL,2,1
6520,LeCompte Calvados 5 Yr Old,750mL,1,1
43798,Trivento Select Mendz Malbec,750mL,2,1
20483,Joel Gott Pnt Nr,750mL,2,1
26732,Bonterra Cab Svgn Organic,750mL,2,1
39716,Ravenswood Vntrs Blnd Shiraz,750mL,2,1
13745,W Hill Cab Svgn Central Cst,750mL,2,1
13991,Colombo Cape Bleue Rose VdP,750mL,2,1
16991,Ch Bellevue St-Emil 09 Gr Cr,750mL,2,1
28893,Hawk Crest Merlot,750mL,2,1
12663,Zin 91 Old Vine Znfdl CA,750mL,2,1
22404,La Pettegola Vermentino,750mL,2,1
1007,12 Days of Pearls Gift Set,50mL 12 Pk,1,1
2089,Bloom Gin,750mL,1,1
18073,Debauchery Pnt Nr,750mL,2,1
8581,Stagg Jr Bourbon,750mL,1,1
1156,Old New England Egg Nog,1.75L,1,1
24419,Bonterra Mendocino Org Chard,750mL,2,1
6566,Geyser Peak Chard,750mL,2,1
33370,Whitehall Lane Cab Svgn Napa,750mL,2,1
21468,La Chapelle de la Mission Ha,750mL,2,1
23878,Love Lane Svgn Bl,750mL,2,1
23337,Ch Pichon Longevile 11 Comts,750mL,2,1
44731,Kendall Jackson Sp Sl Merlot,750mL,2,1
17927,La Crema Pnt Nr Anderson Vly,750mL,2,1
12517,Jean Luc Columbo CDR Red,750mL,2,1
22796,Raymond Generations Cab Svgn,750mL,2,1
1697,Phillips Union Cherry Whisky,750mL,1,1
8123,Mouton Cadet Red Brdx,750mL,2,1
27854,F Coppola Black Label Claret,750mL,2,1
8621,Sho Chiku Bai Takara Sake,750mL,1,1
41253,Ch St Jean Cab Svgn Cal,750mL,2,1
37008,Due Torri Pinot Grigio Dell,1.5L,2,1
36510,Yalumba Y Series Shiraz Ausl,750mL,2,1
24937,NH Winter Warmer Red,750mL,2,1
7127,Mezcal De Amor Amaras,750mL,2,1
2384,Old Tahoe Straight Rye,750mL,1,1
24439,Des Amis Rose,750mL,2,1
14289,Uppercut Cab Svgn,750mL,2,1
40755,D Bosler Pnt Nr Casablanca,750mL,2,1
23420,Dom D'Andezon CdRhone Red,750mL,2,1
29371,Merryvale Starmont Cab Svgn,750mL,2,1
22922,Patricius Tokaj Furmint,750mL,2,1
4399,Screech Honey Rum,750mL,1,1
39736,Krupp Bros Veraison Red,750mL,2,1
21213,Volcanes Summit Series Cab S,750mL,2,1
20217,Fancy Pants Red Blend,750mL,2,1
20715,Gonzalez Bypass Noe Sherry,375mL,2,1
21711,Shardana Valli Di Porto Pino,750mL,2,1
15262,Bella Sera Moscato,750mL,2,1
5610,West Indies Blue Mtn Coffee,750mL,1,1
46185,Bonny Doon Pousseur Syrah,750mL,2,1
38242,Hendry Ranch Barrel Chard,750mL,2,1
32809,Flag Hill Marechal Foch NH,750mL,2,1
4422,Jenkins Spiced Rum,1.75L,1,1
35800,Penfolds T Hyland Shiraz,750mL,2,1
24153,Grape Time Wh Cranbery Pnt G,750mL,2,1
1505,Cleveland Christmas Bourbon,750mL,1,1
21734,Gr Montmirail Muscat Venise,375mL,2,1
1176,Brora 37 Yr Old Single Malt,750mL,1,1
19484,Thorny Rose Pnt Grigio,750mL,2,1
27144,Bouchaine Pnt Nr Carneros,750mL,2,1
19507,Geyser Peak Svgn Bl,750mL,2,1
28163,Villa Maria Svgn Bl Pvt Bin,750mL,2,1
2195,Tangle Ridge Canadian Whisky,750mL,1,1
31790,Dominio de Eguren Protocolo,750mL,2,1
25458,Seven Hills Cab Svgn Columbi,750mL,2,1
14552,Dom de Dionysos Cairanne Cig,750mL,2,1
14097,Bonny Doon Clos de Gilroy Rd,750mL,2,1
46165,Barefoot Pnt Grigio Cal,187mL 4 Pk,2,1
2713,Inver House Green Plaid 3-Y,1.75L,1,1
30602,Zardetto Prosecco Conegliano,750mL,2,1
5375,Petrone Limoncello,750mL,1,1
33264,Churchills LBV Port,750mL,2,1
46663,Oak Leaf Merlot Cal,750mL,2,1
12039,Dom de la Fruitiere Chard,750mL,2,1
5132,Agavero Tequila Liqueur,750mL,1,1
26689,Faiveley Gevrey Chmbtn AC 14,750mL,2,1
17967,Banfi Principessa Gavia Gav,750mL,2,1
2862,Pinch 15-Yr by Haig & Haig,750mL,1,1
24631,Acumen Moutainside Red Napa,750mL,2,1
6649,Wente Morning Fog Chard,750mL,2,1
18010,Cocobon Red,750mL,2,1
20174,Dom Bousquet Pnt Nr Rsv,750mL,2,1
23961,Ken Wright Cellars Pnt Nr,750mL,2,1
26623,Marchesi Bassini Sangiovese,750mL,2,1
655,DeKuyper Cactus Juice,750mL,1,1
26666,C K Mondavi Merlot,750mL,2,1
17469,Zacharias Ambelos Phos Red,750mL,2,1
33115,Beringer Classic Chenin Blan,1.5L,2,1
27164,Guillaume Vrignaud Chablis,750mL,2,1
3924,Espolon Blanco Tequila,750mL,1,1
35471,R M Woodbridge Pnt Grigio,750mL,2,1
26646,Guenoc Petite Sirah N Cst,750mL,2,1
33307,Santa Rita Medalla Cab Svgn,750mL,2,1
17990,Porta Vita Rosso,1.5L,2,1
506,Robert Sinskey Pnt Gris,375mL,2,1
23400,Pico & Vine Cab Svgn Napa,750mL,2,1
2670,Metze's Slct Indiana Bourbon,750mL,1,1
18159,Maggio Petite Sirah,750mL,2,1
26815,Louis Latour 14 Chass-Mont B,750mL,2,1
2152,New Amsterdam Gin,750mL,1,1
8103,Sauza Gold Tequila,50mL,1,1
14054,Seaglass Rsl,750mL,2,1
3234,Hendrick's Gin,1.75L,1,1
529,Desert Island Iced Tea,Liter,1,1
25415,Schlosskellerei Gobelsburg,750mL,2,1
17841,Dom de Nouelles Rose d'Anjou,750mL,2,1
19464,Flagstone Noon Gun White,750mL,2,1
13619,Quinta do Noval Black Port,750mL,2,1
1133,Glenmorangie Collection 4 Pk,100mL 4 Pk,1,1
5959,Lucano Amaro,750mL,1,1
20864,W Hill Est Merlot Cntrl Cst,750mL,2,1
635,Sobieski Raspberry Vodka,Liter,1,1
37678,Castle Rock Pnt Nr,750mL,2,1
21777,Ch La Rame Brdx Rouge,750mL,2,1
9291,Grand Marnier Quintessence,750mL,1,1
25192,K Vintners The Klein,750mL,2,1
22275,Markham Merlot,750mL,2,1
24694,Cormons Schioppettino,750mL,2,1
18943,Cannonball Merlot,750mL,2,1
26105,Spottswoode Svgn Bl Napa Vly,750mL,2,1
8793,Fabrizia's Margarita RTD,1.75L,1,1
34761,Meridian Pnt Grigio Cal,750mL,2,1
1239,Booker's Bourbon,750mL,1,1
18551,Antigal Uno Malbec Mendoza,750mL,2,1
8272,Paul Masson Rose Carafe,Liter,2,1
3944,Gran Centenario Anejo,750mL,1,1
16430,HandCraft Artisan Coll Pet S,750mL,2,1
25584,Rex Hill Seven Soils Chard,750mL,2,1
20758,Feudo Zirtari Chardonnay In,750mL,2,1
26709,Fontanafredda Arneis Langhe,750mL,2,1
43025,Esperto Venezie Pnt Grigio,750mL,2,1
19762,Rex Goliath Pink Pnt Grigio,750mL,2,1
26211,Compilation Cab Svgn,750mL,2,1
13725,Fish Eye Pnt Nr,750mL,2,1
24588,Boundary Breaks OLN Rsl,750mL,2,1
21883,Chusclan Les Genets CDR,750mL,2,1
25086,Jadot Pernand Vergelesses 13,750mL,2,1
21385,Ch Ste Michelle Cold Crk Cha,750mL,2,1
24090,Gour de Chaule Gigondas Trad,750mL,2,1
35365,Ravenswood Dickerson Znfdl,750mL,2,1
6586,Citra Montepulciano,1.5L,2,1
8664,Asbach Uralt German Brandy,750mL,1,1
2258,Dewars Special Reserve 12 Yr,375mL,1,1
23071,Rombauer Vyds Chard Carneros,375mL,2,1
23898,Dr Konstantin Frank Rose,750mL,2,1
24980,Opici Homemade Barberone Bia,3L,2,1
26317,House Wine Chard,3L,2,1
16238,C'est La Vie Syrah-Grenache,750mL,2,1
17320,The Messenger Telegram White,750mL,2,1
27399,J Drouhin Hosp Bell Brouilly,750mL,2,1
8060,Salers Apertif Gentiane,750mL,2,1
11306,Clos LaChance Cab Svgn,750mL,2,1
12388,Cecchi Chianti Clsc Rsv Fami,750mL,2,1
2650,Tanqueray Old Tom Gin,Liter,1,1
3732,Pinnacle Raspberry Vodka,1.75L,1,1
14701,Cupcake Red Velvet,750mL,2,1
4379,Bacardi Coconut,50mL,1,1
21691,Tracia Syrah,750mL,2,1
23357,Saddleback Clrs 09 Cab Svgn,750mL,2,1
6543,Folonari Pinot Grigio Venez,750mL,2,1
25521,Z Alexander Brown Uncaged Pn,750mL,2,1
25776,Canvasback Red Mtn Cab Svgn,750mL,2,1
2215,Ole Smoky Harley-Davidson,750mL,1,1
8358,Bacardi 151 Proof,750mL,1,1
6692,Jaboulet Cotes du Rhone Par,750mL,2,2
31621,Novellum Chardonnay RSV VDP,750mL,2,1
29955,Lindemans Bin 99 Pnt Nr,750mL,2,1
4528,Remy Martin XO Cognac,750mL,1,1
16971,Angeline Rsv Cab Svgn,750mL,2,1
26168,KJ Jackson Est Pnt Nr Anders,750mL,2,1
27791,Jadot Bouzeron Blanc 14,750mL,2,1
18637,Iris Vineyard Pnt Nr,750mL,2,1
200,Luxardo Maraschino Liqueur,750mL,1,1
3987,Smirnoff Peppermint Twist,750mL,1,1
20801,Catena Historic Rows Chard,750mL,2,1
21342,Dom du Garde Temps Tour Rose,750mL,2,1
24004,Gerard Bertrand 12 Roses,750mL,2,1
2756,Jameson Caskmates,750mL,1,1
8166,Mount Gay Eclipse,750mL,1,1
592,The Glenlivet Archive 21 Yr,750mL,1,1
43131,Carpano Antica Formula,375mL,2,1
12494,M D 20/20 Electric Melon Red,750mL,2,1
24396,Dom Prieur Corton-Bressandes,750mL,2,1
25478,Estro d Piona Sparkling Rose,750mL,2,1
13576,Columbia Winery Chard,750mL,2,1
16822,Simply Naked Unoaked Moscato,750mL,2,1
26560,Castello di Bossi Chianti Cl,750mL,2,1
443,St Germain Liqueur,750mL,1,1
5312,Amaretto DiSaronno,750mL,1,1
2607,Grand MacNish 12 Yr Old,750mL,1,1
3689,Stolichnaya Vanil,750mL,1,1
984,Patron XO Cafe Liqueur,750mL,1,1
4230,Pumpkin Face Rum,750mL,1,1
3148,Ciroc Mango Vodka,1.75L,1,1
4222,Bacardi Gold Rum,750mL,1,1
8467,Capt Morgan White Coconut,50mL,1,1
17621,Raymond Hill Cab Svgn,1.5L,2,1
24119,Cecchi La Mora Vermentino,750mL,2,1
16957,Circa Pinot Grigio,750mL,2,1
24783,Bagordi Crianza Rioja,750mL,2,1
4886,St Remy VSOP Authentic Brndy,1.75L,1,1
4245,Bacardi Superior Rum,750mL,1,1
37541,Frogs Leap Cab Svgn Napa,750mL,2,1
24096,Gallo Copperidge Chard Cal,1.5L,2,1
8444,Tres Agaves Blanco Tequila,750mL,1,1
7780,Herradura Reposado Lot 598,750mL,1,1
16934,Manero Rosso di Toscana IGT,750mL,2,1
23432,Perrusset Macon Villages,750mL,2,1
43801,C Y Toro Frontera Cab Svgn,1.5L,2,1
26821,Estancia Merlot Central Cst,750mL,2,1
13422,Gnarly Head Pnt Nr,750mL,2,1
4176,Blackheart Spiced Rum,750mL,1,1
3512,Pinnacle Vodka,1.75L,1,1
19164,Tracia Malbec,750mL,2,1
16247,Domino Merlot,1.5L,2,1
2184,Bonnie Rose Orange Peel,750mL,1,1
35480,Prinz Salm Der Weib,750mL,2,1
20492,Wild Oats Shiraz Cntrl Range,750mL,2,1
15414,Best Foot Forward Chard,750mL,2,1
26134,Clos du Bois Znfdl Sonoma,750mL,2,1
41786,Ecco Domani Colle Pnt Grigio,750mL,2,1
4199,Sauza Blanco Tequila,1.75L,1,1
21179,Amapola Creek 09 Cab Svgn,750mL,2,1
20515,Lions de Suduiraut Sauternes,375mL,2,1
2871,Woodford Reserve Rye,750mL,1,1
8962,Pimms Cup No 1,750mL,1,1
21033,Taylor Fladgate 20-Yr Tawny,750mL,2,1
19041,The Path Cab Svgn,750mL,2,1
8298,Skinnygirl Grapefruit Marg,750mL,1,1
4391,Matusalem Gran Reserva Rum,750mL,1,1
26944,Jordan Chard Sonoma,750mL,2,1
6383,Gallo Twin Vly Cab Svgn Cal,750mL,2,1
26280,Chalone Estate Grown Chard,750mL,2,1
19705,Ch Tuiliere White Brdx,750mL,2,1
18454,Ninety+Cellars Lot 77 Moscto,750mL,2,1
19118,Gandia El Miracle Mariscal,750mL,2,1
8985,J Roget Spumante,750mL,1,1
4368,Capt Morgan Private Stock,1.75L,1,1
3704,Ciroc Pineapple Vodka,750mL,1,1
18354,Bella Bolla Red Moscato,750mL,2,1
5696,Midori Melon Liqueur,375mL,1,1
26844,Blue Current Junmai Ginjo,375mL,2,1
26303,Brooks Pnt Nr Willamette,750mL,2,1
4932,Arrow Ginger Brandy,750mL,1,1
8421,Beringer Classic Wh Znfdl,750mL,2,1
6429,C Y Toro Frontera Svgn Bl,1.5L,2,1
40220,Bella Italia Pnt Grigio Ter,750mL,2,1
6260,Arrosta Coffee Liqueur,750mL,1,1
26990,Colavita Pinot Grigio,750mL,2,1
29128,Sutter Home Merlot Cal,187mL 4 Pk,2,1
8275,El Mayor Anejo Tequila,750mL,1,1
19513,SakeMoto Junmai Sake,720mL,2,1
18972,Schug Pnt Nr Carneros,375mL,2,1
18431,Bertani Villa Arvedi Amarone,750mL,2,1
7070,Skinnygirl Margarita Wtrmn/L,750mL,1,1
40366,Rochioli Svgn Bl RRV,750mL,2,1
5742,I'm Bananas Over You,750mL,1,1
27136,Hugel Alsace Rsl 10 Grs Laue,750mL,2,1
27800,Jadot Meursault Blanc 14,750mL,2,1
3220,Svedka Clementine Vodka,1.75L,1,1
40097,Black Box Chard,3L,2,1
1892,Yukon Jack,50mL,1,1
42765,14 Hands Chard Wash,750mL,2,1
36267,Montinore Pnt Gris Ore,750mL,2,1
14627,Carlo Rossi Sweet Red,4L,2,1
23781,Le Clarence de Haut Brion 12,750mL,2,1
19951,Warre's Vintage Port 2000,750mL,2,1
12125,Gallo Family Vyds Sweet Red,1.5L,2,1
20200,Sea Smoke Chard,750mL,2,1
77,Three Olives Espresso Vodka,750mL,1,1
26426,Pommery Brut Royale,750mL,2,1
13940,Black Box Malbec,3L,2,1
39410,Mirassou Cab Svgn Cal,750mL,2,1
16393,Alamos Red Mendoza,750mL,2,1
6575,Kendall Jackson RSV Svgn Bl,750mL,2,1
3907,St George Calif Citrus Vodka,750mL,1,1
956,Jose Cuervo Tradicional,Liter,1,1
19264,Dom de Marcoux 12 Nerf Rouge,750mL,2,1
19559,Cardinale Cab Svgn Napa Vly,750mL,2,1
20887,The Great American Wine Chrd,750mL,2,1
15065,Sokol Blosser Pnt Nr,750mL,2,1
2579,Stillhouse Apple Crisp Moons,750mL,1,1
8590,Arrow Peppermint Schnapps,750mL,1,1
1013,Kahlua Pumpkin Spice Liqueur,750mL,1,1
4345,Capt Morgan Tattoo Rum,750mL,1,1
7262,Gallo Sweet Vermouth,750mL,2,1
22407,Three Wishes Chard,750mL,2,1
25739,Stemmari Pnt Grigio,750mL,2,1
21325,Kim Crawford Pnt Gr Homstead,750mL,2,1
17329,Sean Minor 4B Paso Cab Svgn,750mL,2,1
25988,Infamous Goose Svgn Bl,750mL,2,1
27067,A Bichot Rochegres 14 Moulin,750mL,2,1
15314,Korbel Sweet Cuvee,750mL,2,1
32294,Dom Chandon Brut,187mL,2,1
3658,Patron Anejo Tequila,750mL,1,1
3412,Skyy Infusions Pineapple,750mL,1,1
24265,Antinori Chianti Clsc Pepoli,750mL,2,1
37249,Nova Norma Jeane Merlot,750mL,2,1
10359,Adelsheim Elizbth RSV Pnt Nr,750mL,2,1
25593,Virginia Dare Pnt Nr RRV,750mL,2,1
9031,Tempus Fugit de Violettes,750mL,1,1
810,Bacardi Black Razz,750mL,1,1
33768,Sensi Sangiovese/Cab Svgn T,750mL,2,1
25201,Ch Croix de Jaugue St Emilio,750mL,2,1
47090,Napa Cellars Cab Svgn Napa,750mL,2,1
1059,Old St Nick's Egg Nog,750mL,1,1
20784,Proemio Chard,750mL,2,1
24365,Mommessin Les Gr Morgon C Py,750mL,2,1
21371,Nodus Red,750mL,2,1
4053,Bird Dog Strawberry Whiskey,750mL,1,1
23286,Ch Pape Clement Bl Gr Cru 11,750mL,2,1
3366,Tanqueray Rangpur Gin,1.75L,1,1
23973,Catena RSV Cab Svgn,750mL,2,1
34996,Carpineto Dogajolo Tuscan R,1.5L,2,1
32832,Cesari Valpolicella Clsc Am,750mL,2,1
23635,Tortoise Creek Rose le Charm,750mL,2,1
372,44* North Magic Valley Vodka,750mL,1,1
25301,Barrique Pnt Nr,750mL,2,1
22012,Vieux Clocher Chateauneuf Du,750mL,2,1
21471,Ch Haut Marbuzet St Estephe,750mL,2,1
24514,R8 Chard,750mL,2,1
25842,Ch Bois du Fil Brdx,750mL,2,1
2038,Bulleit Bourbon,Liter,1,1
20684,A Bichot Clos Marechaudes,750mL,2,1
3761,Ciroc Apple Vodka,1.75L,1,1
12666,Carpineto Dogajolo Tuscan Wh,750mL,2,1
2433,Crown Royal X R Extra Rare,750mL,1,1
269,Juarez Triple Sec,Liter,1,1
34647,Terrazas Alto Malbec Argn,750mL,2,1
34060,Cavit Pinot Grigio Bottega,750mL,2,1
23827,Fattoria di Basciano Chianti,750mL,2,1
2679,Dewars Highlander Honey,750mL,1,1
34893,Banfi Rosa Regale,375mL,2,1
764,Smirnoff Blueberry Vodka,Liter,1,1
23240,14 Hands Red Blend Ltd,750mL,2,1
24322,Ch Phelan Segur St-Estphe 12,750mL,2,1
664,Ardbeg Uigeadail Scotch,750mL,1,1
1746,Tomatin 12 Yr Old Scotch,750mL,1,1
21517,Riunite Lambrusco Cuties,187mL,2,1
33960,Allegrini Valpolicella Clsc,750mL,2,1
44780,Nicolis Valpo Seccal Ripasso,750mL,2,1
910,Goldschlager Cinnamon Schnps,Liter,1,1
43452,Fish Eye Shiraz,3L,2,1
123,Van Winkle Special Rsv 10 Yr,750mL,1,1
1992,Maison Rouge VSOP Cognac,750mL,1,1
12271,Caposaldo Prosecco Brut,750mL,2,1
34501,Gabbiano Pinot Grigio Delle,750mL,2,1
23386,Dom Roux Bourgogne Pnt Nr,750mL,2,1
36370,McWilliams Hanwood Est Chard,750mL,2,1
22599,Antica Fratta Franciacorta B,750mL,2,1
25009,St Supery Dollarhide Cab Svg,750mL,2,1
5135,Ancho Reyes Chile Liqueur,750mL,1,1
8218,Camarena Reposado Tequila,1.75L,1,1
226,DeKuyper Red Apple Schnapps,750mL,1,1
41348,Felino Vino Cobos Malbec,750mL,2,1
34850,Bargetto Chaucer's Hney Mead,750mL,2,1
17372,Mionetto Il Spriz,750mL,2,1
24368,Navarro Vyds Late Harvest Ge,375mL,2,1
13791,The Chocolate Block Red,750mL,2,1
21617,Querry Cider,750mL,2,1
20953,Cavit Chard,750mL,2,1
24534,Joseph Drouhin Nuits St Geo,750mL,2,1
1720,The Peat Monster Scotch,750mL,1,1
28092,Cline Ancient Vin Znfdl,750mL,2,1
26383,Buehler Chard RRV,750mL,2,1
37910,Krupps Brothers Veraison,750mL,2,1
415,Jose Cuervo Especial,Liter,1,1
2241,Death's Door Gin,750mL,1,1
2622,Dewars Scratch Cask Scotch,750mL,1,1
3120,Absolut Cilantro,750mL,1,1
1079,Weller Antique -Hanover Chop,750mL,1,1
10233,Gallo Twin Vly Moscato,187mL 4 Pk,2,1
3286,Ciroc Snap Frost Vodka,1.75L,1,1
3784,Margaritaville Gold Tequila,750mL,1,1
10731,A Bichot Chard Bourgogne,750mL,2,1
11776,Diamond Crk Gravelly Cab Svg,750mL,2,1
44906,Guntrum Rheinhessen,750mL,2,1
43363,Elk Cove Mt Richmond Pnt Nr,750mL,2,1
23160,Champlain Orchards Ice Cider,100mL,2,1
26575,Dr Tanisch Feinherb Rsl,750mL,2,1
25742,Jadot Combe Aux Jacques Bjls,750mL,2,1
1789,Jack Daniels Tennesse Fire,750mL,1,1
4494,Jenkins French Brandy,1.75L,1,1
6867,Rodney Strong Pnt Nr,750mL,2,1
32835,Mionetto Prosecco Superiore,750mL,2,1
37126,Girard Chard RRV,750mL,2,1
24511,Tin Barn Znfdl RRV Gilsson,750mL,2,1
867,Rosita Tequila Liqueur,Liter,1,1
1248,Tullibardine Sauterne Finish,750mL,1,1
203,Jose Cuervo Especial Silver,Liter,1,1
18769,Vinum Cellars Znfdl Cal,750mL,2,1
18105,Ballatore Rose Moscato,750mL,2,1
27880,Pine Ridge Cab Svgn,750mL,2,1
3804,Svedka Vodka,750mL,1,1
14624,The Naked Grape Pnt Nr,750mL,2,1
38102,Canyon Oaks Cab Svgn Cal,750mL,2,1
16539,Catalpa Chard,750mL,2,1
21282,Lunetta Rose Brut,750mL,2,1
27780,Jadot Beaune Les Greves 14,750mL,2,1
25367,Alexander Vly Vyds Merlot,1.5L,2,1
3827,Popov Vodka,1.75L,1,1
42158,Mulderbosch Rose Cab Svgn,750mL,2,1
7485,M D 20/20,750mL,1,1
15188,Las Valles Carinena Red,750mL,2,1
19977,Hideyoshi Namacho Honjozo Sa,300mL,2,1
16190,Morande Edicion Limitada,750mL,2,1
26008,Silver Palm Pnt Nr CC,750mL,2,1
14647,Tierra Divina Malbec,750mL,2,1
40658,Lemelson Theas Slctn Pnt Nr,750mL,2,1
6532,LeCompte Calvados 12 Yr Old,750mL,1,1
3163,Three Olives Dude Vodka,750mL,1,1
5327,Alize Red Passion,750mL,1,1
16688,Ch Lestiac Cotes de Bordeaux,750mL,2,1
29131,Sutter Home White Merlot Cal,187mL 4 Pk,2,1
19244,Trimbach Riesling,750mL,2,1
19908,Ravenswood Besieged Red,750mL,2,1
39974,Loimer Lois Gruner Veltliner,750mL,2,1
4760,Kinky Flame Whisky,750mL,1,1
27900,Franzia Cab Svgn Cal,1.5L,2,1
6824,Kendall Jackson Pnt Nr Vtnr,750mL,2,1
15357,Greystone Cellars Cab Svgn,750mL,2,1
19267,Tom Eddy Manchster Ridge Pnt,750mL,2,1
27259,Cooper & Thief Cellarmasters,750mL,2,1
7193,Woodstock Killer Bee,750mL,1,1
6552,Harveys Bristol Cream Sherry,1.5L,2,1
13963,Yellow Tail Pnt Nr,1.5L,2,1
26947,Ferrari-Carano Merlot,750mL,2,1
3884,Bracero Blanco Tequila,750mL,1,1
23366,DeWetshof Limestone Hl Chard,750mL,2,1
22619,Promesses de France CdRhone,750mL,2,1
36101,Carpineto Brunello Montalci,750mL,2,1
23117,Trackers Crossing Moscato,750mL,2,1
3386,Skyy Infusions Cranberry,50mL,1,1
14212,Allan Scott Svgn Bl,750mL,2,1
3635,New Amsterdam 100* Vodka,750mL,1,1
10631,Little Black Dress Pnt Nr,750mL,2,1
8567,Cribari Chianti,3L,2,1
3243,Burnetts Vodka,1.75L,1,1
46074,Turning Leaf Pnt Nr RSV VDP,1.5L,2,1
15729,Copa di Vino Pnt Grigio,187mL,2,1
24883,Foz Arouce 11 Beira Atlantic,750mL,2,1
23260,Penny Wise Svgn Bl,750mL,2,1
2118,The Glenturret 27 Yr Old,750mL,1,1
22725,Adelsheim Chard Willmete Vly,750mL,2,1
1620,Hennessy Privilege VSOP VAP,750mL,1,1
27551,Anne Amie Twelve Oaks Pnt Nr,750mL,2,1
21992,Art of Eart Montepulciano d',750mL,2,1
12340,La Atalaya Almansa Red,750mL,2,1
20661,Pali Pnt Nr Cargasacchi Vyd,750mL,2,1
21743,Telmo Rodriguez Gaba do XII,750mL,2,1
46715,Quinta do Noval 10-Yr Tawny,750mL,2,1
25324,Gran Moraine Y-C Pnt Nr Oreg,750mL,2,1
12005,Nino Negri Sforzato Valtl,750mL,2,1
46964,Calera Viognier Mt Harlan,750mL,2,1
25716,Grgich Hills Chard Napa,750mL,2,1
2994,Hudson Manhattan Rye,750mL,1,1
24634,Marques de Caceres RSV Red,750mL,2,1
12646,Blackbird Vyds Arise Red,750mL,2,1
744,Ciroc Red Berry Vodka,200mL,1,1
5699,Signatory Ben Nevis 91 Cask,750mL,1,1
18646,Castello del Poggio Rosato,750mL,2,1
17601,Ch Palmer Margaux 09 Medoc,750mL,2,1
26257,Luce Brunello Montalcino 11,750mL,2,1
6881,Midnight Moon Cranberry,750mL,1,1
644,Amaretto DiSaronno,Liter,1,1
45839,White Oak Chard RRV,750mL,2,1
2802,SW4 London Dry Gin,750mL,1,1
23950,Ch Haut-Robert 10,750mL,2,1
13379,Pertinace Barbera D'Alba,750mL,2,1
43924,Farnum Hill Kingston Blk RSV,750mL,2,1
46088,Dom Trinquevedel Tavel Rose,750mL,2,1
395,Woodford Rsv Mt Washington,Liter,1,1
19871,Yellow Tail Sangria,750mL,2,1
538,Amaretto DiSaronno,375mL,1,1
2161,Canadian Club Classic,750mL,1,1
24299,Rosemount Diamond Merlot,750mL,2,1
11856,Albola Chianti,750mL,2,1
20512,Lacoste Borie Pauillac,750mL,2,1
23801,Boya Pnt Nr,750mL,2,1
1036,Jameson Trilogy Pack,200mL 3 Pk,1,1
21643,Gruet Bl de Bl 25th Annivrsy,750mL,2,1
495,Sweet Carolina Sweet Tea Vdk,Liter,1,1
3343,Bombay Sapphire Gin,375mL,1,1
12589,Canyon Rd Pnt Grigio,750mL,2,1
46380,Ghost Pines Chard L Martini,750mL,2,1
2851,Mother's Apple Pie Liqueur,750mL,1,1
45298,Hall Cab Svgn Napa,750mL,2,1
2018,Jack Daniels Tennessee Honey,Liter,1,1
25573,Louis Latour 12 Bourgogne Ga,750mL,2,1
4425,Whalers Vanille Rum,750mL,1,1
33147,Jura Bl de Bl Brut D'Argent,750mL,2,1
24491,Long Meadow Ranch Cab Svgn,750mL,2,1
22327,Saved Rose,750mL,2,1
43134,Two Hands Bella Gardn Shiraz,750mL,2,1
936,Tanteo Cocoa Tequila,750mL,1,1
2951,Old Bushmills Irish Whiskey,1.75L,1,1
1869,Oban 14-Yr Single Malt,750mL,1,1
24050,Choyomusubi Ryo Junmai Sake,180mL,2,1
26755,Franzia Chianti Tap,5L,2,1
787,Cherry Heering Liqueur,750mL,1,1
24591,Dominios Ribera del Duero Cr,750mL,2,1
22968,Klinker Brick Marisa Znfdl,750mL,2,1
2410,Tullamore Dew Phoenix,750mL,1,1
1328,Ole Smoky Peach Moonshine,750mL,1,1
16127,Lindemans Bin 90 Moscato,1.5L,2,1
5384,Widow's Migaki Shochu,750mL,1,1
21700,Ram Island Lavender Lemonade,500mL,2,1
21368,KJ Est 12 Pnt Nr Outland Rdg,750mL,2,1
24285,Dom Clavel Languedoc,750mL,2,1
143,Chivas Regal,Liter,1,1
22364,Andre Pink Moscato,750mL,2,1
5075,Tuaca Italian Liqueur,750mL,1,2
22387,Gnarly Head Authentic Black,750mL,2,1
7282,Colombo Marsala Sweet,750mL,2,1
17432,Predator Old Vine Znfdl Lodi,750mL,2,1
24594,Torresella Prosecco Xtra Dry,750mL,2,1
120,Tarantula Azul Tequila Gift,750mL,1,1
452,Hiram Walker Peppermint Schn,Liter,1,1
25590,Cross Springs Pnt Nr Colusa,750mL,2,1
6595,Bogle Merlot,750mL,2,1
23406,The Naked Grape Box Merlot,3L,2,1
27488,Stival Pnt Grigio,1.5L,2,1
38726,McWilliams Hanwood Cab Svgn,750mL,2,1
5098,Agavero Orange Liqueur Agave,750mL,1,1
853,Bols Butterscotch,Liter,1,1
1185,Caol Ila 17 Yr Single Malt,750mL,1,1
22579,Fox Brook Cab Svgn,750mL,2,1
24571,Oko Organic Prosecco,750mL,2,1
6094,Black Warrior Kuro Shochu,750mL,1,1
2845,Old Camp Spicy Pecan Peach W,750mL,1,1
6240,Riunite Raspberry,1.5L,2,1
39413,Mirassou Pnt Nr Cntrl Coast,750mL,2,1
29835,Casal Garcia Vinho Verde Wh,750mL,2,1
6572,Ch Greysac,750mL,2,1
2158,Sortilege Liqueur,375mL,1,2
17146,Honeymaker Dry Mead,750mL,2,1
18474,Ch Suau Cadillac Wh Brdx,750mL,2,1
24425,Adaptation by Odette Cab Svg,750mL,2,1
12191,M & R Sparkling Rose,750mL,2,1
18142,Banfi Brunello Montalcino,750mL,2,1
22556,Piccini Chianti,750mL,2,1
22433,Dom Prieur Meurslt Mazray 13,750mL,2,1
830,Bols White Creme De Menthe,Liter,1,1
39868,Jolivet Svgn Blanc Attitude,750mL,2,1
18875,Di Padrino Dry Vermouth,1.5L,2,1
16290,Canyon Rd Moscato,750mL,2,1
13711,Venta Morales Tempranillo,750mL,2,1
18952,J Lohr Falcon's Perch Pnt Nr,750mL,2,1
14962,Stone Barn Chard,750mL,2,1
43681,2 Up McLaren Vale Shiraz,750mL,2,1
25444,Calera Mt Harlan Chard,750mL,2,1
4196,Bacardi Dragon Berry Rum,750mL,1,1
20180,Rosatello Sw Sparkling Rose,750mL,2,1
8819,Leroux Blackberry Brandy,750mL,1,1
2868,Mortlach Single Malt Scotch,750mL,1,1
37166,Snoqualmie Rsl Winemkrs Slct,750mL,2,1
24139,Nobilo Icon Pnt Nr Marlboro,750mL,2,1
27797,Casa Lapostolle Merlot,750mL,2,1
44992,R Mondavi RSV Cab Svgn,750mL,2,1
12354,Mercer Pnt Gris,750mL,2,1
13688,Murphy-Goode Pnt Nr,750mL,2,1
2327,Crown Royal Shot Glass VAP,750mL + 1/,1,1
3847,Grey Goose Vodka,50mL,1,1
35646,D'Arenberg Footbolt Shiraz,750mL,2,1
19662,Santa Rita 120 Svgn Bl,750mL,2,1
11003,Klinker Brick Farrah Syrah,750mL,2,1
34982,Baron K Kabinett,750mL,2,1
24826,J Phelps Insignia 2012,750mL,2,1
19831,Cesari Boscarel,750mL,2,1
22905,Mercer Canyons Chard,750mL,2,1
21159,Nyers Vyds Sage Canyon Red,750mL,2,1
20913,Benton Lane First Class Pnt,750mL,2,1
25072,Mastroberardino Radici Taura,750mL,2,1
4511,Camus Extra Elegance,750mL,1,1
8447,Studebaker Old Fashioned RTD,750mL,1,1
42948,Root 1 Cab Svgn,750mL,2,1
3578,Stolichnaya Elit Vodka,750mL,1,1
2496,Crown Royal Black,1.75L,1,1
43489,Ken Forrester Petit Chenin B,750mL,2,1
14398,Ch La Mondotte 07 St Emilion,750mL,2,1
41079,Aalto Ribera Del Duero Red,750mL,2,1
13734,Virginie Taunt Svgn Blanc,750mL,2,1
25759,Angels Landing Pnt Nr Sonoma,750mL,2,1
14939,El Jamon Tempranillo,750mL,2,1
26300,Brooks Rsl Willamette,750mL,2,1
4365,Calypso Silver Rum,50mL,1,1
2722,J & B Rare,750mL,1,1
1394,Makers Mark,375mL,1,1
18125,Laya Tinto Almansa,750mL,2,1
22951,Pierre Andre Meursault,750mL,2,1
24030,Hugel Alsace Pnt Gr Classic,750mL,2,1
26283,Benton-Lane Est Pnt Nr Willm,375mL,2,1
27279,Ch Canon St Emilion 07,750mL,2,1
16891,The Seeker Svgn Bl,750mL,2,1
3409,Crystal Head Vodka,750mL,1,1
25264,Pommery Falltime Extra Dry C,750mL,2,1
44199,Foris Rogue Vly Gewurz,750mL,2,1
2782,The Gifted Horse,750mL,1,1
7345,M & R Asti,750mL,2,1
25985,C Y Toro Casa Diablo Merlot,750mL,2,1
8673,Skinnygirl Margarita,750mL,1,1
37312,Salmon Run NY Pnt Nr,750mL,2,1
46297,Intorcia Marsala Dry,Liter,2,1
25653,Ca'Momi Chard Rsv Napa,750mL,2,1
21328,Skinnygirl Chard,750mL,2,1
34395,Valckenberg Madonna Kabinet,750mL,2,1
6658,Ch de la Chaize Brouilly,750mL,2,1
13064,Peter Michael MaBelleFille C,750mL,2,1
4703,Blue Chair Bay Coconut Rum,50mL,1,1
13605,Neal Family Svgn Bl Napa Vly,750mL,2,1
17933,Camp Meeting Ridge Pnt Nr,750mL,2,1
22347,Capezzana Barco Reale d Carm,750mL,2,1
24966,Rastignac Pineau des Charent,750mL,2,1
5138,Fireball Cinnamon Whisky,750mL,1,1
23535,Wente Pnt Nr Riva Ranch,750mL,2,1
4302,Flora de Cana Black 5 YO Rum,750mL,1,1
2974,Sazerac 6 Yr Straight Rye,750mL,1,1
2636,Nikka Whisky Taketsuru 12 Yr,750mL,1,1
22450,Bota Brick Cab Svgn,1.5L,2,1
25112,Voss Svgn Blanc Napa Vly,750mL,2,1
25699,Havens Merlot Napa 13,750mL,2,1
46011,Folonari Pnt Nr Venezie,1.5L,2,1
661,Red Stag by Jim Beam,750mL,1,1
46947,Murphy-Goode Merlot Alexandr,750mL,2,1
4989,Martell VS Cognac,750mL,1,1
44783,Scagliola Dolcetto Sempre,750mL,2,1
40455,Yellow Tail Cab/Merlot Ausl,750mL,2,1
3515,Skyy Infusions Citrus Vodka,1.75L,1,1
19748,Clos du Bois Chard,1.5L,2,1
515,Hirsch Selection Bourbon,750mL,1,1
5925,Pimms Blackberry & Elderflwr,750mL,1,1
11089,Jaboulet Cts Rhone Parl Rose,750mL,2,2
25158,M Lynch Bordeaux Rouge Medoc,750mL,2,1
18666,Rickshaw Chard Cal,750mL,2,1
27319,W Selyum Pnt Nr Hirsch Vyd,750mL,2,1
2287,Johnnie Walker Double Black,750mL,1,1
18812,Sweet Baby Vyds Strawberry,750mL,2,1
2828,Tom Cat Barrel Aged Gin,750mL,1,1
26632,R Mondavi Pvt Sel Znfdl,750mL,2,1
31501,Barefoot Wh Znfdl Cal,1.5L,2,1
3910,Hornitos Plata Tequila,375mL,1,1
25550,Alisios Tempranillo Touriga,750mL,2,1
8238,Suerte Blanco Tequila,750mL,1,1
19353,Finca La Linda Rose Malbec,750mL,2,1
25304,Cyprus Pnt Nr,750mL,2,1
10402,Silver Oak Cab Svgn Napa,3L,2,1
27173,LeSalette 12 Amarone Valpo,750mL,2,1
26091,Pacific Rim Rsl,750mL,2,1
31796,Gekkeikan Sake Haiku Prm Sel,750mL,2,1
24222,Louis de Grenelle Rose,750mL,2,1
18271,Masi Campolongo di Torbe Ama,750mL,2,1
15812,Diseno Torrontes Salta,750mL,2,1
3369,Stolichnaya Gluten Free 80*,50mL,1,1
21783,Grape Time Winery Amarone,750mL,2,1
37601,Hardys Cab Svgn Ausl,3L,2,1
24700,Cavas Hill 1887 Brut Cava,750mL,2,1
25198,Ch Fombrauge Le Cadran de Fo,750mL,2,1
17040,Sutter Home Pink Moscato,187mL 4 Pk,2,1
3973,Ciroc Ten,Liter,1,1
24202,Taylor Fladgate 40 Yr Tawny,750mL,2,1
25696,Bonny Doon Vin Gris de Cigar,750mL,2,1
3475,Cazadores Anejo Tequila,750mL,1,1
20787,Proemio Malbec,750mL,2,1
5467,Homericon Mastiha,750mL,1,1
16044,Entwine Cab Svgn,750mL,2,1
8905,Livingston Cellars Red Rose,3L,2,1
2954,Highland Park 12 Yr Single,750mL,1,1
3452,Vanya Light Vodka,1.75L,1,1
41537,Mer Soleil Chard Central Cst,750mL,2,1
19768,B & G CDP Rose,750mL,2,1
249,Massenez Creme de Cassis,750mL,1,1
12606,Sharpe Hill Chardonnay,750mL,2,1
25221,Gnarly Head OV Zinfandel,Liter,2,1
27926,Barone Ricasoli Rocca Guicci,750mL,2,1
19270,Veuve Clicquot Brut Yellow,375mL,2,1
19055,Wolf Blass Yllw Lbl Cab Svgn,750mL,2,1
17063,Ch Tanunda Gr Barossa Cab Sv,750mL,2,1
10399,Spring Vly Uriah Walla Walla,750mL,2,1
24723,Tenuta di Biserno Il Pino,750mL,2,1
1245,Pittyvaich 25 Yr Single Malt,750mL,1,1
16828,Korbel Organic Brut,750mL,2,1
8172,DK Burst Blustery Peppermint,50mL,1,1
43223,Ch Beauchene Cotes du Rhone,750mL,2,1
13837,C Y Toro Frontera Pnt Grigio,1.5L,2,1
10422,Mirassou Pnt Grigio Cal,750mL,2,1
4259,Castillo Spiced Rum,1.75L,1,1
14836,Vinum Cellars Chard,750mL,2,1
10591,J Lohr Fogs Ranch Pnt Nr,750mL,2,1
19247,Schug Sonoma Cnty Chard,750mL,2,1
15832,Sunday Mtn Svgn Bl,750mL,2,1
2762,The Steward's Solera Bourbon,750mL,1,1
1766,Duggans Dew O Kirkintilloch,50mL,1,1
5181,Leblon Cedilla Acai Liqueur,750mL,1,1
5490,DeKuyper Hot Damn Cinnamon,50mL,1,1
26429,Bollinger Brut Special Cuve,750mL,2,1
3781,Three Olives Vanilla Vodka,750mL,1,1
31458,Foxhorn Wh Znfdl Cal,1.5L,2,1
11441,Frei Bros Rsv Znfdl,750mL,2,1
37790,Merriam Merlot RRV,750mL,2,1
16851,R M Woodbridge Sweet White,750mL,2,1
46446,Vendange Wh Znfdl,500mL,2,1
20097,Milestone Cab Svgn,750mL,2,1
25507,Masi Frescaripa Bardolino Cl,750mL,2,1
19556,Zorvino Bacca Z Blackberry,750mL,2,1
28753,Round Hill Common Man Merlot,750mL,2,1
9191,Mojoshot Blue Lagoon RTD,50mL,1,1
25888,Neyers Vyd Pnt Nr Roberts Rd,750mL,2,1
6486,Vendange Chard,750mL,2,1
2244,Crown Royal Vanilla,750mL,1,1
15875,Ranga Ranga Svgn Bl,750mL,2,1
2476,Crown Royal Maple Whisky,750mL,1,1
6721,Piccini Chianti,1.5L,2,1
555,Art In The Age Sage,750mL,1,1
24033,Canyon Rd Svgn Bl,750mL,2,1
7219,Herradura Reposado NHSLC,750mL,2,1
24531,Joseph Drouhin Cote de Beaun,750mL,2,1
37100,Antinori Brnllo Mntlcno Pain,750mL,2,1
2719,Full Throttle Apple Whiskey,750mL,1,1
26197,American Thread Pnt Nr,750mL,2,1
26695,Dom Ch Moreau Chablis 14 Val,750mL,2,1
2221,Tamdhu 10Yr Speyside Whiskey,750mL,1,1
6655,Carlo Rossi Paisano Calif,1.5L,2,1
13147,F Coppola Directors Pnt Nr,750mL,2,1
9360,KAH Blanco Tequila,750mL,1,1
31172,Luna di Luna Chard/Pnt Grig,1.5L,2,1
6157,Kinky Blue Liqueur,375mL,1,1
4491,Calvados Marquis De St Loup,750mL,2,1
26672,Tridente Tempranillo Castila,750mL,2,1
704,Van Winkle Special Rsv 12 Yr,750mL,1,1
27969,Fattoria le Pupille Poggio,750mL,2,1
21975,Trim Cabernet Sauvignon,750mL,2,1
6698,Clos du Bois Marlstone,750mL,2,1
23469,Hugel Les Amours Pnt Bl,750mL,2,1
36625,Talbott Logan Slpy Hl Pnt Nr,750mL,2,1
22516,J Lohr Cypress Brl Frm Chard,750mL,2,1
206,Three Olives Vodka,Liter,1,1
44717,Dom Chandon Rose Spklg,750mL,2,1
15503,Opici Sangria,3L,2,1
29400,Ch D'Arcins Haut Medoc,750mL,2,1
15334,Brotte La Griveliere CDR,750mL,2,1
3432,Capri Natura Limoncello,750mL,1,1
16585,Pali Summit Station R Pnt Nr,750mL,2,1
6506,Villa Zarri Nocino Liqueur,750mL,1,1
20744,Banshee Chard,750mL,2,1
24159,Krupp Bros The Doctor Red,750mL,2,1
13339,C'Est La Vie Chard/Svgn Bl,750mL,2,1
23990,Moncigale Rose Cd Provnce 14,750mL,2,1
27405,The Pessimist Red,750mL,2,1
6529,W Hill Cab Svgn Napa,750mL,2,1
8693,Ezra Brooks,750mL,1,1
46489,Eppa Red Sangria Organic,750mL,2,1
17349,Moonlight Meadery Desire,375mL,2,1
5447,Jagermeister Liqueur,375mL,1,1
2742,Aberfeldy 12 Yr Single Malt,750mL,1,1
11939,Colimoro Montepul D'Abruzzo,750mL,2,1
8152,Skinnygirl Mojito RTD,750mL,1,1
39997,Tisdale Merlot Cal,750mL,2,1
40538,Phillips Incognito Lodi Rd,750mL,2,1
39456,Charles Heidsieck Brut Rose,750mL,2,1
20595,Fritz Znfdl Dry Creek Valley,750mL,2,1
3283,New Amsterdam Apple Vodka,750mL,1,1
6635,Gallo Twin Valley Hearty Bur,1.5L,2,1
19121,Liberty School Pnt Nr CC,750mL,2,1
38852,Salmon Creek Cab Svgn,750mL,2,1
23947,Ch Larose Trintaudon 09,750mL,2,1
15291,Flip Flop Cab Svgn,750mL,2,1
22038,Jam Cellars Toast,750mL,2,1
28275,Sheffield Very Dry Sherry,750mL,2,1
26864,La Quintinye Blanc Vermouth,375mL,2,1
44176,Three Saints Cab Svgn,750mL,2,1
5616,Emmets Irish Cream,1.75L,1,1
35414,Yellow Tail Shiraz Ausl,1.5L,2,1
18600,Perrier Jouet Belle Epoque,750mL,2,1
36539,Liberty Creek Prem RSV Chard,1.5L,2,1
40240,Beringer Classic Wh Zin Spkl,750mL,2,1
18102,Ruffino Greppone Mazzi Bru,750mL,2,1
26260,Luce Della Vite Toscana,750mL,2,1
31086,Shooting Star Znfdl Lake Cty,750mL,2,1
24053,Ozeki Yamadanishiki Jun Sake,300mL,2,1
2911,Ardbeg Dark Cove Com Release,750mL,1,1
22928,Desert Wind Ruah Red,750mL,2,1
19725,Cutler Creek Merlot,750mL,2,1
13276,Finca Abril Rapsodia Malbec,750mL,2,1
12586,C Y Toro Frontera Malbec,1.5L,2,1
8258,Campari,750mL,1,1
3930,Deep Eddy Vodka,750mL,1,1
598,Stolichnaya Ohranj Orange,Liter,1,1
10336,Poema Brut Cava Penedes,750mL,2,1
23661,Bouvier Morey St Denis Rue d,750mL,2,1
39977,Little Penguin Cab Svgn Ausl,1.5L,2,1
25570,Steele Wines Scarlet Lake Cn,750mL,2,1
26652,Arrowood Sonoma Est Cab Svgn,750mL,2,1
22324,Hillinger Leitheberg Blaufra,750mL,2,1
13582,Merry Edwards Coopers Pnt Nr,750mL,2,1
27989,Hundred Acre Kayli Morgan,750mL,2,1
5404,E & J Superior Rsv VSOP,375mL,1,1
4322,Cruzan Raspberry Flavord Rum,750mL,1,1
10273,Rebel Newmans Own Cab Svgn,750mL,2,1
45991,Foris Rogue Vly Pnt Nr,750mL,2,1
1076,Capt Morgan Jack O Blast,50mL,1,1
19035,Bollini Pinot Grigio,750mL,2,1
3887,Wolfschmidt Vodka 80 Proof,1.75L,1,1
3389,Seagrams Extra Dry Gin,1.75L,1,1
35606,Castle Rock Chard Cntrl Cst,750mL,2,1
25527,Masi Mazzano Amarone 03,750mL,2,1
22865,Vino Dious Welch Rsl 13,750mL,2,1
33685,Montepulciano D'Abruz Sensi,750mL,2,1
25284,Merryvale Cab Svgn,750mL,2,1
12543,Ramon Bilbao Crianza Rioja,750mL,2,1
27193,Trefethen Dragon's Tooth Red,750mL,2,1
3495,Ketel One Citroen Vodka,1.75L,1,1
5702,Art In The Age Root Liqueur,750mL,1,1
17020,Maipe Malbec Mendoza,750mL,2,1
23512,Plantaze Krstac Montenegro W,750mL,2,1
15981,Verde Sole Znfdl,750mL,2,1
10030,Pacifico Sur Pnt Nr Rsv,750mL,2,1
27342,19 Crimes The Banished Red,750mL,2,1
8364,Bolla Valpolicella,750mL,2,1
23014,Marietta Clrs Angeli Cuvee,750mL,2,1
22473,Cakebread Clrs Cab Svgn 11,1.5L,2,1
18686,Moillard Chard Tradition,750mL,2,1
11653,Mas Belles Eaux Les Cot Roug,750mL,2,1
25676,NxNW Cab Svgn Columbia Vly,750mL,2,1
45885,Mer Soleil Silver Chard,750mL,2,1
22822,Corvo Pnt Nr,750mL,2,1
100,Chivas Royal Salute,750mL,1,1
6592,Almaden Chard Cal,1.5L,2,1
19576,Quinta do Casal Monteiro,750mL,2,1
23904,C Krug Chard,750mL,2,1
3346,Nautical Gin,750mL,1,1
16330,Cherry On Top Sweet White,750mL,2,1
2264,WhistlePig 10Yr Common Man B,750mL,1,1
2656,Cutty Sark,1.75L,1,1
2115,Black Velvet,750mL,1,1
1033,Chivas Regal w/ 2 Glasses,750mL,1,1
13708,Bota Box Cab Svgn,3L,2,1
8135,Choco Lat Liqueur,750mL,1,1
3890,Absolut Peppar,750mL,1,1
5218,Chila Orchata Cinnamon Cream,750mL,1,1
1637,Fleischmanns Preferred,1.75L,1,1
21534,Broadbent Vinho Verde Rose,750mL,2,1
309,Woodford Rsv PS The District,Liter,1,1
25779,Ch Bonnet White Entre-Deux-,750mL,2,1
40767,Cinquante-Cinq Chardonnay L,750mL,2,1
24451,Llopart Rose Cava Brut Rsva,750mL,2,1
17289,Sella & Mosca Terre Rare,750mL,2,1
42759,Bigi Orvieto Clsc Vendemmia,750mL,2,1
26443,Latour Grand Ardeche Chard,750mL,2,1
973,Bacardi 1873 Solera Rum,750mL,1,1
6569,W Hill Chard Napa,750mL,2,1
33582,Villa Cornaro Prosecco Del,750mL,2,1
8112,Stolichnaya,1.75L,1,1
23764,Cashmore Black Opal Shiraz,750mL,2,1
13731,Monkey Bay Svgn Bl,1.5L,2,1
47027,Marcus James Malbec Mendoza,1.5L,2,1
950,Mastersons 10 Yr Old Rye,750mL,1,1
6784,Hawk Crest Chard,750mL,2,1
286,The Bitter Truth Elderflower,750mL,1,1
17266,The Divining Rod Chard,750mL,2,1
15251,Bota Mini Cab Svgn,500mL,2,1
3180,New Amsterdam Vodka,1.75L,1,1
20160,F Coppola Sophia Chard,750mL,2,1
27817,Clos Pegase Carneros Chard,750mL,2,1
15915,Simply Naked Cab Svgn,750mL,2,1
15746,Snap Dragon Pnt Nr,750mL,2,1
15082,Project Paso Cab Svgn,750mL,2,1
263,Loukatos Tentoura,750mL,1,1
15892,Red Guitar Sangria,750mL,2,1
25802,Dynamite Cab Svgn N Cst,750mL,2,1
5195,Jenkins Melon Liqueur,750mL,1,1
15105,Kendall Jackson Avant Chard,750mL,2,1
32749,Brancott Svgn Bl Marlboro,750mL,2,1
8822,Absolut 80 Proof,50mL,1,1
15228,Saldo Znfdl Cal,750mL,2,1
42118,Jewell Towne Seyval NH,750mL,2,1
37827,Yellow Tail Shiraz/Cab Ausl,750mL,2,1
3203,Magellan Gin,750mL,1,1
25138,Terlatto & Chapoutier Shiraz,750mL,2,1
12211,Black Box Rsl,3L,2,1
4385,Parrot Bay 90 Coconut Capt,1.75L,1,1
10296,Alamos Slcn Malbec Mendoza,750mL,2,1
42264,Belle Glos Clark & Telephone,750mL,2,1
32108,Erath Pnt Nr Oregon,750mL,2,1
15205,Beringer Cab Svgn Napa Vly,750mL,2,1
140,DeKuyper Strawberry Pucker,750mL,1,1
804,Bacardi Limon Rum,Liter,1,1
45845,Joseph Carr Chard Napa,750mL,2,1
23618,Ornellaia Bolgheri 12,750mL,2,1
21039,Temptation Znfdl,750mL,2,1
22367,Ch Massiac Viognier,750mL,2,1
24282,Paul Hobbs Nathan Coombs Cab,750mL,2,1
35666,Redwood Creek Chard Cal,1.5L,2,1
827,Bols Anisette,Liter,1,1
45822,Masciarelli Montepulciano,750mL,2,1
13854,Mark West Pnt Nr RRV,750mL,2,1
43615,Talbott Kali Hart Vyd Pnt Nr,750mL,2,1
34123,Freixenet Cordon Negro Brut,187mL,2,1
25633,David Girard Vyds Syrah Okei,750mL,2,1
22344,Rioja Bordon Rsva Tempranllo,750mL,2,1
12188,Oak Leaf Svgn Bl Cal,750mL,2,1
21016,WindRacer Anderson Vly Chard,750mL,2,1
42828,Briggs Lockhart Cab Svgn,750mL,2,1
24305,Marquis d Gelida Brut Rsv,750mL,2,1
10319,Five Oaks Wh Znfdl Cal,750mL,2,1
43638,Silverado Solo SLD Cab Svgn,750mL,2,1
1019,Drambuie Glass Pack,750mL,1,1
46217,Cono Sur Chard Cntrl Vly,750mL,2,1
44302,Yellow Tail Pnt Nr,750mL,2,1
25069,Jadot Cote de Beaune Vlgs 13,750mL,2,1
2347,GlenDronach Peated Scotch,750mL,1,1
12257,Rex Goliath Merlot,1.5L,2,1
22413,Harthill Farms Cab Svgn,750mL,2,1
36307,Dom Chandon 00 Carnrs Pnt Nr,750mL,2,1
2178,Great King St Glasgow Blend,750mL,1,1
1096,Evan Williams Egg Nog,750mL,1,1
12234,Beringer Classic Svgn Bl,750mL,2,1
23595,Almaden Burgundy B/B,5L,2,1
11152,Stemmari Pt Nr,750mL,2,1
996,Herradura Seleccion Suprema,750mL,1,1
11029,M Molitor Spatlese Mosel,750mL,2,1
43784,Newton Claret Napa,750mL,2,1
44325,R Young Est Cab Svgn Alexndr,750mL,2,1
22390,Ch Julien Chard,750mL,2,1
332,Sailor Jerry Spiced Navy Rum,Liter,1,1
2201,Nikka Yoichi Single Malt,750mL,1,1
17876,Darkhorse Cab Svgn,750mL,2,1
2639,Bowmore Darkest Islay 15 Yr,750mL,1,1
43097,Merriam Jones Vyd Cab Franc,750mL,2,1
39765,Grahams 20-Yr Tawny Port,750mL,2,1
2888,Brenne 10 Yr French Whiskey,750mL,1,1
24528,Scott Family Est Pnt Nr Arro,750mL,2,1
19204,Pinecroft Pnt Grigio,750mL,2,1
26781,Mer Soliel Reserve Chard SB,750mL,2,1
23200,Natura Rose,750mL,2,1
6220,Casa Noble Sngl Barrel Anejo,750mL,1,1
8235,Riunite Bianco,1.5L,2,1
2247,Balvenie Portwood 21 Yr Sin,750mL,1,1
41531,Yellow Tail Shiraz/Grenache,750mL,2,1
44033,Zardetto Pros di Coneg Brut,187mL,2,1
23887,Cycles Gladiator Pnt Nr,750mL,2,1
16061,Shannon Ridge 09 Cab Svgn,750mL,2,1
1952,Johnnie Walker Blue Yr Roost,750mL,1,1
18268,Caprai Montefalco Rosso 09,750mL,2,1
22098,LAN Rsva Rioja,750mL,2,1
42410,Acorn Medley Alegria RRV,750mL,2,1
46904,Banyan Gewurz Monterey,750mL,2,1
40203,Dom La Garrigue CDR Cuvee,750mL,2,1
23426,Mt Brave Malbec Mt Veeder,750mL,2,1
8922,Taylor Lake Country Red,3L,2,1
4262,Capt Morgan Spiced Rum,750mL,1,1
1345,Basil Hayden Bourbon,750mL,1,1
24574,Galerie Pleinair Cab Svgn NV,750mL,2,1
21411,Segal's Fusion Chard/Colombd,750mL,2,1
8676,Barterhouse Bourbon,750mL,1,1
25656,14 Hands Red Blend Stampede,750mL,2,1
22739,C&P Breton  Les Perrieres,750mL,2,1
26735,It's a Headsnapper Prosecco,750mL,2,1
7740,J Roget Brut,750mL,2,1
3326,Jenkins Gin,1.75L,1,1
35294,Mionetto Prosecco Brut,187mL,2,1
16310,Mollydooker Scooter Merlot,750mL,2,1
22593,The Divining Rod Red,750mL,2,1
36376,Sebastiani Pnt Nr Sonoma,750mL,2,1
4408,Screech Spiced Rum,750mL,1,1
24720,Tenuta Sette Ponti Crognolo,750mL,2,1
20724,Spritz and Giggles,750mL,2,1
22052,Lokoya Howell Mtn Cab Svgn,750mL,2,1
8630,Fontana Candida Frascati,750mL,2,1
16794,Freakshow Cab Svgn,750mL,2,1
37604,Hardys Chard Ausl,3L,2,1
7302,Marques de Caceres Rioja Re,750mL,2,1
3472,Cazadores Blanco Tequila,750mL,1,1
27276,Zaccagnini Rsl,750mL,2,1
27176,Peter Vella Delicious Red B/,5L,2,1
5487,Fire Water Hot Cinnamon,750mL,1,1
6366,Duboeuf Pouilly Fuisse,750mL,2,1
17143,Caposaldo Pnk Merlot Moscato,750mL,2,1
4846,Cruzan Estate Diamond Dark,750mL,1,1
8338,The Glenlivet 12 Yr Single,375mL,1,1
6174,Columbia Crest Grand Merlot,750mL,2,1
39470,Barefoot Syrah Cal,750mL,2,1
28155,Sauvion Muscadet Ch de Cler,750mL,2,1
26240,Pomelo Rose,750mL,2,1
27322,W Selyum Pnt Nr RRV,750mL,2,1
6861,Sutter Home Clsc Wh Znfdl,187mL 4 Pk,2,1
16894,El Nido 12 Tinto Jumilla,750mL,2,1
19058,Chateau Camensac 10,750mL,2,1
8484,1800 Coconut Tequila,50mL,1,1
39665,Alice White Lexia Muscato,750mL,2,1
18368,Sequin Delicately Pnt Grigio,750mL,2,1
36771,Yellow Tail Merlot Ausl,1.5L,2,1
22447,Pizzolato Pnt Grigio,750mL,2,1
4139,Don Q Coco Rum,1.75L,1,1
60,Canadian Club 1858 VAP,750mL,1,1
26028,Wines of Substance Cab Svgn,750mL,2,1
28258,Nathanson Creek Cab Svgn,1.5L,2,1
2788,Laphroaig 10 Yr Single Malt,750mL,1,1
19934,Perrin Cotes du Rhone RSV Rg,750mL,2,1
4282,Capt Morgan White Pineapple,750mL,1,1
20598,Perez Cruz Cab Svgn Rsva,750mL,2,1
2075,Jim Beam Distlrs Masterpiece,750mL,1,1
26051,Ch des Labourons Fleurie Rou,750mL,2,1
25553,Billecart-Salmon Blanc de Bl,750mL,2,1
25387,G Vigouroux L Comtes Cahours,750mL,2,1
2573,Firefly Caramel Moonshine,750mL,1,1
8504,R M Woodbridge Cab Svgn Cal,1.5L,2,1
18583,Heidsieck Monopole Gold Top,750mL,2,1
2098,Snake River Stampede Whisky,750mL,1,1
40137,Dom Chandon Carneros Chard,750mL,2,1
5513,Chi Chi's Mai Tai,1.75L,1,1
14833,Vinum Cellars Red Dirt Red,750mL,2,1
2931,Hayman's Sloe Gin,750mL,1,1
14169,GSM Le Grand Noir,750mL,2,1
24156,NY Yankees Cab Svgn,750mL,2,1
24820,Ch Bourbon La Chapelle Medoc,750mL,2,1
4113,Capt Morgan White,50mL,1,1
19224,Miraval Cotes de Prvnce Rose,750mL,2,1
3572,Pinnacle Habanero Vodka,750mL,1,1
14810,Primaterra Prosecco,750mL,2,1
2908,Buchanans Deluxe 18 Yr Old,750mL,1,1
36081,La Clarence Haut Brion 10,750mL,2,1
22470,Stellar Organics Merlot,750mL,2,1
3449,Van Gogh Pomegranate Vodka,750mL,1,1
27425,Proud Pour The Oyster Svgn B,750mL,2,1
23203,Truvee Red,750mL,2,1
3970,El Toro Gold,750mL,1,1
25195,Ch Brane-Cantenac Margaux 01,750mL,2,1
31195,Northstar Merlot Columbia,750mL,2,1
3306,Hammer & Sickle Vodka,1.75L,1,1
19124,Ch la Cour d'Argent Bordeaux,750mL,2,1
13124,Shaya Verdejo Old Vines Whit,750mL,2,1
14126,Attitude 13 Rose Jolivet,750mL,2,1
24697,Schmitt Sohne Relax Pink Ros,750mL,2,1
26861,Camigiliano Brunello Di Mont,750mL,2,1
25361,Honig Cab Svgn,375mL,2,1
2055,Silo Solstice Whiskey,750mL,1,1
24846,Franciscan Merlot Napa,750mL,2,1
8032,Ballatore Gran Spumante,750mL,2,1
8696,Gekkeikan Plum Wine,750mL,2,1
20475,Hayes Valley Cab Svgn CC,750mL,2,1
3329,Seagrams Extra Smooth Vodka,1.75L,1,1
11819,Pacific Rim Vin de Glaci Rsl,375mL,2,1
14690,Bridlewood Pnt Nr Monterey C,750mL,2,1
25510,K Volk Pnt Nr San Benito,750mL,2,1
22662,Trefethen Chard Napa,750mL,2,1
601,McCormick Vodka,Liter,1,1
23323,Alter Ego de Palmer Mrgx 11,750mL,2,1
31318,Ch de la Ragotiere Muscadet,750mL,2,1
2765,Laphroaig 18 Yr Single Malt,750mL,1,1
23987,Gerard Bertrand 14 Gris Bl,750mL,2,1
20498,Jacobs Crk Chard Rsv,750mL,2,1
21408,Ramon Cardova Garnacha,750mL,2,1
23495,Ch Cantegril Sauternes 11,375mL,2,1
90087,Ch Mouton Rothschild 12 Paui,750mL,2,1
1932,Jim Beam Devils Cut Bourbon,50mL,1,1
26569,Ninety+Cellars Lot 132 Rose,750mL,2,1
22490,Can Blau Tinto Montsant,750mL,2,1
1955,Jack Daniels Tennessee Honey,375mL,1,1
3947,Herradura Anejo Tequila,750mL,1,1
33874,Bella Sera Pinot Grigio Del,1.5L,2,1
36579,Covey Run Rsl Columbia Vly,750mL,2,1
12111,LaBelle Winery Cranberry,750mL,2,1
12775,Joel Gott Svgn Bl,750mL,2,1
33333,Cavit Merlot Trentino,187mL 4 Pk,2,1
21431,Ch Pape Clement Pess leognan,750mL,2,1
3406,Skinnygirl Tangerine Vodka,750mL,1,1
20767,Chehalem Inox Chard Wlmt Vly,750mL,2,1
24013,Heritance Cab Svgn,750mL,2,1
24136,Chanson Le Bourgogne Pnt Nr,750mL,2,1
23472,Dom Vocoret & Fils Chabls 13,750mL,2,1
33210,Sycamore Lane Cab Svgn Cal,1.5L,2,1
21308,Chloe Pnt Grigio,750mL,2,1
21849,Attems Pnt Grigio Ramato,750mL,2,1
32669,Ch Ste Michelle Cold Crk Rsl,750mL,2,1
1414,Bacardi 8 Gift Set,750mL,1,1
24554,Merieau L'Arpent des Vaudons,750mL,2,1
14710,Ch Tanunda Gr Barossa Shiraz,750mL,2,1
31524,Rosemount Pnt Nr Ausl,750mL,2,1
3137,Three Olives Blueberry Vodka,50mL,1,1
5805,Jose Cuervo Light Margaritas,1.75L,1,1
18540,El Enemigo Malbec Mendoza,750mL,2,1
27196,Buena Vista Cab Svgn Sonoma,750mL,2,1
14959,Tutunjian Cab Svgn,750mL,2,1
27694,Grieve Estate Merlot,750mL,2,1
4239,Pampero Ron Anejo Aniversari,750mL,1,1
16725,Moonstone Asian Pear Sake,300mL,2,1
12944,Middle Sister Rebel Red,750mL,2,1
6446,Franzia Tap Wh Grenache Cal,5L,2,1
35709,Colosi Sicilia Dry Red,750mL,2,1
20555,Red Newt Clrs Rsl Finger Lak,750mL,2,1
19430,Taittinger La Francaise,375mL,2,1
2616,Hayman's Old Tom Gin,750mL,1,1
24385,Dom Faiv Cham Clos De Beze,750mL,2,1
20057,Ch Lascombes 10 Brdx,750mL,2,1
25430,Schlink Haus Auslese,750mL,2,1
27053,Ponte Vinho Verde Rose,750mL,2,1
4431,Screech Rum,750mL,1,1
13665,Josh Cellars Chard,750mL,2,1
33731,Hopler Gruner Veltliner,750mL,2,1
3349,Russian Standard Vodka,50mL,1,1
32649,Beringer Classic Wh Merlot,1.5L,2,1
3598,Ice Pik Vodka,750mL,1,1
19914,Gum Drop Pink Moscato,750mL,2,1
930,Pallini Limoncello Liqueur,50mL,1,1
8012,Pepe Lopez Premium Gold,Liter,1,1
26320,Ghost Block Cab Svgn Sngl Vy,750mL,2,1
24056,Honig Svgn Bl Rsv,750mL,2,1
43618,Moillard CdR Violettes Rouge,750mL,2,1
18597,Seghesio Rockpile Znfdl,750mL,2,1
2367,Glenmorangie Pride,Liter,1,1
22974,L.A. Cetto Svgn Bl,750mL,2,1
6638,M & R Asti,1.5L,2,1
17458,Skinnygirl Rose Wine,750mL,2,1
17707,Smoking Loon Steelbird Chard,750mL,2,1
2808,Uisce Beatha Irish Whisky,750mL,1,1
17209,The Divining Rod Cab Svgn,750mL,2,1
15294,Flip Flop Moscato,750mL,2,1
28029,DLD Syrah -Les Gosses,750mL,2,1
4723,Kinky Flame Whisky,50mL,1,1
28776,C K Mondavi Svgn Bl Cal,1.5L,2,1
39098,Tohu Pnt Nr Marlboro,750mL,2,1
8553,Dekuyper Blue Curacao,750mL,1,1
21537,La Merika Pnt Nr CC,750mL,2,1
26363,E&J Gallo Vyds Sweet Peach,750mL,2,1
8653,M & R Extra Dry Vermouth,375mL,2,1
38457,Smoking Loon Pnt Nr,750mL,2,1
40621,Santa Margherita Prosecco V,750mL,2,1
5364,Kahlua,1.75L,1,1
6987,Rosemount Shiraz/Cab Svgn,750mL,2,1
42785,Cakebread Benchland Cab Svgn,750mL,2,1
15643,Poseidons Vyd Molnar Pnt Nr,750mL,2,1
19971,Ch Le Bon Pasteur 10 Brdx,750mL,2,1
22178,Portal 40 Yr Old Tawny Port,750mL,2,1
23807,Couly-Dutheil Chinon Rose,750mL,2,1
25971,Zuccardi Q Cab Svgn,750mL,2,1
3100,Ciroc Red Berry Vodka,1.75L,1,1
5015,Arrow Creme de Banana,750mL,1,1
13920,Live-A-Little Ravishing Red,750mL,2,1
32065,Rosemount Cab Svgn/Merlot,750mL,2,1
6346,Amaretto Villa Vittoria Liq,750mL,1,1
15835,Ninety+Cellars Lot 33 Rose,750mL,2,1
26655,Castignano Marche Sangiovese,750mL,2,1
8361,Carlo Rossi Chablis Calif,4L,2,1
7279,Yago Sant'Gria Red,1.5L,2,1
5656,Cabin Fever Maple Liqueur,50mL,1,1
28919,Gallo Twin Valley Merlot Cal,1.5L,2,1
37083,Jewell Towne Cayuga Wh NH,750mL,2,1
38165,Jaume Serra Cristalino Rose,750mL,2,1
6738,Dream Catcher Irish Liqueur,50mL,1,1
18640,Fetzer Quartz White Blend,750mL,2,1
27886,Roth Estate Pinot Noir,750mL,2,1
4574,Remy Martin VS Cognac,750mL,1,1
18099,Shafer Hillside Cab Svgn,1.5L,2,1
19722,Taittinger Brut Millesime,750mL,2,1
41411,Bodini Malbec Mendoza,750mL,2,1
17017,Riebeek Cellars Chard,750mL,2,1
26804,L Aubry Fils Brut 1er Cru,750mL,2,1
38348,Nobilo Icon Svgn Bl Marlboro,750mL,2,1
807,Jim Beam,Liter,1,1
3724,Absolut Citron,750mL,1,1
25281,Ransom Dry Vermouth,500mL,2,1
7969,Sandeman Founders RSV Port,750mL,2,1
8965,St George Absinthe Verte,750mL,1,1
26277,Popcorn Chard,750mL,2,1
22032,Hob Nob Wicked Red Ltd Ed,750mL,2,1
16791,Gallo Signature Series Cab S,750mL,2,1
12901,Madria Sangria,1.5L,2,1
6735,Gallo Twin Valley Chard Cal,1.5L,2,1
4411,Fabrizia's Italian Margarita,750mL,1,1
5739,Malibu Rum,50mL,1,1
25258,Ch Maine d'Arman Cote Bourg,750mL,2,1
17100,Z-52 Znfdl Lodi Old Vines,750mL,2,1
6950,Solerno Blood Orange Liqueur,750mL,1,1
40246,R Mondavi Pvt Sel Cab Svgn,375mL,2,1
784,Allen's Sour Apple Liqueur,Liter,1,1
22055,The Girls in the Vineyard Wh,750mL,2,1
24926,Herzog Kosher Znfdl,750mL,2,1
23266,Ornellaia Ornus,750mL,2,1
6426,Schmitt Sohne Liebfraumilch,1.5L,2,1
5430,Grand Marnier Cuvee 1880,750mL,1,1
40054,Campo Viejo Tempranillo RSV,750mL,2,1
23074,Madrigal Cab Svgn,750mL,2,1
18829,Champ de Reves Pnt Nr,750mL,2,1
19825,Ch Monbousquet 10 Brdx,750mL,2,1
23220,Parducci Pnt Nr,750mL,2,1
16814,H3 Horse Heaven Hills Red Co,750mL,2,1
24216,Dom Ste Michelle Extra Dry,750mL,2,1
10863,Sea Smoke Southing Pnt Nr,750mL,2,1
24757,Domain Drouhin Pnt Nr Ore,750mL,2,1
18806,Moet & Chandon Grand Vintage,750mL,2,1
22765,Renacer Red Mendoza,750mL,2,1
1494,Hibiki 12Yr Japanese Whisky,750mL,1,1
2490,The Dalmore 15 Yr,750mL,1,1
6904,Westland Trinity 3 Pack,200mL 3 Pk,1,1
5221,RumChata Liqueur,375mL,1,1
23197,Yellow Tail Sangria Blanco,1.5L,2,1
976,McCormick Gold Label Bourbon,Liter,1,1
36851,Frey Syrah Organic Mendocino,750mL,2,1
23452,Santa Rita Secret Rsv Red,750mL,2,1
25118,Foxglove Cab Svgn,750mL,2,1
4219,Commander Quincy's Rum Toddy,750mL,1,1
22533,Jadot Marsannay Clos Roy 12,750mL,2,1
27697,Volpaia Prelius Cab Svgn,750mL,2,1
8155,Black Velvet Plastic,375mL,1,1
3870,Montelobos Mezcal,750mL,1,1
3532,Milagro Reposado Tequila,750mL,1,1
44986,Gruet Rose Brut,750mL,2,1
2991,Tullibardine Single Malt,750mL,1,1
1663,Jim Beam Maple,50mL,1,1
14352,Coastal Vines White Zinfande,1.5L,2,1
27010,J Moreau & Fils Chablis,750mL,2,1
27133,Fattoire Dei Barbi 08 T Monl,750mL,2,1
11149,Napa Cellars Svgn Bl,750mL,2,1
25467,Schug Cab Svgn,750mL,2,1
42115,Jewell Towne Cab Svgn NH,750mL,2,1
2204,Bowmore 25 Yr Single Malt,750mL,1,1
5198,The Bitter Truth Violet,750mL,1,1
18852,Mirassou Sunset Red,750mL,2,1
4265,Capt Morgan Spiced Rum,375mL,1,1
8178,Bulleit Bourbon,750mL,1,1
6257,Carlo Rossi Blush Calif,4L,2,1
26818,Ravenswood Znfdl Napa,750mL,2,1
8424,1800 Coconut Tequila,750mL,1,1
3183,Jose Cuervo Tradicional Slvr,750mL,1,1
15085,Franzia Tap Pnt Grigio,5L,2,1
38889,Justin Justification Paso R,750mL,2,1
42971,Kesselstatt Piesp G Kab Rsl,750mL,2,1
24408,Chapelle de Bastion Picpoul,750mL,2,1
25736,Moulin de Gassac Guilhem Red,750mL,2,1
3014,Smirnoff Coconut,750mL,1,1
32915,Kim Crawford Svgn Bl Marlbro,750mL,2,1
4488,Zhenka Tropical Dark Rum,1.75L,1,1
25513,Elvio Cogno Dolcetto D'Alba,750mL,2,1
36874,Yellow Tail Merlot Ausl,750mL,2,1
3701,UV Sangria Vodka,50mL,1,1
20472,Viu Manent Rsva Cab Svgn,750mL,2,1
26423,Arnaldo Caprai Grecante Grec,750mL,2,1
21013,WindRacer RRV Pnt Nr,750mL,2,1
6967,Santa Margherita Pnt Grigio,750mL,2,1
19453,Wente Southern Hill Cab Svgn,750mL,2,1
27528,Bertani Due Uve White Venet,750mL,2,1
14129,14 Hands Hot to Trot Red,750mL,2,1
19785,Warre's Vintage Port 2011,375mL,2,1
22702,Peter Michael Danseuse Pnt N,750mL,2,1
24279,Fontanafredda La Rosa Barolo,750mL,2,1
27611,Dominus Napanook 13,750mL,2,1
2141,Loch Lomond 12 Yr,750mL,1,1
41033,Menage a Trois White,750mL,2,1
23389,Opici Fish Bottle Bianco,750mL,2,1
32543,Villa Cornaro Pinot Grigio,750mL,2,1
6280,Penfolds Koonunga Hill Chard,750mL,2,1
24717,Merum Monastrell Jumilla,750mL,2,1
22264,Cuttings Red,750mL,2,1
26592,Broadside Margarita 13 Cab S,750mL,2,1
22596,Erath Leland Pnt Nr,750mL,2,1
36078,Ch Angelus 10,750mL,2,1
27219,Poggio Antico 11 Brun Altero,750mL,2,1
23592,Daou Soul of a Lion Red,750mL,2,1
13442,Puydeval VDP D'Oc Red Blend,750mL,2,1
36373,Cavit Pinot Noir Bottega Vi,750mL,2,1
16559,Badenhorst Secateurs Red,750mL,2,1
19061,Ch Olivier Pessac-Leognan 10,750mL,2,1
45859,Col D'Orcia Rosso di Mntlcno,750mL,2,1
25596,Kettmeir Muller Thurgau Alto,750mL,2,1
1348,Knob Creek Bourbon,375mL,1,1
24325,La Crema Chard Sonoma Cst,750mL,2,1
5676,Kinky Liqueur,50mL,1,1
17332,Sean Minor 4B Cntl Cst Chard,750mL,2,1
44637,Sea Ridge Chard Cal,1.5L,2,1
33067,Montevina Pnt Grigio Cal,750mL,2,1
18660,Gaia Ritinitis Nobile Retsna,750mL,2,1
11341,Herzog Kosher Wh Znfdl,750mL,2,1
1262,Fitch's Goat Moonshine,750mL,1,1
2344,Bunnahabain 18Yr Single Malt,750mL,1,1
22656,Iron Horse Est Pnt Nr,750mL,2,1
2035,Glen Moray Classic Scotch,750mL,1,1
7986,Sapling Vermont Maple Liquer,750mL,1,1
18265,Gianni Gagliardo Barolo S 07,750mL,2,1
19347,The Royal Chenin Blanc,750mL,2,1
43950,Schlumberger Pinot Gris Pri,750mL,2,1
4889,Jenkins Coffee Brandy,1.75L,1,1
23784,Zolo Malbec Rsv,750mL,2,1
6472,Richards Wild Irish Rose Red,750mL,2,1
1889,El Toro Gold Tequila,Liter,1,1
45424,Gruet Blanc de Noir,750mL,2,1
17292,Defesa Rose Alentejo,750mL,2,1
19201,Jadot 12 Steel Chard,750mL,2,1
24863,Double Canyon Heaven H Cab S,750mL,2,1
561,Berkshire Mtn Ice Glen Vodka,750mL,1,1
22201,Tormaresca Primitivo,750mL,2,1
27027,Leyda Lot 21 Pnt Nr,750mL,2,1
3223,Ice Pik Vodka,Liter,1,1
19848,Carnivor Cab Svgn,750mL,2,1
6864,St Francis Chard,750mL,2,1
19645,Line 39 Pnt Nr,750mL,2,1
23137,Circadia Cab Svgn Napa Vly,750mL,2,1
9028,Prairie Organic Gin,750mL,1,1
13651,Fontanafredda Briccotondo,750mL,2,1
17979,California 37 Cab Svgn,750mL,2,1
26340,Avancia 15 Cuvee De O Rose M,750mL,2,1
28006,Priest Ranch Coach Gun Red,750mL,2,1
17186,Columna Albarino,750mL,2,1
5825,Arrow Blackraspberry Liqueur,750mL,1,1
25012,Virtu St Supery White Blend,750mL,2,1
20973,Lustau Pedro Ximenez San Emi,750mL,2,1
1995,Jose Cuervo R Rolling Stones,750mL,1,1
26678,Fontanafredda Barolo Serralu,500mL,2,1
3764,Patron Reposado Tequila,375mL,1,1
21076,Natura Pnt Nr,750mL,2,1
8092,Johnnie Walker Red Label,50mL,1,1
2682,The Glendronach 12 Yr Scotch,750mL,1,1
2928,Glenmorangie Tusail Giftbox,750mL,1,1
25991,Vista Point Pnt Grigio/Col,750mL,2,1
4010,Armorik Single Malt Whiskey,750mL,1,1
18912,Tablas Creek Espirit Rouge,750mL,2,1
4697,Courvoisier 21 Yr Cognac,750mL,1,1
369,Svedka Grape Vodka,Liter,1,1
3615,Bacardi Anejo Mexican Rum,750mL,1,1
1886,Seagrams 7 Crown,750mL,1,1
5633,Flag Hill Cranberry Liqueur,375mL,1,1
1388,Red Stag by Jim Beam,1.75L,1,1
16708,Bolla Valpo Ripasso Cls Sup,750mL,2,1
890,Sobieski Cytron Vodka,Liter,1,1
34020,Champalou Vouvray Cuvee Fon,750mL,2,1
25364,Cyrus Alexander Vly,1.5L,2,1
37435,Duval-Leroy Champagne Brut,750mL,2,1
8550,S S Pierce Vodka,1.75L,1,1
42676,Kistler Chard Sonma Mountain,750mL,2,1
21119,Wicked Silky Shiraz,750mL,2,1
16210,Inman Family Pnt Nr RRV Sono,750mL,2,1
24866,Villa Maria Pnt Nr Private B,750mL,2,1
12772,Joel Gott Chard,750mL,2,1
33213,Sycamore Lane Merlot Cal,750mL,2,1
913,Smirnoff Raspberry Vodka,Liter,1,1
3618,Pinnacle Mimosa Vodka,750mL,1,1
35918,Stone Cellars Pnt Grigio,1.5L,2,1
21428,Verde Sole Petite Sirah,750mL,2,1
25055,Jadot Echezeaux 13,750mL,2,1
13270,Backhouse Cab Svgn,750mL,2,1
2407,The Dalmore Cigar Malt Rsv,750mL,1,1
3595,Smirnoff Blue 100 Proof,750mL,1,1
15168,Durigutti Malbec Mendoza,750mL,2,1
23157,Champlain Orchards Sprklng C,375mL,2,1
18414,M D 20/20 Habanero Lime Arit,750mL,2,1
13505,C Y Toro Casillero Pnt Nr,750mL,2,1
33734,Hopler Pinot Noir Austria,750mL,2,1
22161,Santa Rita Organic Svgn Bl,750mL,2,1
10259,Hobo Znfdl Dry Creek,750mL,2,1
39473,Acorn Cve Alegria Russ Syrah,750mL,2,1
28567,Marquis de Riscal Rueda Wh,750mL,2,1
22828,Beaux Freres Vyds Pnt Nr,750mL,2,1
2121,Canadian Club Traveler,750mL,1,1
41159,Phillips Earthquake Ld Znfdl,750mL,2,1
10236,Layer Cake Malbec Mendoza,750mL,2,1
5822,Ryans Irish Cream,375mL,1,1
39450,Ponzi Willamette Pnt Nr,750mL,2,1
20429,Carpineto Montepulciano 11,750mL,2,1
8527,Concannon Glen Ellen Wh Zin,750mL,2,1
23134,Carpano Bianco Vermouth,Liter,2,1
18437,Charles Smith King Coal Red,750mL,2,1
27093,Feast Moschofilero,750mL,2,1
22138,Madame Fleur Rose Vin d Pays,750mL,2,1
17896,Ch L'Argentier Vignes Cin 09,750mL,2,1
4806,Leroux Blackberry Brandy,1.75L,1,1
16877,Ninety+Cellars Lot 53 Cab Sv,750mL,2,1
4634,Gold Crown Wh Rum,1.75L,1,1
6798,Livingston Chablis Blush Ca,1.5L,2,1
17375,Legacy Red Alexander Valley,750mL,2,1
2885,Patron Anejo Tequila BTB,750mL,1,1
13960,Vieux Clocher Cote du Rhone,750mL,2,1
3140,TGI Fridays Orange Dream,1.75L,1,1
19954,Ch Cos d'Estournel 10,750mL,2,1
5155,Arrow Brown Creme de Cacao,750mL,1,1
7860,Sutter Home Wh Znfdl,750mL,2,1
870,Carpano Antica Formula,Liter,2,1
15477,Vietti Nebbiolo Perbacco DOC,750mL,2,1
26838,St Hilaire Cr de Limoux Rose,750mL,2,1
28069,Sutter Home Merlot Cal,1.5L,2,1
28736,Turning Leaf RSV Pnt Grigio,750mL,2,1
39971,Ch Montelena Cab Svgn Napa,750mL,2,1
17916,Tenuta San Guido 09 Sassacia,750mL,2,1
14670,Sutter Home Moscato,187mL 4 Pk,2,1
847,Glenfiddich 12 Year Old Sco,Liter,1,1
1929,Old New England Cinn Egg Nog,750mL,1,1
22659,Iron Horse Wedding Cuvee,750mL,2,1
23326,Ch Bernadotte Haut-Medoc 11,750mL,2,1
12506,Piazzo Barolo,750mL,2,1
2101,New Amsterdam Gin,375mL,1,1
25905,Miner Svgn Bl Napa,750mL,2,1
46048,Wellington Cab Svgn Sonoma,750mL,2,1
11424,Ch Julien Cab Svgn Mont Cnty,750mL,2,1
2619,Glenmorangie Original 10 Yr,1.75L,1,1
4783,Mr Boston Apricot Brandy,1.75L,1,1
10734,A Bichot Chablis Long Depaqt,750mL,2,1
32546,Artesa Carneros Pnt Nr,750mL,2,1
25341,Bollinger R.D. 2002,750mL,2,1
22808,Honeymaker Spiced Mead,375mL,2,1
16144,Fish Eye Moscato,750mL,2,1
24800,The Pinot Project Pnt Grigio,750mL,2,1
23349,Guigal Cotes du Rhone Rose,750mL,2,1
23890,Cycles Gladiator Merlot,750mL,2,1
13980,Dom de Victoires Quincy Whte,750mL,2,1
39599,R M Woodbridge Chard Cal,187mL 4 Pk,2,1
3054,Smirnoff Kissed Caramel,750mL,1,1
19370,Barefoot Perfectly Pink,750mL,2,1
2058,Booth's Cask Mellowed Gin,750mL,1,1
43429,MontGras RSV Cab Svgn,750mL,2,1
26615,Turning Leaf RSV Cab Svgn,750mL,2,1
8401,Bols Blue Curacao,Liter,1,1
41912,Matua Pnt Nr Marlboro,750mL,2,1
4073,Calico Jack Pin/Coc Rum,750mL,1,1
4677,Courvoisier 12 Yr Cognac,750mL,1,1
29649,St Hilaire Blanc de Blancs,750mL,2,1
435,Il Tramonto Limoncello,750mL,1,1
5759,Malibu Tropical Banana Rum,750mL,1,1
41222,C Krug Svgn Bl Napa,750mL,2,1
28238,Banfi Pnt Grigio Rime,750mL,2,1
20664,Fonseca Porto 11,750mL,2,1
17747,Penner-Ash Viognier,750mL,2,1
26403,Mouton Cadet Ryder Cup Red B,750mL,2,1
25321,Capeside Cellars Svgn Blanc,750mL,2,1
4763,Ron Zacapa XO Rum,750mL,1,1
22075,Kesselstatt Piesporter Gold,750mL,2,1
14415,Peter Lehmann Layers Red,750mL,2,1
18743,Ca'Momi Merlot Napa Valley,750mL,2,1
3681,OuterSpace Vodka,750mL,1,1
24992,Buglioni L'Amarone,750mL,2,1
36894,Chambers Rosewood Muscat,375mL,2,1
8072,Taittinger Brut La Francais,750mL,2,1
5367,Sambuca di Amore,750mL,1,1
6990,Marie Brizard Chocolat Royal,750mL,2,1
16728,Pine Ridge Forefront Cab Svg,750mL,2,1
37913,Pouilly Fume Minet Vls Vgns,750mL,2,1
24929,Corvo Nero d'Avola & Pnt Gr,750mL 2 Pk,2,1
24388,Steph Avrn Chn Vielles Vig,750mL,2,1
20601,Pulenta Est Chard,750mL,2,1
41614,Ridge Pagoni Ranch Znfdl,750mL,2,1
1039,Three Olives Vodka w/Flask,750mL,1,1
35663,Redwood Creek Cab Svgn Cal,750mL,2,1
43323,Keo St John Commandaria Cyp,750mL,2,1
43237,Acorn Alegria Vyds Cab Franc,750mL,2,1
18978,900 Grapes Svgn Bl,750mL,2,1
20060,Ch Troplong Mondot 10 Brdx,750mL,2,1
44511,MacMurray Ranch C Cst Pnt Nr,750mL,2,1
8464,Ch de Montfort Vouvray,750mL,2,1
35855,Botromagno Gravina,750mL,2,1
1972,Admiral Nelson Egg Nog,750mL,1,1
23114,Patz & Hall Pnt Nr Sonoma Cs,750mL,2,1
18786,Avante Tinto Fino Ribera Del,750mL,2,1
1474,George Dickel #12 Sour Mash,750mL,1,1
20950,Bouza Merlot Tannat 12,750mL,2,1
3638,Pinnacle Whipped,50mL,1,1
19284,The Curator White,750mL,2,1
5802,Martell VSOP Cognac,750mL,1,1
27442,Renato Ratti Barb d'Asti Bat,750mL,2,1
3489,Tanqueray,1.75L,1,1
5653,Kahlua Cinnamon Spice,750mL,1,1
4179,Bacardi Dragon Berry Rum,1.75L,1,1
2015,Jack Daniels Tennessee Honey,750mL,1,1
17163,Menage a Trois Cab Svgn,750mL,2,1
20409,NxNW Red Columbia Valley,750mL,2,1
6343,Vendange Merlot,750mL,2,1
24494,Buehler Wh Znfdl Napa,750mL,2,1
25819,Ch de Mattes Corbieres 13,750mL,2,1
21491,Erre d Herrero Verdejo Rueda,750mL,2,1
23655,Tavernello Pnt Grigio,750mL,2,1
25576,Simmonet-Febvre Cremant de B,750mL,2,1
18394,Ravines Gewurztraminer,750mL,2,1
1623,Bulleit 95 Rye,375mL,1,1
2164,New Amsterdam Gin,1.75L,1,1
541,Juarez Gold Tequila,Liter,1,1
38952,Nora Albarino Rias Baixas,750mL,2,1
3787,Jose Cuervo Especial Silver,750mL,1,1
13525,Stags Leap The Leap Cab Svgn,750mL,2,1
40575,Chiarlo Barbaresco Piedmont,750mL,2,1
43821,Little Black Dress Pnt Grigi,750mL,2,1
1082,Bushmills Blackbush VAP,750mL,1,1
3246,Bentley's Vodka,1.75L,1,1
5410,Raspberry di Amore,750mL,1,1
44362,Cusumano Nero D'Avola Sicily,750mL,2,1
27591,Righetti Amarone Valpo Clsc,750mL,2,1
25427,Fattoire Barbi 10 Brunello,750mL,2,1
12443,Kim Crawford Svgn Bl Marlbro,375mL,2,1
