VendorNumber,VendorName,PONumber,PODate,LastReceivingDate,ObservedLeadTimeDays,PurchaseDollars,POCycleAgingBucket,LeadTimeOutlierFlag,PortfolioMedianLeadTimeDays,PortfolioMeanLeadTimeDays,PortfolioStdLeadTimeDays,LeadTimeVsMedianDays
2,"IRA GOLDMAN AND WILLIAMS, LLP",8848,2024-02-09,2024-02-18,9.0,119.3,8-15 days,0,10.0,9.932707919898972,2.1291696542263194,-1.0
2,"IRA GOLDMAN AND WILLIAMS, LLP",9855,2024-04-19,2024-04-30,11.0,5440.0,8-15 days,0,10.0,9.932707919898972,2.1291696542263194,1.0
2,"IRA GOLDMAN AND WILLIAMS, LLP",10192,2024-05-12,2024-05-20,8.0,47.72,8-15 days,0,10.0,9.932707919898972,2.1291696542263194,-2.0
2,"IRA GOLDMAN AND WILLIAMS, LLP",12064,2024-09-12,2024-09-19,7.0,23.86,0-7 days,0,10.0,9.932707919898972,2.1291696542263194,-3.0
54,AAPER ALCOHOL & CHEMICAL CO,13148,2024-11-21,2024-12-01,10.0,105.07,8-15 days,0,10.0,9.932707919898972,2.1291696542263194,0.0
60,ADAMBA IMPORTS INTL INC,10186,2024-05-12,2024-05-20,8.0,3319.08,8-15 days,0,10.0,9.932707919898972,2.1291696542263194,-2.0
60,ADAMBA IMPORTS INTL INC,10239,2024-05-16,2024-05-27,11.0,748.42,8-15 days,0,10.0,9.932707919898972,2.1291696542263194,1.0
60,ADAMBA IMPORTS INTL INC,10412,2024-05-27,2024-06-05,9.0,1008.74,8-15 days,0,10.0,9.932707919898972,2.1291696542263194,-1.0
60,ADAMBA IMPORTS INTL INC,10514,2024-06-03,2024-06-12,9.0,1871.05,8-15 days,0,10.0,9.932707919898972,2.1291696542263194,-1.0
60,ADAMBA IMPORTS INTL INC,10613,2024-06-10,2024-06-17,7.0,2082.56,0-7 days,0,10.0,9.932707919898972,2.1291696542263194,-3.0
60,ADAMBA IMPORTS INTL INC,10680,2024-06-15,2024-06-24,9.0,2245.26,8-15 days,0,10.0,9.932707919898972,2.1291696542263194,-1.0
60,ADAMBA IMPORTS INTL INC,10776,2024-06-22,2024-06-30,8.0,1203.98,8-15 days,0,10.0,9.932707919898972,2.1291696542263194,-2.0
60,ADAMBA IMPORTS INTL INC,10834,2024-06-25,2024-07-01,6.0,227.78,0-7 days,0,10.0,9.932707919898972,2.1291696542263194,-4.0
60,ADAMBA IMPORTS INTL INC,10968,2024-06-29,2024-07-08,9.0,2082.56,8-15 days,0,10.0,9.932707919898972,2.1291696542263194,-1.0
60,ADAMBA IMPORTS INTL INC,11108,2024-07-08,2024-07-15,7.0,1650.39,0-7 days,0,10.0,9.932707919898972,2.1291696542263194,-3.0
60,ADAMBA IMPORTS INTL INC,11169,2024-07-13,2024-07-23,10.0,2619.47,8-15 days,0,10.0,9.932707919898972,2.1291696542263194,0.0
60,ADAMBA IMPORTS INTL INC,11260,2024-07-19,2024-07-29,10.0,2473.04,8-15 days,0,10.0,9.932707919898972,2.1291696542263194,0.0
60,ADAMBA IMPORTS INTL INC,11380,2024-07-27,2024-08-07,11.0,2521.85,8-15 days,0,10.0,9.932707919898972,2.1291696542263194,1.0
60,ADAMBA IMPORTS INTL INC,11426,2024-07-31,2024-08-12,12.0,2310.34,8-15 days,0,10.0,9.932707919898972,2.1291696542263194,2.0
60,ADAMBA IMPORTS INTL INC,11564,2024-08-09,2024-08-19,10.0,2765.9,8-15 days,0,10.0,9.932707919898972,2.1291696542263194,0.0
60,ADAMBA IMPORTS INTL INC,11685,2024-08-17,2024-08-27,10.0,2180.18,8-15 days,0,10.0,9.932707919898972,2.1291696542263194,0.0
60,ADAMBA IMPORTS INTL INC,11807,2024-08-25,2024-09-02,8.0,2717.09,8-15 days,0,10.0,9.932707919898972,2.1291696542263194,-2.0
60,ADAMBA IMPORTS INTL INC,11900,2024-09-01,2024-09-10,9.0,4555.6,8-15 days,0,10.0,9.932707919898972,2.1291696542263194,-1.0
60,ADAMBA IMPORTS INTL INC,11952,2024-09-05,2024-09-12,7.0,488.1,0-7 days,0,10.0,9.932707919898972,2.1291696542263194,-3.0
60,ADAMBA IMPORTS INTL INC,12056,2024-09-12,2024-09-23,11.0,4946.08,8-15 days,0,10.0,9.932707919898972,2.1291696542263194,1.0
60,ADAMBA IMPORTS INTL INC,12144,2024-09-18,2024-09-30,12.0,2637.26,8-15 days,0,10.0,9.932707919898972,2.1291696542263194,2.0
60,ADAMBA IMPORTS INTL INC,12252,2024-09-23,2024-10-01,8.0,48.81,8-15 days,0,10.0,9.932707919898972,2.1291696542263194,-2.0
60,ADAMBA IMPORTS INTL INC,12311,2024-09-25,2024-10-08,13.0,4051.23,8-15 days,0,10.0,9.932707919898972,2.1291696542263194,3.0
60,ADAMBA IMPORTS INTL INC,12412,2024-10-02,2024-10-14,12.0,2415.08,8-15 days,0,10.0,9.932707919898972,2.1291696542263194,2.0
60,ADAMBA IMPORTS INTL INC,12515,2024-10-09,2024-10-21,12.0,2603.2,8-15 days,0,10.0,9.932707919898972,2.1291696542263194,2.0
60,ADAMBA IMPORTS INTL INC,12671,2024-10-19,2024-10-28,9.0,1627.0,8-15 days,0,10.0,9.932707919898972,2.1291696542263194,-1.0
60,ADAMBA IMPORTS INTL INC,12745,2024-10-25,2024-11-04,10.0,1610.73,8-15 days,0,10.0,9.932707919898972,2.1291696542263194,0.0
60,ADAMBA IMPORTS INTL INC,12907,2024-11-04,2024-11-11,7.0,2057.14,0-7 days,0,10.0,9.932707919898972,2.1291696542263194,-3.0
60,ADAMBA IMPORTS INTL INC,12974,2024-11-08,2024-11-18,10.0,1871.05,8-15 days,0,10.0,9.932707919898972,2.1291696542263194,0.0
60,ADAMBA IMPORTS INTL INC,13102,2024-11-17,2024-11-27,10.0,1090.09,8-15 days,0,10.0,9.932707919898972,2.1291696542263194,0.0
60,ADAMBA IMPORTS INTL INC,13179,2024-11-23,2024-12-02,9.0,1822.24,8-15 days,0,10.0,9.932707919898972,2.1291696542263194,-1.0
60,ADAMBA IMPORTS INTL INC,13268,2024-11-29,2024-12-09,10.0,2261.53,8-15 days,0,10.0,9.932707919898972,2.1291696542263194,0.0
60,ADAMBA IMPORTS INTL INC,13430,2024-12-09,2024-12-16,7.0,3727.61,0-7 days,0,10.0,9.932707919898972,2.1291696542263194,-3.0
60,ADAMBA IMPORTS INTL INC,13465,2024-12-12,2024-12-24,12.0,1334.14,8-15 days,0,10.0,9.932707919898972,2.1291696542263194,2.0
60,ADAMBA IMPORTS INTL INC,13594,2024-12-20,2024-12-31,11.0,3595.67,8-15 days,0,10.0,9.932707919898972,2.1291696542263194,1.0
105,ALTAMAR BRANDS LLC,8124,2023-12-21,2024-01-02,12.0,214.26,8-15 days,0,10.0,9.932707919898972,2.1291696542263194,2.0
105,ALTAMAR BRANDS LLC,8234,2023-12-29,2024-01-07,9.0,428.52,8-15 days,0,10.0,9.932707919898972,2.1291696542263194,-1.0
105,ALTAMAR BRANDS LLC,8836,2024-02-09,2024-02-18,9.0,642.78,8-15 days,0,10.0,9.932707919898972,2.1291696542263194,-1.0
105,ALTAMAR BRANDS LLC,8979,2024-02-18,2024-02-23,5.0,214.26,0-7 days,0,10.0,9.932707919898972,2.1291696542263194,-5.0
105,ALTAMAR BRANDS LLC,9016,2024-02-21,2024-03-01,9.0,214.26,8-15 days,0,10.0,9.932707919898972,2.1291696542263194,-1.0
105,ALTAMAR BRANDS LLC,9131,2024-02-29,2024-03-08,8.0,107.13,8-15 days,0,10.0,9.932707919898972,2.1291696542263194,-2.0
105,ALTAMAR BRANDS LLC,9449,2024-03-22,2024-03-29,7.0,214.26,0-7 days,0,10.0,9.932707919898972,2.1291696542263194,-3.0
105,ALTAMAR BRANDS LLC,9518,2024-03-27,2024-04-06,10.0,214.26,8-15 days,0,10.0,9.932707919898972,2.1291696542263194,0.0
105,ALTAMAR BRANDS LLC,9719,2024-04-10,2024-04-19,9.0,428.52,8-15 days,0,10.0,9.932707919898972,2.1291696542263194,-1.0
105,ALTAMAR BRANDS LLC,9871,2024-04-20,2024-04-27,7.0,214.26,0-7 days,0,10.0,9.932707919898972,2.1291696542263194,-3.0
105,ALTAMAR BRANDS LLC,9952,2024-04-26,2024-05-06,10.0,568.02,8-15 days,0,10.0,9.932707919898972,2.1291696542263194,0.0
105,ALTAMAR BRANDS LLC,10021,2024-05-01,2024-05-12,11.0,107.13,8-15 days,0,10.0,9.932707919898972,2.1291696542263194,1.0
105,ALTAMAR BRANDS LLC,10222,2024-05-15,2024-05-27,12.0,71.42,8-15 days,0,10.0,9.932707919898972,2.1291696542263194,2.0
105,ALTAMAR BRANDS LLC,10377,2024-05-25,2024-06-04,10.0,214.26,8-15 days,0,10.0,9.932707919898972,2.1291696542263194,0.0
105,ALTAMAR BRANDS LLC,10465,2024-05-31,2024-06-08,8.0,428.52,8-15 days,0,10.0,9.932707919898972,2.1291696542263194,-2.0
105,ALTAMAR BRANDS LLC,10578,2024-06-08,2024-06-16,8.0,214.26,8-15 days,0,10.0,9.932707919898972,2.1291696542263194,-2.0
105,ALTAMAR BRANDS LLC,10632,2024-06-12,2024-06-24,12.0,428.52,8-15 days,0,10.0,9.932707919898972,2.1291696542263194,2.0
105,ALTAMAR BRANDS LLC,10797,2024-06-23,2024-06-27,4.0,214.26,0-7 days,0,10.0,9.932707919898972,2.1291696542263194,-6.0
105,ALTAMAR BRANDS LLC,10835,2024-06-25,2024-07-01,6.0,71.42,0-7 days,0,10.0,9.932707919898972,2.1291696542263194,-4.0
105,ALTAMAR BRANDS LLC,10998,2024-07-01,2024-07-05,4.0,392.81,0-7 days,0,10.0,9.932707919898972,2.1291696542263194,-6.0
105,ALTAMAR BRANDS LLC,11170,2024-07-13,2024-07-18,5.0,214.26,0-7 days,0,10.0,9.932707919898972,2.1291696542263194,-5.0
105,ALTAMAR BRANDS LLC,11310,2024-07-22,2024-07-29,7.0,428.52,0-7 days,0,10.0,9.932707919898972,2.1291696542263194,-3.0
105,ALTAMAR BRANDS LLC,11381,2024-07-27,2024-08-03,7.0,392.81,0-7 days,0,10.0,9.932707919898972,2.1291696542263194,-3.0
105,ALTAMAR BRANDS LLC,11565,2024-08-09,2024-08-17,8.0,428.52,8-15 days,0,10.0,9.932707919898972,2.1291696542263194,-2.0
105,ALTAMAR BRANDS LLC,11666,2024-08-16,2024-08-22,6.0,214.26,0-7 days,0,10.0,9.932707919898972,2.1291696542263194,-4.0
105,ALTAMAR BRANDS LLC,11817,2024-08-26,2024-08-29,3.0,214.26,0-7 days,0,10.0,9.932707919898972,2.1291696542263194,-7.0
105,ALTAMAR BRANDS LLC,11835,2024-08-28,2024-09-09,12.0,214.26,8-15 days,0,10.0,9.932707919898972,2.1291696542263194,2.0
105,ALTAMAR BRANDS LLC,11938,2024-09-04,2024-09-14,10.0,642.78,8-15 days,0,10.0,9.932707919898972,2.1291696542263194,0.0
105,ALTAMAR BRANDS LLC,12057,2024-09-12,2024-09-22,10.0,214.26,8-15 days,0,10.0,9.932707919898972,2.1291696542263194,0.0
105,ALTAMAR BRANDS LLC,12352,2024-09-27,2024-10-04,7.0,214.26,0-7 days,0,10.0,9.932707919898972,2.1291696542263194,-3.0
105,ALTAMAR BRANDS LLC,12499,2024-10-07,2024-10-12,5.0,428.52,0-7 days,0,10.0,9.932707919898972,2.1291696542263194,-5.0
105,ALTAMAR BRANDS LLC,12583,2024-10-13,2024-10-20,7.0,214.26,0-7 days,0,10.0,9.932707919898972,2.1291696542263194,-3.0
105,ALTAMAR BRANDS LLC,12618,2024-10-16,2024-10-24,8.0,214.26,8-15 days,0,10.0,9.932707919898972,2.1291696542263194,-2.0
105,ALTAMAR BRANDS LLC,12802,2024-10-28,2024-11-02,5.0,214.26,0-7 days,0,10.0,9.932707919898972,2.1291696542263194,-5.0
105,ALTAMAR BRANDS LLC,12874,2024-11-02,2024-11-07,5.0,428.52,0-7 days,0,10.0,9.932707919898972,2.1291696542263194,-5.0
105,ALTAMAR BRANDS LLC,13050,2024-11-14,2024-11-23,9.0,214.26,8-15 days,0,10.0,9.932707919898972,2.1291696542263194,-1.0
105,ALTAMAR BRANDS LLC,13304,2024-12-01,2024-12-05,4.0,214.26,0-7 days,0,10.0,9.932707919898972,2.1291696542263194,-6.0
105,ALTAMAR BRANDS LLC,13336,2024-12-04,2024-12-15,11.0,214.26,8-15 days,0,10.0,9.932707919898972,2.1291696542263194,1.0
105,ALTAMAR BRANDS LLC,13445,2024-12-11,2024-12-21,10.0,214.26,8-15 days,0,10.0,9.932707919898972,2.1291696542263194,0.0
105,ALTAMAR BRANDS LLC,13607,2024-12-21,2024-12-28,7.0,568.02,0-7 days,0,10.0,9.932707919898972,2.1291696542263194,-3.0
200,AMERICAN SPIRITS EXCHANGE,10951,2024-06-28,2024-07-07,9.0,116.76,8-15 days,0,10.0,9.932707919898972,2.1291696542263194,-1.0
200,AMERICAN SPIRITS EXCHANGE,11340,2024-07-25,2024-08-05,11.0,116.76,8-15 days,0,10.0,9.932707919898972,2.1291696542263194,1.0
200,AMERICAN SPIRITS EXCHANGE,11566,2024-08-09,2024-08-17,8.0,297.48,8-15 days,0,10.0,9.932707919898972,2.1291696542263194,-2.0
200,AMERICAN SPIRITS EXCHANGE,11858,2024-08-30,2024-09-08,9.0,467.04,8-15 days,0,10.0,9.932707919898972,2.1291696542263194,-1.0
200,AMERICAN SPIRITS EXCHANGE,12803,2024-10-28,2024-11-02,5.0,116.76,0-7 days,0,10.0,9.932707919898972,2.1291696542263194,-5.0
200,AMERICAN SPIRITS EXCHANGE,13484,2024-12-13,2024-12-22,9.0,90.36,8-15 days,0,10.0,9.932707919898972,2.1291696542263194,-1.0
287,APPOLO VINEYARDS LLC,8287,2024-01-01,2024-01-06,5.0,124.8,0-7 days,0,10.0,9.932707919898972,2.1291696542263194,-5.0
287,APPOLO VINEYARDS LLC,9984,2024-04-28,2024-05-04,6.0,250.44,0-7 days,0,10.0,9.932707919898972,2.1291696542263194,-4.0
287,APPOLO VINEYARDS LLC,10392,2024-05-26,2024-05-31,5.0,125.64,0-7 days,0,10.0,9.932707919898972,2.1291696542263194,-5.0
287,APPOLO VINEYARDS LLC,10426,2024-05-29,2024-06-08,10.0,250.44,8-15 days,0,10.0,9.932707919898972,2.1291696542263194,0.0
287,APPOLO VINEYARDS LLC,11093,2024-07-07,2024-07-15,8.0,251.28,8-15 days,0,10.0,9.932707919898972,2.1291696542263194,-2.0
287,APPOLO VINEYARDS LLC,11410,2024-07-29,2024-08-04,6.0,124.8,0-7 days,0,10.0,9.932707919898972,2.1291696542263194,-4.0
287,APPOLO VINEYARDS LLC,11490,2024-08-04,2024-08-09,5.0,124.8,0-7 days,0,10.0,9.932707919898972,2.1291696542263194,-5.0
287,APPOLO VINEYARDS LLC,11541,2024-08-08,2024-08-17,9.0,500.88,8-15 days,0,10.0,9.932707919898972,2.1291696542263194,-1.0
287,APPOLO VINEYARDS LLC,11729,2024-08-21,2024-08-30,9.0,250.44,8-15 days,0,10.0,9.932707919898972,2.1291696542263194,-1.0
287,APPOLO VINEYARDS LLC,12039,2024-09-11,2024-09-23,12.0,20.94,8-15 days,0,10.0,9.932707919898972,2.1291696542263194,2.0
287,APPOLO VINEYARDS LLC,12804,2024-10-28,2024-11-03,6.0,124.8,0-7 days,0,10.0,9.932707919898972,2.1291696542263194,-4.0
287,APPOLO VINEYARDS LLC,13223,2024-11-25,2024-11-30,5.0,125.64,0-7 days,0,10.0,9.932707919898972,2.1291696542263194,-5.0
287,APPOLO VINEYARDS LLC,13447,2024-12-11,2024-12-19,8.0,124.8,8-15 days,0,10.0,9.932707919898972,2.1291696542263194,-2.0
388,ATLANTIC IMPORTING COMPANY,8169,2023-12-24,2024-01-02,9.0,106.6,8-15 days,0,10.0,9.932707919898972,2.1291696542263194,-1.0
388,ATLANTIC IMPORTING COMPANY,8249,2023-12-30,2024-01-09,10.0,2025.4,8-15 days,0,10.0,9.932707919898972,2.1291696542263194,0.0
388,ATLANTIC IMPORTING COMPANY,8323,2024-01-04,2024-01-15,11.0,1364.48,8-15 days,0,10.0,9.932707919898972,2.1291696542263194,1.0
388,ATLANTIC IMPORTING COMPANY,8456,2024-01-13,2024-01-20,7.0,379.92,0-7 days,0,10.0,9.932707919898972,2.1291696542263194,-3.0
388,ATLANTIC IMPORTING COMPANY,8497,2024-01-17,2024-01-30,13.0,2028.52,8-15 days,0,10.0,9.932707919898972,2.1291696542263194,3.0
388,ATLANTIC IMPORTING COMPANY,8675,2024-01-28,2024-02-05,8.0,1748.24,8-15 days,0,10.0,9.932707919898972,2.1291696542263194,-2.0
388,ATLANTIC IMPORTING COMPANY,8704,2024-01-31,2024-02-10,10.0,511.68,8-15 days,0,10.0,9.932707919898972,2.1291696542263194,0.0
388,ATLANTIC IMPORTING COMPANY,8893,2024-02-12,2024-02-18,6.0,255.84,0-7 days,0,10.0,9.932707919898972,2.1291696542263194,-4.0
388,ATLANTIC IMPORTING COMPANY,8962,2024-02-17,2024-02-26,9.0,618.28,8-15 days,0,10.0,9.932707919898972,2.1291696542263194,-1.0
388,ATLANTIC IMPORTING COMPANY,9095,2024-02-26,2024-03-04,7.0,1151.28,0-7 days,0,10.0,9.932707919898972,2.1291696542263194,-3.0
388,ATLANTIC IMPORTING COMPANY,9112,2024-02-28,2024-03-11,12.0,812.6,8-15 days,0,10.0,9.932707919898972,2.1291696542263194,2.0
388,ATLANTIC IMPORTING COMPANY,9228,2024-03-07,2024-03-18,11.0,2422.0,8-15 days,0,10.0,9.932707919898972,2.1291696542263194,1.0
388,ATLANTIC IMPORTING COMPANY,9357,2024-03-16,2024-03-25,9.0,895.44,8-15 days,0,10.0,9.932707919898972,2.1291696542263194,-1.0
388,ATLANTIC IMPORTING COMPANY,9504,2024-03-25,2024-03-28,3.0,85.28,0-7 days,0,10.0,9.932707919898972,2.1291696542263194,-7.0
388,ATLANTIC IMPORTING COMPANY,9519,2024-03-27,2024-04-07,11.0,362.44,8-15 days,0,10.0,9.932707919898972,2.1291696542263194,1.0
388,ATLANTIC IMPORTING COMPANY,9640,2024-04-04,2024-04-11,7.0,383.76,0-7 days,0,10.0,9.932707919898972,2.1291696542263194,-3.0
388,ATLANTIC IMPORTING COMPANY,9762,2024-04-13,2024-04-22,9.0,511.68,8-15 days,0,10.0,9.932707919898972,2.1291696542263194,-1.0
388,ATLANTIC IMPORTING COMPANY,9818,2024-04-17,2024-04-29,12.0,618.28,8-15 days,0,10.0,9.932707919898972,2.1291696542263194,2.0
388,ATLANTIC IMPORTING COMPANY,9969,2024-04-27,2024-05-05,8.0,362.44,8-15 days,0,10.0,9.932707919898972,2.1291696542263194,-2.0
388,ATLANTIC IMPORTING COMPANY,10033,2024-05-02,2024-05-11,9.0,383.76,8-15 days,0,10.0,9.932707919898972,2.1291696542263194,-1.0
388,ATLANTIC IMPORTING COMPANY,10116,2024-05-08,2024-05-20,12.0,906.24,8-15 days,0,10.0,9.932707919898972,2.1291696542263194,2.0
388,ATLANTIC IMPORTING COMPANY,10273,2024-05-18,2024-05-26,8.0,234.52,8-15 days,0,10.0,9.932707919898972,2.1291696542263194,-2.0
388,ATLANTIC IMPORTING COMPANY,10347,2024-05-23,2024-06-02,10.0,383.76,8-15 days,0,10.0,9.932707919898972,2.1291696542263194,0.0
388,ATLANTIC IMPORTING COMPANY,10478,2024-06-01,2024-06-08,7.0,639.6,0-7 days,0,10.0,9.932707919898972,2.1291696542263194,-3.0
388,ATLANTIC IMPORTING COMPANY,10579,2024-06-08,2024-06-16,8.0,383.76,8-15 days,0,10.0,9.932707919898972,2.1291696542263194,-2.0
388,ATLANTIC IMPORTING COMPANY,10645,2024-06-13,2024-06-26,13.0,234.52,8-15 days,0,10.0,9.932707919898972,2.1291696542263194,3.0
388,ATLANTIC IMPORTING COMPANY,10764,2024-06-21,2024-06-30,9.0,255.84,8-15 days,0,10.0,9.932707919898972,2.1291696542263194,-1.0
388,ATLANTIC IMPORTING COMPANY,10970,2024-06-29,2024-07-07,8.0,639.6,8-15 days,0,10.0,9.932707919898972,2.1291696542263194,-2.0
388,ATLANTIC IMPORTING COMPANY,11024,2024-07-03,2024-07-15,12.0,3901.56,8-15 days,0,10.0,9.932707919898972,2.1291696542263194,2.0
388,ATLANTIC IMPORTING COMPANY,11171,2024-07-13,2024-07-22,9.0,405.08,8-15 days,0,10.0,9.932707919898972,2.1291696542263194,-1.0
388,ATLANTIC IMPORTING COMPANY,11261,2024-07-19,2024-07-29,10.0,469.04,8-15 days,0,10.0,9.932707919898972,2.1291696542263194,0.0
388,ATLANTIC IMPORTING COMPANY,11411,2024-07-29,2024-08-05,7.0,490.36,0-7 days,0,10.0,9.932707919898972,2.1291696542263194,-3.0
388,ATLANTIC IMPORTING COMPANY,11427,2024-07-31,2024-08-12,12.0,383.76,8-15 days,0,10.0,9.932707919898972,2.1291696542263194,2.0
388,ATLANTIC IMPORTING COMPANY,11567,2024-08-09,2024-08-18,9.0,767.52,8-15 days,0,10.0,9.932707919898972,2.1291696542263194,-1.0
388,ATLANTIC IMPORTING COMPANY,11667,2024-08-16,2024-08-25,9.0,234.52,8-15 days,0,10.0,9.932707919898972,2.1291696542263194,-1.0
388,ATLANTIC IMPORTING COMPANY,11791,2024-08-24,2024-08-31,7.0,874.12,0-7 days,0,10.0,9.932707919898972,2.1291696542263194,-3.0
388,ATLANTIC IMPORTING COMPANY,11902,2024-09-01,2024-09-08,7.0,639.6,0-7 days,0,10.0,9.932707919898972,2.1291696542263194,-3.0
388,ATLANTIC IMPORTING COMPANY,11971,2024-09-06,2024-09-15,9.0,383.76,8-15 days,0,10.0,9.932707919898972,2.1291696542263194,-1.0
388,ATLANTIC IMPORTING COMPANY,12107,2024-09-15,2024-09-22,7.0,383.76,0-7 days,0,10.0,9.932707919898972,2.1291696542263194,-3.0
388,ATLANTIC IMPORTING COMPANY,12180,2024-09-20,2024-09-29,9.0,526.32,8-15 days,0,10.0,9.932707919898972,2.1291696542263194,-1.0
388,ATLANTIC IMPORTING COMPANY,12354,2024-09-27,2024-10-06,9.0,490.36,8-15 days,0,10.0,9.932707919898972,2.1291696542263194,-1.0
388,ATLANTIC IMPORTING COMPANY,12463,2024-10-05,2024-10-14,9.0,724.88,8-15 days,0,10.0,9.932707919898972,2.1291696542263194,-1.0
388,ATLANTIC IMPORTING COMPANY,12569,2024-10-12,2024-10-20,8.0,511.68,8-15 days,0,10.0,9.932707919898972,2.1291696542263194,-2.0
388,ATLANTIC IMPORTING COMPANY,12631,2024-10-17,2024-10-28,11.0,1513.72,8-15 days,0,10.0,9.932707919898972,2.1291696542263194,1.0
388,ATLANTIC IMPORTING COMPANY,12805,2024-10-28,2024-11-03,6.0,1023.36,0-7 days,0,10.0,9.932707919898972,2.1291696542263194,-4.0
388,ATLANTIC IMPORTING COMPANY,12839,2024-10-31,2024-11-10,10.0,1066.0,8-15 days,0,10.0,9.932707919898972,2.1291696542263194,0.0
388,ATLANTIC IMPORTING COMPANY,13015,2024-11-11,2024-11-18,7.0,398.4,0-7 days,0,10.0,9.932707919898972,2.1291696542263194,-3.0
388,ATLANTIC IMPORTING COMPANY,13067,2024-11-15,2024-11-25,10.0,1513.72,8-15 days,0,10.0,9.932707919898972,2.1291696542263194,0.0
388,ATLANTIC IMPORTING COMPANY,13134,2024-11-20,2024-12-02,12.0,340.48,8-15 days,0,10.0,9.932707919898972,2.1291696542263194,2.0
388,ATLANTIC IMPORTING COMPANY,13237,2024-11-27,2024-12-07,10.0,767.52,8-15 days,0,10.0,9.932707919898972,2.1291696542263194,0.0
388,ATLANTIC IMPORTING COMPANY,13412,2024-12-08,2024-12-15,7.0,831.48,0-7 days,0,10.0,9.932707919898972,2.1291696542263194,-3.0
388,ATLANTIC IMPORTING COMPANY,13466,2024-12-12,2024-12-23,11.0,639.6,8-15 days,0,10.0,9.932707919898972,2.1291696542263194,1.0
388,ATLANTIC IMPORTING COMPANY,13624,2024-12-22,2024-12-31,9.0,1129.96,8-15 days,0,10.0,9.932707919898972,2.1291696542263194,-1.0
480,BACARDI USA INC,8106,2023-12-20,2024-01-03,14.0,137483.78,8-15 days,0,10.0,9.932707919898972,2.1291696542263194,4.0
480,BACARDI USA INC,8288,2024-01-01,2024-01-10,9.0,396606.13,8-15 days,0,10.0,9.932707919898972,2.1291696542263194,-1.0
480,BACARDI USA INC,8308,2024-01-03,2024-01-16,13.0,173408.47,8-15 days,0,10.0,9.932707919898972,2.1291696542263194,3.0
480,BACARDI USA INC,8433,2024-01-12,2024-01-24,12.0,150950.37,8-15 days,0,10.0,9.932707919898972,2.1291696542263194,2.0
480,BACARDI USA INC,8548,2024-01-20,2024-01-31,11.0,215769.02,8-15 days,0,10.0,9.932707919898972,2.1291696542263194,1.0
480,BACARDI USA INC,8618,2024-01-25,2024-02-07,13.0,227503.57,8-15 days,0,10.0,9.932707919898972,2.1291696542263194,3.0
480,BACARDI USA INC,8719,2024-02-01,2024-02-14,13.0,163835.98,8-15 days,0,10.0,9.932707919898972,2.1291696542263194,3.0
480,BACARDI USA INC,8877,2024-02-11,2024-02-21,10.0,172888.12,8-15 days,0,10.0,9.932707919898972,2.1291696542263194,0.0
480,BACARDI USA INC,8914,2024-02-14,2024-02-28,14.0,148069.14,8-15 days,0,10.0,9.932707919898972,2.1291696542263194,4.0
480,BACARDI USA INC,9062,2024-02-24,2024-03-06,11.0,137129.12,8-15 days,0,10.0,9.932707919898972,2.1291696542263194,1.0
480,BACARDI USA INC,9113,2024-02-28,2024-03-12,13.0,145436.94,8-15 days,0,10.0,9.932707919898972,2.1291696542263194,3.0
480,BACARDI USA INC,9213,2024-03-06,2024-03-19,13.0,131921.07,8-15 days,0,10.0,9.932707919898972,2.1291696542263194,3.0
480,BACARDI USA INC,9389,2024-03-18,2024-03-26,8.0,137470.25,8-15 days,0,10.0,9.932707919898972,2.1291696542263194,-2.0
480,BACARDI USA INC,9415,2024-03-20,2024-04-03,14.0,252445.47,8-15 days,0,10.0,9.932707919898972,2.1291696542263194,4.0
480,BACARDI USA INC,9533,2024-03-28,2024-04-08,11.0,219952.32,8-15 days,0,10.0,9.932707919898972,2.1291696542263194,1.0
480,BACARDI USA INC,9658,2024-04-05,2024-04-17,12.0,198302.71,8-15 days,0,10.0,9.932707919898972,2.1291696542263194,2.0
480,BACARDI USA INC,9738,2024-04-11,2024-04-24,13.0,257338.55,8-15 days,0,10.0,9.932707919898972,2.1291696542263194,3.0
480,BACARDI USA INC,9847,2024-04-19,2024-05-01,12.0,295393.87,8-15 days,0,10.0,9.932707919898972,2.1291696542263194,2.0
480,BACARDI USA INC,9929,2024-04-25,2024-05-07,12.0,298053.75,8-15 days,0,10.0,9.932707919898972,2.1291696542263194,2.0
480,BACARDI USA INC,10022,2024-05-01,2024-05-15,14.0,274587.75,8-15 days,0,10.0,9.932707919898972,2.1291696542263194,4.0
480,BACARDI USA INC,10187,2024-05-12,2024-05-22,10.0,271328.78,8-15 days,0,10.0,9.932707919898972,2.1291696542263194,0.0
480,BACARDI USA INC,10240,2024-05-16,2024-05-29,13.0,485190.9,8-15 days,0,10.0,9.932707919898972,2.1291696542263194,3.0
480,BACARDI USA INC,10325,2024-05-22,2024-06-05,14.0,622937.67,8-15 days,0,10.0,9.932707919898972,2.1291696542263194,4.0
480,BACARDI USA INC,10497,2024-06-02,2024-06-12,10.0,546728.8,8-15 days,0,10.0,9.932707919898972,2.1291696542263194,0.0
480,BACARDI USA INC,10550,2024-06-06,2024-06-19,13.0,435940.79,8-15 days,0,10.0,9.932707919898972,2.1291696542263194,3.0
480,BACARDI USA INC,10665,2024-06-14,2024-06-26,12.0,400799.37,8-15 days,0,10.0,9.932707919898972,2.1291696542263194,2.0
480,BACARDI USA INC,10778,2024-06-22,2024-06-30,8.0,395672.81,8-15 days,0,10.0,9.932707919898972,2.1291696542263194,-2.0
480,BACARDI USA INC,10837,2024-06-25,2024-07-03,8.0,94479.04,8-15 days,0,10.0,9.932707919898972,2.1291696542263194,-2.0
480,BACARDI USA INC,10999,2024-07-01,2024-07-10,9.0,614734.81,8-15 days,0,10.0,9.932707919898972,2.1291696542263194,-1.0
480,BACARDI USA INC,11067,2024-07-05,2024-07-16,11.0,653537.89,8-15 days,0,10.0,9.932707919898972,2.1291696542263194,1.0
480,BACARDI USA INC,11188,2024-07-14,2024-07-24,10.0,792646.81,8-15 days,0,10.0,9.932707919898972,2.1291696542263194,0.0
480,BACARDI USA INC,11262,2024-07-19,2024-07-30,11.0,722550.39,8-15 days,0,10.0,9.932707919898972,2.1291696542263194,1.0
480,BACARDI USA INC,11341,2024-07-25,2024-08-07,13.0,345721.85,8-15 days,0,10.0,9.932707919898972,2.1291696542263194,3.0
480,BACARDI USA INC,11491,2024-08-04,2024-08-14,10.0,316219.81,8-15 days,0,10.0,9.932707919898972,2.1291696542263194,0.0
480,BACARDI USA INC,11606,2024-08-11,2024-08-21,10.0,418579.14,8-15 days,0,10.0,9.932707919898972,2.1291696542263194,0.0
480,BACARDI USA INC,11686,2024-08-17,2024-08-28,11.0,261170.36,8-15 days,0,10.0,9.932707919898972,2.1291696542263194,1.0
480,BACARDI USA INC,11748,2024-08-22,2024-09-04,13.0,253169.4,8-15 days,0,10.0,9.932707919898972,2.1291696542263194,3.0
480,BACARDI USA INC,11859,2024-08-30,2024-09-11,12.0,267009.84,8-15 days,0,10.0,9.932707919898972,2.1291696542263194,2.0
480,BACARDI USA INC,12025,2024-09-09,2024-09-18,9.0,200556.68,8-15 days,0,10.0,9.932707919898972,2.1291696542263194,-1.0
480,BACARDI USA INC,12040,2024-09-11,2024-09-25,14.0,236103.42,8-15 days,0,10.0,9.932707919898972,2.1291696542263194,4.0
480,BACARDI USA INC,12236,2024-09-23,2024-09-30,7.0,457183.53,0-7 days,0,10.0,9.932707919898972,2.1291696542263194,-3.0
480,BACARDI USA INC,12254,2024-09-23,2024-10-02,9.0,4403.92,8-15 days,0,10.0,9.932707919898972,2.1291696542263194,-1.0
480,BACARDI USA INC,12312,2024-09-25,2024-10-08,13.0,317797.37,8-15 days,0,10.0,9.932707919898972,2.1291696542263194,3.0
480,BACARDI USA INC,12455,2024-10-04,2024-10-16,12.0,290327.82,8-15 days,0,10.0,9.932707919898972,2.1291696542263194,2.0
480,BACARDI USA INC,12516,2024-10-09,2024-10-23,14.0,289867.95,8-15 days,0,10.0,9.932707919898972,2.1291696542263194,4.0
480,BACARDI USA INC,12690,2024-10-20,2024-10-30,10.0,474904.53,8-15 days,0,10.0,9.932707919898972,2.1291696542263194,0.0
480,BACARDI USA INC,12746,2024-10-25,2024-11-05,11.0,461855.78,8-15 days,0,10.0,9.932707919898972,2.1291696542263194,1.0
480,BACARDI USA INC,12857,2024-11-01,2024-11-12,11.0,574958.37,8-15 days,0,10.0,9.932707919898972,2.1291696542263194,1.0
480,BACARDI USA INC,12988,2024-11-09,2024-11-20,11.0,400311.97,8-15 days,0,10.0,9.932707919898972,2.1291696542263194,1.0
480,BACARDI USA INC,13103,2024-11-17,2024-11-27,10.0,262474.83,8-15 days,0,10.0,9.932707919898972,2.1291696542263194,0.0
480,BACARDI USA INC,13149,2024-11-21,2024-12-04,13.0,364837.7,8-15 days,0,10.0,9.932707919898972,2.1291696542263194,3.0
480,BACARDI USA INC,13238,2024-11-27,2024-12-11,14.0,290684.67,8-15 days,0,10.0,9.932707919898972,2.1291696542263194,4.0
480,BACARDI USA INC,13413,2024-12-08,2024-12-17,9.0,325820.26,8-15 days,0,10.0,9.932707919898972,2.1291696542263194,-1.0
480,BACARDI USA INC,13539,2024-12-16,2024-12-24,8.0,317094.31,8-15 days,0,10.0,9.932707919898972,2.1291696542263194,-2.0
480,BACARDI USA INC,13641,2024-12-23,2024-12-31,8.0,322230.77,8-15 days,0,10.0,9.932707919898972,2.1291696542263194,-2.0
516,BANFI PRODUCTS CORP,8170,2023-12-24,2024-01-03,10.0,15527.25,8-15 days,0,10.0,9.932707919898972,2.1291696542263194,0.0
516,BANFI PRODUCTS CORP,8208,2023-12-27,2024-01-09,13.0,41823.14,8-15 days,0,10.0,9.932707919898972,2.1291696542263194,3.0
516,BANFI PRODUCTS CORP,8339,2024-01-05,2024-01-16,11.0,29909.78,8-15 days,0,10.0,9.932707919898972,2.1291696542263194,1.0
516,BANFI PRODUCTS CORP,8402,2024-01-10,2024-01-22,12.0,30048.37,8-15 days,0,10.0,9.932707919898972,2.1291696542263194,2.0
516,BANFI PRODUCTS CORP,8570,2024-01-21,2024-01-30,9.0,35384.6,8-15 days,0,10.0,9.932707919898972,2.1291696542263194,-1.0
516,BANFI PRODUCTS CORP,8632,2024-01-26,2024-02-06,11.0,28959.56,8-15 days,0,10.0,9.932707919898972,2.1291696542263194,1.0
516,BANFI PRODUCTS CORP,8705,2024-01-31,2024-02-13,13.0,17609.83,8-15 days,0,10.0,9.932707919898972,2.1291696542263194,3.0
516,BANFI PRODUCTS CORP,8860,2024-02-10,2024-02-21,11.0,21701.14,8-15 days,0,10.0,9.932707919898972,2.1291696542263194,1.0
516,BANFI PRODUCTS CORP,8996,2024-02-19,2024-02-27,8.0,18983.48,8-15 days,0,10.0,9.932707919898972,2.1291696542263194,-2.0
516,BANFI PRODUCTS CORP,9046,2024-02-23,2024-03-05,11.0,17693.86,8-15 days,0,10.0,9.932707919898972,2.1291696542263194,1.0
516,BANFI PRODUCTS CORP,9132,2024-02-29,2024-03-13,13.0,21072.23,8-15 days,0,10.0,9.932707919898972,2.1291696542263194,3.0
516,BANFI PRODUCTS CORP,9301,2024-03-11,2024-03-19,8.0,18325.33,8-15 days,0,10.0,9.932707919898972,2.1291696542263194,-2.0
516,BANFI PRODUCTS CORP,9316,2024-03-13,2024-03-25,12.0,15426.4,8-15 days,0,10.0,9.932707919898972,2.1291696542263194,2.0
516,BANFI PRODUCTS CORP,9473,2024-03-23,2024-04-02,10.0,21639.98,8-15 days,0,10.0,9.932707919898972,2.1291696542263194,0.0
516,BANFI PRODUCTS CORP,9547,2024-03-29,2024-04-08,10.0,24284.01,8-15 days,0,10.0,9.932707919898972,2.1291696542263194,0.0
516,BANFI PRODUCTS CORP,9690,2024-04-07,2024-04-15,8.0,26944.41,8-15 days,0,10.0,9.932707919898972,2.1291696542263194,-2.0
516,BANFI PRODUCTS CORP,9739,2024-04-11,2024-04-24,13.0,22653.42,8-15 days,0,10.0,9.932707919898972,2.1291696542263194,3.0
516,BANFI PRODUCTS CORP,9872,2024-04-20,2024-05-01,11.0,54823.63,8-15 days,0,10.0,9.932707919898972,2.1291696542263194,1.0
516,BANFI PRODUCTS CORP,9985,2024-04-28,2024-05-06,8.0,50969.7,8-15 days,0,10.0,9.932707919898972,2.1291696542263194,-2.0
516,BANFI PRODUCTS CORP,10096,2024-05-06,2024-05-15,9.0,36438.43,8-15 days,0,10.0,9.932707919898972,2.1291696542263194,-1.0
516,BANFI PRODUCTS CORP,10149,2024-05-10,2024-05-22,12.0,29548.14,8-15 days,0,10.0,9.932707919898972,2.1291696542263194,2.0
516,BANFI PRODUCTS CORP,10274,2024-05-18,2024-05-29,11.0,29317.46,8-15 days,0,10.0,9.932707919898972,2.1291696542263194,1.0
516,BANFI PRODUCTS CORP,10326,2024-05-22,2024-06-05,14.0,27953.23,8-15 days,0,10.0,9.932707919898972,2.1291696542263194,4.0
516,BANFI PRODUCTS CORP,10466,2024-05-31,2024-06-12,12.0,24810.26,8-15 days,0,10.0,9.932707919898972,2.1291696542263194,2.0
516,BANFI PRODUCTS CORP,10614,2024-06-10,2024-06-18,8.0,17344.0,8-15 days,0,10.0,9.932707919898972,2.1291696542263194,-2.0
516,BANFI PRODUCTS CORP,10646,2024-06-13,2024-06-25,12.0,20651.94,8-15 days,0,10.0,9.932707919898972,2.1291696542263194,2.0
516,BANFI PRODUCTS CORP,10733,2024-06-19,2024-06-30,11.0,22151.33,8-15 days,0,10.0,9.932707919898972,2.1291696542263194,1.0
516,BANFI PRODUCTS CORP,10838,2024-06-25,2024-07-03,8.0,3171.31,8-15 days,0,10.0,9.932707919898972,2.1291696542263194,-2.0
516,BANFI PRODUCTS CORP,11000,2024-07-01,2024-07-10,9.0,26817.92,8-15 days,0,10.0,9.932707919898972,2.1291696542263194,-1.0
516,BANFI PRODUCTS CORP,11068,2024-07-05,2024-07-16,11.0,26786.41,8-15 days,0,10.0,9.932707919898972,2.1291696542263194,1.0
516,BANFI PRODUCTS CORP,11154,2024-07-12,2024-07-23,11.0,23549.71,8-15 days,0,10.0,9.932707919898972,2.1291696542263194,1.0
516,BANFI PRODUCTS CORP,11278,2024-07-20,2024-07-31,11.0,28192.9,8-15 days,0,10.0,9.932707919898972,2.1291696542263194,1.0
516,BANFI PRODUCTS CORP,11342,2024-07-25,2024-08-07,13.0,33091.2,8-15 days,0,10.0,9.932707919898972,2.1291696542263194,3.0
516,BANFI PRODUCTS CORP,11457,2024-08-02,2024-08-14,12.0,29808.83,8-15 days,0,10.0,9.932707919898972,2.1291696542263194,2.0
516,BANFI PRODUCTS CORP,11542,2024-08-08,2024-08-21,13.0,41910.17,8-15 days,0,10.0,9.932707919898972,2.1291696542263194,3.0
516,BANFI PRODUCTS CORP,11717,2024-08-19,2024-08-27,8.0,24836.18,8-15 days,0,10.0,9.932707919898972,2.1291696542263194,-2.0
516,BANFI PRODUCTS CORP,11818,2024-08-26,2024-09-03,8.0,25354.93,8-15 days,0,10.0,9.932707919898972,2.1291696542263194,-2.0
516,BANFI PRODUCTS CORP,11903,2024-09-01,2024-09-11,10.0,32450.67,8-15 days,0,10.0,9.932707919898972,2.1291696542263194,0.0
516,BANFI PRODUCTS CORP,11953,2024-09-05,2024-09-18,13.0,33371.08,8-15 days,0,10.0,9.932707919898972,2.1291696542263194,3.0
516,BANFI PRODUCTS CORP,12108,2024-09-15,2024-09-23,8.0,34423.15,8-15 days,0,10.0,9.932707919898972,2.1291696542263194,-2.0
516,BANFI PRODUCTS CORP,12181,2024-09-20,2024-09-30,10.0,55042.16,8-15 days,0,10.0,9.932707919898972,2.1291696542263194,0.0
516,BANFI PRODUCTS CORP,12255,2024-09-23,2024-10-02,9.0,4195.83,8-15 days,0,10.0,9.932707919898972,2.1291696542263194,-1.0
516,BANFI PRODUCTS CORP,12392,2024-09-30,2024-10-08,8.0,47467.57,8-15 days,0,10.0,9.932707919898972,2.1291696542263194,-2.0
516,BANFI PRODUCTS CORP,12500,2024-10-07,2024-10-16,9.0,28481.9,8-15 days,0,10.0,9.932707919898972,2.1291696542263194,-1.0
516,BANFI PRODUCTS CORP,12599,2024-10-14,2024-10-22,8.0,26200.18,8-15 days,0,10.0,9.932707919898972,2.1291696542263194,-2.0
516,BANFI PRODUCTS CORP,12632,2024-10-17,2024-10-30,13.0,53368.48,8-15 days,0,10.0,9.932707919898972,2.1291696542263194,3.0
516,BANFI PRODUCTS CORP,12774,2024-10-26,2024-11-05,10.0,27983.84,8-15 days,0,10.0,9.932707919898972,2.1291696542263194,0.0
516,BANFI PRODUCTS CORP,12875,2024-11-02,2024-11-13,11.0,29835.81,8-15 days,0,10.0,9.932707919898972,2.1291696542263194,1.0
516,BANFI PRODUCTS CORP,12989,2024-11-09,2024-11-19,10.0,29645.49,8-15 days,0,10.0,9.932707919898972,2.1291696542263194,0.0
516,BANFI PRODUCTS CORP,13118,2024-11-18,2024-11-27,9.0,26806.09,8-15 days,0,10.0,9.932707919898972,2.1291696542263194,-1.0
516,BANFI PRODUCTS CORP,13150,2024-11-21,2024-12-03,12.0,33511.87,8-15 days,0,10.0,9.932707919898972,2.1291696542263194,2.0
516,BANFI PRODUCTS CORP,13287,2024-11-30,2024-12-11,11.0,24145.77,8-15 days,0,10.0,9.932707919898972,2.1291696542263194,1.0
516,BANFI PRODUCTS CORP,13354,2024-12-05,2024-12-17,12.0,31581.13,8-15 days,0,10.0,9.932707919898972,2.1291696542263194,2.0
516,BANFI PRODUCTS CORP,13503,2024-12-14,2024-12-24,10.0,25651.3,8-15 days,0,10.0,9.932707919898972,2.1291696542263194,0.0
516,BANFI PRODUCTS CORP,13570,2024-12-19,2024-12-31,12.0,99189.89,8-15 days,0,10.0,9.932707919898972,2.1291696542263194,2.0
653,STATE WINE & SPIRITS,8201,2023-12-25,2024-01-02,8.0,5544.89,8-15 days,0,10.0,9.932707919898972,2.1291696542263194,-2.0
653,STATE WINE & SPIRITS,8247,2023-12-29,2024-01-09,11.0,30646.03,8-15 days,0,10.0,9.932707919898972,2.1291696542263194,1.0
653,STATE WINE & SPIRITS,8389,2024-01-07,2024-01-15,8.0,23611.74,8-15 days,0,10.0,9.932707919898972,2.1291696542263194,-2.0
653,STATE WINE & SPIRITS,8494,2024-01-15,2024-01-23,8.0,14906.7,8-15 days,0,10.0,9.932707919898972,2.1291696542263194,-2.0
653,STATE WINE & SPIRITS,8585,2024-01-21,2024-01-30,9.0,36781.57,8-15 days,0,10.0,9.932707919898972,2.1291696542263194,-1.0
653,STATE WINE & SPIRITS,8629,2024-01-25,2024-02-06,12.0,28290.47,8-15 days,0,10.0,9.932707919898972,2.1291696542263194,2.0
653,STATE WINE & SPIRITS,8790,2024-02-04,2024-02-14,10.0,28560.52,8-15 days,0,10.0,9.932707919898972,2.1291696542263194,0.0
653,STATE WINE & SPIRITS,8886,2024-02-11,2024-02-21,10.0,24131.17,8-15 days,0,10.0,9.932707919898972,2.1291696542263194,0.0
653,STATE WINE & SPIRITS,8921,2024-02-14,2024-02-27,13.0,17908.99,8-15 days,0,10.0,9.932707919898972,2.1291696542263194,3.0
653,STATE WINE & SPIRITS,9040,2024-02-22,2024-03-05,12.0,16723.94,8-15 days,0,10.0,9.932707919898972,2.1291696542263194,2.0
653,STATE WINE & SPIRITS,9146,2024-02-29,2024-03-13,13.0,34692.66,8-15 days,0,10.0,9.932707919898972,2.1291696542263194,3.0
653,STATE WINE & SPIRITS,9314,2024-03-11,2024-03-18,7.0,12183.49,0-7 days,0,10.0,9.932707919898972,2.1291696542263194,-3.0
653,STATE WINE & SPIRITS,9342,2024-03-14,2024-03-26,12.0,18861.84,8-15 days,0,10.0,9.932707919898972,2.1291696542263194,2.0
653,STATE WINE & SPIRITS,9429,2024-03-20,2024-04-03,14.0,26133.13,8-15 days,0,10.0,9.932707919898972,2.1291696542263194,4.0
653,STATE WINE & SPIRITS,9614,2024-04-01,2024-04-08,7.0,21823.69,0-7 days,0,10.0,9.932707919898972,2.1291696542263194,-3.0
653,STATE WINE & SPIRITS,9703,2024-04-07,2024-04-15,8.0,25043.52,8-15 days,0,10.0,9.932707919898972,2.1291696542263194,-2.0
653,STATE WINE & SPIRITS,9814,2024-04-15,2024-04-24,9.0,39562.6,8-15 days,0,10.0,9.932707919898972,2.1291696542263194,-1.0
653,STATE WINE & SPIRITS,9883,2024-04-20,2024-04-30,10.0,20514.58,8-15 days,0,10.0,9.932707919898972,2.1291696542263194,0.0
653,STATE WINE & SPIRITS,9978,2024-04-27,2024-05-06,9.0,26428.77,8-15 days,0,10.0,9.932707919898972,2.1291696542263194,-1.0
653,STATE WINE & SPIRITS,10030,2024-05-01,2024-05-13,12.0,22056.46,8-15 days,0,10.0,9.932707919898972,2.1291696542263194,2.0
653,STATE WINE & SPIRITS,10197,2024-05-12,2024-05-20,8.0,21486.09,8-15 days,0,10.0,9.932707919898972,2.1291696542263194,-2.0
653,STATE WINE & SPIRITS,10306,2024-05-19,2024-05-29,10.0,59408.06,8-15 days,0,10.0,9.932707919898972,2.1291696542263194,0.0
653,STATE WINE & SPIRITS,10404,2024-05-26,2024-06-05,10.0,26376.34,8-15 days,0,10.0,9.932707919898972,2.1291696542263194,0.0
653,STATE WINE & SPIRITS,10509,2024-06-02,2024-06-12,10.0,38571.89,8-15 days,0,10.0,9.932707919898972,2.1291696542263194,0.0
653,STATE WINE & SPIRITS,10559,2024-06-06,2024-06-19,13.0,32748.12,8-15 days,0,10.0,9.932707919898972,2.1291696542263194,3.0
653,STATE WINE & SPIRITS,10639,2024-06-12,2024-06-26,14.0,28975.47,8-15 days,0,10.0,9.932707919898972,2.1291696542263194,4.0
653,STATE WINE & SPIRITS,10826,2024-06-24,2024-06-30,6.0,24757.83,0-7 days,0,10.0,9.932707919898972,2.1291696542263194,-4.0
653,STATE WINE & SPIRITS,10902,2024-06-25,2024-07-03,8.0,7722.04,8-15 days,0,10.0,9.932707919898972,2.1291696542263194,-2.0
653,STATE WINE & SPIRITS,10994,2024-06-30,2024-07-09,9.0,46283.04,8-15 days,0,10.0,9.932707919898972,2.1291696542263194,-1.0
653,STATE WINE & SPIRITS,11082,2024-07-05,2024-07-16,11.0,24837.74,8-15 days,0,10.0,9.932707919898972,2.1291696542263194,1.0
653,STATE WINE & SPIRITS,11202,2024-07-14,2024-07-23,9.0,25550.9,8-15 days,0,10.0,9.932707919898972,2.1291696542263194,-1.0
653,STATE WINE & SPIRITS,11238,2024-07-17,2024-07-30,13.0,38277.47,8-15 days,0,10.0,9.932707919898972,2.1291696542263194,3.0
653,STATE WINE & SPIRITS,11392,2024-07-27,2024-08-07,11.0,37158.46,8-15 days,0,10.0,9.932707919898972,2.1291696542263194,1.0
653,STATE WINE & SPIRITS,11471,2024-08-02,2024-08-14,12.0,29078.06,8-15 days,0,10.0,9.932707919898972,2.1291696542263194,2.0
653,STATE WINE & SPIRITS,11602,2024-08-10,2024-08-21,11.0,60507.95,8-15 days,0,10.0,9.932707919898972,2.1291696542263194,1.0
653,STATE WINE & SPIRITS,11646,2024-08-14,2024-08-27,13.0,35556.74,8-15 days,0,10.0,9.932707919898972,2.1291696542263194,3.0
653,STATE WINE & SPIRITS,11742,2024-08-21,2024-09-04,14.0,26896.58,8-15 days,0,10.0,9.932707919898972,2.1291696542263194,4.0
653,STATE WINE & SPIRITS,11933,2024-09-02,2024-09-10,8.0,30976.49,8-15 days,0,10.0,9.932707919898972,2.1291696542263194,-2.0
653,STATE WINE & SPIRITS,11967,2024-09-05,2024-09-18,13.0,33708.07,8-15 days,0,10.0,9.932707919898972,2.1291696542263194,3.0
653,STATE WINE & SPIRITS,12121,2024-09-15,2024-09-23,8.0,31138.66,8-15 days,0,10.0,9.932707919898972,2.1291696542263194,-2.0
653,STATE WINE & SPIRITS,12174,2024-09-19,2024-09-30,11.0,43125.84,8-15 days,0,10.0,9.932707919898972,2.1291696542263194,1.0
653,STATE WINE & SPIRITS,12295,2024-09-23,2024-10-02,9.0,847.95,8-15 days,0,10.0,9.932707919898972,2.1291696542263194,-1.0
653,STATE WINE & SPIRITS,12411,2024-09-30,2024-10-08,8.0,31228.58,8-15 days,0,10.0,9.932707919898972,2.1291696542263194,-2.0
653,STATE WINE & SPIRITS,12452,2024-10-03,2024-10-16,13.0,27167.76,8-15 days,0,10.0,9.932707919898972,2.1291696542263194,3.0
653,STATE WINE & SPIRITS,12594,2024-10-13,2024-10-22,9.0,24288.8,8-15 days,0,10.0,9.932707919898972,2.1291696542263194,-1.0
653,STATE WINE & SPIRITS,12648,2024-10-17,2024-10-30,13.0,30266.13,8-15 days,0,10.0,9.932707919898972,2.1291696542263194,3.0
653,STATE WINE & SPIRITS,12735,2024-10-23,2024-11-05,13.0,23069.78,8-15 days,0,10.0,9.932707919898972,2.1291696542263194,3.0
653,STATE WINE & SPIRITS,12923,2024-11-04,2024-11-12,8.0,21857.31,8-15 days,0,10.0,9.932707919898972,2.1291696542263194,-2.0
653,STATE WINE & SPIRITS,12971,2024-11-07,2024-11-19,12.0,18193.32,8-15 days,0,10.0,9.932707919898972,2.1291696542263194,2.0
653,STATE WINE & SPIRITS,13043,2024-11-13,2024-11-27,14.0,31651.7,8-15 days,0,10.0,9.932707919898972,2.1291696542263194,4.0
653,STATE WINE & SPIRITS,13157,2024-11-21,2024-12-02,11.0,24267.51,8-15 days,0,10.0,9.932707919898972,2.1291696542263194,1.0
653,STATE WINE & SPIRITS,13299,2024-11-30,2024-12-09,9.0,25429.03,8-15 days,0,10.0,9.932707919898972,2.1291696542263194,-1.0
653,STATE WINE & SPIRITS,13366,2024-12-05,2024-12-17,12.0,23403.72,8-15 days,0,10.0,9.932707919898972,2.1291696542263194,2.0
653,STATE WINE & SPIRITS,13497,2024-12-13,2024-12-24,11.0,21832.62,8-15 days,0,10.0,9.932707919898972,2.1291696542263194,1.0
653,STATE WINE & SPIRITS,13587,2024-12-19,2024-12-31,12.0,48629.23,8-15 days,0,10.0,9.932707919898972,2.1291696542263194,2.0
660,SAZERAC NORTH AMERICA INC.,8200,2023-12-25,2024-01-03,9.0,10819.92,8-15 days,0,10.0,9.932707919898972,2.1291696542263194,-1.0
660,SAZERAC NORTH AMERICA INC.,8259,2023-12-30,2024-01-09,10.0,69321.83,8-15 days,0,10.0,9.932707919898972,2.1291696542263194,0.0
660,SAZERAC NORTH AMERICA INC.,8397,2024-01-08,2024-01-17,9.0,47750.1,8-15 days,0,10.0,9.932707919898972,2.1291696542263194,-1.0
660,SAZERAC NORTH AMERICA INC.,8465,2024-01-13,2024-01-23,10.0,43951.99,8-15 days,0,10.0,9.932707919898972,2.1291696542263194,0.0
660,SAZERAC NORTH AMERICA INC.,8562,2024-01-20,2024-01-30,10.0,51868.42,8-15 days,0,10.0,9.932707919898972,2.1291696542263194,0.0
660,SAZERAC NORTH AMERICA INC.,8665,2024-01-27,2024-02-06,10.0,64943.86,8-15 days,0,10.0,9.932707919898972,2.1291696542263194,0.0
660,SAZERAC NORTH AMERICA INC.,8751,2024-02-02,2024-02-14,12.0,55939.3,8-15 days,0,10.0,9.932707919898972,2.1291696542263194,2.0
660,SAZERAC NORTH AMERICA INC.,8820,2024-02-07,2024-02-21,14.0,58145.02,8-15 days,0,10.0,9.932707919898972,2.1291696542263194,4.0
660,SAZERAC NORTH AMERICA INC.,8938,2024-02-15,2024-02-28,13.0,61540.36,8-15 days,0,10.0,9.932707919898972,2.1291696542263194,3.0
660,SAZERAC NORTH AMERICA INC.,9052,2024-02-23,2024-03-05,11.0,55702.65,8-15 days,0,10.0,9.932707919898972,2.1291696542263194,1.0
660,SAZERAC NORTH AMERICA INC.,9124,2024-02-28,2024-03-13,14.0,54664.94,8-15 days,0,10.0,9.932707919898972,2.1291696542263194,4.0
660,SAZERAC NORTH AMERICA INC.,9223,2024-03-06,2024-03-20,14.0,49123.1,8-15 days,0,10.0,9.932707919898972,2.1291696542263194,4.0
660,SAZERAC NORTH AMERICA INC.,9407,2024-03-18,2024-03-26,8.0,51309.31,8-15 days,0,10.0,9.932707919898972,2.1291696542263194,-2.0
660,SAZERAC NORTH AMERICA INC.,9485,2024-03-23,2024-04-03,11.0,49487.7,8-15 days,0,10.0,9.932707919898972,2.1291696542263194,1.0
660,SAZERAC NORTH AMERICA INC.,9611,2024-04-01,2024-04-09,8.0,57966.53,8-15 days,0,10.0,9.932707919898972,2.1291696542263194,-2.0
660,SAZERAC NORTH AMERICA INC.,9663,2024-04-05,2024-04-15,10.0,62883.7,8-15 days,0,10.0,9.932707919898972,2.1291696542263194,0.0
660,SAZERAC NORTH AMERICA INC.,9813,2024-04-15,2024-04-24,9.0,74165.72,8-15 days,0,10.0,9.932707919898972,2.1291696542263194,-1.0
660,SAZERAC NORTH AMERICA INC.,9860,2024-04-19,2024-05-01,12.0,68144.49,8-15 days,0,10.0,9.932707919898972,2.1291696542263194,2.0
660,SAZERAC NORTH AMERICA INC.,9925,2024-04-24,2024-05-07,13.0,78574.12,8-15 days,0,10.0,9.932707919898972,2.1291696542263194,3.0
660,SAZERAC NORTH AMERICA INC.,10074,2024-05-04,2024-05-15,11.0,67821.17,8-15 days,0,10.0,9.932707919898972,2.1291696542263194,1.0
660,SAZERAC NORTH AMERICA INC.,10214,2024-05-13,2024-05-20,7.0,71782.71,0-7 days,0,10.0,9.932707919898972,2.1291696542263194,-3.0
660,SAZERAC NORTH AMERICA INC.,10318,2024-05-20,2024-05-29,9.0,73464.79,8-15 days,0,10.0,9.932707919898972,2.1291696542263194,-1.0
660,SAZERAC NORTH AMERICA INC.,10401,2024-05-26,2024-06-05,10.0,75338.61,8-15 days,0,10.0,9.932707919898972,2.1291696542263194,0.0
660,SAZERAC NORTH AMERICA INC.,10491,2024-06-01,2024-06-12,11.0,72567.71,8-15 days,0,10.0,9.932707919898972,2.1291696542263194,1.0
660,SAZERAC NORTH AMERICA INC.,10558,2024-06-06,2024-06-18,12.0,71590.49,8-15 days,0,10.0,9.932707919898972,2.1291696542263194,2.0
660,SAZERAC NORTH AMERICA INC.,10673,2024-06-14,2024-06-26,12.0,72846.56,8-15 days,0,10.0,9.932707919898972,2.1291696542263194,2.0
660,SAZERAC NORTH AMERICA INC.,10806,2024-06-23,2024-06-30,7.0,55713.49,0-7 days,0,10.0,9.932707919898972,2.1291696542263194,-3.0
660,SAZERAC NORTH AMERICA INC.,10894,2024-06-25,2024-07-03,8.0,18146.78,8-15 days,0,10.0,9.932707919898972,2.1291696542263194,-2.0
660,SAZERAC NORTH AMERICA INC.,10929,2024-06-26,2024-07-10,14.0,86004.91,8-15 days,0,10.0,9.932707919898972,2.1291696542263194,4.0
660,SAZERAC NORTH AMERICA INC.,11079,2024-07-05,2024-07-16,11.0,65212.54,8-15 days,0,10.0,9.932707919898972,2.1291696542263194,1.0
660,SAZERAC NORTH AMERICA INC.,11133,2024-07-10,2024-07-23,13.0,81918.47,8-15 days,0,10.0,9.932707919898972,2.1291696542263194,3.0
660,SAZERAC NORTH AMERICA INC.,11321,2024-07-22,2024-07-30,8.0,87882.99,8-15 days,0,10.0,9.932707919898972,2.1291696542263194,-2.0
660,SAZERAC NORTH AMERICA INC.,11403,2024-07-28,2024-08-07,10.0,75112.81,8-15 days,0,10.0,9.932707919898972,2.1291696542263194,0.0
660,SAZERAC NORTH AMERICA INC.,11515,2024-08-05,2024-08-14,9.0,72135.01,8-15 days,0,10.0,9.932707919898972,2.1291696542263194,-1.0
660,SAZERAC NORTH AMERICA INC.,11599,2024-08-10,2024-08-21,11.0,96571.16,8-15 days,0,10.0,9.932707919898972,2.1291696542263194,1.0
660,SAZERAC NORTH AMERICA INC.,11696,2024-08-17,2024-08-28,11.0,73209.5,8-15 days,0,10.0,9.932707919898972,2.1291696542263194,1.0
660,SAZERAC NORTH AMERICA INC.,11814,2024-08-25,2024-09-03,9.0,80058.89,8-15 days,0,10.0,9.932707919898972,2.1291696542263194,-1.0
660,SAZERAC NORTH AMERICA INC.,11852,2024-08-29,2024-09-11,13.0,83699.71,8-15 days,0,10.0,9.932707919898972,2.1291696542263194,3.0
660,SAZERAC NORTH AMERICA INC.,12007,2024-09-07,2024-09-17,10.0,53064.38,8-15 days,0,10.0,9.932707919898972,2.1291696542263194,0.0
660,SAZERAC NORTH AMERICA INC.,12118,2024-09-15,2024-09-23,8.0,54995.18,8-15 days,0,10.0,9.932707919898972,2.1291696542263194,-2.0
660,SAZERAC NORTH AMERICA INC.,12160,2024-09-18,2024-09-30,12.0,58212.05,8-15 days,0,10.0,9.932707919898972,2.1291696542263194,2.0
660,SAZERAC NORTH AMERICA INC.,12291,2024-09-23,2024-10-02,9.0,1479.16,8-15 days,0,10.0,9.932707919898972,2.1291696542263194,-1.0
660,SAZERAC NORTH AMERICA INC.,12323,2024-09-25,2024-10-08,13.0,65056.55,8-15 days,0,10.0,9.932707919898972,2.1291696542263194,3.0
660,SAZERAC NORTH AMERICA INC.,12432,2024-10-02,2024-10-16,14.0,85232.03,8-15 days,0,10.0,9.932707919898972,2.1291696542263194,4.0
660,SAZERAC NORTH AMERICA INC.,12611,2024-10-14,2024-10-22,8.0,69981.33,8-15 days,0,10.0,9.932707919898972,2.1291696542263194,-2.0
660,SAZERAC NORTH AMERICA INC.,12716,2024-10-21,2024-10-30,9.0,73885.03,8-15 days,0,10.0,9.932707919898972,2.1291696542263194,-1.0
660,SAZERAC NORTH AMERICA INC.,12734,2024-10-23,2024-11-05,13.0,68987.16,8-15 days,0,10.0,9.932707919898972,2.1291696542263194,3.0
660,SAZERAC NORTH AMERICA INC.,12922,2024-11-04,2024-11-13,9.0,69368.51,8-15 days,0,10.0,9.932707919898972,2.1291696542263194,-1.0
660,SAZERAC NORTH AMERICA INC.,13008,2024-11-10,2024-11-19,9.0,66935.7,8-15 days,0,10.0,9.932707919898972,2.1291696542263194,-1.0
660,SAZERAC NORTH AMERICA INC.,13094,2024-11-16,2024-11-27,11.0,59891.92,8-15 days,0,10.0,9.932707919898972,2.1291696542263194,1.0
660,SAZERAC NORTH AMERICA INC.,13156,2024-11-21,2024-12-04,13.0,65127.33,8-15 days,0,10.0,9.932707919898972,2.1291696542263194,3.0
660,SAZERAC NORTH AMERICA INC.,13298,2024-11-30,2024-12-11,11.0,67141.67,8-15 days,0,10.0,9.932707919898972,2.1291696542263194,1.0
660,SAZERAC NORTH AMERICA INC.,13402,2024-12-07,2024-12-17,10.0,81138.42,8-15 days,0,10.0,9.932707919898972,2.1291696542263194,0.0
660,SAZERAC NORTH AMERICA INC.,13494,2024-12-13,2024-12-24,11.0,80886.6,8-15 days,0,10.0,9.932707919898972,2.1291696542263194,1.0
660,SAZERAC NORTH AMERICA INC.,13563,2024-12-18,2024-12-31,13.0,69213.17,8-15 days,0,10.0,9.932707919898972,2.1291696542263194,3.0
1003,BRONCO WINE COMPANY,8250,2023-12-30,2024-01-08,9.0,104.1,8-15 days,0,10.0,9.932707919898972,2.1291696542263194,-1.0
1003,BRONCO WINE COMPANY,8572,2024-01-21,2024-01-28,7.0,35.7,0-7 days,0,10.0,9.932707919898972,2.1291696542263194,-3.0
1003,BRONCO WINE COMPANY,8677,2024-01-28,2024-02-05,8.0,109.62,8-15 days,0,10.0,9.932707919898972,2.1291696542263194,-2.0
1003,BRONCO WINE COMPANY,8794,2024-02-05,2024-02-12,7.0,73.92,0-7 days,0,10.0,9.932707919898972,2.1291696542263194,-3.0
1003,BRONCO WINE COMPANY,8894,2024-02-12,2024-02-19,7.0,36.96,0-7 days,0,10.0,9.932707919898972,2.1291696542263194,-3.0
1003,BRONCO WINE COMPANY,8980,2024-02-18,2024-02-26,8.0,69.12,8-15 days,0,10.0,9.932707919898972,2.1291696542263194,-2.0
1003,BRONCO WINE COMPANY,9164,2024-03-02,2024-03-09,7.0,31.44,0-7 days,0,10.0,9.932707919898972,2.1291696542263194,-3.0
1003,BRONCO WINE COMPANY,9278,2024-03-10,2024-03-18,8.0,146.58,8-15 days,0,10.0,9.932707919898972,2.1291696542263194,-2.0
1003,BRONCO WINE COMPANY,9318,2024-03-13,2024-03-24,11.0,35.7,8-15 days,0,10.0,9.932707919898972,2.1291696542263194,1.0
1003,BRONCO WINE COMPANY,9561,2024-03-30,2024-04-08,9.0,146.58,8-15 days,0,10.0,9.932707919898972,2.1291696542263194,-1.0
1003,BRONCO WINE COMPANY,9642,2024-04-04,2024-04-14,10.0,147.84,8-15 days,0,10.0,9.932707919898972,2.1291696542263194,0.0
1003,BRONCO WINE COMPANY,10275,2024-05-18,2024-05-26,8.0,35.7,8-15 days,0,10.0,9.932707919898972,2.1291696542263194,-2.0
1003,BRONCO WINE COMPANY,11297,2024-07-21,2024-07-28,7.0,35.7,0-7 days,0,10.0,9.932707919898972,2.1291696542263194,-3.0
1003,BRONCO WINE COMPANY,11523,2024-08-07,2024-08-17,10.0,373.56,8-15 days,0,10.0,9.932707919898972,2.1291696542263194,0.0
1003,BRONCO WINE COMPANY,12013,2024-09-08,2024-09-15,7.0,35.7,0-7 days,0,10.0,9.932707919898972,2.1291696542263194,-3.0
1003,BRONCO WINE COMPANY,12109,2024-09-15,2024-09-21,6.0,109.62,0-7 days,0,10.0,9.932707919898972,2.1291696542263194,-4.0
1003,BRONCO WINE COMPANY,12379,2024-09-29,2024-10-07,8.0,36.96,8-15 days,0,10.0,9.932707919898972,2.1291696542263194,-2.0
1003,BRONCO WINE COMPANY,12570,2024-10-12,2024-10-21,9.0,62.96,8-15 days,0,10.0,9.932707919898972,2.1291696542263194,-1.0
1003,BRONCO WINE COMPANY,12653,2024-10-18,2024-10-24,6.0,31.44,0-7 days,0,10.0,9.932707919898972,2.1291696542263194,-4.0
1003,BRONCO WINE COMPANY,12928,2024-11-06,2024-11-18,12.0,30.8,8-15 days,0,10.0,9.932707919898972,2.1291696542263194,2.0
1003,BRONCO WINE COMPANY,13081,2024-11-16,2024-11-23,7.0,95.32,0-7 days,0,10.0,9.932707919898972,2.1291696542263194,-3.0
1003,BRONCO WINE COMPANY,13151,2024-11-21,2024-11-28,7.0,73.92,0-7 days,0,10.0,9.932707919898972,2.1291696542263194,-3.0
1003,BRONCO WINE COMPANY,13316,2024-12-02,2024-12-06,4.0,63.6,0-7 days,0,10.0,9.932707919898972,2.1291696542263194,-6.0
1003,BRONCO WINE COMPANY,13415,2024-12-08,2024-12-14,6.0,36.96,0-7 days,0,10.0,9.932707919898972,2.1291696542263194,-4.0
1003,BRONCO WINE COMPANY,13467,2024-12-12,2024-12-23,11.0,42.98,8-15 days,0,10.0,9.932707919898972,2.1291696542263194,1.0
1003,BRONCO WINE COMPANY,13571,2024-12-19,2024-12-27,8.0,69.12,8-15 days,0,10.0,9.932707919898972,2.1291696542263194,-2.0
1128,BROWN-FORMAN CORP,8150,2023-12-23,2024-01-03,11.0,65403.57,8-15 days,0,10.0,9.932707919898972,2.1291696542263194,1.0
1128,BROWN-FORMAN CORP,8210,2023-12-27,2024-01-10,14.0,298902.89,8-15 days,0,10.0,9.932707919898972,2.1291696542263194,4.0
1128,BROWN-FORMAN CORP,8358,2024-01-06,2024-01-16,10.0,138035.44,8-15 days,0,10.0,9.932707919898972,2.1291696542263194,0.0
1128,BROWN-FORMAN CORP,8457,2024-01-13,2024-01-23,10.0,142492.97,8-15 days,0,10.0,9.932707919898972,2.1291696542263194,0.0
1128,BROWN-FORMAN CORP,8517,2024-01-18,2024-01-31,13.0,335055.84,8-15 days,0,10.0,9.932707919898972,2.1291696542263194,3.0
1128,BROWN-FORMAN CORP,8689,2024-01-29,2024-02-06,8.0,250689.87,8-15 days,0,10.0,9.932707919898972,2.1291696542263194,-2.0
1128,BROWN-FORMAN CORP,8742,2024-02-02,2024-02-13,11.0,165219.61,8-15 days,0,10.0,9.932707919898972,2.1291696542263194,1.0
1128,BROWN-FORMAN CORP,8838,2024-02-09,2024-02-21,12.0,203550.59,8-15 days,0,10.0,9.932707919898972,2.1291696542263194,2.0
1128,BROWN-FORMAN CORP,8945,2024-02-16,2024-02-27,11.0,313177.52,8-15 days,0,10.0,9.932707919898972,2.1291696542263194,1.0
1128,BROWN-FORMAN CORP,9017,2024-02-21,2024-03-05,13.0,195521.15,8-15 days,0,10.0,9.932707919898972,2.1291696542263194,3.0
1128,BROWN-FORMAN CORP,9181,2024-03-03,2024-03-12,9.0,170276.77,8-15 days,0,10.0,9.932707919898972,2.1291696542263194,-1.0
1128,BROWN-FORMAN CORP,9215,2024-03-06,2024-03-19,13.0,164097.83,8-15 days,0,10.0,9.932707919898972,2.1291696542263194,3.0
1128,BROWN-FORMAN CORP,9390,2024-03-18,2024-03-26,8.0,158392.02,8-15 days,0,10.0,9.932707919898972,2.1291696542263194,-2.0
1128,BROWN-FORMAN CORP,9416,2024-03-20,2024-04-03,14.0,257419.46,8-15 days,0,10.0,9.932707919898972,2.1291696542263194,4.0
1128,BROWN-FORMAN CORP,9521,2024-03-27,2024-04-10,14.0,214028.06,8-15 days,0,10.0,9.932707919898972,2.1291696542263194,4.0
1128,BROWN-FORMAN CORP,9672,2024-04-06,2024-04-15,9.0,190511.13,8-15 days,0,10.0,9.932707919898972,2.1291696542263194,-1.0
1128,BROWN-FORMAN CORP,9763,2024-04-13,2024-04-24,11.0,199050.33,8-15 days,0,10.0,9.932707919898972,2.1291696542263194,1.0
1128,BROWN-FORMAN CORP,9848,2024-04-19,2024-05-01,12.0,220984.85,8-15 days,0,10.0,9.932707919898972,2.1291696542263194,2.0
1128,BROWN-FORMAN CORP,10001,2024-04-29,2024-05-07,8.0,227776.44,8-15 days,0,10.0,9.932707919898972,2.1291696542263194,-2.0
1128,BROWN-FORMAN CORP,10035,2024-05-02,2024-05-13,11.0,181190.81,8-15 days,0,10.0,9.932707919898972,2.1291696542263194,1.0
1128,BROWN-FORMAN CORP,10201,2024-05-13,2024-05-21,8.0,179195.54,8-15 days,0,10.0,9.932707919898972,2.1291696542263194,-2.0
1128,BROWN-FORMAN CORP,10224,2024-05-15,2024-05-29,14.0,283650.31,8-15 days,0,10.0,9.932707919898972,2.1291696542263194,4.0
1128,BROWN-FORMAN CORP,10378,2024-05-25,2024-06-05,11.0,297968.12,8-15 days,0,10.0,9.932707919898972,2.1291696542263194,1.0
1128,BROWN-FORMAN CORP,10480,2024-06-01,2024-06-12,11.0,481113.96,8-15 days,0,10.0,9.932707919898972,2.1291696542263194,1.0
1128,BROWN-FORMAN CORP,10534,2024-06-05,2024-06-19,14.0,306451.12,8-15 days,0,10.0,9.932707919898972,2.1291696542263194,4.0
1128,BROWN-FORMAN CORP,10666,2024-06-14,2024-06-26,12.0,265744.08,8-15 days,0,10.0,9.932707919898972,2.1291696542263194,2.0
1128,BROWN-FORMAN CORP,10753,2024-06-20,2024-06-30,10.0,209653.2,8-15 days,0,10.0,9.932707919898972,2.1291696542263194,0.0
1128,BROWN-FORMAN CORP,10839,2024-06-25,2024-07-03,8.0,38148.64,8-15 days,0,10.0,9.932707919898972,2.1291696542263194,-2.0
1128,BROWN-FORMAN CORP,10971,2024-06-29,2024-07-09,10.0,360832.0,8-15 days,0,10.0,9.932707919898972,2.1291696542263194,0.0
1128,BROWN-FORMAN CORP,11109,2024-07-08,2024-07-16,8.0,320836.08,8-15 days,0,10.0,9.932707919898972,2.1291696542263194,-2.0
1128,BROWN-FORMAN CORP,11208,2024-07-15,2024-07-23,8.0,352950.75,8-15 days,0,10.0,9.932707919898972,2.1291696542263194,-2.0
1128,BROWN-FORMAN CORP,11311,2024-07-22,2024-07-30,8.0,305408.27,8-15 days,0,10.0,9.932707919898972,2.1291696542263194,-2.0
1128,BROWN-FORMAN CORP,11382,2024-07-27,2024-08-07,11.0,239908.07,8-15 days,0,10.0,9.932707919898972,2.1291696542263194,1.0
1128,BROWN-FORMAN CORP,11458,2024-08-02,2024-08-14,12.0,215610.62,8-15 days,0,10.0,9.932707919898972,2.1291696542263194,2.0
1128,BROWN-FORMAN CORP,11543,2024-08-08,2024-08-21,13.0,320636.32,8-15 days,0,10.0,9.932707919898972,2.1291696542263194,3.0
1128,BROWN-FORMAN CORP,11668,2024-08-16,2024-08-28,12.0,235097.07,8-15 days,0,10.0,9.932707919898972,2.1291696542263194,2.0
1128,BROWN-FORMAN CORP,11730,2024-08-21,2024-09-04,14.0,242967.77,8-15 days,0,10.0,9.932707919898972,2.1291696542263194,4.0
1128,BROWN-FORMAN CORP,11920,2024-09-02,2024-09-11,9.0,257530.21,8-15 days,0,10.0,9.932707919898972,2.1291696542263194,-1.0
1128,BROWN-FORMAN CORP,11954,2024-09-05,2024-09-17,12.0,158616.72,8-15 days,0,10.0,9.932707919898972,2.1291696542263194,2.0
1128,BROWN-FORMAN CORP,12076,2024-09-13,2024-09-25,12.0,159874.59,8-15 days,0,10.0,9.932707919898972,2.1291696542263194,2.0
1128,BROWN-FORMAN CORP,12192,2024-09-21,2024-09-30,9.0,226695.59,8-15 days,0,10.0,9.932707919898972,2.1291696542263194,-1.0
1128,BROWN-FORMAN CORP,12256,2024-09-23,2024-10-02,9.0,5009.04,8-15 days,0,10.0,9.932707919898972,2.1291696542263194,-1.0
1128,BROWN-FORMAN CORP,12393,2024-09-30,2024-10-08,8.0,286441.4,8-15 days,0,10.0,9.932707919898972,2.1291696542263194,-2.0
1128,BROWN-FORMAN CORP,12501,2024-10-07,2024-10-16,9.0,262711.21,8-15 days,0,10.0,9.932707919898972,2.1291696542263194,-1.0
1128,BROWN-FORMAN CORP,12517,2024-10-09,2024-10-22,13.0,280004.13,8-15 days,0,10.0,9.932707919898972,2.1291696542263194,3.0
1128,BROWN-FORMAN CORP,12672,2024-10-19,2024-10-30,11.0,295495.96,8-15 days,0,10.0,9.932707919898972,2.1291696542263194,1.0
1128,BROWN-FORMAN CORP,12788,2024-10-27,2024-11-06,10.0,338788.68,8-15 days,0,10.0,9.932707919898972,2.1291696542263194,0.0
1128,BROWN-FORMAN CORP,12828,2024-10-30,2024-11-13,14.0,354155.84,8-15 days,0,10.0,9.932707919898972,2.1291696542263194,4.0
1128,BROWN-FORMAN CORP,12951,2024-11-07,2024-11-19,12.0,356155.13,8-15 days,0,10.0,9.932707919898972,2.1291696542263194,2.0
1128,BROWN-FORMAN CORP,13068,2024-11-15,2024-11-27,12.0,226877.57,8-15 days,0,10.0,9.932707919898972,2.1291696542263194,2.0
1128,BROWN-FORMAN CORP,13224,2024-11-25,2024-12-04,9.0,287164.72,8-15 days,0,10.0,9.932707919898972,2.1291696542263194,-1.0
1128,BROWN-FORMAN CORP,13288,2024-11-30,2024-12-11,11.0,290810.28,8-15 days,0,10.0,9.932707919898972,2.1291696542263194,1.0
1128,BROWN-FORMAN CORP,13390,2024-12-07,2024-12-18,11.0,303869.01,8-15 days,0,10.0,9.932707919898972,2.1291696542263194,1.0
1128,BROWN-FORMAN CORP,13468,2024-12-12,2024-12-24,12.0,301771.97,8-15 days,0,10.0,9.932707919898972,2.1291696542263194,2.0
1128,BROWN-FORMAN CORP,13642,2024-12-23,2024-12-31,8.0,389511.96,8-15 days,0,10.0,9.932707919898972,2.1291696542263194,-2.0
1189,BULLY BOY DISTILLERS,8171,2023-12-24,2024-01-01,8.0,132.3,8-15 days,0,10.0,9.932707919898972,2.1291696542263194,-2.0
1189,BULLY BOY DISTILLERS,8220,2023-12-28,2024-01-06,9.0,264.6,8-15 days,0,10.0,9.932707919898972,2.1291696542263194,-1.0
1189,BULLY BOY DISTILLERS,8434,2024-01-12,2024-01-21,9.0,661.5,8-15 days,0,10.0,9.932707919898972,2.1291696542263194,-1.0
1189,BULLY BOY DISTILLERS,8518,2024-01-18,2024-01-29,11.0,374.85,8-15 days,0,10.0,9.932707919898972,2.1291696542263194,1.0
1189,BULLY BOY DISTILLERS,8619,2024-01-25,2024-02-04,10.0,264.6,8-15 days,0,10.0,9.932707919898972,2.1291696542263194,0.0
1189,BULLY BOY DISTILLERS,8760,2024-02-03,2024-02-12,9.0,352.8,8-15 days,0,10.0,9.932707919898972,2.1291696542263194,-1.0
1189,BULLY BOY DISTILLERS,8878,2024-02-11,2024-02-19,8.0,793.8,8-15 days,0,10.0,9.932707919898972,2.1291696542263194,-2.0
1189,BULLY BOY DISTILLERS,8946,2024-02-16,2024-02-23,7.0,110.25,0-7 days,0,10.0,9.932707919898972,2.1291696542263194,-3.0
1189,BULLY BOY DISTILLERS,9083,2024-02-25,2024-03-03,7.0,529.2,0-7 days,0,10.0,9.932707919898972,2.1291696542263194,-3.0
1189,BULLY BOY DISTILLERS,9114,2024-02-28,2024-03-11,12.0,264.6,8-15 days,0,10.0,9.932707919898972,2.1291696542263194,2.0
1189,BULLY BOY DISTILLERS,9257,2024-03-09,2024-03-17,8.0,926.1,8-15 days,0,10.0,9.932707919898972,2.1291696542263194,-2.0
1189,BULLY BOY DISTILLERS,9391,2024-03-18,2024-03-24,6.0,264.6,0-7 days,0,10.0,9.932707919898972,2.1291696542263194,-4.0
1189,BULLY BOY DISTILLERS,9505,2024-03-25,2024-03-29,4.0,132.3,0-7 days,0,10.0,9.932707919898972,2.1291696542263194,-6.0
1189,BULLY BOY DISTILLERS,9562,2024-03-30,2024-04-06,7.0,264.6,0-7 days,0,10.0,9.932707919898972,2.1291696542263194,-3.0
1189,BULLY BOY DISTILLERS,9618,2024-04-03,2024-04-15,12.0,3460.92,8-15 days,0,10.0,9.932707919898972,2.1291696542263194,2.0
1189,BULLY BOY DISTILLERS,9786,2024-04-14,2024-04-22,8.0,14364.91,8-15 days,0,10.0,9.932707919898972,2.1291696542263194,-2.0
1189,BULLY BOY DISTILLERS,9902,2024-04-22,2024-04-28,6.0,1992.18,0-7 days,0,10.0,9.932707919898972,2.1291696542263194,-4.0
1189,BULLY BOY DISTILLERS,10002,2024-04-29,2024-05-06,7.0,2775.93,0-7 days,0,10.0,9.932707919898972,2.1291696542263194,-3.0
1189,BULLY BOY DISTILLERS,10065,2024-05-04,2024-05-13,9.0,2641.63,8-15 days,0,10.0,9.932707919898972,2.1291696542263194,-1.0
1189,BULLY BOY DISTILLERS,10152,2024-05-10,2024-05-22,12.0,2456.51,8-15 days,0,10.0,9.932707919898972,2.1291696542263194,2.0
1189,BULLY BOY DISTILLERS,10290,2024-05-19,2024-05-29,10.0,3678.29,8-15 days,0,10.0,9.932707919898972,2.1291696542263194,0.0
1189,BULLY BOY DISTILLERS,10393,2024-05-26,2024-06-02,7.0,380.97,0-7 days,0,10.0,9.932707919898972,2.1291696542263194,-3.0
1189,BULLY BOY DISTILLERS,10481,2024-06-01,2024-06-12,11.0,2485.96,8-15 days,0,10.0,9.932707919898972,2.1291696542263194,1.0
1189,BULLY BOY DISTILLERS,10581,2024-06-08,2024-06-17,9.0,2198.28,8-15 days,0,10.0,9.932707919898972,2.1291696542263194,-1.0
1189,BULLY BOY DISTILLERS,10696,2024-06-16,2024-06-26,10.0,1605.33,8-15 days,0,10.0,9.932707919898972,2.1291696542263194,0.0
1189,BULLY BOY DISTILLERS,10812,2024-06-24,2024-06-30,6.0,1021.78,0-7 days,0,10.0,9.932707919898972,2.1291696542263194,-4.0
1189,BULLY BOY DISTILLERS,10840,2024-06-25,2024-07-02,7.0,1054.08,0-7 days,0,10.0,9.932707919898972,2.1291696542263194,-3.0
1189,BULLY BOY DISTILLERS,10983,2024-06-30,2024-07-08,8.0,3758.16,8-15 days,0,10.0,9.932707919898972,2.1291696542263194,-2.0
1189,BULLY BOY DISTILLERS,11094,2024-07-07,2024-07-15,8.0,2378.13,8-15 days,0,10.0,9.932707919898972,2.1291696542263194,-2.0
1189,BULLY BOY DISTILLERS,11209,2024-07-15,2024-07-22,7.0,1632.69,0-7 days,0,10.0,9.932707919898972,2.1291696542263194,-3.0
1189,BULLY BOY DISTILLERS,11264,2024-07-19,2024-07-29,10.0,1379.11,8-15 days,0,10.0,9.932707919898972,2.1291696542263194,0.0
1189,BULLY BOY DISTILLERS,11383,2024-07-27,2024-08-06,10.0,1968.72,8-15 days,0,10.0,9.932707919898972,2.1291696542263194,0.0
1189,BULLY BOY DISTILLERS,11444,2024-08-01,2024-08-14,13.0,1120.75,8-15 days,0,10.0,9.932707919898972,2.1291696542263194,3.0
1189,BULLY BOY DISTILLERS,11608,2024-08-11,2024-08-19,8.0,5274.99,8-15 days,0,10.0,9.932707919898972,2.1291696542263194,-2.0
1189,BULLY BOY DISTILLERS,11653,2024-08-15,2024-08-27,12.0,10435.19,8-15 days,0,10.0,9.932707919898972,2.1291696542263194,2.0
1189,BULLY BOY DISTILLERS,11792,2024-08-24,2024-09-02,9.0,2628.96,8-15 days,0,10.0,9.932707919898972,2.1291696542263194,-1.0
1189,BULLY BOY DISTILLERS,11921,2024-09-02,2024-09-09,7.0,2262.95,0-7 days,0,10.0,9.932707919898972,2.1291696542263194,-3.0
1189,BULLY BOY DISTILLERS,12026,2024-09-09,2024-09-16,7.0,1837.83,0-7 days,0,10.0,9.932707919898972,2.1291696542263194,-3.0
1189,BULLY BOY DISTILLERS,12126,2024-09-16,2024-09-23,7.0,1848.6,0-7 days,0,10.0,9.932707919898972,2.1291696542263194,-3.0
1189,BULLY BOY DISTILLERS,12215,2024-09-22,2024-09-29,7.0,810.45,0-7 days,0,10.0,9.932707919898972,2.1291696542263194,-3.0
1189,BULLY BOY DISTILLERS,12380,2024-09-29,2024-10-07,8.0,1384.83,8-15 days,0,10.0,9.932707919898972,2.1291696542263194,-2.0
1189,BULLY BOY DISTILLERS,12456,2024-10-04,2024-10-14,10.0,2016.84,8-15 days,0,10.0,9.932707919898972,2.1291696542263194,0.0
1189,BULLY BOY DISTILLERS,12600,2024-10-14,2024-10-21,7.0,2771.51,0-7 days,0,10.0,9.932707919898972,2.1291696542263194,-3.0
1189,BULLY BOY DISTILLERS,12654,2024-10-18,2024-10-28,10.0,1672.72,8-15 days,0,10.0,9.932707919898972,2.1291696542263194,0.0
1189,BULLY BOY DISTILLERS,12789,2024-10-27,2024-11-04,8.0,2593.35,8-15 days,0,10.0,9.932707919898972,2.1291696542263194,-2.0
1189,BULLY BOY DISTILLERS,12829,2024-10-30,2024-11-11,12.0,1418.68,8-15 days,0,10.0,9.932707919898972,2.1291696542263194,2.0
1189,BULLY BOY DISTILLERS,12952,2024-11-07,2024-11-17,10.0,1163.65,8-15 days,0,10.0,9.932707919898972,2.1291696542263194,0.0
1189,BULLY BOY DISTILLERS,13030,2024-11-13,2024-11-27,14.0,5696.83,8-15 days,0,10.0,9.932707919898972,2.1291696542263194,4.0
1189,BULLY BOY DISTILLERS,13182,2024-11-23,2024-12-02,9.0,2748.05,8-15 days,0,10.0,9.932707919898972,2.1291696542263194,-1.0
1189,BULLY BOY DISTILLERS,13306,2024-12-01,2024-12-09,8.0,1894.1,8-15 days,0,10.0,9.932707919898972,2.1291696542263194,-2.0
1189,BULLY BOY DISTILLERS,13338,2024-12-04,2024-12-16,12.0,4424.22,8-15 days,0,10.0,9.932707919898972,2.1291696542263194,2.0
1189,BULLY BOY DISTILLERS,13469,2024-12-12,2024-12-23,11.0,2463.64,8-15 days,0,10.0,9.932707919898972,2.1291696542263194,1.0
1189,BULLY BOY DISTILLERS,13572,2024-12-19,2024-12-30,11.0,4890.4,8-15 days,0,10.0,9.932707919898972,2.1291696542263194,1.0
1265,BLACK ROCK SPIRITS LLC,8324,2024-01-04,2024-01-11,7.0,84.3,0-7 days,0,10.0,9.932707919898972,2.1291696542263194,-3.0
1265,BLACK ROCK SPIRITS LLC,8571,2024-01-21,2024-01-26,5.0,56.2,0-7 days,0,10.0,9.932707919898972,2.1291696542263194,-5.0
1265,BLACK ROCK SPIRITS LLC,8676,2024-01-28,2024-02-04,7.0,84.3,0-7 days,0,10.0,9.932707919898972,2.1291696542263194,-3.0
1265,BLACK ROCK SPIRITS LLC,9163,2024-03-02,2024-03-09,7.0,14.05,0-7 days,0,10.0,9.932707919898972,2.1291696542263194,-3.0
1265,BLACK ROCK SPIRITS LLC,9229,2024-03-07,2024-03-16,9.0,14.05,8-15 days,0,10.0,9.932707919898972,2.1291696542263194,-1.0
1265,BLACK ROCK SPIRITS LLC,9433,2024-03-21,2024-03-30,9.0,14.05,8-15 days,0,10.0,9.932707919898972,2.1291696542263194,-1.0
1265,BLACK ROCK SPIRITS LLC,9641,2024-04-04,2024-04-13,9.0,42.15,8-15 days,0,10.0,9.932707919898972,2.1291696542263194,-1.0
1265,BLACK ROCK SPIRITS LLC,9785,2024-04-14,2024-04-20,6.0,210.75,0-7 days,0,10.0,9.932707919898972,2.1291696542263194,-4.0
1265,BLACK ROCK SPIRITS LLC,10151,2024-05-10,2024-05-19,9.0,84.3,8-15 days,0,10.0,9.932707919898972,2.1291696542263194,-1.0
1265,BLACK ROCK SPIRITS LLC,10223,2024-05-15,2024-05-24,9.0,14.05,8-15 days,0,10.0,9.932707919898972,2.1291696542263194,-1.0
1265,BLACK ROCK SPIRITS LLC,10479,2024-06-01,2024-06-07,6.0,84.3,0-7 days,0,10.0,9.932707919898972,2.1291696542263194,-4.0
1265,BLACK ROCK SPIRITS LLC,10647,2024-06-13,2024-06-24,11.0,84.3,8-15 days,0,10.0,9.932707919898972,2.1291696542263194,1.0
1265,BLACK ROCK SPIRITS LLC,11123,2024-07-10,2024-07-18,8.0,84.3,8-15 days,0,10.0,9.932707919898972,2.1291696542263194,-2.0
1265,BLACK ROCK SPIRITS LLC,11245,2024-07-18,2024-07-29,11.0,14.05,8-15 days,0,10.0,9.932707919898972,2.1291696542263194,1.0
1265,BLACK ROCK SPIRITS LLC,12145,2024-09-18,2024-09-26,8.0,84.3,8-15 days,0,10.0,9.932707919898972,2.1291696542263194,-2.0
1265,BLACK ROCK SPIRITS LLC,12691,2024-10-20,2024-10-29,9.0,14.05,8-15 days,0,10.0,9.932707919898972,2.1291696542263194,-1.0
1265,BLACK ROCK SPIRITS LLC,13305,2024-12-01,2024-12-07,6.0,84.3,0-7 days,0,10.0,9.932707919898972,2.1291696542263194,-4.0
1265,BLACK ROCK SPIRITS LLC,13337,2024-12-04,2024-12-16,12.0,84.3,8-15 days,0,10.0,9.932707919898972,2.1291696542263194,2.0
1273,CALEDONIA SPIRITS INC,8172,2023-12-24,2024-01-01,8.0,146.8,8-15 days,0,10.0,9.932707919898972,2.1291696542263194,-2.0
1273,CALEDONIA SPIRITS INC,8211,2023-12-27,2024-01-09,13.0,1745.29,8-15 days,0,10.0,9.932707919898972,2.1291696542263194,3.0
1273,CALEDONIA SPIRITS INC,8375,2024-01-07,2024-01-15,8.0,1732.24,8-15 days,0,10.0,9.932707919898972,2.1291696542263194,-2.0
1273,CALEDONIA SPIRITS INC,8435,2024-01-12,2024-01-22,10.0,3011.7,8-15 days,0,10.0,9.932707919898972,2.1291696542263194,0.0
1273,CALEDONIA SPIRITS INC,8589,2024-01-22,2024-01-29,7.0,176.16,0-7 days,0,10.0,9.932707919898972,2.1291696542263194,-3.0
1273,CALEDONIA SPIRITS INC,8606,2024-01-24,2024-02-05,12.0,1494.7,8-15 days,0,10.0,9.932707919898972,2.1291696542263194,2.0
1273,CALEDONIA SPIRITS INC,8779,2024-02-04,2024-02-13,9.0,1358.29,8-15 days,0,10.0,9.932707919898972,2.1291696542263194,-1.0
1273,CALEDONIA SPIRITS INC,8895,2024-02-12,2024-02-19,7.0,1938.68,0-7 days,0,10.0,9.932707919898972,2.1291696542263194,-3.0
1273,CALEDONIA SPIRITS INC,8923,2024-02-15,2024-02-25,10.0,2396.88,8-15 days,0,10.0,9.932707919898972,2.1291696542263194,0.0
1273,CALEDONIA SPIRITS INC,9096,2024-02-26,2024-03-04,7.0,880.8,0-7 days,0,10.0,9.932707919898972,2.1291696542263194,-3.0
1273,CALEDONIA SPIRITS INC,9196,2024-03-04,2024-03-11,7.0,1293.63,0-7 days,0,10.0,9.932707919898972,2.1291696542263194,-3.0
1273,CALEDONIA SPIRITS INC,9279,2024-03-10,2024-03-18,8.0,2478.42,8-15 days,0,10.0,9.932707919898972,2.1291696542263194,-2.0
1273,CALEDONIA SPIRITS INC,9348,2024-03-15,2024-03-25,10.0,1374.6,8-15 days,0,10.0,9.932707919898972,2.1291696542263194,0.0
1273,CALEDONIA SPIRITS INC,9492,2024-03-24,2024-04-01,8.0,5159.38,8-15 days,0,10.0,9.932707919898972,2.1291696542263194,-2.0
1273,CALEDONIA SPIRITS INC,9584,2024-03-31,2024-04-08,8.0,3597.68,8-15 days,0,10.0,9.932707919898972,2.1291696542263194,-2.0
1273,CALEDONIA SPIRITS INC,9619,2024-04-03,2024-04-15,12.0,5762.29,8-15 days,0,10.0,9.932707919898972,2.1291696542263194,2.0
1273,CALEDONIA SPIRITS INC,9764,2024-04-13,2024-04-22,9.0,2169.98,8-15 days,0,10.0,9.932707919898972,2.1291696542263194,-1.0
1273,CALEDONIA SPIRITS INC,9849,2024-04-19,2024-04-29,10.0,3207.03,8-15 days,0,10.0,9.932707919898972,2.1291696542263194,0.0
1273,CALEDONIA SPIRITS INC,9917,2024-04-24,2024-05-05,11.0,3028.44,8-15 days,0,10.0,9.932707919898972,2.1291696542263194,1.0
1273,CALEDONIA SPIRITS INC,10080,2024-05-05,2024-05-13,8.0,3392.73,8-15 days,0,10.0,9.932707919898972,2.1291696542263194,-2.0
1273,CALEDONIA SPIRITS INC,10170,2024-05-11,2024-05-20,9.0,5074.58,8-15 days,0,10.0,9.932707919898972,2.1291696542263194,-1.0
1273,CALEDONIA SPIRITS INC,10225,2024-05-15,2024-05-28,13.0,3161.11,8-15 days,0,10.0,9.932707919898972,2.1291696542263194,3.0
1273,CALEDONIA SPIRITS INC,10327,2024-05-22,2024-06-05,14.0,14024.21,8-15 days,0,10.0,9.932707919898972,2.1291696542263194,4.0
1273,CALEDONIA SPIRITS INC,10467,2024-05-31,2024-06-10,10.0,12714.89,8-15 days,0,10.0,9.932707919898972,2.1291696542263194,0.0
1273,CALEDONIA SPIRITS INC,10535,2024-06-05,2024-06-18,13.0,7939.39,8-15 days,0,10.0,9.932707919898972,2.1291696542263194,3.0
1273,CALEDONIA SPIRITS INC,10714,2024-06-17,2024-06-26,9.0,5866.65,8-15 days,0,10.0,9.932707919898972,2.1291696542263194,-1.0
1273,CALEDONIA SPIRITS INC,10779,2024-06-22,2024-06-30,8.0,4197.41,8-15 days,0,10.0,9.932707919898972,2.1291696542263194,-2.0
1273,CALEDONIA SPIRITS INC,10841,2024-06-25,2024-07-01,6.0,1198.44,0-7 days,0,10.0,9.932707919898972,2.1291696542263194,-4.0
1273,CALEDONIA SPIRITS INC,10984,2024-06-30,2024-07-08,8.0,5458.3,8-15 days,0,10.0,9.932707919898972,2.1291696542263194,-2.0
1273,CALEDONIA SPIRITS INC,11046,2024-07-04,2024-07-16,12.0,4019.66,8-15 days,0,10.0,9.932707919898972,2.1291696542263194,2.0
1273,CALEDONIA SPIRITS INC,11189,2024-07-14,2024-07-23,9.0,5623.82,8-15 days,0,10.0,9.932707919898972,2.1291696542263194,-1.0
1273,CALEDONIA SPIRITS INC,11265,2024-07-19,2024-07-29,10.0,5999.14,8-15 days,0,10.0,9.932707919898972,2.1291696542263194,0.0
1273,CALEDONIA SPIRITS INC,11363,2024-07-26,2024-08-07,12.0,10279.45,8-15 days,0,10.0,9.932707919898972,2.1291696542263194,2.0
1273,CALEDONIA SPIRITS INC,11475,2024-08-03,2024-08-13,10.0,7192.38,8-15 days,0,10.0,9.932707919898972,2.1291696542263194,0.0
1273,CALEDONIA SPIRITS INC,11544,2024-08-08,2024-08-19,11.0,4806.19,8-15 days,0,10.0,9.932707919898972,2.1291696542263194,1.0
1273,CALEDONIA SPIRITS INC,11669,2024-08-16,2024-08-26,10.0,6894.98,8-15 days,0,10.0,9.932707919898972,2.1291696542263194,0.0
1273,CALEDONIA SPIRITS INC,11731,2024-08-21,2024-09-02,12.0,4643.38,8-15 days,0,10.0,9.932707919898972,2.1291696542263194,2.0
1273,CALEDONIA SPIRITS INC,11880,2024-08-31,2024-09-09,9.0,5552.67,8-15 days,0,10.0,9.932707919898972,2.1291696542263194,-1.0
1273,CALEDONIA SPIRITS INC,11955,2024-09-05,2024-09-16,11.0,3910.25,8-15 days,0,10.0,9.932707919898972,2.1291696542263194,1.0
1273,CALEDONIA SPIRITS INC,12041,2024-09-11,2024-09-23,12.0,3742.99,8-15 days,0,10.0,9.932707919898972,2.1291696542263194,2.0
1273,CALEDONIA SPIRITS INC,12193,2024-09-21,2024-09-30,9.0,5433.44,8-15 days,0,10.0,9.932707919898972,2.1291696542263194,-1.0
1273,CALEDONIA SPIRITS INC,12331,2024-09-26,2024-10-09,13.0,10196.13,8-15 days,0,10.0,9.932707919898972,2.1291696542263194,3.0
1273,CALEDONIA SPIRITS INC,12465,2024-10-05,2024-10-16,11.0,20334.21,8-15 days,0,10.0,9.932707919898972,2.1291696542263194,1.0
1273,CALEDONIA SPIRITS INC,12540,2024-10-10,2024-10-22,12.0,4560.71,8-15 days,0,10.0,9.932707919898972,2.1291696542263194,2.0
1273,CALEDONIA SPIRITS INC,12705,2024-10-21,2024-10-28,7.0,3970.76,0-7 days,0,10.0,9.932707919898972,2.1291696542263194,-3.0
1273,CALEDONIA SPIRITS INC,12807,2024-10-28,2024-11-04,7.0,4485.26,0-7 days,0,10.0,9.932707919898972,2.1291696542263194,-3.0
1273,CALEDONIA SPIRITS INC,12858,2024-11-01,2024-11-11,10.0,2458.26,8-15 days,0,10.0,9.932707919898972,2.1291696542263194,0.0
1273,CALEDONIA SPIRITS INC,12929,2024-11-06,2024-11-18,12.0,5499.18,8-15 days,0,10.0,9.932707919898972,2.1291696542263194,2.0
1273,CALEDONIA SPIRITS INC,13119,2024-11-18,2024-11-27,9.0,3467.19,8-15 days,0,10.0,9.932707919898972,2.1291696542263194,-1.0
1273,CALEDONIA SPIRITS INC,13225,2024-11-25,2024-12-02,7.0,3940.15,0-7 days,0,10.0,9.932707919898972,2.1291696542263194,-3.0
1273,CALEDONIA SPIRITS INC,13317,2024-12-02,2024-12-09,7.0,3236.76,0-7 days,0,10.0,9.932707919898972,2.1291696542263194,-3.0
1273,CALEDONIA SPIRITS INC,13339,2024-12-04,2024-12-17,13.0,6316.01,8-15 days,0,10.0,9.932707919898972,2.1291696542263194,3.0
1273,CALEDONIA SPIRITS INC,13470,2024-12-12,2024-12-24,12.0,10237.85,8-15 days,0,10.0,9.932707919898972,2.1291696542263194,2.0
1273,CALEDONIA SPIRITS INC,13626,2024-12-22,2024-12-30,8.0,6823.18,8-15 days,0,10.0,9.932707919898972,2.1291696542263194,-2.0
1392,CONSTELLATION BRANDS INC,8108,2023-12-20,2024-01-03,14.0,60281.13,8-15 days,0,10.0,9.932707919898972,2.1291696542263194,4.0
1392,CONSTELLATION BRANDS INC,8252,2023-12-30,2024-01-10,11.0,248369.62,8-15 days,0,10.0,9.932707919898972,2.1291696542263194,1.0
1392,CONSTELLATION BRANDS INC,8360,2024-01-06,2024-01-15,9.0,163665.26,8-15 days,0,10.0,9.932707919898972,2.1291696542263194,-1.0
1392,CONSTELLATION BRANDS INC,8419,2024-01-11,2024-01-24,13.0,161291.06,8-15 days,0,10.0,9.932707919898972,2.1291696542263194,3.0
1392,CONSTELLATION BRANDS INC,8522,2024-01-18,2024-01-30,12.0,263882.43,8-15 days,0,10.0,9.932707919898972,2.1291696542263194,2.0
1392,CONSTELLATION BRANDS INC,8691,2024-01-29,2024-02-07,9.0,216806.35,8-15 days,0,10.0,9.932707919898972,2.1291696542263194,-1.0
1392,CONSTELLATION BRANDS INC,8781,2024-02-04,2024-02-14,10.0,164809.59,8-15 days,0,10.0,9.932707919898972,2.1291696542263194,0.0
1392,CONSTELLATION BRANDS INC,8897,2024-02-12,2024-02-21,9.0,167405.64,8-15 days,0,10.0,9.932707919898972,2.1291696542263194,-1.0
1392,CONSTELLATION BRANDS INC,8981,2024-02-18,2024-02-27,9.0,351339.49,8-15 days,0,10.0,9.932707919898972,2.1291696542263194,-1.0
1392,CONSTELLATION BRANDS INC,9065,2024-02-24,2024-03-06,11.0,246611.41,8-15 days,0,10.0,9.932707919898972,2.1291696542263194,1.0
1392,CONSTELLATION BRANDS INC,9134,2024-02-29,2024-03-13,13.0,227509.18,8-15 days,0,10.0,9.932707919898972,2.1291696542263194,3.0
1392,CONSTELLATION BRANDS INC,9283,2024-03-10,2024-03-20,10.0,173680.82,8-15 days,0,10.0,9.932707919898972,2.1291696542263194,0.0
1392,CONSTELLATION BRANDS INC,9331,2024-03-14,2024-03-26,12.0,200462.77,8-15 days,0,10.0,9.932707919898972,2.1291696542263194,2.0
1392,CONSTELLATION BRANDS INC,9493,2024-03-24,2024-04-03,10.0,397663.8,8-15 days,0,10.0,9.932707919898972,2.1291696542263194,0.0
1392,CONSTELLATION BRANDS INC,9523,2024-03-27,2024-04-09,13.0,264586.04,8-15 days,0,10.0,9.932707919898972,2.1291696542263194,3.0
1392,CONSTELLATION BRANDS INC,9623,2024-04-03,2024-04-17,14.0,221135.53,8-15 days,0,10.0,9.932707919898972,2.1291696542263194,4.0
1392,CONSTELLATION BRANDS INC,9749,2024-04-12,2024-04-24,12.0,225706.96,8-15 days,0,10.0,9.932707919898972,2.1291696542263194,2.0
1392,CONSTELLATION BRANDS INC,9819,2024-04-17,2024-05-01,14.0,354588.2,8-15 days,0,10.0,9.932707919898972,2.1291696542263194,4.0
1392,CONSTELLATION BRANDS INC,9955,2024-04-26,2024-05-08,12.0,285808.66,8-15 days,0,10.0,9.932707919898972,2.1291696542263194,2.0
1392,CONSTELLATION BRANDS INC,10098,2024-05-06,2024-05-15,9.0,220368.1,8-15 days,0,10.0,9.932707919898972,2.1291696542263194,-1.0
1392,CONSTELLATION BRANDS INC,10190,2024-05-12,2024-05-22,10.0,202578.16,8-15 days,0,10.0,9.932707919898972,2.1291696542263194,0.0
1392,CONSTELLATION BRANDS INC,10291,2024-05-19,2024-05-29,10.0,472866.46,8-15 days,0,10.0,9.932707919898972,2.1291696542263194,0.0
1392,CONSTELLATION BRANDS INC,10394,2024-05-26,2024-06-05,10.0,330086.3,8-15 days,0,10.0,9.932707919898972,2.1291696542263194,0.0
1392,CONSTELLATION BRANDS INC,10448,2024-05-30,2024-06-12,13.0,342020.62,8-15 days,0,10.0,9.932707919898972,2.1291696542263194,3.0
1392,CONSTELLATION BRANDS INC,10552,2024-06-06,2024-06-19,13.0,316914.75,8-15 days,0,10.0,9.932707919898972,2.1291696542263194,3.0
1392,CONSTELLATION BRANDS INC,10681,2024-06-15,2024-06-26,11.0,323156.01,8-15 days,0,10.0,9.932707919898972,2.1291696542263194,1.0
1392,CONSTELLATION BRANDS INC,10736,2024-06-19,2024-06-30,11.0,305980.41,8-15 days,0,10.0,9.932707919898972,2.1291696542263194,1.0
1392,CONSTELLATION BRANDS INC,10847,2024-06-25,2024-07-03,8.0,83617.29,8-15 days,0,10.0,9.932707919898972,2.1291696542263194,-2.0
1392,CONSTELLATION BRANDS INC,10986,2024-06-30,2024-07-10,10.0,454689.36,8-15 days,0,10.0,9.932707919898972,2.1291696542263194,0.0
1392,CONSTELLATION BRANDS INC,11071,2024-07-05,2024-07-17,12.0,321493.98,8-15 days,0,10.0,9.932707919898972,2.1291696542263194,2.0
1392,CONSTELLATION BRANDS INC,11156,2024-07-12,2024-07-24,12.0,298100.24,8-15 days,0,10.0,9.932707919898972,2.1291696542263194,2.0
1392,CONSTELLATION BRANDS INC,11246,2024-07-18,2024-07-31,13.0,383324.02,8-15 days,0,10.0,9.932707919898972,2.1291696542263194,3.0
1392,CONSTELLATION BRANDS INC,11327,2024-07-24,2024-08-07,14.0,292162.56,8-15 days,0,10.0,9.932707919898972,2.1291696542263194,4.0
1392,CONSTELLATION BRANDS INC,11459,2024-08-02,2024-08-14,12.0,251777.71,8-15 days,0,10.0,9.932707919898972,2.1291696542263194,2.0
1392,CONSTELLATION BRANDS INC,11526,2024-08-07,2024-08-21,14.0,345173.73,8-15 days,0,10.0,9.932707919898972,2.1291696542263194,4.0
1392,CONSTELLATION BRANDS INC,11703,2024-08-18,2024-08-28,10.0,279881.62,8-15 days,0,10.0,9.932707919898972,2.1291696542263194,0.0
1392,CONSTELLATION BRANDS INC,11793,2024-08-24,2024-09-04,11.0,444607.39,8-15 days,0,10.0,9.932707919898972,2.1291696542263194,1.0
1392,CONSTELLATION BRANDS INC,11883,2024-08-31,2024-09-11,11.0,315031.2,8-15 days,0,10.0,9.932707919898972,2.1291696542263194,1.0
1392,CONSTELLATION BRANDS INC,11956,2024-09-05,2024-09-17,12.0,238235.98,8-15 days,0,10.0,9.932707919898972,2.1291696542263194,2.0
1392,CONSTELLATION BRANDS INC,12077,2024-09-13,2024-09-25,12.0,298283.78,8-15 days,0,10.0,9.932707919898972,2.1291696542263194,2.0
1392,CONSTELLATION BRANDS INC,12182,2024-09-20,2024-09-30,10.0,414404.44,8-15 days,0,10.0,9.932707919898972,2.1291696542263194,0.0
1392,CONSTELLATION BRANDS INC,12260,2024-09-23,2024-10-02,9.0,24626.63,8-15 days,0,10.0,9.932707919898972,2.1291696542263194,-1.0
1392,CONSTELLATION BRANDS INC,12357,2024-09-27,2024-10-09,12.0,332920.23,8-15 days,0,10.0,9.932707919898972,2.1291696542263194,2.0
1392,CONSTELLATION BRANDS INC,12457,2024-10-04,2024-10-16,12.0,380854.32,8-15 days,0,10.0,9.932707919898972,2.1291696542263194,2.0
1392,CONSTELLATION BRANDS INC,12518,2024-10-09,2024-10-23,14.0,301940.04,8-15 days,0,10.0,9.932707919898972,2.1291696542263194,4.0
1392,CONSTELLATION BRANDS INC,12655,2024-10-18,2024-10-30,12.0,287795.54,8-15 days,0,10.0,9.932707919898972,2.1291696542263194,2.0
1392,CONSTELLATION BRANDS INC,12792,2024-10-27,2024-11-06,10.0,300600.23,8-15 days,0,10.0,9.932707919898972,2.1291696542263194,0.0
1392,CONSTELLATION BRANDS INC,12840,2024-10-31,2024-11-13,13.0,274501.02,8-15 days,0,10.0,9.932707919898972,2.1291696542263194,3.0
1392,CONSTELLATION BRANDS INC,12953,2024-11-07,2024-11-20,13.0,280772.04,8-15 days,0,10.0,9.932707919898972,2.1291696542263194,3.0
1392,CONSTELLATION BRANDS INC,13121,2024-11-18,2024-11-27,9.0,276803.48,8-15 days,0,10.0,9.932707919898972,2.1291696542263194,-1.0
1392,CONSTELLATION BRANDS INC,13163,2024-11-22,2024-12-04,12.0,417493.91,8-15 days,0,10.0,9.932707919898972,2.1291696542263194,2.0
1392,CONSTELLATION BRANDS INC,13319,2024-12-02,2024-12-11,9.0,305149.12,8-15 days,0,10.0,9.932707919898972,2.1291696542263194,-1.0
1392,CONSTELLATION BRANDS INC,13375,2024-12-06,2024-12-18,12.0,328262.98,8-15 days,0,10.0,9.932707919898972,2.1291696542263194,2.0
1392,CONSTELLATION BRANDS INC,13486,2024-12-13,2024-12-24,11.0,345663.73,8-15 days,0,10.0,9.932707919898972,2.1291696542263194,1.0
1392,CONSTELLATION BRANDS INC,13645,2024-12-23,2024-12-31,8.0,386176.58,8-15 days,0,10.0,9.932707919898972,2.1291696542263194,-2.0
1439,CAPSTONE INTERNATIONAL,8519,2024-01-18,2024-01-26,8.0,54.64,8-15 days,0,10.0,9.932707919898972,2.1291696542263194,-2.0
1485,CASTLE BRANDS CORP.,8152,2023-12-23,2024-01-02,10.0,5420.41,8-15 days,0,10.0,9.932707919898972,2.1291696542263194,0.0
1485,CASTLE BRANDS CORP.,8236,2023-12-29,2024-01-10,12.0,45057.22,8-15 days,0,10.0,9.932707919898972,2.1291696542263194,2.0
1485,CASTLE BRANDS CORP.,8309,2024-01-03,2024-01-16,13.0,24411.92,8-15 days,0,10.0,9.932707919898972,2.1291696542263194,3.0
1485,CASTLE BRANDS CORP.,8436,2024-01-12,2024-01-23,11.0,14338.45,8-15 days,0,10.0,9.932707919898972,2.1291696542263194,1.0
1485,CASTLE BRANDS CORP.,8520,2024-01-18,2024-01-30,12.0,22801.47,8-15 days,0,10.0,9.932707919898972,2.1291696542263194,2.0
1485,CASTLE BRANDS CORP.,8690,2024-01-29,2024-02-06,8.0,29418.76,8-15 days,0,10.0,9.932707919898972,2.1291696542263194,-2.0
1485,CASTLE BRANDS CORP.,8706,2024-01-31,2024-02-14,14.0,21656.33,8-15 days,0,10.0,9.932707919898972,2.1291696542263194,4.0
1485,CASTLE BRANDS CORP.,8841,2024-02-09,2024-02-21,12.0,20060.24,8-15 days,0,10.0,9.932707919898972,2.1291696542263194,2.0
1485,CASTLE BRANDS CORP.,8947,2024-02-16,2024-02-27,11.0,34854.21,8-15 days,0,10.0,9.932707919898972,2.1291696542263194,1.0
1485,CASTLE BRANDS CORP.,9064,2024-02-24,2024-03-05,10.0,21806.11,8-15 days,0,10.0,9.932707919898972,2.1291696542263194,0.0
1485,CASTLE BRANDS CORP.,9115,2024-02-28,2024-03-12,13.0,19867.87,8-15 days,0,10.0,9.932707919898972,2.1291696542263194,3.0
1485,CASTLE BRANDS CORP.,9281,2024-03-10,2024-03-19,9.0,13661.96,8-15 days,0,10.0,9.932707919898972,2.1291696542263194,-1.0
1485,CASTLE BRANDS CORP.,9392,2024-03-18,2024-03-25,7.0,68607.71,0-7 days,0,10.0,9.932707919898972,2.1291696542263194,-3.0
1485,CASTLE BRANDS CORP.,9507,2024-03-25,2024-04-02,8.0,50218.31,8-15 days,0,10.0,9.932707919898972,2.1291696542263194,-2.0
1485,CASTLE BRANDS CORP.,9563,2024-03-30,2024-04-08,9.0,13771.87,8-15 days,0,10.0,9.932707919898972,2.1291696542263194,-1.0
1485,CASTLE BRANDS CORP.,9621,2024-04-03,2024-04-15,12.0,13694.91,8-15 days,0,10.0,9.932707919898972,2.1291696542263194,2.0
1485,CASTLE BRANDS CORP.,9788,2024-04-14,2024-04-23,9.0,20470.25,8-15 days,0,10.0,9.932707919898972,2.1291696542263194,-1.0
1485,CASTLE BRANDS CORP.,9873,2024-04-20,2024-05-01,11.0,72656.12,8-15 days,0,10.0,9.932707919898972,2.1291696542263194,1.0
1485,CASTLE BRANDS CORP.,9930,2024-04-25,2024-05-06,11.0,35269.65,8-15 days,0,10.0,9.932707919898972,2.1291696542263194,1.0
1485,CASTLE BRANDS CORP.,10081,2024-05-05,2024-05-13,8.0,26578.9,8-15 days,0,10.0,9.932707919898972,2.1291696542263194,-2.0
1485,CASTLE BRANDS CORP.,10188,2024-05-12,2024-05-21,9.0,24129.13,8-15 days,0,10.0,9.932707919898972,2.1291696542263194,-1.0
1485,CASTLE BRANDS CORP.,10312,2024-05-20,2024-05-29,9.0,26639.61,8-15 days,0,10.0,9.932707919898972,2.1291696542263194,-1.0
1485,CASTLE BRANDS CORP.,10348,2024-05-23,2024-06-05,13.0,35469.05,8-15 days,0,10.0,9.932707919898972,2.1291696542263194,3.0
1485,CASTLE BRANDS CORP.,10428,2024-05-29,2024-06-12,14.0,27543.42,8-15 days,0,10.0,9.932707919898972,2.1291696542263194,4.0
1485,CASTLE BRANDS CORP.,10615,2024-06-10,2024-06-19,9.0,28397.31,8-15 days,0,10.0,9.932707919898972,2.1291696542263194,-1.0
1485,CASTLE BRANDS CORP.,10715,2024-06-17,2024-06-26,9.0,27531.69,8-15 days,0,10.0,9.932707919898972,2.1291696542263194,-1.0
1485,CASTLE BRANDS CORP.,10734,2024-06-19,2024-06-30,11.0,29857.78,8-15 days,0,10.0,9.932707919898972,2.1291696542263194,1.0
1485,CASTLE BRANDS CORP.,10844,2024-06-25,2024-07-03,8.0,8928.66,8-15 days,0,10.0,9.932707919898972,2.1291696542263194,-2.0
1485,CASTLE BRANDS CORP.,11001,2024-07-01,2024-07-09,8.0,45032.39,8-15 days,0,10.0,9.932707919898972,2.1291696542263194,-2.0
1485,CASTLE BRANDS CORP.,11047,2024-07-04,2024-07-16,12.0,32202.12,8-15 days,0,10.0,9.932707919898972,2.1291696542263194,2.0
1485,CASTLE BRANDS CORP.,11155,2024-07-12,2024-07-23,11.0,29854.29,8-15 days,0,10.0,9.932707919898972,2.1291696542263194,1.0
1485,CASTLE BRANDS CORP.,11298,2024-07-21,2024-07-30,9.0,44578.96,8-15 days,0,10.0,9.932707919898972,2.1291696542263194,-1.0
1485,CASTLE BRANDS CORP.,11412,2024-07-29,2024-08-07,9.0,31334.3,8-15 days,0,10.0,9.932707919898972,2.1291696542263194,-1.0
1485,CASTLE BRANDS CORP.,11508,2024-08-05,2024-08-14,9.0,28958.92,8-15 days,0,10.0,9.932707919898972,2.1291696542263194,-1.0
1485,CASTLE BRANDS CORP.,11524,2024-08-07,2024-08-21,14.0,40048.68,8-15 days,0,10.0,9.932707919898972,2.1291696542263194,4.0
1485,CASTLE BRANDS CORP.,11700,2024-08-18,2024-08-27,9.0,35960.1,8-15 days,0,10.0,9.932707919898972,2.1291696542263194,-1.0
1485,CASTLE BRANDS CORP.,11773,2024-08-23,2024-09-03,11.0,27862.2,8-15 days,0,10.0,9.932707919898972,2.1291696542263194,1.0
1485,CASTLE BRANDS CORP.,11905,2024-09-01,2024-09-10,9.0,30109.48,8-15 days,0,10.0,9.932707919898972,2.1291696542263194,-1.0
1485,CASTLE BRANDS CORP.,11939,2024-09-04,2024-09-18,14.0,24611.46,8-15 days,0,10.0,9.932707919898972,2.1291696542263194,4.0
1485,CASTLE BRANDS CORP.,12127,2024-09-16,2024-09-25,9.0,20055.24,8-15 days,0,10.0,9.932707919898972,2.1291696542263194,-1.0
1485,CASTLE BRANDS CORP.,12217,2024-09-22,2024-09-30,8.0,99141.47,8-15 days,0,10.0,9.932707919898972,2.1291696542263194,-2.0
1485,CASTLE BRANDS CORP.,12258,2024-09-23,2024-10-02,9.0,462.49,8-15 days,0,10.0,9.932707919898972,2.1291696542263194,-1.0
1485,CASTLE BRANDS CORP.,12368,2024-09-28,2024-10-08,10.0,20145.19,8-15 days,0,10.0,9.932707919898972,2.1291696542263194,0.0
1485,CASTLE BRANDS CORP.,12467,2024-10-05,2024-10-16,11.0,43505.0,8-15 days,0,10.0,9.932707919898972,2.1291696542263194,1.0
1485,CASTLE BRANDS CORP.,12555,2024-10-11,2024-10-23,12.0,24857.5,8-15 days,0,10.0,9.932707919898972,2.1291696542263194,2.0
1485,CASTLE BRANDS CORP.,12673,2024-10-19,2024-10-30,11.0,26458.82,8-15 days,0,10.0,9.932707919898972,2.1291696542263194,1.0
1485,CASTLE BRANDS CORP.,12775,2024-10-26,2024-11-05,10.0,31008.9,8-15 days,0,10.0,9.932707919898972,2.1291696542263194,0.0
1485,CASTLE BRANDS CORP.,12830,2024-10-30,2024-11-12,13.0,25679.89,8-15 days,0,10.0,9.932707919898972,2.1291696542263194,3.0
1485,CASTLE BRANDS CORP.,12930,2024-11-06,2024-11-19,13.0,23297.49,8-15 days,0,10.0,9.932707919898972,2.1291696542263194,3.0
1485,CASTLE BRANDS CORP.,13051,2024-11-14,2024-11-27,13.0,23453.95,8-15 days,0,10.0,9.932707919898972,2.1291696542263194,3.0
1485,CASTLE BRANDS CORP.,13162,2024-11-22,2024-12-03,11.0,25942.04,8-15 days,0,10.0,9.932707919898972,2.1291696542263194,1.0
1485,CASTLE BRANDS CORP.,13289,2024-11-30,2024-12-11,11.0,26804.25,8-15 days,0,10.0,9.932707919898972,2.1291696542263194,1.0
1485,CASTLE BRANDS CORP.,13431,2024-12-09,2024-12-18,9.0,31893.48,8-15 days,0,10.0,9.932707919898972,2.1291696542263194,-1.0
1485,CASTLE BRANDS CORP.,13471,2024-12-12,2024-12-24,12.0,45591.9,8-15 days,0,10.0,9.932707919898972,2.1291696542263194,2.0
1485,CASTLE BRANDS CORP.,13553,2024-12-18,2024-12-31,13.0,57414.08,8-15 days,0,10.0,9.932707919898972,2.1291696542263194,3.0
1587,VINEYARD BRANDS INC,8187,2023-12-24,2024-01-03,10.0,3441.66,8-15 days,0,10.0,9.932707919898972,2.1291696542263194,0.0
1587,VINEYARD BRANDS INC,8231,2023-12-28,2024-01-09,12.0,15804.23,8-15 days,0,10.0,9.932707919898972,2.1291696542263194,2.0
1587,VINEYARD BRANDS INC,8322,2024-01-03,2024-01-15,12.0,12903.55,8-15 days,0,10.0,9.932707919898972,2.1291696542263194,2.0
1587,VINEYARD BRANDS INC,8430,2024-01-11,2024-01-22,11.0,11823.28,8-15 days,0,10.0,9.932707919898972,2.1291696542263194,1.0
1587,VINEYARD BRANDS INC,8587,2024-01-21,2024-01-30,9.0,14675.75,8-15 days,0,10.0,9.932707919898972,2.1291696542263194,-1.0
1587,VINEYARD BRANDS INC,8673,2024-01-27,2024-02-05,9.0,13773.49,8-15 days,0,10.0,9.932707919898972,2.1291696542263194,-1.0
1587,VINEYARD BRANDS INC,8740,2024-02-01,2024-02-13,12.0,10043.38,8-15 days,0,10.0,9.932707919898972,2.1291696542263194,2.0
1587,VINEYARD BRANDS INC,8913,2024-02-12,2024-02-21,9.0,13554.46,8-15 days,0,10.0,9.932707919898972,2.1291696542263194,-1.0
1587,VINEYARD BRANDS INC,9013,2024-02-19,2024-02-27,8.0,37834.58,8-15 days,0,10.0,9.932707919898972,2.1291696542263194,-2.0
1587,VINEYARD BRANDS INC,9110,2024-02-26,2024-03-05,8.0,21766.68,8-15 days,0,10.0,9.932707919898972,2.1291696542263194,-2.0
1587,VINEYARD BRANDS INC,9129,2024-02-28,2024-03-12,13.0,25608.64,8-15 days,0,10.0,9.932707919898972,2.1291696542263194,3.0
1587,VINEYARD BRANDS INC,9254,2024-03-08,2024-03-20,12.0,15031.42,8-15 days,0,10.0,9.932707919898972,2.1291696542263194,2.0
1587,VINEYARD BRANDS INC,9413,2024-03-18,2024-03-26,8.0,14870.15,8-15 days,0,10.0,9.932707919898972,2.1291696542263194,-2.0
1587,VINEYARD BRANDS INC,9471,2024-03-22,2024-04-03,12.0,31759.64,8-15 days,0,10.0,9.932707919898972,2.1291696542263194,2.0
1587,VINEYARD BRANDS INC,9580,2024-03-30,2024-04-08,9.0,15456.36,8-15 days,0,10.0,9.932707919898972,2.1291696542263194,-1.0
1587,VINEYARD BRANDS INC,9655,2024-04-04,2024-04-17,13.0,15401.59,8-15 days,0,10.0,9.932707919898972,2.1291696542263194,3.0
1587,VINEYARD BRANDS INC,9735,2024-04-10,2024-04-24,14.0,15161.49,8-15 days,0,10.0,9.932707919898972,2.1291696542263194,4.0
1587,VINEYARD BRANDS INC,9916,2024-04-22,2024-04-30,8.0,12865.18,8-15 days,0,10.0,9.932707919898972,2.1291696542263194,-2.0
1587,VINEYARD BRANDS INC,10019,2024-04-29,2024-05-06,7.0,22329.89,0-7 days,0,10.0,9.932707919898972,2.1291696542263194,-3.0
1587,VINEYARD BRANDS INC,10112,2024-05-06,2024-05-13,7.0,12342.55,0-7 days,0,10.0,9.932707919898972,2.1291696542263194,-3.0
1587,VINEYARD BRANDS INC,10145,2024-05-09,2024-05-21,12.0,13331.22,8-15 days,0,10.0,9.932707919898972,2.1291696542263194,2.0
1587,VINEYARD BRANDS INC,10287,2024-05-18,2024-05-29,11.0,38626.55,8-15 days,0,10.0,9.932707919898972,2.1291696542263194,1.0
1587,VINEYARD BRANDS INC,10410,2024-05-26,2024-06-05,10.0,21831.45,8-15 days,0,10.0,9.932707919898972,2.1291696542263194,0.0
1587,VINEYARD BRANDS INC,10476,2024-05-31,2024-06-12,12.0,28931.61,8-15 days,0,10.0,9.932707919898972,2.1291696542263194,2.0
1587,VINEYARD BRANDS INC,10629,2024-06-10,2024-06-19,9.0,17769.21,8-15 days,0,10.0,9.932707919898972,2.1291696542263194,-1.0
1587,VINEYARD BRANDS INC,10642,2024-06-12,2024-06-25,13.0,25093.36,8-15 days,0,10.0,9.932707919898972,2.1291696542263194,3.0
1587,VINEYARD BRANDS INC,10830,2024-06-24,2024-06-30,6.0,19384.79,0-7 days,0,10.0,9.932707919898972,2.1291696542263194,-4.0
1587,VINEYARD BRANDS INC,10913,2024-06-25,2024-07-03,8.0,7441.54,8-15 days,0,10.0,9.932707919898972,2.1291696542263194,-2.0
1587,VINEYARD BRANDS INC,11023,2024-07-01,2024-07-10,9.0,29361.4,8-15 days,0,10.0,9.932707919898972,2.1291696542263194,-1.0
1587,VINEYARD BRANDS INC,11120,2024-07-08,2024-07-16,8.0,27273.42,8-15 days,0,10.0,9.932707919898972,2.1291696542263194,-2.0
1587,VINEYARD BRANDS INC,11223,2024-07-15,2024-07-23,8.0,29692.26,8-15 days,0,10.0,9.932707919898972,2.1291696542263194,-2.0
1587,VINEYARD BRANDS INC,11296,2024-07-20,2024-07-30,10.0,51682.95,8-15 days,0,10.0,9.932707919898972,2.1291696542263194,0.0
1587,VINEYARD BRANDS INC,11338,2024-07-24,2024-08-07,14.0,37981.65,8-15 days,0,10.0,9.932707919898972,2.1291696542263194,4.0
1587,VINEYARD BRANDS INC,11504,2024-08-04,2024-08-14,10.0,35023.0,8-15 days,0,10.0,9.932707919898972,2.1291696542263194,0.0
1587,VINEYARD BRANDS INC,11562,2024-08-08,2024-08-21,13.0,48003.28,8-15 days,0,10.0,9.932707919898972,2.1291696542263194,3.0
1587,VINEYARD BRANDS INC,11651,2024-08-14,2024-08-27,13.0,34633.74,8-15 days,0,10.0,9.932707919898972,2.1291696542263194,3.0
1587,VINEYARD BRANDS INC,11831,2024-08-26,2024-09-03,8.0,62759.68,8-15 days,0,10.0,9.932707919898972,2.1291696542263194,-2.0
1587,VINEYARD BRANDS INC,11878,2024-08-30,2024-09-10,11.0,32817.98,8-15 days,0,10.0,9.932707919898972,2.1291696542263194,1.0
1587,VINEYARD BRANDS INC,11989,2024-09-06,2024-09-18,12.0,19879.11,8-15 days,0,10.0,9.932707919898972,2.1291696542263194,2.0
1587,VINEYARD BRANDS INC,12075,2024-09-12,2024-09-25,13.0,18672.02,8-15 days,0,10.0,9.932707919898972,2.1291696542263194,3.0
1587,VINEYARD BRANDS INC,12232,2024-09-22,2024-09-30,8.0,18274.61,8-15 days,0,10.0,9.932707919898972,2.1291696542263194,-2.0
1587,VINEYARD BRANDS INC,12305,2024-09-23,2024-10-02,9.0,337.97,8-15 days,0,10.0,9.932707919898972,2.1291696542263194,-1.0
1587,VINEYARD BRANDS INC,12349,2024-09-26,2024-10-08,12.0,16028.86,8-15 days,0,10.0,9.932707919898972,2.1291696542263194,2.0
1587,VINEYARD BRANDS INC,12485,2024-10-05,2024-10-16,11.0,11320.2,8-15 days,0,10.0,9.932707919898972,2.1291696542263194,1.0
1587,VINEYARD BRANDS INC,12566,2024-10-11,2024-10-21,10.0,9792.69,8-15 days,0,10.0,9.932707919898972,2.1291696542263194,0.0
1587,VINEYARD BRANDS INC,12669,2024-10-18,2024-10-30,12.0,13057.79,8-15 days,0,10.0,9.932707919898972,2.1291696542263194,2.0
1587,VINEYARD BRANDS INC,12770,2024-10-25,2024-11-04,10.0,14688.74,8-15 days,0,10.0,9.932707919898972,2.1291696542263194,0.0
1587,VINEYARD BRANDS INC,12905,2024-11-03,2024-11-12,9.0,17466.9,8-15 days,0,10.0,9.932707919898972,2.1291696542263194,-1.0
1587,VINEYARD BRANDS INC,13012,2024-11-10,2024-11-19,9.0,15513.02,8-15 days,0,10.0,9.932707919898972,2.1291696542263194,-1.0
1587,VINEYARD BRANDS INC,13064,2024-11-14,2024-11-27,13.0,32781.69,8-15 days,0,10.0,9.932707919898972,2.1291696542263194,3.0
1587,VINEYARD BRANDS LLC,13100,2024-11-16,2024-11-23,7.0,6496.56,0-7 days,0,10.0,9.932707919898972,2.1291696542263194,-3.0
1587,VINEYARD BRANDS INC,13146,2024-11-20,2024-12-03,13.0,22753.15,8-15 days,0,10.0,9.932707919898972,2.1291696542263194,3.0
1587,VINEYARD BRANDS INC,13333,2024-12-02,2024-12-11,9.0,18559.2,8-15 days,0,10.0,9.932707919898972,2.1291696542263194,-1.0
1587,VINEYARD BRANDS INC,13351,2024-12-04,2024-12-17,13.0,21465.16,8-15 days,0,10.0,9.932707919898972,2.1291696542263194,3.0
1587,VINEYARD BRANDS LLC,13371,2024-12-05,2024-12-17,12.0,4198.32,8-15 days,0,10.0,9.932707919898972,2.1291696542263194,2.0
1587,VINEYARD BRANDS INC,13481,2024-12-12,2024-12-24,12.0,23113.86,8-15 days,0,10.0,9.932707919898972,2.1291696542263194,2.0
1587,VINEYARD BRANDS LLC,13482,2024-12-12,2024-12-20,8.0,256.63,8-15 days,0,10.0,9.932707919898972,2.1291696542263194,-2.0
1587,VINEYARD BRANDS INC,13605,2024-12-20,2024-12-31,11.0,24370.78,8-15 days,0,10.0,9.932707919898972,2.1291696542263194,1.0
1590,DIAGEO CHATEAU ESTATE WINES,8109,2023-12-20,2024-01-03,14.0,14298.09,8-15 days,0,10.0,9.932707919898972,2.1291696542263194,4.0
1590,DIAGEO CHATEAU ESTATE WINES,8289,2024-01-01,2024-01-09,8.0,31455.1,8-15 days,0,10.0,9.932707919898972,2.1291696542263194,-2.0
1590,DIAGEO CHATEAU ESTATE WINES,8325,2024-01-04,2024-01-15,11.0,18373.15,8-15 days,0,10.0,9.932707919898972,2.1291696542263194,1.0
1590,DIAGEO CHATEAU ESTATE WINES,8484,2024-01-15,2024-01-23,8.0,16110.19,8-15 days,0,10.0,9.932707919898972,2.1291696542263194,-2.0
1590,DIAGEO CHATEAU ESTATE WINES,8574,2024-01-21,2024-01-30,9.0,17118.62,8-15 days,0,10.0,9.932707919898972,2.1291696542263194,-1.0
1590,DIAGEO CHATEAU ESTATE WINES,8692,2024-01-29,2024-02-05,7.0,12076.88,0-7 days,0,10.0,9.932707919898972,2.1291696542263194,-3.0
1590,DIAGEO CHATEAU ESTATE WINES,8797,2024-02-05,2024-02-12,7.0,22399.94,0-7 days,0,10.0,9.932707919898972,2.1291696542263194,-3.0
1590,DIAGEO CHATEAU ESTATE WINES,8898,2024-02-12,2024-02-21,9.0,17090.76,8-15 days,0,10.0,9.932707919898972,2.1291696542263194,-1.0
1590,DIAGEO CHATEAU ESTATE WINES,8965,2024-02-17,2024-02-27,10.0,11665.46,8-15 days,0,10.0,9.932707919898972,2.1291696542263194,0.0
1590,DIAGEO CHATEAU ESTATE WINES,9097,2024-02-26,2024-03-05,8.0,15325.04,8-15 days,0,10.0,9.932707919898972,2.1291696542263194,-2.0
1590,DIAGEO CHATEAU ESTATE WINES,9167,2024-03-02,2024-03-13,11.0,13960.12,8-15 days,0,10.0,9.932707919898972,2.1291696542263194,1.0
1590,DIAGEO CHATEAU ESTATE WINES,9284,2024-03-10,2024-03-19,9.0,9646.22,8-15 days,0,10.0,9.932707919898972,2.1291696542263194,-1.0
1590,DIAGEO CHATEAU ESTATE WINES,9332,2024-03-14,2024-03-26,12.0,10713.13,8-15 days,0,10.0,9.932707919898972,2.1291696542263194,2.0
1590,DIAGEO CHATEAU ESTATE WINES,9435,2024-03-21,2024-04-02,12.0,15462.19,8-15 days,0,10.0,9.932707919898972,2.1291696542263194,2.0
1590,DIAGEO CHATEAU ESTATE WINES,9602,2024-04-01,2024-04-08,7.0,10446.22,0-7 days,0,10.0,9.932707919898972,2.1291696542263194,-3.0
1590,DIAGEO CHATEAU ESTATE WINES,9643,2024-04-04,2024-04-15,11.0,12608.48,8-15 days,0,10.0,9.932707919898972,2.1291696542263194,1.0
1590,DIAGEO CHATEAU ESTATE WINES,9801,2024-04-15,2024-04-24,9.0,9703.42,8-15 days,0,10.0,9.932707919898972,2.1291696542263194,-1.0
1590,DIAGEO CHATEAU ESTATE WINES,9875,2024-04-20,2024-05-01,11.0,10430.23,8-15 days,0,10.0,9.932707919898972,2.1291696542263194,1.0
1590,DIAGEO CHATEAU ESTATE WINES,9970,2024-04-27,2024-05-06,9.0,12660.36,8-15 days,0,10.0,9.932707919898972,2.1291696542263194,-1.0
1590,DIAGEO CHATEAU ESTATE WINES,10036,2024-05-02,2024-05-13,11.0,10172.36,8-15 days,0,10.0,9.932707919898972,2.1291696542263194,1.0
1590,DIAGEO CHATEAU ESTATE WINES,10172,2024-05-11,2024-05-20,9.0,11654.98,8-15 days,0,10.0,9.932707919898972,2.1291696542263194,-1.0
1590,DIAGEO CHATEAU ESTATE WINES,10313,2024-05-20,2024-05-29,9.0,67673.82,8-15 days,0,10.0,9.932707919898972,2.1291696542263194,-1.0
1590,DIAGEO CHATEAU ESTATE WINES,10349,2024-05-23,2024-06-05,13.0,27435.26,8-15 days,0,10.0,9.932707919898972,2.1291696542263194,3.0
1590,DIAGEO CHATEAU ESTATE WINES,10498,2024-06-02,2024-06-12,10.0,35072.08,8-15 days,0,10.0,9.932707919898972,2.1291696542263194,0.0
1590,DIAGEO CHATEAU ESTATE WINES,10565,2024-06-07,2024-06-18,11.0,24201.29,8-15 days,0,10.0,9.932707919898972,2.1291696542263194,1.0
1590,DIAGEO CHATEAU ESTATE WINES,10668,2024-06-14,2024-06-26,12.0,18705.3,8-15 days,0,10.0,9.932707919898972,2.1291696542263194,2.0
1590,DIAGEO CHATEAU ESTATE WINES,10816,2024-06-24,2024-06-30,6.0,18773.3,0-7 days,0,10.0,9.932707919898972,2.1291696542263194,-4.0
1590,DIAGEO CHATEAU ESTATE WINES,10850,2024-06-25,2024-07-03,8.0,4094.74,8-15 days,0,10.0,9.932707919898972,2.1291696542263194,-2.0
1590,DIAGEO CHATEAU ESTATE WINES,11003,2024-07-01,2024-07-08,7.0,23930.32,0-7 days,0,10.0,9.932707919898972,2.1291696542263194,-3.0
1590,DIAGEO CHATEAU ESTATE WINES,11072,2024-07-05,2024-07-16,11.0,14605.6,8-15 days,0,10.0,9.932707919898972,2.1291696542263194,1.0
1590,DIAGEO CHATEAU ESTATE WINES,11159,2024-07-12,2024-07-23,11.0,17576.07,8-15 days,0,10.0,9.932707919898972,2.1291696542263194,1.0
1590,DIAGEO CHATEAU ESTATE WINES,11281,2024-07-20,2024-07-30,10.0,14722.69,8-15 days,0,10.0,9.932707919898972,2.1291696542263194,0.0
1590,DIAGEO CHATEAU ESTATE WINES,11328,2024-07-24,2024-08-07,14.0,8603.27,8-15 days,0,10.0,9.932707919898972,2.1291696542263194,4.0
1590,DIAGEO CHATEAU ESTATE WINES,11492,2024-08-04,2024-08-14,10.0,33530.84,8-15 days,0,10.0,9.932707919898972,2.1291696542263194,0.0
1590,DIAGEO CHATEAU ESTATE WINES,11546,2024-08-08,2024-08-21,13.0,36450.2,8-15 days,0,10.0,9.932707919898972,2.1291696542263194,3.0
1590,DIAGEO CHATEAU ESTATE WINES,11636,2024-08-14,2024-08-27,13.0,14959.1,8-15 days,0,10.0,9.932707919898972,2.1291696542263194,3.0
1590,DIAGEO CHATEAU ESTATE WINES,11819,2024-08-26,2024-09-03,8.0,28650.31,8-15 days,0,10.0,9.932707919898972,2.1291696542263194,-2.0
1590,DIAGEO CHATEAU ESTATE WINES,11906,2024-09-01,2024-09-11,10.0,28011.96,8-15 days,0,10.0,9.932707919898972,2.1291696542263194,0.0
1590,DIAGEO CHATEAU ESTATE WINES,11958,2024-09-05,2024-09-16,11.0,24757.46,8-15 days,0,10.0,9.932707919898972,2.1291696542263194,1.0
1590,DIAGEO CHATEAU ESTATE WINES,12130,2024-09-16,2024-09-25,9.0,29462.48,8-15 days,0,10.0,9.932707919898972,2.1291696542263194,-1.0
1590,DIAGEO CHATEAU ESTATE WINES,12194,2024-09-21,2024-09-30,9.0,69104.53,8-15 days,0,10.0,9.932707919898972,2.1291696542263194,-1.0
1590,DIAGEO CHATEAU ESTATE WINES,12263,2024-09-23,2024-10-02,9.0,7490.14,8-15 days,0,10.0,9.932707919898972,2.1291696542263194,-1.0
1590,DIAGEO CHATEAU ESTATE WINES,12335,2024-09-26,2024-10-08,12.0,33442.69,8-15 days,0,10.0,9.932707919898972,2.1291696542263194,2.0
1590,DIAGEO CHATEAU ESTATE WINES,12458,2024-10-04,2024-10-16,12.0,34900.01,8-15 days,0,10.0,9.932707919898972,2.1291696542263194,2.0
1590,DIAGEO CHATEAU ESTATE WINES,12519,2024-10-09,2024-10-22,13.0,25166.63,8-15 days,0,10.0,9.932707919898972,2.1291696542263194,3.0
1590,DIAGEO CHATEAU ESTATE WINES,12675,2024-10-19,2024-10-30,11.0,40497.84,8-15 days,0,10.0,9.932707919898972,2.1291696542263194,1.0
1590,DIAGEO CHATEAU ESTATE WINES,12725,2024-10-23,2024-11-05,13.0,55914.22,8-15 days,0,10.0,9.932707919898972,2.1291696542263194,3.0
1590,DIAGEO CHATEAU ESTATE WINES,12892,2024-11-03,2024-11-12,9.0,25754.44,8-15 days,0,10.0,9.932707919898972,2.1291696542263194,-1.0
1590,DIAGEO CHATEAU ESTATE WINES,12976,2024-11-08,2024-11-19,11.0,36337.68,8-15 days,0,10.0,9.932707919898972,2.1291696542263194,1.0
1590,DIAGEO CHATEAU ESTATE WINES,13083,2024-11-16,2024-11-27,11.0,32538.54,8-15 days,0,10.0,9.932707919898972,2.1291696542263194,1.0
1590,DIAGEO CHATEAU ESTATE WINES,13206,2024-11-24,2024-12-03,9.0,59582.94,8-15 days,0,10.0,9.932707919898972,2.1291696542263194,-1.0
1590,DIAGEO CHATEAU ESTATE WINES,13271,2024-11-29,2024-12-11,12.0,56106.29,8-15 days,0,10.0,9.932707919898972,2.1291696542263194,2.0
1590,DIAGEO CHATEAU ESTATE WINES,13357,2024-12-05,2024-12-18,13.0,40506.13,8-15 days,0,10.0,9.932707919898972,2.1291696542263194,3.0
1590,DIAGEO CHATEAU ESTATE WINES,13472,2024-12-12,2024-12-24,12.0,39645.44,8-15 days,0,10.0,9.932707919898972,2.1291696542263194,2.0
1590,DIAGEO CHATEAU ESTATE WINES,13574,2024-12-19,2024-12-31,12.0,33898.28,8-15 days,0,10.0,9.932707919898972,2.1291696542263194,2.0
1601,VRANKEN AMERICA,8188,2023-12-24,2024-01-02,9.0,393.52,8-15 days,0,10.0,9.932707919898972,2.1291696542263194,-1.0
1601,VRANKEN AMERICA,8306,2024-01-01,2024-01-08,7.0,5288.94,0-7 days,0,10.0,9.932707919898972,2.1291696542263194,-3.0
1601,VRANKEN AMERICA,8356,2024-01-05,2024-01-15,10.0,844.89,8-15 days,0,10.0,9.932707919898972,2.1291696542263194,0.0
1601,VRANKEN AMERICA,8417,2024-01-10,2024-01-21,11.0,803.6,8-15 days,0,10.0,9.932707919898972,2.1291696542263194,1.0
1601,VRANKEN AMERICA,8601,2024-01-22,2024-01-29,7.0,1408.73,0-7 days,0,10.0,9.932707919898972,2.1291696542263194,-3.0
1601,VRANKEN AMERICA,8631,2024-01-25,2024-02-05,11.0,912.92,8-15 days,0,10.0,9.932707919898972,2.1291696542263194,1.0
1601,VRANKEN AMERICA,8776,2024-02-03,2024-02-12,9.0,997.26,8-15 days,0,10.0,9.932707919898972,2.1291696542263194,-1.0
1601,VRANKEN AMERICA,8858,2024-02-09,2024-02-20,11.0,2263.41,8-15 days,0,10.0,9.932707919898972,2.1291696542263194,1.0
1601,VRANKEN AMERICA,9014,2024-02-19,2024-02-26,7.0,1851.91,0-7 days,0,10.0,9.932707919898972,2.1291696542263194,-3.0
1601,VRANKEN AMERICA,9082,2024-02-24,2024-03-04,9.0,5829.75,8-15 days,0,10.0,9.932707919898972,2.1291696542263194,-1.0
1601,VRANKEN AMERICA,9149,2024-02-29,2024-03-12,12.0,587.3,8-15 days,0,10.0,9.932707919898972,2.1291696542263194,2.0
1601,VRANKEN AMERICA,9275,2024-03-09,2024-03-17,8.0,1829.14,8-15 days,0,10.0,9.932707919898972,2.1291696542263194,-2.0
1601,VRANKEN AMERICA,9355,2024-03-15,2024-03-25,10.0,1218.93,8-15 days,0,10.0,9.932707919898972,2.1291696542263194,0.0
1601,VRANKEN AMERICA,9517,2024-03-25,2024-04-02,8.0,18697.11,8-15 days,0,10.0,9.932707919898972,2.1291696542263194,-2.0
1601,VRANKEN AMERICA,9531,2024-03-27,2024-04-08,12.0,1658.19,8-15 days,0,10.0,9.932707919898972,2.1291696542263194,2.0
1601,VRANKEN AMERICA,9669,2024-04-05,2024-04-15,10.0,826.26,8-15 days,0,10.0,9.932707919898972,2.1291696542263194,0.0
1601,VRANKEN AMERICA,9799,2024-04-14,2024-04-22,8.0,1769.23,8-15 days,0,10.0,9.932707919898972,2.1291696542263194,-2.0
1601,VRANKEN AMERICA,9900,2024-04-21,2024-04-29,8.0,3296.98,8-15 days,0,10.0,9.932707919898972,2.1291696542263194,-2.0
1601,VRANKEN AMERICA,9949,2024-04-25,2024-05-05,10.0,2282.4,8-15 days,0,10.0,9.932707919898972,2.1291696542263194,0.0
1601,VRANKEN AMERICA,10113,2024-05-06,2024-05-13,7.0,1956.26,0-7 days,0,10.0,9.932707919898972,2.1291696542263194,-3.0
1601,VRANKEN AMERICA,10146,2024-05-09,2024-05-20,11.0,2501.77,8-15 days,0,10.0,9.932707919898972,2.1291696542263194,1.0
1601,VRANKEN AMERICA,10288,2024-05-18,2024-05-28,10.0,4598.01,8-15 days,0,10.0,9.932707919898972,2.1291696542263194,0.0
1601,VRANKEN AMERICA,10373,2024-05-24,2024-06-03,10.0,1774.3,8-15 days,0,10.0,9.932707919898972,2.1291696542263194,0.0
1601,VRANKEN AMERICA,10531,2024-06-03,2024-06-12,9.0,3888.04,8-15 days,0,10.0,9.932707919898972,2.1291696542263194,-1.0
1601,VRANKEN AMERICA,10630,2024-06-10,2024-06-17,7.0,2482.31,0-7 days,0,10.0,9.932707919898972,2.1291696542263194,-3.0
1601,VRANKEN AMERICA,10664,2024-06-13,2024-06-26,13.0,2705.92,8-15 days,0,10.0,9.932707919898972,2.1291696542263194,3.0
1601,VRANKEN AMERICA,10762,2024-06-20,2024-06-30,10.0,2276.4,8-15 days,0,10.0,9.932707919898972,2.1291696542263194,0.0
1601,VRANKEN AMERICA,10915,2024-06-25,2024-07-01,6.0,384.22,0-7 days,0,10.0,9.932707919898972,2.1291696542263194,-4.0
1601,VRANKEN AMERICA,10934,2024-06-26,2024-07-08,12.0,2852.27,8-15 days,0,10.0,9.932707919898972,2.1291696542263194,2.0
1601,VRANKEN AMERICA,11045,2024-07-03,2024-07-15,12.0,2612.92,8-15 days,0,10.0,9.932707919898972,2.1291696542263194,2.0
1601,VRANKEN AMERICA,11137,2024-07-10,2024-07-22,12.0,1660.6,8-15 days,0,10.0,9.932707919898972,2.1291696542263194,2.0
1601,VRANKEN AMERICA,11277,2024-07-19,2024-07-30,11.0,1973.66,8-15 days,0,10.0,9.932707919898972,2.1291696542263194,1.0
1601,VRANKEN AMERICA,11425,2024-07-29,2024-08-06,8.0,6059.4,8-15 days,0,10.0,9.932707919898972,2.1291696542263194,-2.0
1601,VRANKEN AMERICA,11506,2024-08-04,2024-08-12,8.0,4593.94,8-15 days,0,10.0,9.932707919898972,2.1291696542263194,-2.0
1601,VRANKEN AMERICA,11584,2024-08-09,2024-08-19,10.0,8072.69,8-15 days,0,10.0,9.932707919898972,2.1291696542263194,0.0
1601,VRANKEN AMERICA,11652,2024-08-14,2024-08-25,11.0,3018.4,8-15 days,0,10.0,9.932707919898972,2.1291696542263194,1.0
1601,VRANKEN AMERICA,11789,2024-08-23,2024-09-02,10.0,2693.5,8-15 days,0,10.0,9.932707919898972,2.1291696542263194,0.0
1601,VRANKEN AMERICA,11899,2024-08-31,2024-09-09,9.0,1699.59,8-15 days,0,10.0,9.932707919898972,2.1291696542263194,-1.0
1601,VRANKEN AMERICA,11990,2024-09-06,2024-09-15,9.0,1314.63,8-15 days,0,10.0,9.932707919898972,2.1291696542263194,-1.0
1601,VRANKEN AMERICA,12104,2024-09-14,2024-09-23,9.0,1654.26,8-15 days,0,10.0,9.932707919898972,2.1291696542263194,-1.0
1601,VRANKEN AMERICA,12191,2024-09-20,2024-09-29,9.0,2821.79,8-15 days,0,10.0,9.932707919898972,2.1291696542263194,-1.0
1601,VRANKEN AMERICA,12390,2024-09-29,2024-10-07,8.0,1341.78,8-15 days,0,10.0,9.932707919898972,2.1291696542263194,-2.0
1601,VRANKEN AMERICA,12454,2024-10-03,2024-10-14,11.0,1065.66,8-15 days,0,10.0,9.932707919898972,2.1291696542263194,1.0
1601,VRANKEN AMERICA,12539,2024-10-09,2024-10-21,12.0,6313.14,8-15 days,0,10.0,9.932707919898972,2.1291696542263194,2.0
1601,VRANKEN AMERICA,12649,2024-10-17,2024-10-28,11.0,19972.18,8-15 days,0,10.0,9.932707919898972,2.1291696542263194,1.0
1601,VRANKEN AMERICA,12772,2024-10-25,2024-11-04,10.0,6501.2,8-15 days,0,10.0,9.932707919898972,2.1291696542263194,0.0
1601,VRANKEN AMERICA,12873,2024-11-01,2024-11-11,10.0,2063.17,8-15 days,0,10.0,9.932707919898972,2.1291696542263194,0.0
1601,VRANKEN AMERICA,12948,2024-11-06,2024-11-18,12.0,4998.78,8-15 days,0,10.0,9.932707919898972,2.1291696542263194,2.0
1601,VRANKEN AMERICA,13080,2024-11-15,2024-11-27,12.0,4047.79,8-15 days,0,10.0,9.932707919898972,2.1291696542263194,2.0
1601,VRANKEN AMERICA,13203,2024-11-23,2024-12-03,10.0,22409.16,8-15 days,0,10.0,9.932707919898972,2.1291696542263194,0.0
1601,VRANKEN AMERICA,13315,2024-12-01,2024-12-09,8.0,1828.88,8-15 days,0,10.0,9.932707919898972,2.1291696542263194,-2.0
1601,VRANKEN AMERICA,13372,2024-12-05,2024-12-17,12.0,7221.99,8-15 days,0,10.0,9.932707919898972,2.1291696542263194,2.0
1601,VRANKEN AMERICA,13464,2024-12-11,2024-12-24,13.0,6226.56,8-15 days,0,10.0,9.932707919898972,2.1291696542263194,3.0
1601,VRANKEN AMERICA,13639,2024-12-22,2024-12-31,9.0,7984.51,8-15 days,0,10.0,9.932707919898972,2.1291696542263194,-1.0
1650,Circa Wines,8377,2024-01-07,2024-01-13,6.0,297.96,0-7 days,0,10.0,9.932707919898972,2.1291696542263194,-4.0
1650,Circa Wines,8590,2024-01-22,2024-01-29,7.0,1229.98,0-7 days,0,10.0,9.932707919898972,2.1291696542263194,-3.0
1650,Circa Wines,8653,2024-01-27,2024-02-03,7.0,5380.02,0-7 days,0,10.0,9.932707919898972,2.1291696542263194,-3.0
1650,Circa Wines,8762,2024-02-03,2024-02-11,8.0,177.39,8-15 days,0,10.0,9.932707919898972,2.1291696542263194,-2.0
1650,Circa Wines,8896,2024-02-12,2024-02-18,6.0,175.23,0-7 days,0,10.0,9.932707919898972,2.1291696542263194,-4.0
1650,Circa Wines,8964,2024-02-17,2024-02-26,9.0,171.35,8-15 days,0,10.0,9.932707919898972,2.1291696542263194,-1.0
1650,Circa Wines,9133,2024-02-29,2024-03-07,7.0,225.15,0-7 days,0,10.0,9.932707919898972,2.1291696542263194,-3.0
1650,Circa Wines,9282,2024-03-10,2024-03-17,7.0,1071.48,0-7 days,0,10.0,9.932707919898972,2.1291696542263194,-3.0
1650,Circa Wines,9450,2024-03-22,2024-03-31,9.0,114.24,8-15 days,0,10.0,9.932707919898972,2.1291696542263194,-1.0
1650,Circa Wines,9600,2024-04-01,2024-04-05,4.0,123.84,0-7 days,0,10.0,9.932707919898972,2.1291696542263194,-6.0
1650,Circa Wines,9721,2024-04-10,2024-04-22,12.0,1647.98,8-15 days,0,10.0,9.932707919898972,2.1291696542263194,2.0
1650,Circa Wines,9850,2024-04-19,2024-04-30,11.0,9.72,8-15 days,0,10.0,9.932707919898972,2.1291696542263194,1.0
1650,Circa Wines,9954,2024-04-26,2024-05-05,9.0,785.88,8-15 days,0,10.0,9.932707919898972,2.1291696542263194,-1.0
1650,Circa Wines,10054,2024-05-03,2024-05-13,10.0,445.8,8-15 days,0,10.0,9.932707919898972,2.1291696542263194,0.0
1650,Circa Wines,10171,2024-05-11,2024-05-20,9.0,350.13,8-15 days,0,10.0,9.932707919898972,2.1291696542263194,-1.0
1650,Circa Wines,10241,2024-05-16,2024-05-26,10.0,1347.24,8-15 days,0,10.0,9.932707919898972,2.1291696542263194,0.0
1650,Circa Wines,10430,2024-05-29,2024-06-08,10.0,528.0,8-15 days,0,10.0,9.932707919898972,2.1291696542263194,0.0
1650,Circa Wines,10582,2024-06-08,2024-06-15,7.0,1791.96,0-7 days,0,10.0,9.932707919898972,2.1291696542263194,-3.0
1650,Circa Wines,10716,2024-06-17,2024-06-20,3.0,100.56,0-7 days,0,10.0,9.932707919898972,2.1291696542263194,-7.0
1650,Circa Wines,10814,2024-06-24,2024-06-27,3.0,152.88,0-7 days,0,10.0,9.932707919898972,2.1291696542263194,-7.0
1650,Circa Wines,10846,2024-06-25,2024-07-02,7.0,297.96,0-7 days,0,10.0,9.932707919898972,2.1291696542263194,-3.0
1650,Circa Wines,10921,2024-06-26,2024-07-08,12.0,637.2,8-15 days,0,10.0,9.932707919898972,2.1291696542263194,2.0
1650,Circa Wines,11111,2024-07-08,2024-07-15,7.0,252.92,0-7 days,0,10.0,9.932707919898972,2.1291696542263194,-3.0
1650,Circa Wines,11126,2024-07-10,2024-07-18,8.0,1160.91,8-15 days,0,10.0,9.932707919898972,2.1291696542263194,-2.0
1650,Circa Wines,11314,2024-07-22,2024-07-28,6.0,295.68,0-7 days,0,10.0,9.932707919898972,2.1291696542263194,-4.0
1650,Circa Wines,11344,2024-07-25,2024-08-04,10.0,837.36,8-15 days,0,10.0,9.932707919898972,2.1291696542263194,0.0
1650,Circa Wines,11509,2024-08-05,2024-08-09,4.0,261.12,0-7 days,0,10.0,9.932707919898972,2.1291696542263194,-6.0
1650,Circa Wines,11588,2024-08-10,2024-08-17,7.0,11416.44,0-7 days,0,10.0,9.932707919898972,2.1291696542263194,-3.0
1650,Circa Wines,11775,2024-08-23,2024-09-02,10.0,1119.48,8-15 days,0,10.0,9.932707919898972,2.1291696542263194,0.0
1650,Circa Wines,11836,2024-08-28,2024-09-08,11.0,201.12,8-15 days,0,10.0,9.932707919898972,2.1291696542263194,1.0
1650,Circa Wines,12042,2024-09-11,2024-09-23,12.0,285.96,8-15 days,0,10.0,9.932707919898972,2.1291696542263194,2.0
1650,Circa Wines,12147,2024-09-18,2024-09-29,11.0,190.8,8-15 days,0,10.0,9.932707919898972,2.1291696542263194,1.0
1650,Circa Wines,12356,2024-09-27,2024-10-04,7.0,1302.6,0-7 days,0,10.0,9.932707919898972,2.1291696542263194,-3.0
1650,Circa Wines,12504,2024-10-07,2024-10-13,6.0,99.24,0-7 days,0,10.0,9.932707919898972,2.1291696542263194,-4.0
1650,Circa Wines,12674,2024-10-19,2024-10-26,7.0,710.4,0-7 days,0,10.0,9.932707919898972,2.1291696542263194,-3.0
1650,Circa Wines,12810,2024-10-28,2024-11-04,7.0,90.64,0-7 days,0,10.0,9.932707919898972,2.1291696542263194,-3.0
1650,Circa Wines,12876,2024-11-02,2024-11-09,7.0,19.72,0-7 days,0,10.0,9.932707919898972,2.1291696542263194,-3.0
1650,Circa Wines,12992,2024-11-09,2024-11-15,6.0,222.36,0-7 days,0,10.0,9.932707919898972,2.1291696542263194,-4.0
1650,Circa Wines,13120,2024-11-18,2024-11-25,7.0,2898.48,0-7 days,0,10.0,9.932707919898972,2.1291696542263194,-3.0
1650,Circa Wines,13185,2024-11-23,2024-12-02,9.0,2010.84,8-15 days,0,10.0,9.932707919898972,2.1291696542263194,-1.0
1650,Circa Wines,13374,2024-12-06,2024-12-13,7.0,463.56,0-7 days,0,10.0,9.932707919898972,2.1291696542263194,-3.0
1650,Circa Wines,13527,2024-12-15,2024-12-23,8.0,758.04,8-15 days,0,10.0,9.932707919898972,2.1291696542263194,-2.0
1650,Circa Wines,13554,2024-12-18,2024-12-30,12.0,894.72,8-15 days,0,10.0,9.932707919898972,2.1291696542263194,2.0
1655,FABRIZIA SPIRITS LLC,8194,2023-12-25,2024-01-02,8.0,394.04,8-15 days,0,10.0,9.932707919898972,2.1291696542263194,-2.0
1655,FABRIZIA SPIRITS LLC,8213,2023-12-27,2024-01-09,13.0,3469.36,8-15 days,0,10.0,9.932707919898972,2.1291696542263194,3.0
1655,FABRIZIA SPIRITS LLC,8342,2024-01-05,2024-01-15,10.0,1958.54,8-15 days,0,10.0,9.932707919898972,2.1291696542263194,0.0
1655,FABRIZIA SPIRITS LLC,8439,2024-01-12,2024-01-22,10.0,828.6,8-15 days,0,10.0,9.932707919898972,2.1291696542263194,0.0
1655,FABRIZIA SPIRITS LLC,8550,2024-01-20,2024-01-31,11.0,2296.02,8-15 days,0,10.0,9.932707919898972,2.1291696542263194,1.0
1655,FABRIZIA SPIRITS LLC,8655,2024-01-27,2024-02-05,9.0,2746.82,8-15 days,0,10.0,9.932707919898972,2.1291696542263194,-1.0
1655,FABRIZIA SPIRITS LLC,8763,2024-02-03,2024-02-13,10.0,2483.5,8-15 days,0,10.0,9.932707919898972,2.1291696542263194,0.0
1655,FABRIZIA SPIRITS LLC,8845,2024-02-09,2024-02-19,10.0,2838.08,8-15 days,0,10.0,9.932707919898972,2.1291696542263194,0.0
1655,FABRIZIA SPIRITS LLC,8927,2024-02-15,2024-02-26,11.0,2338.68,8-15 days,0,10.0,9.932707919898972,2.1291696542263194,1.0
1655,FABRIZIA SPIRITS LLC,9036,2024-02-22,2024-03-04,11.0,2538.84,8-15 days,0,10.0,9.932707919898972,2.1291696542263194,1.0
1655,FABRIZIA SPIRITS LLC,9201,2024-03-04,2024-03-13,9.0,1435.58,8-15 days,0,10.0,9.932707919898972,2.1291696542263194,-1.0
1655,FABRIZIA SPIRITS LLC,9249,2024-03-08,2024-03-19,11.0,1436.52,8-15 days,0,10.0,9.932707919898972,2.1291696542263194,1.0
1655,FABRIZIA SPIRITS LLC,9374,2024-03-17,2024-03-25,8.0,2204.84,8-15 days,0,10.0,9.932707919898972,2.1291696542263194,-2.0
1655,FABRIZIA SPIRITS LLC,9478,2024-03-23,2024-04-02,10.0,10315.3,8-15 days,0,10.0,9.932707919898972,2.1291696542263194,0.0
1655,FABRIZIA SPIRITS LLC,9537,2024-03-28,2024-04-08,11.0,4951.18,8-15 days,0,10.0,9.932707919898972,2.1291696542263194,1.0
1655,FABRIZIA SPIRITS LLC,9694,2024-04-07,2024-04-15,8.0,3915.84,8-15 days,0,10.0,9.932707919898972,2.1291696542263194,-2.0
1655,FABRIZIA SPIRITS LLC,9752,2024-04-12,2024-04-23,11.0,4292.7,8-15 days,0,10.0,9.932707919898972,2.1291696542263194,1.0
1655,FABRIZIA SPIRITS LLC,9876,2024-04-20,2024-05-01,11.0,24547.02,8-15 days,0,10.0,9.932707919898972,2.1291696542263194,1.0
1655,FABRIZIA SPIRITS LLC,9987,2024-04-28,2024-05-07,9.0,42862.36,8-15 days,0,10.0,9.932707919898972,2.1291696542263194,-1.0
1655,FABRIZIA SPIRITS LLC,10100,2024-05-06,2024-05-12,6.0,9596.1,0-7 days,0,10.0,9.932707919898972,2.1291696542263194,-4.0
1655,FABRIZIA SPIRITS LLC,10128,2024-05-09,2024-05-22,13.0,1636.35,8-15 days,0,10.0,9.932707919898972,2.1291696542263194,3.0
1655,FABRIZIA SPIRITS LLC,10278,2024-05-18,2024-05-28,10.0,21904.85,8-15 days,0,10.0,9.932707919898972,2.1291696542263194,0.0
1655,FABRIZIA SPIRITS LLC,10397,2024-05-26,2024-06-05,10.0,3899.67,8-15 days,0,10.0,9.932707919898972,2.1291696542263194,0.0
1655,FABRIZIA SPIRITS LLC,10482,2024-06-01,2024-06-10,9.0,5740.73,8-15 days,0,10.0,9.932707919898972,2.1291696542263194,-1.0
1655,FABRIZIA SPIRITS LLC,10537,2024-06-05,2024-06-17,12.0,7231.04,8-15 days,0,10.0,9.932707919898972,2.1291696542263194,2.0
1655,FABRIZIA SPIRITS LLC,10650,2024-06-13,2024-06-25,12.0,6439.69,8-15 days,0,10.0,9.932707919898972,2.1291696542263194,2.0
1655,FABRIZIA SPIRITS LLC,10782,2024-06-22,2024-06-30,8.0,10482.25,8-15 days,0,10.0,9.932707919898972,2.1291696542263194,-2.0
1655,FABRIZIA SPIRITS LLC,10858,2024-06-25,2024-07-03,8.0,1834.83,8-15 days,0,10.0,9.932707919898972,2.1291696542263194,-2.0
1655,FABRIZIA SPIRITS LLC,10923,2024-06-26,2024-07-10,14.0,11445.3,8-15 days,0,10.0,9.932707919898972,2.1291696542263194,4.0
1655,FABRIZIA SPIRITS LLC,11048,2024-07-04,2024-07-16,12.0,7384.02,8-15 days,0,10.0,9.932707919898972,2.1291696542263194,2.0
1655,FABRIZIA SPIRITS LLC,11194,2024-07-14,2024-07-24,10.0,5330.49,8-15 days,0,10.0,9.932707919898972,2.1291696542263194,0.0
1655,FABRIZIA SPIRITS LLC,11266,2024-07-19,2024-07-30,11.0,6524.53,8-15 days,0,10.0,9.932707919898972,2.1291696542263194,1.0
1655,FABRIZIA SPIRITS LLC,11331,2024-07-24,2024-08-07,14.0,5087.63,8-15 days,0,10.0,9.932707919898972,2.1291696542263194,4.0
1655,FABRIZIA SPIRITS LLC,11446,2024-08-01,2024-08-12,11.0,8177.57,8-15 days,0,10.0,9.932707919898972,2.1291696542263194,1.0
1655,FABRIZIA SPIRITS LLC,11568,2024-08-09,2024-08-21,12.0,9375.07,8-15 days,0,10.0,9.932707919898972,2.1291696542263194,2.0
1655,FABRIZIA SPIRITS LLC,11690,2024-08-17,2024-08-26,9.0,6339.12,8-15 days,0,10.0,9.932707919898972,2.1291696542263194,-1.0
1655,FABRIZIA SPIRITS LLC,11810,2024-08-25,2024-09-03,9.0,9782.13,8-15 days,0,10.0,9.932707919898972,2.1291696542263194,-1.0
1655,FABRIZIA SPIRITS LLC,11909,2024-09-01,2024-09-09,8.0,6290.39,8-15 days,0,10.0,9.932707919898972,2.1291696542263194,-2.0
1655,FABRIZIA SPIRITS LLC,12017,2024-09-08,2024-09-16,8.0,3662.35,8-15 days,0,10.0,9.932707919898972,2.1291696542263194,-2.0
1655,FABRIZIA SPIRITS LLC,12131,2024-09-16,2024-09-23,7.0,4176.27,0-7 days,0,10.0,9.932707919898972,2.1291696542263194,-3.0
1655,FABRIZIA SPIRITS LLC,12196,2024-09-21,2024-09-30,9.0,4136.51,8-15 days,0,10.0,9.932707919898972,2.1291696542263194,-1.0
1655,FABRIZIA SPIRITS LLC,12382,2024-09-29,2024-10-07,8.0,3779.78,8-15 days,0,10.0,9.932707919898972,2.1291696542263194,-2.0
1655,FABRIZIA SPIRITS LLC,12443,2024-10-03,2024-10-14,11.0,6309.46,8-15 days,0,10.0,9.932707919898972,2.1291696542263194,1.0
1655,FABRIZIA SPIRITS LLC,12542,2024-10-10,2024-10-21,11.0,3961.72,8-15 days,0,10.0,9.932707919898972,2.1291696542263194,1.0
1655,FABRIZIA SPIRITS LLC,12623,2024-10-16,2024-10-30,14.0,2051.61,8-15 days,0,10.0,9.932707919898972,2.1291696542263194,4.0
1655,FABRIZIA SPIRITS LLC,12750,2024-10-25,2024-11-05,11.0,6848.03,8-15 days,0,10.0,9.932707919898972,2.1291696542263194,1.0
1655,FABRIZIA SPIRITS LLC,12894,2024-11-03,2024-11-12,9.0,6579.53,8-15 days,0,10.0,9.932707919898972,2.1291696542263194,-1.0
1655,FABRIZIA SPIRITS LLC,12978,2024-11-08,2024-11-18,10.0,5552.44,8-15 days,0,10.0,9.932707919898972,2.1291696542263194,0.0
1655,FABRIZIA SPIRITS LLC,13105,2024-11-17,2024-11-27,10.0,14605.37,8-15 days,0,10.0,9.932707919898972,2.1291696542263194,0.0
1655,FABRIZIA SPIRITS LLC,13227,2024-11-25,2024-12-04,9.0,6224.12,8-15 days,0,10.0,9.932707919898972,2.1291696542263194,-1.0
1655,FABRIZIA SPIRITS LLC,13274,2024-11-29,2024-12-09,10.0,3492.06,8-15 days,0,10.0,9.932707919898972,2.1291696542263194,0.0
1655,FABRIZIA SPIRITS LLC,13420,2024-12-08,2024-12-17,9.0,11398.67,8-15 days,0,10.0,9.932707919898972,2.1291696542263194,-1.0
1655,FABRIZIA SPIRITS LLC,13489,2024-12-13,2024-12-24,11.0,7233.59,8-15 days,0,10.0,9.932707919898972,2.1291696542263194,1.0
1655,FABRIZIA SPIRITS LLC,13632,2024-12-22,2024-12-31,9.0,6023.53,8-15 days,0,10.0,9.932707919898972,2.1291696542263194,-1.0
1703,ALISA CARR BEVERAGES,8547,2024-01-20,2024-01-29,9.0,1024.95,8-15 days,0,10.0,9.932707919898972,2.1291696542263194,-1.0
1703,ALISA CARR BEVERAGES,8944,2024-02-16,2024-02-22,6.0,1705.68,0-7 days,0,10.0,9.932707919898972,2.1291696542263194,-4.0
1703,ALISA CARR BEVERAGES,9243,2024-03-08,2024-03-14,6.0,189.52,0-7 days,0,10.0,9.932707919898972,2.1291696542263194,-4.0
1703,ALISA CARR BEVERAGES,9388,2024-03-18,2024-03-22,4.0,623.36,0-7 days,0,10.0,9.932707919898972,2.1291696542263194,-6.0
1703,ALISA CARR BEVERAGES,9414,2024-03-20,2024-03-29,9.0,5803.08,8-15 days,0,10.0,9.932707919898972,2.1291696542263194,-1.0
1703,ALISA CARR BEVERAGES,9718,2024-04-10,2024-04-22,12.0,233.76,8-15 days,0,10.0,9.932707919898972,2.1291696542263194,2.0
1703,ALISA CARR BEVERAGES,9832,2024-04-18,2024-04-27,9.0,155.84,8-15 days,0,10.0,9.932707919898972,2.1291696542263194,-1.0
1703,ALISA CARR BEVERAGES,9968,2024-04-27,2024-05-05,8.0,233.76,8-15 days,0,10.0,9.932707919898972,2.1291696542263194,-2.0
1703,ALISA CARR BEVERAGES,10094,2024-05-06,2024-05-10,4.0,2030.7,0-7 days,0,10.0,9.932707919898972,2.1291696542263194,-6.0
1703,ALISA CARR BEVERAGES,10115,2024-05-08,2024-05-20,12.0,2638.88,8-15 days,0,10.0,9.932707919898972,2.1291696542263194,2.0
1703,ALISA CARR BEVERAGES,10272,2024-05-18,2024-05-27,9.0,470.52,8-15 days,0,10.0,9.932707919898972,2.1291696542263194,-1.0
1703,ALISA CARR BEVERAGES,10515,2024-06-03,2024-06-12,9.0,6311.57,8-15 days,0,10.0,9.932707919898972,2.1291696542263194,-1.0
1703,ALISA CARR BEVERAGES,10533,2024-06-05,2024-06-16,11.0,618.61,8-15 days,0,10.0,9.932707919898972,2.1291696542263194,1.0
1703,ALISA CARR BEVERAGES,10982,2024-06-30,2024-07-06,6.0,155.84,0-7 days,0,10.0,9.932707919898972,2.1291696542263194,-4.0
1703,ALISA CARR BEVERAGES,11621,2024-08-12,2024-08-19,7.0,3869.94,0-7 days,0,10.0,9.932707919898972,2.1291696542263194,-3.0
1703,ALISA CARR BEVERAGES,11816,2024-08-26,2024-08-30,4.0,4598.79,0-7 days,0,10.0,9.932707919898972,2.1291696542263194,-6.0
1703,ALISA CARR BEVERAGES,11857,2024-08-30,2024-09-08,9.0,389.58,8-15 days,0,10.0,9.932707919898972,2.1291696542263194,-1.0
1703,ALISA CARR BEVERAGES,12214,2024-09-22,2024-09-29,7.0,3741.46,0-7 days,0,10.0,9.932707919898972,2.1291696542263194,-3.0
1703,ALISA CARR BEVERAGES,13002,2024-11-10,2024-11-14,4.0,155.84,0-7 days,0,10.0,9.932707919898972,2.1291696542263194,-6.0
2000,SOUTHERN WINE & SPIRITS NE,8185,2023-12-24,2024-01-03,10.0,12709.58,8-15 days,0,10.0,9.932707919898972,2.1291696542263194,0.0
2000,SOUTHERN WINE & SPIRITS NE,8304,2024-01-01,2024-01-10,9.0,62279.51,8-15 days,0,10.0,9.932707919898972,2.1291696542263194,-1.0
2000,SOUTHERN WINE & SPIRITS NE,8319,2024-01-03,2024-01-15,12.0,40163.56,8-15 days,0,10.0,9.932707919898972,2.1291696542263194,2.0
2000,SOUTHERN WINE & SPIRITS NE,8450,2024-01-12,2024-01-23,11.0,52102.03,8-15 days,0,10.0,9.932707919898972,2.1291696542263194,1.0
2000,SOUTHERN WINE & SPIRITS NE,8598,2024-01-22,2024-01-31,9.0,108236.18,8-15 days,0,10.0,9.932707919898972,2.1291696542263194,-1.0
2000,SOUTHERN WINE & SPIRITS NE,8668,2024-01-27,2024-02-06,10.0,134148.67,8-15 days,0,10.0,9.932707919898972,2.1291696542263194,0.0
2000,SOUTHERN WINE & SPIRITS NE,8735,2024-02-01,2024-02-14,13.0,58128.38,8-15 days,0,10.0,9.932707919898972,2.1291696542263194,3.0
2000,SOUTHERN WINE & SPIRITS NE,8911,2024-02-12,2024-02-21,9.0,56274.03,8-15 days,0,10.0,9.932707919898972,2.1291696542263194,-1.0
2000,SOUTHERN WINE & SPIRITS NE,8974,2024-02-17,2024-02-28,11.0,52614.03,8-15 days,0,10.0,9.932707919898972,2.1291696542263194,1.0
2000,SOUTHERN WINE & SPIRITS NE,9078,2024-02-24,2024-03-05,10.0,40257.84,8-15 days,0,10.0,9.932707919898972,2.1291696542263194,0.0
2000,SOUTHERN WINE & SPIRITS NE,9208,2024-03-04,2024-03-13,9.0,35842.96,8-15 days,0,10.0,9.932707919898972,2.1291696542263194,-1.0
2000,SOUTHERN WINE & SPIRITS NE,9313,2024-03-11,2024-03-19,8.0,55828.91,8-15 days,0,10.0,9.932707919898972,2.1291696542263194,-2.0
2000,SOUTHERN WINE & SPIRITS NE,9382,2024-03-17,2024-03-26,9.0,43440.11,8-15 days,0,10.0,9.932707919898972,2.1291696542263194,-1.0
2000,SOUTHERN WINE & SPIRITS NE,9441,2024-03-21,2024-04-03,13.0,60254.34,8-15 days,0,10.0,9.932707919898972,2.1291696542263194,3.0
2000,SOUTHERN WINE & SPIRITS NE,9557,2024-03-29,2024-04-10,12.0,58688.03,8-15 days,0,10.0,9.932707919898972,2.1291696542263194,2.0
2000,SOUTHERN WINE & SPIRITS NE,9714,2024-04-08,2024-04-15,7.0,36993.13,0-7 days,0,10.0,9.932707919898972,2.1291696542263194,-3.0
2000,SOUTHERN WINE & SPIRITS NE,9794,2024-04-14,2024-04-24,10.0,44145.21,8-15 days,0,10.0,9.932707919898972,2.1291696542263194,0.0
2000,SOUTHERN WINE & SPIRITS NE,9862,2024-04-19,2024-04-30,11.0,91229.37,8-15 days,0,10.0,9.932707919898972,2.1291696542263194,1.0
2000,SOUTHERN WINE & SPIRITS NE,9993,2024-04-28,2024-05-07,9.0,75028.11,8-15 days,0,10.0,9.932707919898972,2.1291696542263194,-1.0
2000,SOUTHERN WINE & SPIRITS NE,10048,2024-05-02,2024-05-15,13.0,70354.63,8-15 days,0,10.0,9.932707919898972,2.1291696542263194,3.0
2000,SOUTHERN WINE & SPIRITS NE,10164,2024-05-10,2024-05-22,12.0,94472.93,8-15 days,0,10.0,9.932707919898972,2.1291696542263194,2.0
2000,SOUTHERN WINE & SPIRITS NE,10251,2024-05-16,2024-05-29,13.0,126932.71,8-15 days,0,10.0,9.932707919898972,2.1291696542263194,3.0
2000,SOUTHERN WINE & SPIRITS NE,10339,2024-05-22,2024-06-05,14.0,100853.98,8-15 days,0,10.0,9.932707919898972,2.1291696542263194,4.0
2000,SOUTHERN WINE & SPIRITS NE,10458,2024-05-30,2024-06-12,13.0,97468.39,8-15 days,0,10.0,9.932707919898972,2.1291696542263194,3.0
2000,SOUTHERN WINE & SPIRITS NE,10545,2024-06-05,2024-06-19,14.0,76536.38,8-15 days,0,10.0,9.932707919898972,2.1291696542263194,4.0
2000,SOUTHERN WINE & SPIRITS NE,10675,2024-06-14,2024-06-26,12.0,79776.63,8-15 days,0,10.0,9.932707919898972,2.1291696542263194,2.0
2000,SOUTHERN WINE & SPIRITS NE,10808,2024-06-23,2024-06-30,7.0,67797.32,0-7 days,0,10.0,9.932707919898972,2.1291696542263194,-3.0
2000,SOUTHERN WINE & SPIRITS NE,10901,2024-06-25,2024-07-03,8.0,21841.8,8-15 days,0,10.0,9.932707919898972,2.1291696542263194,-2.0
2000,SOUTHERN WINE & SPIRITS NE,10962,2024-06-28,2024-07-09,11.0,97273.18,8-15 days,0,10.0,9.932707919898972,2.1291696542263194,1.0
2000,SOUTHERN WINE & SPIRITS NE,11060,2024-07-04,2024-07-17,13.0,62816.14,8-15 days,0,10.0,9.932707919898972,2.1291696542263194,3.0
2000,SOUTHERN WINE & SPIRITS NE,11181,2024-07-13,2024-07-24,11.0,63895.57,8-15 days,0,10.0,9.932707919898972,2.1291696542263194,1.0
2000,SOUTHERN WINE & SPIRITS NE,11307,2024-07-21,2024-07-31,10.0,101077.94,8-15 days,0,10.0,9.932707919898972,2.1291696542263194,0.0
2000,SOUTHERN WINE & SPIRITS NE,11373,2024-07-26,2024-08-07,12.0,82212.71,8-15 days,0,10.0,9.932707919898972,2.1291696542263194,2.0
2000,SOUTHERN WINE & SPIRITS NE,11517,2024-08-05,2024-08-14,9.0,68750.89,8-15 days,0,10.0,9.932707919898972,2.1291696542263194,-1.0
2000,SOUTHERN WINE & SPIRITS NE,11580,2024-08-09,2024-08-21,12.0,127826.59,8-15 days,0,10.0,9.932707919898972,2.1291696542263194,2.0
2000,SOUTHERN WINE & SPIRITS NE,11724,2024-08-19,2024-08-27,8.0,59675.91,8-15 days,0,10.0,9.932707919898972,2.1291696542263194,-2.0
2000,SOUTHERN WINE & SPIRITS NE,11764,2024-08-22,2024-09-04,13.0,135153.04,8-15 days,0,10.0,9.932707919898972,2.1291696542263194,3.0
2000,SOUTHERN GLAZERS W&S OF NE,11896,2024-08-31,2024-09-10,10.0,7992.72,8-15 days,0,10.0,9.932707919898972,2.1291696542263194,0.0
2000,SOUTHERN WINE & SPIRITS NE,11932,2024-09-02,2024-09-11,9.0,73344.82,8-15 days,0,10.0,9.932707919898972,2.1291696542263194,-1.0
2000,SOUTHERN WINE & SPIRITS NE,11949,2024-09-04,2024-09-17,13.0,48731.15,8-15 days,0,10.0,9.932707919898972,2.1291696542263194,3.0
2000,SOUTHERN GLAZERS W&S OF NE,12021,2024-09-08,2024-09-16,8.0,2295.0,8-15 days,0,10.0,9.932707919898972,2.1291696542263194,-2.0
2000,SOUTHERN WINE & SPIRITS NE,12051,2024-09-11,2024-09-23,12.0,52502.62,8-15 days,0,10.0,9.932707919898972,2.1291696542263194,2.0
2000,SOUTHERN GLAZERS W&S OF NE,12120,2024-09-15,2024-09-23,8.0,1921.68,8-15 days,0,10.0,9.932707919898972,2.1291696542263194,-2.0
2000,SOUTHERN WINE & SPIRITS NE,12187,2024-09-20,2024-09-30,10.0,78083.04,8-15 days,0,10.0,9.932707919898972,2.1291696542263194,0.0
2000,SOUTHERN GLAZERS W&S OF NE,12229,2024-09-22,2024-09-30,8.0,1719.72,8-15 days,0,10.0,9.932707919898972,2.1291696542263194,-2.0
2000,SOUTHERN WINE & SPIRITS NE,12294,2024-09-23,2024-10-02,9.0,3229.53,8-15 days,0,10.0,9.932707919898972,2.1291696542263194,-1.0
2000,SOUTHERN WINE & SPIRITS NE,12345,2024-09-26,2024-10-08,12.0,48095.86,8-15 days,0,10.0,9.932707919898972,2.1291696542263194,2.0
2000,SOUTHERN GLAZERS W&S OF NE,12410,2024-09-30,2024-10-08,8.0,1952.28,8-15 days,0,10.0,9.932707919898972,2.1291696542263194,-2.0
2000,SOUTHERN GLAZERS W&S OF NE,12479,2024-10-05,2024-10-15,10.0,1866.6,8-15 days,0,10.0,9.932707919898972,2.1291696542263194,0.0
2000,SOUTHERN WINE & SPIRITS NE,12494,2024-10-06,2024-10-16,10.0,37894.44,8-15 days,0,10.0,9.932707919898972,2.1291696542263194,0.0
2000,SOUTHERN GLAZERS W&S OF NE,12548,2024-10-10,2024-10-21,11.0,1444.32,8-15 days,0,10.0,9.932707919898972,2.1291696542263194,1.0
2000,SOUTHERN WINE & SPIRITS NE,12613,2024-10-14,2024-10-23,9.0,54641.1,8-15 days,0,10.0,9.932707919898972,2.1291696542263194,-1.0
2000,SOUTHERN WINE & SPIRITS NE,12647,2024-10-17,2024-10-30,13.0,49673.54,8-15 days,0,10.0,9.932707919898972,2.1291696542263194,3.0
2000,SOUTHERN GLAZERS W&S OF NE,12718,2024-10-21,2024-10-28,7.0,1780.92,0-7 days,0,10.0,9.932707919898972,2.1291696542263194,-3.0
2000,SOUTHERN WINE & SPIRITS NE,12765,2024-10-25,2024-11-06,12.0,47764.11,8-15 days,0,10.0,9.932707919898972,2.1291696542263194,2.0
2000,SOUTHERN WINE & SPIRITS NE,12851,2024-10-31,2024-11-13,13.0,62850.62,8-15 days,0,10.0,9.932707919898972,2.1291696542263194,3.0
2000,SOUTHERN GLAZERS W&S OF NE,12940,2024-11-06,2024-11-18,12.0,8380.32,8-15 days,0,10.0,9.932707919898972,2.1291696542263194,2.0
2000,SOUTHERN WINE & SPIRITS NE,13028,2024-11-11,2024-11-19,8.0,65969.55,8-15 days,0,10.0,9.932707919898972,2.1291696542263194,-2.0
2000,SOUTHERN GLAZERS W&S OF NE,13042,2024-11-13,2024-11-23,10.0,7257.2,8-15 days,0,10.0,9.932707919898972,2.1291696542263194,0.0
2000,SOUTHERN WINE & SPIRITS NE,13126,2024-11-18,2024-11-27,9.0,66861.6,8-15 days,0,10.0,9.932707919898972,2.1291696542263194,-1.0
2000,SOUTHERN WINE & SPIRITS NE,13235,2024-11-25,2024-12-04,9.0,92278.61,8-15 days,0,10.0,9.932707919898972,2.1291696542263194,-1.0
2000,SOUTHERN GLAZERS W&S OF NE,13263,2024-11-28,2024-12-10,12.0,104.04,8-15 days,0,10.0,9.932707919898972,2.1291696542263194,2.0
2000,SOUTHERN WINE & SPIRITS NE,13312,2024-12-01,2024-12-11,10.0,74386.98,8-15 days,0,10.0,9.932707919898972,2.1291696542263194,0.0
2000,SOUTHERN WINE & SPIRITS NE,13365,2024-12-05,2024-12-17,12.0,55616.11,8-15 days,0,10.0,9.932707919898972,2.1291696542263194,2.0
2000,SOUTHERN GLAZERS W&S OF NE,13388,2024-12-06,2024-12-17,11.0,4089.12,8-15 days,0,10.0,9.932707919898972,2.1291696542263194,1.0
2000,SOUTHERN WINE & SPIRITS NE,13458,2024-12-11,2024-12-24,13.0,66506.73,8-15 days,0,10.0,9.932707919898972,2.1291696542263194,3.0
2000,SOUTHERN WINE & SPIRITS NE,13586,2024-12-19,2024-12-31,12.0,68302.33,8-15 days,0,10.0,9.932707919898972,2.1291696542263194,2.0
2242,DELICATO VINEYARDS INC,8139,2023-12-22,2024-01-02,11.0,6646.46,8-15 days,0,10.0,9.932707919898972,2.1291696542263194,1.0
2242,DELICATO VINEYARDS INC,8253,2023-12-30,2024-01-09,10.0,23076.33,8-15 days,0,10.0,9.932707919898972,2.1291696542263194,0.0
2242,DELICATO VINEYARDS INC,8378,2024-01-07,2024-01-15,8.0,26696.84,8-15 days,0,10.0,9.932707919898972,2.1291696542263194,-2.0
2242,DELICATO VINEYARDS INC,8437,2024-01-12,2024-01-23,11.0,20426.54,8-15 days,0,10.0,9.932707919898972,2.1291696542263194,1.0
2242,DELICATO VINEYARDS INC,8573,2024-01-21,2024-01-30,9.0,21353.35,8-15 days,0,10.0,9.932707919898972,2.1291696542263194,-1.0
2242,DELICATO VINEYARDS INC,8678,2024-01-28,2024-02-06,9.0,30340.16,8-15 days,0,10.0,9.932707919898972,2.1291696542263194,-1.0
2242,DELICATO VINEYARDS INC,8796,2024-02-05,2024-02-14,9.0,22869.11,8-15 days,0,10.0,9.932707919898972,2.1291696542263194,-1.0
2242,DELICATO VINEYARDS INC,8827,2024-02-08,2024-02-21,13.0,26570.61,8-15 days,0,10.0,9.932707919898972,2.1291696542263194,3.0
2242,DELICATO VINEYARDS INC,8949,2024-02-16,2024-02-27,11.0,63875.31,8-15 days,0,10.0,9.932707919898972,2.1291696542263194,1.0
2242,DELICATO VINEYARDS INC,9085,2024-02-25,2024-03-05,9.0,33721.02,8-15 days,0,10.0,9.932707919898972,2.1291696542263194,-1.0
2242,DELICATO VINEYARDS INC,9135,2024-02-29,2024-03-12,12.0,32299.41,8-15 days,0,10.0,9.932707919898972,2.1291696542263194,2.0
2242,DELICATO VINEYARDS INC,9258,2024-03-09,2024-03-19,10.0,27465.37,8-15 days,0,10.0,9.932707919898972,2.1291696542263194,0.0
2242,DELICATO VINEYARDS INC,9358,2024-03-16,2024-03-26,10.0,27920.25,8-15 days,0,10.0,9.932707919898972,2.1291696542263194,0.0
2242,DELICATO VINEYARDS INC,9494,2024-03-24,2024-04-03,10.0,65042.59,8-15 days,0,10.0,9.932707919898972,2.1291696542263194,0.0
2242,DELICATO VINEYARDS INC,9564,2024-03-30,2024-04-10,11.0,25317.53,8-15 days,0,10.0,9.932707919898972,2.1291696542263194,1.0
2242,DELICATO VINEYARDS INC,9692,2024-04-07,2024-04-15,8.0,16640.46,8-15 days,0,10.0,9.932707919898972,2.1291696542263194,-2.0
2242,DELICATO VINEYARDS INC,9789,2024-04-14,2024-04-23,9.0,15868.5,8-15 days,0,10.0,9.932707919898972,2.1291696542263194,-1.0
2242,DELICATO VINEYARDS INC,9835,2024-04-18,2024-04-30,12.0,12727.28,8-15 days,0,10.0,9.932707919898972,2.1291696542263194,2.0
2242,DELICATO VINEYARDS INC,9931,2024-04-25,2024-05-06,11.0,18563.67,8-15 days,0,10.0,9.932707919898972,2.1291696542263194,1.0
2242,DELICATO VINEYARDS INC,10055,2024-05-03,2024-05-13,10.0,19048.63,8-15 days,0,10.0,9.932707919898972,2.1291696542263194,0.0
2242,DELICATO VINEYARDS INC,10191,2024-05-12,2024-05-20,8.0,20366.31,8-15 days,0,10.0,9.932707919898972,2.1291696542263194,-2.0
2242,DELICATO VINEYARDS INC,10292,2024-05-19,2024-05-28,9.0,22430.79,8-15 days,0,10.0,9.932707919898972,2.1291696542263194,-1.0
2242,DELICATO VINEYARDS INC,10381,2024-05-25,2024-06-05,11.0,23965.3,8-15 days,0,10.0,9.932707919898972,2.1291696542263194,1.0
2242,DELICATO VINEYARDS INC,10432,2024-05-29,2024-06-12,14.0,31392.33,8-15 days,0,10.0,9.932707919898972,2.1291696542263194,4.0
2242,DELICATO VINEYARDS INC,10602,2024-06-09,2024-06-19,10.0,26298.12,8-15 days,0,10.0,9.932707919898972,2.1291696542263194,0.0
2242,DELICATO VINEYARDS INC,10682,2024-06-15,2024-06-25,10.0,31292.72,8-15 days,0,10.0,9.932707919898972,2.1291696542263194,0.0
2242,DELICATO VINEYARDS INC,10798,2024-06-23,2024-06-30,7.0,24297.34,0-7 days,0,10.0,9.932707919898972,2.1291696542263194,-3.0
2242,DELICATO VINEYARDS INC,10849,2024-06-25,2024-07-03,8.0,5850.91,8-15 days,0,10.0,9.932707919898972,2.1291696542263194,-2.0
2242,DELICATO VINEYARDS INC,10987,2024-06-30,2024-07-09,9.0,40809.87,8-15 days,0,10.0,9.932707919898972,2.1291696542263194,-1.0
2242,DELICATO VINEYARDS INC,11027,2024-07-03,2024-07-16,13.0,19242.38,8-15 days,0,10.0,9.932707919898972,2.1291696542263194,3.0
2242,DELICATO VINEYARDS INC,11158,2024-07-12,2024-07-23,11.0,20591.87,8-15 days,0,10.0,9.932707919898972,2.1291696542263194,1.0
2242,DELICATO VINEYARDS INC,11315,2024-07-22,2024-07-30,8.0,22009.32,8-15 days,0,10.0,9.932707919898972,2.1291696542263194,-2.0
2242,DELICATO VINEYARDS INC,11365,2024-07-26,2024-08-07,12.0,26925.77,8-15 days,0,10.0,9.932707919898972,2.1291696542263194,2.0
2242,DELICATO VINEYARDS INC,11460,2024-08-02,2024-08-14,12.0,34498.7,8-15 days,0,10.0,9.932707919898972,2.1291696542263194,2.0
2242,DELICATO VINEYARDS INC,11527,2024-08-07,2024-08-21,14.0,44092.54,8-15 days,0,10.0,9.932707919898972,2.1291696542263194,4.0
2242,DELICATO VINEYARDS INC,11635,2024-08-14,2024-08-27,13.0,29123.06,8-15 days,0,10.0,9.932707919898972,2.1291696542263194,3.0
2242,DELICATO VINEYARDS INC,11776,2024-08-23,2024-09-03,11.0,29828.83,8-15 days,0,10.0,9.932707919898972,2.1291696542263194,1.0
2242,DELICATO VINEYARDS INC,11884,2024-08-31,2024-09-11,11.0,35527.0,8-15 days,0,10.0,9.932707919898972,2.1291696542263194,1.0
2242,DELICATO VINEYARDS INC,12027,2024-09-09,2024-09-17,8.0,23886.36,8-15 days,0,10.0,9.932707919898972,2.1291696542263194,-2.0
2242,DELICATO VINEYARDS INC,12043,2024-09-11,2024-09-25,14.0,25342.64,8-15 days,0,10.0,9.932707919898972,2.1291696542263194,4.0
2242,DELICATO VINEYARDS INC,12165,2024-09-19,2024-09-30,11.0,52549.82,8-15 days,0,10.0,9.932707919898972,2.1291696542263194,1.0
2242,DELICATO VINEYARDS INC,12262,2024-09-23,2024-10-02,9.0,4090.83,8-15 days,0,10.0,9.932707919898972,2.1291696542263194,-1.0
2242,DELICATO VINEYARDS INC,12334,2024-09-26,2024-10-08,12.0,38841.06,8-15 days,0,10.0,9.932707919898972,2.1291696542263194,2.0
2242,DELICATO VINEYARDS INC,12415,2024-10-02,2024-10-16,14.0,31146.0,8-15 days,0,10.0,9.932707919898972,2.1291696542263194,4.0
2242,DELICATO VINEYARDS INC,12541,2024-10-10,2024-10-22,12.0,29357.15,8-15 days,0,10.0,9.932707919898972,2.1291696542263194,2.0
2242,DELICATO VINEYARDS INC,12656,2024-10-18,2024-10-30,12.0,27987.02,8-15 days,0,10.0,9.932707919898972,2.1291696542263194,2.0
2242,DELICATO VINEYARDS INC,12811,2024-10-28,2024-11-05,8.0,26925.3,8-15 days,0,10.0,9.932707919898972,2.1291696542263194,-2.0
2242,DELICATO VINEYARDS INC,12877,2024-11-02,2024-11-12,10.0,28721.11,8-15 days,0,10.0,9.932707919898972,2.1291696542263194,0.0
2242,DELICATO VINEYARDS INC,12931,2024-11-06,2024-11-19,13.0,32212.22,8-15 days,0,10.0,9.932707919898972,2.1291696542263194,3.0
2242,DELICATO VINEYARDS INC,13031,2024-11-13,2024-11-27,14.0,32539.92,8-15 days,0,10.0,9.932707919898972,2.1291696542263194,4.0
2242,DELICATO VINEYARDS INC,13205,2024-11-24,2024-12-03,9.0,32752.6,8-15 days,0,10.0,9.932707919898972,2.1291696542263194,-1.0
2242,DELICATO VINEYARDS INC,13270,2024-11-29,2024-12-11,12.0,31390.37,8-15 days,0,10.0,9.932707919898972,2.1291696542263194,2.0
2242,DELICATO VINEYARDS INC,13356,2024-12-05,2024-12-17,12.0,36660.13,8-15 days,0,10.0,9.932707919898972,2.1291696542263194,2.0
2242,DELICATO VINEYARDS INC,13504,2024-12-14,2024-12-24,10.0,36344.7,8-15 days,0,10.0,9.932707919898972,2.1291696542263194,0.0
2242,DELICATO VINEYARDS INC,13628,2024-12-22,2024-12-31,9.0,45684.82,8-15 days,0,10.0,9.932707919898972,2.1291696542263194,-1.0
2396,BLACK PRINCE DISTILLERY INC,8191,2023-12-25,2024-01-02,8.0,234.83,8-15 days,0,10.0,9.932707919898972,2.1291696542263194,-2.0
2396,BLACK PRINCE DISTILLERY INC,8209,2023-12-27,2024-01-07,11.0,490.08,8-15 days,0,10.0,9.932707919898972,2.1291696542263194,1.0
2396,BLACK PRINCE DISTILLERY INC,8340,2024-01-05,2024-01-14,9.0,245.04,8-15 days,0,10.0,9.932707919898972,2.1291696542263194,-1.0
2396,BLACK PRINCE DISTILLERY INC,8403,2024-01-10,2024-01-20,10.0,409.43,8-15 days,0,10.0,9.932707919898972,2.1291696542263194,0.0
2396,BLACK PRINCE DISTILLERY INC,8533,2024-01-19,2024-01-29,10.0,419.64,8-15 days,0,10.0,9.932707919898972,2.1291696542263194,0.0
2396,BLACK PRINCE DISTILLERY INC,8605,2024-01-24,2024-02-04,11.0,399.22,8-15 days,0,10.0,9.932707919898972,2.1291696542263194,1.0
2396,BLACK PRINCE DISTILLERY INC,8778,2024-02-04,2024-02-11,7.0,1032.24,0-7 days,0,10.0,9.932707919898972,2.1291696542263194,-3.0
2396,BLACK PRINCE DISTILLERY INC,8837,2024-02-09,2024-02-19,10.0,531.95,8-15 days,0,10.0,9.932707919898972,2.1291696542263194,0.0
2396,BLACK PRINCE DISTILLERY INC,8997,2024-02-19,2024-02-27,8.0,154.18,8-15 days,0,10.0,9.932707919898972,2.1291696542263194,-2.0
2396,BLACK PRINCE DISTILLERY INC,9162,2024-03-02,2024-03-10,8.0,113.34,8-15 days,0,10.0,9.932707919898972,2.1291696542263194,-2.0
2396,BLACK PRINCE DISTILLERY INC,9214,2024-03-06,2024-03-18,12.0,224.62,8-15 days,0,10.0,9.932707919898972,2.1291696542263194,2.0
2396,BLACK PRINCE DISTILLERY INC,9317,2024-03-13,2024-03-23,10.0,154.18,8-15 days,0,10.0,9.932707919898972,2.1291696542263194,0.0
2396,BLACK PRINCE DISTILLERY INC,9474,2024-03-23,2024-03-30,7.0,265.46,0-7 days,0,10.0,9.932707919898972,2.1291696542263194,-3.0
2396,BLACK PRINCE DISTILLERY INC,9520,2024-03-27,2024-04-06,10.0,52.08,8-15 days,0,10.0,9.932707919898972,2.1291696542263194,0.0
2396,BLACK PRINCE DISTILLERY INC,9691,2024-04-07,2024-04-13,6.0,54.0,0-7 days,0,10.0,9.932707919898972,2.1291696542263194,-4.0
2396,BLACK PRINCE DISTILLERY INC,10000,2024-04-29,2024-05-04,5.0,52.08,0-7 days,0,10.0,9.932707919898972,2.1291696542263194,-5.0
2396,BLACK PRINCE DISTILLERY INC,10034,2024-05-02,2024-05-11,9.0,52.08,8-15 days,0,10.0,9.932707919898972,2.1291696542263194,-1.0
2396,BLACK PRINCE DISTILLERY INC,10150,2024-05-10,2024-05-20,10.0,156.24,8-15 days,0,10.0,9.932707919898972,2.1291696542263194,0.0
2396,BLACK PRINCE DISTILLERY INC,10413,2024-05-27,2024-06-01,5.0,52.08,0-7 days,0,10.0,9.932707919898972,2.1291696542263194,-5.0
2396,BLACK PRINCE DISTILLERY INC,10580,2024-06-08,2024-06-15,7.0,52.08,0-7 days,0,10.0,9.932707919898972,2.1291696542263194,-3.0
2396,BLACK PRINCE DISTILLERY INC,10752,2024-06-20,2024-06-29,9.0,52.08,8-15 days,0,10.0,9.932707919898972,2.1291696542263194,-1.0
2396,BLACK PRINCE DISTILLERY INC,11025,2024-07-03,2024-07-15,12.0,52.08,8-15 days,0,10.0,9.932707919898972,2.1291696542263194,2.0
2396,BLACK PRINCE DISTILLERY INC,11139,2024-07-11,2024-07-20,9.0,52.08,8-15 days,0,10.0,9.932707919898972,2.1291696542263194,-1.0
2396,BLACK PRINCE DISTILLERY INC,11263,2024-07-19,2024-07-27,8.0,52.08,8-15 days,0,10.0,9.932707919898972,2.1291696542263194,-2.0
2396,BLACK PRINCE DISTILLERY INC,11607,2024-08-11,2024-08-17,6.0,30.63,0-7 days,0,10.0,9.932707919898972,2.1291696542263194,-4.0
2396,BLACK PRINCE DISTILLERY INC,11904,2024-09-01,2024-09-07,6.0,52.08,0-7 days,0,10.0,9.932707919898972,2.1291696542263194,-4.0
2396,BLACK PRINCE DISTILLERY INC,12058,2024-09-12,2024-09-21,9.0,52.08,8-15 days,0,10.0,9.932707919898972,2.1291696542263194,-1.0
2396,BLACK PRINCE DISTILLERY INC,12330,2024-09-26,2024-10-05,9.0,52.08,8-15 days,0,10.0,9.932707919898972,2.1291696542263194,-1.0
2396,BLACK PRINCE DISTILLERY INC,12464,2024-10-05,2024-10-14,9.0,52.08,8-15 days,0,10.0,9.932707919898972,2.1291696542263194,-1.0
2396,BLACK PRINCE DISTILLERY INC,12620,2024-10-16,2024-10-26,10.0,52.08,8-15 days,0,10.0,9.932707919898972,2.1291696542263194,0.0
2396,BLACK PRINCE DISTILLERY INC,12806,2024-10-28,2024-11-02,5.0,52.08,0-7 days,0,10.0,9.932707919898972,2.1291696542263194,-5.0
2396,BLACK PRINCE DISTILLERY INC,12908,2024-11-04,2024-11-11,7.0,52.08,0-7 days,0,10.0,9.932707919898972,2.1291696542263194,-3.0
2396,BLACK PRINCE DISTILLERY INC,12990,2024-11-09,2024-11-16,7.0,52.08,0-7 days,0,10.0,9.932707919898972,2.1291696542263194,-3.0
2396,BLACK PRINCE DISTILLERY INC,13414,2024-12-08,2024-12-14,6.0,52.08,0-7 days,0,10.0,9.932707919898972,2.1291696542263194,-4.0
2396,BLACK PRINCE DISTILLERY INC,13625,2024-12-22,2024-12-30,8.0,119.42,8-15 days,0,10.0,9.932707919898972,2.1291696542263194,-2.0
2450,DJINN SPIRITS LLC,8140,2023-12-22,2024-01-01,10.0,199.92,8-15 days,0,10.0,9.932707919898972,2.1291696542263194,0.0
2450,DJINN SPIRITS LLC,8212,2023-12-27,2024-01-08,12.0,1064.52,8-15 days,0,10.0,9.932707919898972,2.1291696542263194,2.0
2450,DJINN SPIRITS LLC,8379,2024-01-07,2024-01-15,8.0,194.22,8-15 days,0,10.0,9.932707919898972,2.1291696542263194,-2.0
2450,DJINN SPIRITS LLC,8460,2024-01-13,2024-01-21,8.0,129.48,8-15 days,0,10.0,9.932707919898972,2.1291696542263194,-2.0
2450,DJINN SPIRITS LLC,8498,2024-01-17,2024-01-29,12.0,199.92,8-15 days,0,10.0,9.932707919898972,2.1291696542263194,2.0
2450,DJINN SPIRITS LLC,8654,2024-01-27,2024-02-05,9.0,929.51,8-15 days,0,10.0,9.932707919898972,2.1291696542263194,-1.0
2450,DJINN SPIRITS LLC,8707,2024-01-31,2024-02-12,12.0,1559.76,8-15 days,0,10.0,9.932707919898972,2.1291696542263194,2.0
2450,DJINN SPIRITS LLC,8862,2024-02-10,2024-02-19,9.0,624.72,8-15 days,0,10.0,9.932707919898972,2.1291696542263194,-1.0
2450,DJINN SPIRITS LLC,8950,2024-02-16,2024-02-25,9.0,1114.26,8-15 days,0,10.0,9.932707919898972,2.1291696542263194,-1.0
2450,DJINN SPIRITS LLC,9086,2024-02-25,2024-03-03,7.0,805.91,0-7 days,0,10.0,9.932707919898972,2.1291696542263194,-3.0
2450,DJINN SPIRITS LLC,9200,2024-03-04,2024-03-11,7.0,329.4,0-7 days,0,10.0,9.932707919898972,2.1291696542263194,-3.0
2450,DJINN SPIRITS LLC,9216,2024-03-06,2024-03-17,11.0,129.48,8-15 days,0,10.0,9.932707919898972,2.1291696542263194,1.0
2450,DJINN SPIRITS LLC,9333,2024-03-14,2024-03-22,8.0,199.92,8-15 days,0,10.0,9.932707919898972,2.1291696542263194,-2.0
2450,DJINN SPIRITS LLC,9453,2024-03-22,2024-03-31,9.0,920.04,8-15 days,0,10.0,9.932707919898972,2.1291696542263194,-1.0
2450,DJINN SPIRITS LLC,9565,2024-03-30,2024-04-08,9.0,1401.86,8-15 days,0,10.0,9.932707919898972,2.1291696542263194,-1.0
2450,DJINN SPIRITS LLC,9705,2024-04-08,2024-04-15,7.0,504.54,0-7 days,0,10.0,9.932707919898972,2.1291696542263194,-3.0
2450,DJINN SPIRITS LLC,9768,2024-04-13,2024-04-21,8.0,624.72,8-15 days,0,10.0,9.932707919898972,2.1291696542263194,-2.0
2450,DJINN SPIRITS LLC,9821,2024-04-17,2024-04-28,11.0,399.84,8-15 days,0,10.0,9.932707919898972,2.1291696542263194,1.0
2450,DJINN SPIRITS LLC,9932,2024-04-25,2024-05-06,11.0,824.64,8-15 days,0,10.0,9.932707919898972,2.1291696542263194,1.0
2450,DJINN SPIRITS LLC,10202,2024-05-13,2024-05-20,7.0,303.26,0-7 days,0,10.0,9.932707919898972,2.1291696542263194,-3.0
2450,DJINN SPIRITS LLC,10227,2024-05-15,2024-05-27,12.0,2239.92,8-15 days,0,10.0,9.932707919898972,2.1291696542263194,2.0
2450,DJINN SPIRITS LLC,10395,2024-05-26,2024-06-03,8.0,988.2,8-15 days,0,10.0,9.932707919898972,2.1291696542263194,-2.0
2450,DJINN SPIRITS LLC,10499,2024-06-02,2024-06-10,8.0,806.44,8-15 days,0,10.0,9.932707919898972,2.1291696542263194,-2.0
2450,DJINN SPIRITS LLC,10567,2024-06-07,2024-06-17,10.0,399.84,8-15 days,0,10.0,9.932707919898972,2.1291696542263194,0.0
2450,DJINN SPIRITS LLC,10669,2024-06-14,2024-06-23,9.0,394.14,8-15 days,0,10.0,9.932707919898972,2.1291696542263194,-1.0
2450,DJINN SPIRITS LLC,10853,2024-06-25,2024-07-01,6.0,295.32,0-7 days,0,10.0,9.932707919898972,2.1291696542263194,-4.0
2450,DJINN SPIRITS LLC,11005,2024-07-01,2024-07-08,7.0,1004.81,0-7 days,0,10.0,9.932707919898972,2.1291696542263194,-3.0
2450,DJINN SPIRITS LLC,11096,2024-07-07,2024-07-15,8.0,478.58,8-15 days,0,10.0,9.932707919898972,2.1291696542263194,-2.0
2450,DJINN SPIRITS LLC,11193,2024-07-14,2024-07-21,7.0,424.8,0-7 days,0,10.0,9.932707919898972,2.1291696542263194,-3.0
2450,DJINN SPIRITS LLC,11316,2024-07-22,2024-07-28,6.0,529.32,0-7 days,0,10.0,9.932707919898972,2.1291696542263194,-4.0
2450,DJINN SPIRITS LLC,11345,2024-07-25,2024-08-02,8.0,199.92,8-15 days,0,10.0,9.932707919898972,2.1291696542263194,-2.0
2450,DJINN SPIRITS LLC,11461,2024-08-02,2024-08-12,10.0,1544.76,8-15 days,0,10.0,9.932707919898972,2.1291696542263194,0.0
2450,DJINN SPIRITS LLC,11623,2024-08-12,2024-08-18,6.0,707.66,0-7 days,0,10.0,9.932707919898972,2.1291696542263194,-4.0
2450,DJINN SPIRITS LLC,11671,2024-08-16,2024-08-27,11.0,10475.3,8-15 days,0,10.0,9.932707919898972,2.1291696542263194,1.0
2450,DJINN SPIRITS LLC,11751,2024-08-22,2024-09-02,11.0,785.04,8-15 days,0,10.0,9.932707919898972,2.1291696542263194,1.0
2450,DJINN SPIRITS LLC,11998,2024-09-07,2024-09-15,8.0,658.8,8-15 days,0,10.0,9.932707919898972,2.1291696542263194,-2.0
2450,DJINN SPIRITS LLC,12078,2024-09-13,2024-09-23,10.0,520.06,8-15 days,0,10.0,9.932707919898972,2.1291696542263194,0.0
2450,DJINN SPIRITS LLC,12237,2024-09-23,2024-09-29,6.0,621.33,0-7 days,0,10.0,9.932707919898972,2.1291696542263194,-4.0
2450,DJINN SPIRITS LLC,12314,2024-09-25,2024-10-07,12.0,349.86,8-15 days,0,10.0,9.932707919898972,2.1291696542263194,2.0
2450,DJINN SPIRITS LLC,12468,2024-10-05,2024-10-13,8.0,129.48,8-15 days,0,10.0,9.932707919898972,2.1291696542263194,-2.0
2450,DJINN SPIRITS LLC,12603,2024-10-14,2024-10-21,7.0,1775.87,0-7 days,0,10.0,9.932707919898972,2.1291696542263194,-3.0
2450,DJINN SPIRITS LLC,12693,2024-10-20,2024-10-28,8.0,858.72,8-15 days,0,10.0,9.932707919898972,2.1291696542263194,-2.0
2450,DJINN SPIRITS LLC,12749,2024-10-25,2024-11-03,9.0,717.84,8-15 days,0,10.0,9.932707919898972,2.1291696542263194,-1.0
2450,DJINN SPIRITS LLC,12879,2024-11-02,2024-11-12,10.0,799.68,8-15 days,0,10.0,9.932707919898972,2.1291696542263194,0.0
2450,DJINN SPIRITS LLC,13018,2024-11-11,2024-11-18,7.0,1037.07,0-7 days,0,10.0,9.932707919898972,2.1291696542263194,-3.0
2450,DJINN SPIRITS LLC,13032,2024-11-13,2024-11-25,12.0,1670.08,8-15 days,0,10.0,9.932707919898972,2.1291696542263194,2.0
2450,DJINN SPIRITS LLC,13136,2024-11-20,2024-12-02,12.0,837.14,8-15 days,0,10.0,9.932707919898972,2.1291696542263194,2.0
2450,DJINN SPIRITS LLC,13272,2024-11-29,2024-12-08,9.0,385.2,8-15 days,0,10.0,9.932707919898972,2.1291696542263194,-1.0
2450,DJINN SPIRITS LLC,13393,2024-12-07,2024-12-17,10.0,1031.2,8-15 days,0,10.0,9.932707919898972,2.1291696542263194,0.0
2450,DJINN SPIRITS LLC,13529,2024-12-15,2024-12-24,9.0,1707.62,8-15 days,0,10.0,9.932707919898972,2.1291696542263194,-1.0
2450,DJINN SPIRITS LLC,13646,2024-12-23,2024-12-30,7.0,1996.86,0-7 days,0,10.0,9.932707919898972,2.1291696542263194,-3.0
2496,DUGGANS DISTILLED PRODUCTS,8174,2023-12-24,2024-01-02,9.0,418.8,8-15 days,0,10.0,9.932707919898972,2.1291696542263194,-1.0
2496,DUGGANS DISTILLED PRODUCTS,8290,2024-01-01,2024-01-08,7.0,1091.35,0-7 days,0,10.0,9.932707919898972,2.1291696542263194,-3.0
2496,DUGGANS DISTILLED PRODUCTS,8393,2024-01-08,2024-01-15,7.0,1693.81,0-7 days,0,10.0,9.932707919898972,2.1291696542263194,-3.0
2496,DUGGANS DISTILLED PRODUCTS,8421,2024-01-11,2024-01-22,11.0,1484.41,8-15 days,0,10.0,9.932707919898972,2.1291696542263194,1.0
2496,DUGGANS DISTILLED PRODUCTS,8499,2024-01-17,2024-01-29,12.0,2042.23,8-15 days,0,10.0,9.932707919898972,2.1291696542263194,2.0
2496,DUGGANS DISTILLED PRODUCTS,8634,2024-01-26,2024-02-06,11.0,2111.9,8-15 days,0,10.0,9.932707919898972,2.1291696542263194,1.0
2496,DUGGANS DISTILLED PRODUCTS,8744,2024-02-02,2024-02-12,10.0,1572.24,8-15 days,0,10.0,9.932707919898972,2.1291696542263194,0.0
2496,DUGGANS DISTILLED PRODUCTS,8844,2024-02-09,2024-02-19,10.0,2340.04,8-15 days,0,10.0,9.932707919898972,2.1291696542263194,0.0
2496,DUGGANS DISTILLED PRODUCTS,8925,2024-02-15,2024-02-26,11.0,2767.13,8-15 days,0,10.0,9.932707919898972,2.1291696542263194,1.0
2496,DUGGANS DISTILLED PRODUCTS,9067,2024-02-24,2024-03-04,9.0,1737.58,8-15 days,0,10.0,9.932707919898972,2.1291696542263194,-1.0
2496,DUGGANS DISTILLED PRODUCTS,9136,2024-02-29,2024-03-12,12.0,2241.06,8-15 days,0,10.0,9.932707919898972,2.1291696542263194,2.0
2496,DUGGANS DISTILLED PRODUCTS,9285,2024-03-10,2024-03-18,8.0,1624.59,8-15 days,0,10.0,9.932707919898972,2.1291696542263194,-2.0
2496,DUGGANS DISTILLED PRODUCTS,9372,2024-03-17,2024-03-25,8.0,1956.14,8-15 days,0,10.0,9.932707919898972,2.1291696542263194,-2.0
2496,DUGGANS DISTILLED PRODUCTS,9454,2024-03-22,2024-04-01,10.0,1221.5,8-15 days,0,10.0,9.932707919898972,2.1291696542263194,0.0
2496,DUGGANS DISTILLED PRODUCTS,9586,2024-03-31,2024-04-08,8.0,1661.77,8-15 days,0,10.0,9.932707919898972,2.1291696542263194,-2.0
2496,DUGGANS DISTILLED PRODUCTS,9660,2024-04-05,2024-04-15,10.0,1806.22,8-15 days,0,10.0,9.932707919898972,2.1291696542263194,0.0
2496,DUGGANS DISTILLED PRODUCTS,9802,2024-04-15,2024-04-22,7.0,2077.71,0-7 days,0,10.0,9.932707919898972,2.1291696542263194,-3.0
2496,DUGGANS DISTILLED PRODUCTS,9888,2024-04-21,2024-04-28,7.0,1868.89,0-7 days,0,10.0,9.932707919898972,2.1291696542263194,-3.0
2496,DUGGANS DISTILLED PRODUCTS,10004,2024-04-29,2024-05-07,8.0,2873.57,8-15 days,0,10.0,9.932707919898972,2.1291696542263194,-2.0
2496,DUGGANS DISTILLED PRODUCTS,10056,2024-05-03,2024-05-13,10.0,3784.41,8-15 days,0,10.0,9.932707919898972,2.1291696542263194,0.0
2496,DUGGANS DISTILLED PRODUCTS,10203,2024-05-13,2024-05-20,7.0,2060.84,0-7 days,0,10.0,9.932707919898972,2.1291696542263194,-3.0
2496,DUGGANS DISTILLED PRODUCTS,10277,2024-05-18,2024-05-27,9.0,2008.49,8-15 days,0,10.0,9.932707919898972,2.1291696542263194,-1.0
2496,DUGGANS DISTILLED PRODUCTS,10416,2024-05-27,2024-06-04,8.0,2602.95,8-15 days,0,10.0,9.932707919898972,2.1291696542263194,-2.0
2496,DUGGANS DISTILLED PRODUCTS,10433,2024-05-29,2024-06-10,12.0,1834.57,8-15 days,0,10.0,9.932707919898972,2.1291696542263194,2.0
2496,DUGGANS DISTILLED PRODUCTS,10616,2024-06-10,2024-06-18,8.0,1626.87,8-15 days,0,10.0,9.932707919898972,2.1291696542263194,-2.0
2496,DUGGANS DISTILLED PRODUCTS,10702,2024-06-16,2024-06-25,9.0,5908.82,8-15 days,0,10.0,9.932707919898972,2.1291696542263194,-1.0
2496,DUGGANS DISTILLED PRODUCTS,10766,2024-06-21,2024-06-30,9.0,1847.7,8-15 days,0,10.0,9.932707919898972,2.1291696542263194,-1.0
2496,DUGGANS DISTILLED PRODUCTS,10854,2024-06-25,2024-07-01,6.0,559.56,0-7 days,0,10.0,9.932707919898972,2.1291696542263194,-4.0
2496,DUGGANS DISTILLED PRODUCTS,10988,2024-06-30,2024-07-08,8.0,2768.11,8-15 days,0,10.0,9.932707919898972,2.1291696542263194,-2.0
2496,DUGGANS DISTILLED PRODUCTS,11112,2024-07-08,2024-07-16,8.0,2650.12,8-15 days,0,10.0,9.932707919898972,2.1291696542263194,-2.0
2496,DUGGANS DISTILLED PRODUCTS,11141,2024-07-11,2024-07-23,12.0,1662.35,8-15 days,0,10.0,9.932707919898972,2.1291696542263194,2.0
2496,DUGGANS DISTILLED PRODUCTS,11317,2024-07-22,2024-07-30,8.0,14343.09,8-15 days,0,10.0,9.932707919898972,2.1291696542263194,-2.0
2496,DUGGANS DISTILLED PRODUCTS,11346,2024-07-25,2024-08-07,13.0,15834.45,8-15 days,0,10.0,9.932707919898972,2.1291696542263194,3.0
2496,DUGGANS DISTILLED PRODUCTS,11477,2024-08-03,2024-08-14,11.0,3196.85,8-15 days,0,10.0,9.932707919898972,2.1291696542263194,1.0
2496,DUGGANS DISTILLED PRODUCTS,11590,2024-08-10,2024-08-21,11.0,9588.92,8-15 days,0,10.0,9.932707919898972,2.1291696542263194,1.0
2496,DUGGANS DISTILLED PRODUCTS,11637,2024-08-14,2024-08-27,13.0,11394.32,8-15 days,0,10.0,9.932707919898972,2.1291696542263194,3.0
2496,DUGGANS DISTILLED PRODUCTS,11777,2024-08-23,2024-09-03,11.0,11450.87,8-15 days,0,10.0,9.932707919898972,2.1291696542263194,1.0
2496,DUGGANS DISTILLED PRODUCTS,11885,2024-08-31,2024-09-11,11.0,7900.81,8-15 days,0,10.0,9.932707919898972,2.1291696542263194,1.0
2496,DUGGANS DISTILLED PRODUCTS,11940,2024-09-04,2024-09-16,12.0,5739.15,8-15 days,0,10.0,9.932707919898972,2.1291696542263194,2.0
2496,DUGGANS DISTILLED PRODUCTS,12045,2024-09-11,2024-09-23,12.0,2802.33,8-15 days,0,10.0,9.932707919898972,2.1291696542263194,2.0
2496,DUGGANS DISTILLED PRODUCTS,12183,2024-09-20,2024-09-30,10.0,3018.8,8-15 days,0,10.0,9.932707919898972,2.1291696542263194,0.0
2496,DUGGANS DISTILLED PRODUCTS,12266,2024-09-23,2024-10-01,8.0,104.7,8-15 days,0,10.0,9.932707919898972,2.1291696542263194,-2.0
2496,DUGGANS DISTILLED PRODUCTS,12358,2024-09-27,2024-10-08,11.0,3304.3,8-15 days,0,10.0,9.932707919898972,2.1291696542263194,1.0
2496,DUGGANS DISTILLED PRODUCTS,12416,2024-10-02,2024-10-14,12.0,3507.2,8-15 days,0,10.0,9.932707919898972,2.1291696542263194,2.0
2496,DUGGANS DISTILLED PRODUCTS,12573,2024-10-12,2024-10-21,9.0,2383.88,8-15 days,0,10.0,9.932707919898972,2.1291696542263194,-1.0
2496,DUGGANS DISTILLED PRODUCTS,12694,2024-10-20,2024-10-30,10.0,2476.99,8-15 days,0,10.0,9.932707919898972,2.1291696542263194,0.0
2496,DUGGANS DISTILLED PRODUCTS,12740,2024-10-24,2024-11-04,11.0,2255.14,8-15 days,0,10.0,9.932707919898972,2.1291696542263194,1.0
2496,DUGGANS DISTILLED PRODUCTS,12911,2024-11-04,2024-11-11,7.0,3235.26,0-7 days,0,10.0,9.932707919898972,2.1291696542263194,-3.0
2496,DUGGANS DISTILLED PRODUCTS,12977,2024-11-08,2024-11-19,11.0,2968.18,8-15 days,0,10.0,9.932707919898972,2.1291696542263194,1.0
2496,DUGGANS DISTILLED PRODUCTS,13085,2024-11-16,2024-11-27,11.0,3108.21,8-15 days,0,10.0,9.932707919898972,2.1291696542263194,1.0
2496,DUGGANS DISTILLED PRODUCTS,13207,2024-11-24,2024-12-02,8.0,2345.91,8-15 days,0,10.0,9.932707919898972,2.1291696542263194,-2.0
2496,DUGGANS DISTILLED PRODUCTS,13291,2024-11-30,2024-12-09,9.0,2150.26,8-15 days,0,10.0,9.932707919898972,2.1291696542263194,-1.0
2496,DUGGANS DISTILLED PRODUCTS,13340,2024-12-04,2024-12-17,13.0,1975.29,8-15 days,0,10.0,9.932707919898972,2.1291696542263194,3.0
2496,DUGGANS DISTILLED PRODUCTS,13449,2024-12-11,2024-12-23,12.0,3605.95,8-15 days,0,10.0,9.932707919898972,2.1291696542263194,2.0
2496,DUGGANS DISTILLED PRODUCTS,13629,2024-12-22,2024-12-31,9.0,1699.91,8-15 days,0,10.0,9.932707919898972,2.1291696542263194,-1.0
2555,DISARONNO INTERNATIONAL LLC,8192,2023-12-25,2024-01-02,8.0,3506.41,8-15 days,0,10.0,9.932707919898972,2.1291696542263194,-2.0
2555,DISARONNO INTERNATIONAL LLC,8237,2023-12-29,2024-01-08,10.0,21305.64,8-15 days,0,10.0,9.932707919898972,2.1291696542263194,0.0
2555,DISARONNO INTERNATIONAL LLC,8311,2024-01-03,2024-01-15,12.0,8801.36,8-15 days,0,10.0,9.932707919898972,2.1291696542263194,2.0
2555,DISARONNO INTERNATIONAL LLC,8485,2024-01-15,2024-01-23,8.0,8298.39,8-15 days,0,10.0,9.932707919898972,2.1291696542263194,-2.0
2555,DISARONNO INTERNATIONAL LLC,8536,2024-01-19,2024-01-31,12.0,12481.54,8-15 days,0,10.0,9.932707919898972,2.1291696542263194,2.0
2555,DISARONNO INTERNATIONAL LLC,8623,2024-01-25,2024-02-05,11.0,16830.31,8-15 days,0,10.0,9.932707919898972,2.1291696542263194,1.0
2555,DISARONNO INTERNATIONAL LLC,8782,2024-02-04,2024-02-12,8.0,15007.72,8-15 days,0,10.0,9.932707919898972,2.1291696542263194,-2.0
2555,DISARONNO INTERNATIONAL LLC,8808,2024-02-07,2024-02-21,14.0,19943.33,8-15 days,0,10.0,9.932707919898972,2.1291696542263194,4.0
2555,DISARONNO INTERNATIONAL LLC,8998,2024-02-19,2024-02-27,8.0,24002.56,8-15 days,0,10.0,9.932707919898972,2.1291696542263194,-2.0
2555,DISARONNO INTERNATIONAL LLC,9098,2024-02-26,2024-03-06,9.0,15011.21,8-15 days,0,10.0,9.932707919898972,2.1291696542263194,-1.0
2555,DISARONNO INTERNATIONAL LLC,9168,2024-03-02,2024-03-12,10.0,11239.14,8-15 days,0,10.0,9.932707919898972,2.1291696542263194,0.0
2555,DISARONNO INTERNATIONAL LLC,9259,2024-03-09,2024-03-19,10.0,14815.94,8-15 days,0,10.0,9.932707919898972,2.1291696542263194,0.0
2555,DISARONNO INTERNATIONAL LLC,9359,2024-03-16,2024-03-25,9.0,14004.63,8-15 days,0,10.0,9.932707919898972,2.1291696542263194,-1.0
2555,DISARONNO INTERNATIONAL LLC,9452,2024-03-22,2024-04-03,12.0,10989.65,8-15 days,0,10.0,9.932707919898972,2.1291696542263194,2.0
2555,DISARONNO INTERNATIONAL LLC,9548,2024-03-29,2024-04-08,10.0,13573.06,8-15 days,0,10.0,9.932707919898972,2.1291696542263194,0.0
2555,DISARONNO INTERNATIONAL LLC,9625,2024-04-03,2024-04-16,13.0,12109.99,8-15 days,0,10.0,9.932707919898972,2.1291696542263194,3.0
2555,DISARONNO INTERNATIONAL LLC,9767,2024-04-13,2024-04-24,11.0,16208.67,8-15 days,0,10.0,9.932707919898972,2.1291696542263194,1.0
2555,DISARONNO INTERNATIONAL LLC,9820,2024-04-17,2024-05-01,14.0,53411.39,8-15 days,0,10.0,9.932707919898972,2.1291696542263194,4.0
2555,DISARONNO INTERNATIONAL LLC,9920,2024-04-24,2024-05-06,12.0,25236.88,8-15 days,0,10.0,9.932707919898972,2.1291696542263194,2.0
2555,DISARONNO INTERNATIONAL LLC,10037,2024-05-02,2024-05-14,12.0,21456.52,8-15 days,0,10.0,9.932707919898972,2.1291696542263194,2.0
2555,DISARONNO INTERNATIONAL LLC,10173,2024-05-11,2024-05-20,9.0,13630.8,8-15 days,0,10.0,9.932707919898972,2.1291696542263194,-1.0
2555,DISARONNO INTERNATIONAL LLC,10261,2024-05-17,2024-05-28,11.0,19897.28,8-15 days,0,10.0,9.932707919898972,2.1291696542263194,1.0
2555,DISARONNO INTERNATIONAL LLC,10350,2024-05-23,2024-06-05,13.0,24137.18,8-15 days,0,10.0,9.932707919898972,2.1291696542263194,3.0
2555,DISARONNO INTERNATIONAL LLC,10469,2024-05-31,2024-06-11,11.0,13212.65,8-15 days,0,10.0,9.932707919898972,2.1291696542263194,1.0
2555,DISARONNO INTERNATIONAL LLC,10584,2024-06-08,2024-06-18,10.0,14348.83,8-15 days,0,10.0,9.932707919898972,2.1291696542263194,0.0
2555,DISARONNO INTERNATIONAL LLC,10701,2024-06-16,2024-06-25,9.0,18520.2,8-15 days,0,10.0,9.932707919898972,2.1291696542263194,-1.0
2555,DISARONNO INTERNATIONAL LLC,10817,2024-06-24,2024-06-30,6.0,13421.47,0-7 days,0,10.0,9.932707919898972,2.1291696542263194,-4.0
2555,DISARONNO INTERNATIONAL LLC,10852,2024-06-25,2024-07-03,8.0,3816.0,8-15 days,0,10.0,9.932707919898972,2.1291696542263194,-2.0
2555,DISARONNO INTERNATIONAL LLC,11004,2024-07-01,2024-07-09,8.0,25618.8,8-15 days,0,10.0,9.932707919898972,2.1291696542263194,-2.0
2555,DISARONNO INTERNATIONAL LLC,11095,2024-07-07,2024-07-16,9.0,16230.78,8-15 days,0,10.0,9.932707919898972,2.1291696542263194,-1.0
2555,DISARONNO INTERNATIONAL LLC,11192,2024-07-14,2024-07-23,9.0,22720.62,8-15 days,0,10.0,9.932707919898972,2.1291696542263194,-1.0
2555,DISARONNO INTERNATIONAL LLC,11282,2024-07-20,2024-07-30,10.0,24350.69,8-15 days,0,10.0,9.932707919898972,2.1291696542263194,0.0
2555,DISARONNO INTERNATIONAL LLC,11330,2024-07-24,2024-08-07,14.0,17881.63,8-15 days,0,10.0,9.932707919898972,2.1291696542263194,4.0
2555,DISARONNO INTERNATIONAL LLC,11445,2024-08-01,2024-08-12,11.0,16612.74,8-15 days,0,10.0,9.932707919898972,2.1291696542263194,1.0
2555,DISARONNO INTERNATIONAL LLC,11547,2024-08-08,2024-08-21,13.0,26134.74,8-15 days,0,10.0,9.932707919898972,2.1291696542263194,3.0
2555,DISARONNO INTERNATIONAL LLC,11688,2024-08-17,2024-08-27,10.0,12719.48,8-15 days,0,10.0,9.932707919898972,2.1291696542263194,0.0
2555,DISARONNO INTERNATIONAL LLC,11750,2024-08-22,2024-09-03,12.0,14682.22,8-15 days,0,10.0,9.932707919898972,2.1291696542263194,2.0
2555,DISARONNO INTERNATIONAL LLC,11908,2024-09-01,2024-09-09,8.0,19122.54,8-15 days,0,10.0,9.932707919898972,2.1291696542263194,-2.0
2555,DISARONNO INTERNATIONAL LLC,11997,2024-09-07,2024-09-16,9.0,15585.55,8-15 days,0,10.0,9.932707919898972,2.1291696542263194,-1.0
2555,DISARONNO INTERNATIONAL LLC,12111,2024-09-15,2024-09-23,8.0,19345.71,8-15 days,0,10.0,9.932707919898972,2.1291696542263194,-2.0
2555,DISARONNO INTERNATIONAL LLC,12150,2024-09-18,2024-09-30,12.0,46638.01,8-15 days,0,10.0,9.932707919898972,2.1291696542263194,2.0
2555,DISARONNO INTERNATIONAL LLC,12265,2024-09-23,2024-10-01,8.0,1085.61,8-15 days,0,10.0,9.932707919898972,2.1291696542263194,-2.0
2555,DISARONNO INTERNATIONAL LLC,12394,2024-09-30,2024-10-08,8.0,26074.22,8-15 days,0,10.0,9.932707919898972,2.1291696542263194,-2.0
2555,DISARONNO INTERNATIONAL LLC,12488,2024-10-06,2024-10-16,10.0,30326.47,8-15 days,0,10.0,9.932707919898972,2.1291696542263194,0.0
2555,DISARONNO INTERNATIONAL LLC,12572,2024-10-12,2024-10-22,10.0,45596.48,8-15 days,0,10.0,9.932707919898972,2.1291696542263194,0.0
2555,DISARONNO INTERNATIONAL LLC,12657,2024-10-18,2024-10-30,12.0,22699.66,8-15 days,0,10.0,9.932707919898972,2.1291696542263194,2.0
2555,DISARONNO INTERNATIONAL LLC,12739,2024-10-24,2024-11-05,12.0,27596.03,8-15 days,0,10.0,9.932707919898972,2.1291696542263194,2.0
2555,DISARONNO INTERNATIONAL LLC,12878,2024-11-02,2024-11-12,10.0,26959.69,8-15 days,0,10.0,9.932707919898972,2.1291696542263194,0.0
2555,DISARONNO INTERNATIONAL LLC,12955,2024-11-07,2024-11-20,13.0,26584.61,8-15 days,0,10.0,9.932707919898972,2.1291696542263194,3.0
2555,DISARONNO INTERNATIONAL LLC,13053,2024-11-14,2024-11-27,13.0,21578.82,8-15 days,0,10.0,9.932707919898972,2.1291696542263194,3.0
2555,DISARONNO INTERNATIONAL LLC,13186,2024-11-23,2024-12-02,9.0,40110.26,8-15 days,0,10.0,9.932707919898972,2.1291696542263194,-1.0
2555,DISARONNO INTERNATIONAL LLC,13239,2024-11-27,2024-12-11,14.0,33454.4,8-15 days,0,10.0,9.932707919898972,2.1291696542263194,4.0
2555,DISARONNO INTERNATIONAL LLC,13419,2024-12-08,2024-12-17,9.0,39530.93,8-15 days,0,10.0,9.932707919898972,2.1291696542263194,-1.0
2555,DISARONNO INTERNATIONAL LLC,13505,2024-12-14,2024-12-24,10.0,34547.79,8-15 days,0,10.0,9.932707919898972,2.1291696542263194,0.0
2555,DISARONNO INTERNATIONAL LLC,13575,2024-12-19,2024-12-31,12.0,28940.62,8-15 days,0,10.0,9.932707919898972,2.1291696542263194,2.0
2561,EDRINGTON AMERICAS,8175,2023-12-24,2024-01-02,9.0,5645.24,8-15 days,0,10.0,9.932707919898972,2.1291696542263194,-1.0
2561,EDRINGTON AMERICAS,8239,2023-12-29,2024-01-09,11.0,29875.7,8-15 days,0,10.0,9.932707919898972,2.1291696542263194,1.0
2561,EDRINGTON AMERICAS,8361,2024-01-06,2024-01-15,9.0,11724.18,8-15 days,0,10.0,9.932707919898972,2.1291696542263194,-1.0
2561,EDRINGTON AMERICAS,8486,2024-01-15,2024-01-22,7.0,20849.8,0-7 days,0,10.0,9.932707919898972,2.1291696542263194,-3.0
2561,EDRINGTON AMERICAS,8591,2024-01-22,2024-01-30,8.0,42239.46,8-15 days,0,10.0,9.932707919898972,2.1291696542263194,-2.0
2561,EDRINGTON AMERICAS,8679,2024-01-28,2024-02-06,9.0,28830.68,8-15 days,0,10.0,9.932707919898972,2.1291696542263194,-1.0
2561,EDRINGTON AMERICAS,8708,2024-01-31,2024-02-12,12.0,23895.63,8-15 days,0,10.0,9.932707919898972,2.1291696542263194,2.0
2561,EDRINGTON AMERICAS,8900,2024-02-12,2024-02-19,7.0,32945.29,0-7 days,0,10.0,9.932707919898972,2.1291696542263194,-3.0
2561,EDRINGTON AMERICAS,8967,2024-02-17,2024-02-27,10.0,26214.27,8-15 days,0,10.0,9.932707919898972,2.1291696542263194,0.0
2561,EDRINGTON AMERICAS,9047,2024-02-23,2024-03-05,11.0,39079.34,8-15 days,0,10.0,9.932707919898972,2.1291696542263194,1.0
2561,EDRINGTON AMERICAS,9183,2024-03-03,2024-03-12,9.0,29350.99,8-15 days,0,10.0,9.932707919898972,2.1291696542263194,-1.0
2561,EDRINGTON AMERICAS,9248,2024-03-08,2024-03-18,10.0,27042.94,8-15 days,0,10.0,9.932707919898972,2.1291696542263194,0.0
2561,EDRINGTON AMERICAS,9334,2024-03-14,2024-03-26,12.0,26168.64,8-15 days,0,10.0,9.932707919898972,2.1291696542263194,2.0
2561,EDRINGTON AMERICAS,9495,2024-03-24,2024-04-02,9.0,28488.09,8-15 days,0,10.0,9.932707919898972,2.1291696542263194,-1.0
2561,EDRINGTON AMERICAS,9549,2024-03-29,2024-04-05,7.0,4739.64,0-7 days,0,10.0,9.932707919898972,2.1291696542263194,-3.0
2561,EDRINGTON AMERICAS,9706,2024-04-08,2024-04-15,7.0,40316.98,0-7 days,0,10.0,9.932707919898972,2.1291696542263194,-3.0
2561,EDRINGTON AMERICAS,9803,2024-04-15,2024-04-24,9.0,25661.06,8-15 days,0,10.0,9.932707919898972,2.1291696542263194,-1.0
2561,EDRINGTON AMERICAS,9851,2024-04-19,2024-04-29,10.0,36575.55,8-15 days,0,10.0,9.932707919898972,2.1291696542263194,0.0
2561,EDRINGTON AMERICAS,10005,2024-04-29,2024-05-06,7.0,31095.81,0-7 days,0,10.0,9.932707919898972,2.1291696542263194,-3.0
2561,EDRINGTON AMERICAS,10099,2024-05-06,2024-05-13,7.0,19998.97,0-7 days,0,10.0,9.932707919898972,2.1291696542263194,-3.0
2561,EDRINGTON AMERICAS,10127,2024-05-09,2024-05-20,11.0,23433.74,8-15 days,0,10.0,9.932707919898972,2.1291696542263194,1.0
2561,EDRINGTON AMERICAS,10242,2024-05-16,2024-05-28,12.0,21925.38,8-15 days,0,10.0,9.932707919898972,2.1291696542263194,2.0
2561,EDRINGTON AMERICAS,10329,2024-05-22,2024-06-05,14.0,26516.99,8-15 days,0,10.0,9.932707919898972,2.1291696542263194,4.0
2561,EDRINGTON AMERICAS,10516,2024-06-03,2024-06-12,9.0,35825.0,8-15 days,0,10.0,9.932707919898972,2.1291696542263194,-1.0
2561,EDRINGTON AMERICAS,10536,2024-06-05,2024-06-18,13.0,25654.75,8-15 days,0,10.0,9.932707919898972,2.1291696542263194,3.0
2561,EDRINGTON AMERICAS,10670,2024-06-14,2024-06-26,12.0,32460.87,8-15 days,0,10.0,9.932707919898972,2.1291696542263194,2.0
2561,EDRINGTON AMERICAS,10818,2024-06-24,2024-06-30,6.0,23644.07,0-7 days,0,10.0,9.932707919898972,2.1291696542263194,-4.0
2561,EDRINGTON AMERICAS,10857,2024-06-25,2024-07-03,8.0,9796.34,8-15 days,0,10.0,9.932707919898972,2.1291696542263194,-2.0
2561,EDRINGTON AMERICAS,10954,2024-06-28,2024-07-08,10.0,41937.27,8-15 days,0,10.0,9.932707919898972,2.1291696542263194,0.0
2561,EDRINGTON AMERICAS,11029,2024-07-03,2024-07-16,13.0,36400.78,8-15 days,0,10.0,9.932707919898972,2.1291696542263194,3.0
2561,EDRINGTON AMERICAS,11172,2024-07-13,2024-07-23,10.0,78409.74,8-15 days,0,10.0,9.932707919898972,2.1291696542263194,0.0
2561,EDRINGTON AMERICAS,11283,2024-07-20,2024-07-30,10.0,82471.77,8-15 days,0,10.0,9.932707919898972,2.1291696542263194,0.0
2561,EDRINGTON AMERICAS,11347,2024-07-25,2024-08-07,13.0,48956.45,8-15 days,0,10.0,9.932707919898972,2.1291696542263194,3.0
2561,EDRINGTON AMERICAS,11462,2024-08-02,2024-08-14,12.0,78939.96,8-15 days,0,10.0,9.932707919898972,2.1291696542263194,2.0
2561,EDRINGTON AMERICAS,11548,2024-08-08,2024-08-21,13.0,40432.0,8-15 days,0,10.0,9.932707919898972,2.1291696542263194,3.0
2561,EDRINGTON AMERICAS,11689,2024-08-17,2024-08-27,10.0,33902.94,8-15 days,0,10.0,9.932707919898972,2.1291696542263194,0.0
2561,EDRINGTON AMERICAS,11752,2024-08-22,2024-09-03,12.0,41166.15,8-15 days,0,10.0,9.932707919898972,2.1291696542263194,2.0
2561,EDRINGTON AMERICAS,11862,2024-08-30,2024-09-09,10.0,28812.95,8-15 days,0,10.0,9.932707919898972,2.1291696542263194,0.0
2561,EDRINGTON AMERICAS,11973,2024-09-06,2024-09-17,11.0,22380.69,8-15 days,0,10.0,9.932707919898972,2.1291696542263194,1.0
2561,EDRINGTON AMERICAS,12114,2024-09-15,2024-09-23,8.0,26884.89,8-15 days,0,10.0,9.932707919898972,2.1291696542263194,-2.0
2561,EDRINGTON AMERICAS,12238,2024-09-23,2024-09-30,7.0,29715.88,0-7 days,0,10.0,9.932707919898972,2.1291696542263194,-3.0
2561,EDRINGTON AMERICAS,12315,2024-09-25,2024-10-08,13.0,25432.72,8-15 days,0,10.0,9.932707919898972,2.1291696542263194,3.0
2561,EDRINGTON AMERICAS,12418,2024-10-02,2024-10-14,12.0,23491.68,8-15 days,0,10.0,9.932707919898972,2.1291696542263194,2.0
2561,EDRINGTON AMERICAS,12556,2024-10-11,2024-10-22,11.0,65097.19,8-15 days,0,10.0,9.932707919898972,2.1291696542263194,1.0
2561,EDRINGTON AMERICAS,12707,2024-10-21,2024-10-30,9.0,74400.59,8-15 days,0,10.0,9.932707919898972,2.1291696542263194,-1.0
2561,EDRINGTON AMERICAS,12776,2024-10-26,2024-11-05,10.0,41198.14,8-15 days,0,10.0,9.932707919898972,2.1291696542263194,0.0
2561,EDRINGTON AMERICAS,12912,2024-11-04,2024-11-12,8.0,36489.28,8-15 days,0,10.0,9.932707919898972,2.1291696542263194,-2.0
2561,EDRINGTON AMERICAS,12993,2024-11-09,2024-11-19,10.0,44558.21,8-15 days,0,10.0,9.932707919898972,2.1291696542263194,0.0
2561,EDRINGTON AMERICAS,13034,2024-11-13,2024-11-27,14.0,43132.31,8-15 days,0,10.0,9.932707919898972,2.1291696542263194,4.0
2561,EDRINGTON AMERICAS,13208,2024-11-24,2024-12-02,8.0,41362.54,8-15 days,0,10.0,9.932707919898972,2.1291696542263194,-2.0
2561,EDRINGTON AMERICAS,13273,2024-11-29,2024-12-11,12.0,34986.69,8-15 days,0,10.0,9.932707919898972,2.1291696542263194,2.0
2561,EDRINGTON AMERICAS,13377,2024-12-06,2024-12-17,11.0,35769.85,8-15 days,0,10.0,9.932707919898972,2.1291696542263194,1.0
2561,EDRINGTON AMERICAS,13506,2024-12-14,2024-12-24,10.0,54027.38,8-15 days,0,10.0,9.932707919898972,2.1291696542263194,0.0
2561,EDRINGTON AMERICAS,13647,2024-12-23,2024-12-31,8.0,42479.39,8-15 days,0,10.0,9.932707919898972,2.1291696542263194,-2.0
2876,CENTEUR IMPORTS LLC,8125,2023-12-21,2024-01-01,11.0,105.36,8-15 days,0,10.0,9.932707919898972,2.1291696542263194,1.0
2876,CENTEUR IMPORTS LLC,8251,2023-12-30,2024-01-07,8.0,52.32,8-15 days,0,10.0,9.932707919898972,2.1291696542263194,-2.0
2876,CENTEUR IMPORTS LLC,8521,2024-01-18,2024-01-29,11.0,244.69,8-15 days,0,10.0,9.932707919898972,2.1291696542263194,1.0
2876,CENTEUR IMPORTS LLC,8652,2024-01-27,2024-02-05,9.0,530.88,8-15 days,0,10.0,9.932707919898972,2.1291696542263194,-1.0
2876,CENTEUR IMPORTS LLC,8795,2024-02-05,2024-02-11,6.0,191.44,0-7 days,0,10.0,9.932707919898972,2.1291696542263194,-4.0
2876,CENTEUR IMPORTS LLC,8861,2024-02-10,2024-02-16,6.0,26.16,0-7 days,0,10.0,9.932707919898972,2.1291696542263194,-4.0
2876,CENTEUR IMPORTS LLC,8948,2024-02-16,2024-02-24,8.0,48.3,8-15 days,0,10.0,9.932707919898972,2.1291696542263194,-2.0
2876,CENTEUR IMPORTS LLC,9166,2024-03-02,2024-03-07,5.0,80.2,0-7 days,0,10.0,9.932707919898972,2.1291696542263194,-5.0
2876,CENTEUR IMPORTS LLC,9475,2024-03-23,2024-03-31,8.0,276.74,8-15 days,0,10.0,9.932707919898972,2.1291696542263194,-2.0
2876,CENTEUR IMPORTS LLC,9534,2024-03-28,2024-04-08,11.0,237.48,8-15 days,0,10.0,9.932707919898972,2.1291696542263194,1.0
2876,CENTEUR IMPORTS LLC,9673,2024-04-06,2024-04-15,9.0,105.42,8-15 days,0,10.0,9.932707919898972,2.1291696542263194,-1.0
2876,CENTEUR IMPORTS LLC,9720,2024-04-10,2024-04-19,9.0,109.8,8-15 days,0,10.0,9.932707919898972,2.1291696542263194,-1.0
2876,CENTEUR IMPORTS LLC,9834,2024-04-18,2024-04-28,10.0,48.3,8-15 days,0,10.0,9.932707919898972,2.1291696542263194,0.0
2876,CENTEUR IMPORTS LLC,10003,2024-04-29,2024-05-04,5.0,258.36,0-7 days,0,10.0,9.932707919898972,2.1291696542263194,-5.0
2876,CENTEUR IMPORTS LLC,10189,2024-05-12,2024-05-20,8.0,48.24,8-15 days,0,10.0,9.932707919898972,2.1291696542263194,-2.0
2876,CENTEUR IMPORTS LLC,10447,2024-05-30,2024-06-08,9.0,290.32,8-15 days,0,10.0,9.932707919898972,2.1291696542263194,-1.0
2876,CENTEUR IMPORTS LLC,10697,2024-06-16,2024-06-24,8.0,206.04,8-15 days,0,10.0,9.932707919898972,2.1291696542263194,-2.0
2876,CENTEUR IMPORTS LLC,10765,2024-06-21,2024-06-29,8.0,47.6,8-15 days,0,10.0,9.932707919898972,2.1291696542263194,-2.0
2876,CENTEUR IMPORTS LLC,11002,2024-07-01,2024-07-07,6.0,57.12,0-7 days,0,10.0,9.932707919898972,2.1291696542263194,-4.0
2876,CENTEUR IMPORTS LLC,11140,2024-07-11,2024-07-23,12.0,52.68,8-15 days,0,10.0,9.932707919898972,2.1291696542263194,2.0
2876,CENTEUR IMPORTS LLC,11280,2024-07-20,2024-07-29,9.0,100.26,8-15 days,0,10.0,9.932707919898972,2.1291696542263194,-1.0
2876,CENTEUR IMPORTS LLC,11343,2024-07-25,2024-08-02,8.0,48.3,8-15 days,0,10.0,9.932707919898972,2.1291696542263194,-2.0
2876,CENTEUR IMPORTS LLC,11525,2024-08-07,2024-08-17,10.0,516.72,8-15 days,0,10.0,9.932707919898972,2.1291696542263194,0.0
2876,CENTEUR IMPORTS LLC,11701,2024-08-18,2024-08-24,6.0,52.68,0-7 days,0,10.0,9.932707919898972,2.1291696542263194,-4.0
2876,CENTEUR IMPORTS LLC,11774,2024-08-23,2024-08-31,8.0,290.56,8-15 days,0,10.0,9.932707919898972,2.1291696542263194,-2.0
2876,CENTEUR IMPORTS LLC,11860,2024-08-30,2024-09-09,10.0,471.56,8-15 days,0,10.0,9.932707919898972,2.1291696542263194,0.0
2876,CENTEUR IMPORTS LLC,11972,2024-09-06,2024-09-15,9.0,48.3,8-15 days,0,10.0,9.932707919898972,2.1291696542263194,-1.0
2876,CENTEUR IMPORTS LLC,12128,2024-09-16,2024-09-21,5.0,249.6,0-7 days,0,10.0,9.932707919898972,2.1291696542263194,-5.0
2876,CENTEUR IMPORTS LLC,12218,2024-09-22,2024-09-29,7.0,42.21,0-7 days,0,10.0,9.932707919898972,2.1291696542263194,-3.0
2876,CENTEUR IMPORTS LLC,12332,2024-09-26,2024-10-05,9.0,105.06,8-15 days,0,10.0,9.932707919898972,2.1291696542263194,-1.0
2876,CENTEUR IMPORTS LLC,12571,2024-10-12,2024-10-19,7.0,57.12,0-7 days,0,10.0,9.932707919898972,2.1291696542263194,-3.0
2876,CENTEUR IMPORTS LLC,12633,2024-10-17,2024-10-24,7.0,47.94,0-7 days,0,10.0,9.932707919898972,2.1291696542263194,-3.0
2876,CENTEUR IMPORTS LLC,12791,2024-10-27,2024-11-03,7.0,118.44,0-7 days,0,10.0,9.932707919898972,2.1291696542263194,-3.0
2876,CENTEUR IMPORTS LLC,12890,2024-11-03,2024-11-10,7.0,105.0,0-7 days,0,10.0,9.932707919898972,2.1291696542263194,-3.0
2876,CENTEUR IMPORTS LLC,13135,2024-11-20,2024-12-02,12.0,109.44,8-15 days,0,10.0,9.932707919898972,2.1291696542263194,2.0
2876,CENTEUR IMPORTS LLC,13355,2024-12-05,2024-12-14,9.0,52.68,8-15 days,0,10.0,9.932707919898972,2.1291696542263194,-1.0
2876,CENTEUR IMPORTS LLC,13541,2024-12-16,2024-12-23,7.0,47.94,0-7 days,0,10.0,9.932707919898972,2.1291696542263194,-3.0
2876,CENTEUR IMPORTS LLC,13573,2024-12-19,2024-12-30,11.0,755.82,8-15 days,0,10.0,9.932707919898972,2.1291696542263194,1.0
3089,SIDNEY FRANK IMPORTING CO,8183,2023-12-24,2024-01-02,9.0,4443.66,8-15 days,0,10.0,9.932707919898972,2.1291696542263194,-1.0
3089,SIDNEY FRANK IMPORTING CO,8303,2024-01-01,2024-01-08,7.0,38258.6,0-7 days,0,10.0,9.932707919898972,2.1291696542263194,-3.0
3089,SIDNEY FRANK IMPORTING CO,8334,2024-01-04,2024-01-15,11.0,18929.16,8-15 days,0,10.0,9.932707919898972,2.1291696542263194,1.0
3089,SIDNEY FRANK IMPORTING CO,8449,2024-01-12,2024-01-23,11.0,21504.38,8-15 days,0,10.0,9.932707919898972,2.1291696542263194,1.0
3089,SIDNEY FRANK IMPORTING CO,8584,2024-01-21,2024-01-30,9.0,25914.44,8-15 days,0,10.0,9.932707919898972,2.1291696542263194,-1.0
3089,SIDNEY FRANK IMPORTING CO,8667,2024-01-27,2024-02-05,9.0,32527.28,8-15 days,0,10.0,9.932707919898972,2.1291696542263194,-1.0
3089,SIDNEY FRANK IMPORTING CO,8734,2024-02-01,2024-02-13,12.0,23957.73,8-15 days,0,10.0,9.932707919898972,2.1291696542263194,2.0
3089,SIDNEY FRANK IMPORTING CO,8869,2024-02-10,2024-02-21,11.0,26552.78,8-15 days,0,10.0,9.932707919898972,2.1291696542263194,1.0
3089,SIDNEY FRANK IMPORTING CO,8958,2024-02-16,2024-02-27,11.0,55292.39,8-15 days,0,10.0,9.932707919898972,2.1291696542263194,1.0
3089,SIDNEY FRANK IMPORTING CO,9029,2024-02-21,2024-03-05,13.0,41457.36,8-15 days,0,10.0,9.932707919898972,2.1291696542263194,3.0
3089,SIDNEY FRANK IMPORTING CO,9125,2024-02-28,2024-03-12,13.0,22442.92,8-15 days,0,10.0,9.932707919898972,2.1291696542263194,3.0
3089,SIDNEY FRANK IMPORTING CO,9238,2024-03-07,2024-03-19,12.0,21473.87,8-15 days,0,10.0,9.932707919898972,2.1291696542263194,2.0
3089,SIDNEY FRANK IMPORTING CO,9340,2024-03-14,2024-03-25,11.0,19262.4,8-15 days,0,10.0,9.932707919898972,2.1291696542263194,1.0
3089,SIDNEY FRANK IMPORTING CO,9467,2024-03-22,2024-04-03,12.0,21652.88,8-15 days,0,10.0,9.932707919898972,2.1291696542263194,2.0
3089,SIDNEY FRANK IMPORTING CO,9595,2024-03-31,2024-04-08,8.0,23298.56,8-15 days,0,10.0,9.932707919898972,2.1291696542263194,-2.0
3089,SIDNEY FRANK IMPORTING CO,9687,2024-04-06,2024-04-15,9.0,23258.94,8-15 days,0,10.0,9.932707919898972,2.1291696542263194,-1.0
3089,SIDNEY FRANK IMPORTING CO,9731,2024-04-10,2024-04-23,13.0,27659.46,8-15 days,0,10.0,9.932707919898972,2.1291696542263194,3.0
3089,SIDNEY FRANK IMPORTING CO,9861,2024-04-19,2024-05-01,12.0,77837.4,8-15 days,0,10.0,9.932707919898972,2.1291696542263194,2.0
3089,SIDNEY FRANK IMPORTING CO,9926,2024-04-24,2024-05-08,14.0,39017.2,8-15 days,0,10.0,9.932707919898972,2.1291696542263194,4.0
3089,SIDNEY FRANK IMPORTING CO,10110,2024-05-06,2024-05-13,7.0,23340.77,0-7 days,0,10.0,9.932707919898972,2.1291696542263194,-3.0
3089,SIDNEY FRANK IMPORTING CO,10215,2024-05-13,2024-05-20,7.0,22107.11,0-7 days,0,10.0,9.932707919898972,2.1291696542263194,-3.0
3089,SIDNEY FRANK IMPORTING CO,10235,2024-05-15,2024-05-29,14.0,31395.25,8-15 days,0,10.0,9.932707919898972,2.1291696542263194,4.0
3089,SIDNEY FRANK IMPORTING CO,10338,2024-05-22,2024-06-05,14.0,32500.96,8-15 days,0,10.0,9.932707919898972,2.1291696542263194,4.0
3089,SIDNEY FRANK IMPORTING CO,10527,2024-06-03,2024-06-12,9.0,29112.52,8-15 days,0,10.0,9.932707919898972,2.1291696542263194,-1.0
3089,SIDNEY FRANK IMPORTING CO,10627,2024-06-10,2024-06-19,9.0,33123.84,8-15 days,0,10.0,9.932707919898972,2.1291696542263194,-1.0
3089,SIDNEY FRANK IMPORTING CO,10638,2024-06-12,2024-06-26,14.0,32205.2,8-15 days,0,10.0,9.932707919898972,2.1291696542263194,4.0
3089,SIDNEY FRANK IMPORTING CO,10792,2024-06-22,2024-06-30,8.0,34237.07,8-15 days,0,10.0,9.932707919898972,2.1291696542263194,-2.0
3089,SIDNEY FRANK IMPORTING CO,10899,2024-06-25,2024-07-03,8.0,6043.94,8-15 days,0,10.0,9.932707919898972,2.1291696542263194,-2.0
3089,SIDNEY FRANK IMPORTING CO,11020,2024-07-01,2024-07-09,8.0,42308.52,8-15 days,0,10.0,9.932707919898972,2.1291696542263194,-2.0
3089,SIDNEY FRANK IMPORTING CO,11081,2024-07-05,2024-07-16,11.0,25991.72,8-15 days,0,10.0,9.932707919898972,2.1291696542263194,1.0
3089,SIDNEY FRANK IMPORTING CO,11180,2024-07-13,2024-07-24,11.0,31152.64,8-15 days,0,10.0,9.932707919898972,2.1291696542263194,1.0
3089,SIDNEY FRANK IMPORTING CO,11306,2024-07-21,2024-07-30,9.0,45672.38,8-15 days,0,10.0,9.932707919898972,2.1291696542263194,-1.0
3089,SIDNEY FRANK IMPORTING CO,11358,2024-07-25,2024-08-07,13.0,31795.94,8-15 days,0,10.0,9.932707919898972,2.1291696542263194,3.0
3089,SIDNEY FRANK IMPORTING CO,11470,2024-08-02,2024-08-14,12.0,31734.13,8-15 days,0,10.0,9.932707919898972,2.1291696542263194,2.0
3089,SIDNEY FRANK IMPORTING CO,11578,2024-08-09,2024-08-20,11.0,43218.31,8-15 days,0,10.0,9.932707919898972,2.1291696542263194,1.0
3089,SIDNEY FRANK IMPORTING CO,11663,2024-08-15,2024-08-27,12.0,40370.73,8-15 days,0,10.0,9.932707919898972,2.1291696542263194,2.0
3089,SIDNEY FRANK IMPORTING CO,11786,2024-08-23,2024-09-03,11.0,49277.7,8-15 days,0,10.0,9.932707919898972,2.1291696542263194,1.0
3089,SIDNEY FRANK IMPORTING CO,11913,2024-09-01,2024-09-11,10.0,44156.53,8-15 days,0,10.0,9.932707919898972,2.1291696542263194,0.0
3089,SIDNEY FRANK IMPORTING CO,12008,2024-09-07,2024-09-17,10.0,35768.7,8-15 days,0,10.0,9.932707919898972,2.1291696542263194,0.0
3089,SIDNEY FRANK IMPORTING CO,12073,2024-09-12,2024-09-24,12.0,27827.79,8-15 days,0,10.0,9.932707919898972,2.1291696542263194,2.0
3089,SIDNEY FRANK IMPORTING CO,12162,2024-09-18,2024-09-30,12.0,15329.33,8-15 days,0,10.0,9.932707919898972,2.1291696542263194,2.0
3089,SIDNEY FRANK IMPORTING CO,12293,2024-09-23,2024-10-01,8.0,194.88,8-15 days,0,10.0,9.932707919898972,2.1291696542263194,-2.0
3089,SIDNEY FRANK IMPORTING CO,12324,2024-09-25,2024-10-08,13.0,21362.89,8-15 days,0,10.0,9.932707919898972,2.1291696542263194,3.0
3089,SIDNEY FRANK IMPORTING CO,12451,2024-10-03,2024-10-16,13.0,21698.2,8-15 days,0,10.0,9.932707919898972,2.1291696542263194,3.0
3089,SIDNEY FRANK IMPORTING CO,12530,2024-10-09,2024-10-22,13.0,26258.33,8-15 days,0,10.0,9.932707919898972,2.1291696542263194,3.0
3089,SIDNEY FRANK IMPORTING CO,12717,2024-10-21,2024-10-28,7.0,41959.5,0-7 days,0,10.0,9.932707919898972,2.1291696542263194,-3.0
3089,SIDNEY FRANK IMPORTING CO,12742,2024-10-24,2024-11-05,12.0,34956.32,8-15 days,0,10.0,9.932707919898972,2.1291696542263194,2.0
3089,SIDNEY FRANK IMPORTING CO,12883,2024-11-02,2024-11-12,10.0,42389.96,8-15 days,0,10.0,9.932707919898972,2.1291696542263194,0.0
3089,SIDNEY FRANK IMPORTING CO,13027,2024-11-11,2024-11-19,8.0,28204.68,8-15 days,0,10.0,9.932707919898972,2.1291696542263194,-2.0
3089,SIDNEY FRANK IMPORTING CO,13114,2024-11-17,2024-11-27,10.0,25434.75,8-15 days,0,10.0,9.932707919898972,2.1291696542263194,0.0
3089,SIDNEY FRANK IMPORTING CO,13143,2024-11-20,2024-12-02,12.0,36492.54,8-15 days,0,10.0,9.932707919898972,2.1291696542263194,2.0
3089,SIDNEY FRANK IMPORTING CO,13250,2024-11-27,2024-12-10,13.0,27820.83,8-15 days,0,10.0,9.932707919898972,2.1291696542263194,3.0
3089,SIDNEY FRANK IMPORTING CO,13405,2024-12-07,2024-12-17,10.0,36352.1,8-15 days,0,10.0,9.932707919898972,2.1291696542263194,0.0
3089,SIDNEY FRANK IMPORTING CO,13550,2024-12-16,2024-12-24,8.0,39892.16,8-15 days,0,10.0,9.932707919898972,2.1291696542263194,-2.0
3089,SIDNEY FRANK IMPORTING CO,13619,2024-12-21,2024-12-31,10.0,59479.25,8-15 days,0,10.0,9.932707919898972,2.1291696542263194,0.0
3252,E & J GALLO WINERY,8110,2023-12-20,2024-01-03,14.0,56493.23,8-15 days,0,10.0,9.932707919898972,2.1291696542263194,4.0
3252,E & J GALLO WINERY,8238,2023-12-29,2024-01-10,12.0,238980.15,8-15 days,0,10.0,9.932707919898972,2.1291696542263194,2.0
3252,E & J GALLO WINERY,8326,2024-01-04,2024-01-16,12.0,151950.9,8-15 days,0,10.0,9.932707919898972,2.1291696542263194,2.0
3252,E & J GALLO WINERY,8438,2024-01-12,2024-01-24,12.0,156914.13,8-15 days,0,10.0,9.932707919898972,2.1291696542263194,2.0
3252,E & J GALLO WINERY,8537,2024-01-19,2024-01-31,12.0,205882.81,8-15 days,0,10.0,9.932707919898972,2.1291696542263194,2.0
3252,E & J GALLO WINERY,8624,2024-01-25,2024-02-07,13.0,198720.32,8-15 days,0,10.0,9.932707919898972,2.1291696542263194,3.0
3252,E & J GALLO WINERY,8722,2024-02-01,2024-02-14,13.0,163511.77,8-15 days,0,10.0,9.932707919898972,2.1291696542263194,3.0
3252,E & J GALLO WINERY,8879,2024-02-11,2024-02-21,10.0,186668.7,8-15 days,0,10.0,9.932707919898972,2.1291696542263194,0.0
3252,E & J GALLO WINERY,8999,2024-02-19,2024-02-28,9.0,269463.12,8-15 days,0,10.0,9.932707919898972,2.1291696542263194,-1.0
3252,E & J GALLO WINERY,9035,2024-02-22,2024-03-06,13.0,196885.44,8-15 days,0,10.0,9.932707919898972,2.1291696542263194,3.0
3252,E & J GALLO WINERY,9169,2024-03-02,2024-03-13,11.0,163113.82,8-15 days,0,10.0,9.932707919898972,2.1291696542263194,1.0
3252,E & J GALLO WINERY,9260,2024-03-09,2024-03-20,11.0,140925.87,8-15 days,0,10.0,9.932707919898972,2.1291696542263194,1.0
3252,E & J GALLO WINERY,9373,2024-03-17,2024-03-26,9.0,151855.6,8-15 days,0,10.0,9.932707919898972,2.1291696542263194,-1.0
3252,E & J GALLO WINERY,9477,2024-03-23,2024-04-03,11.0,205379.19,8-15 days,0,10.0,9.932707919898972,2.1291696542263194,1.0
3252,E & J GALLO WINERY,9536,2024-03-28,2024-04-10,13.0,164742.94,8-15 days,0,10.0,9.932707919898972,2.1291696542263194,3.0
3252,E & J GALLO WINERY,9644,2024-04-04,2024-04-17,13.0,159548.86,8-15 days,0,10.0,9.932707919898972,2.1291696542263194,3.0
3252,E & J GALLO WINERY,9751,2024-04-12,2024-04-24,12.0,178492.84,8-15 days,0,10.0,9.932707919898972,2.1291696542263194,2.0
3252,E & J GALLO WINERY,9905,2024-04-22,2024-05-01,9.0,301415.42,8-15 days,0,10.0,9.932707919898972,2.1291696542263194,-1.0
3252,E & J GALLO WINERY,9958,2024-04-26,2024-05-07,11.0,253473.94,8-15 days,0,10.0,9.932707919898972,2.1291696542263194,1.0
3252,E & J GALLO WINERY,10084,2024-05-05,2024-05-15,10.0,218745.23,8-15 days,0,10.0,9.932707919898972,2.1291696542263194,0.0
3252,E & J GALLO WINERY,10118,2024-05-08,2024-05-22,14.0,204359.35,8-15 days,0,10.0,9.932707919898972,2.1291696542263194,4.0
3252,E & J GALLO WINERY,10293,2024-05-19,2024-05-29,10.0,295574.83,8-15 days,0,10.0,9.932707919898972,2.1291696542263194,0.0
3252,E & J GALLO WINERY,10396,2024-05-26,2024-06-05,10.0,264264.7,8-15 days,0,10.0,9.932707919898972,2.1291696542263194,0.0
3252,E & J GALLO WINERY,10500,2024-06-02,2024-06-12,10.0,257634.72,8-15 days,0,10.0,9.932707919898972,2.1291696542263194,0.0
3252,E & J GALLO WINERY,10617,2024-06-10,2024-06-19,9.0,213856.59,8-15 days,0,10.0,9.932707919898972,2.1291696542263194,-1.0
3252,E & J GALLO WINERY,10633,2024-06-12,2024-06-26,14.0,210502.49,8-15 days,0,10.0,9.932707919898972,2.1291696542263194,4.0
3252,E & J GALLO WINERY,10781,2024-06-22,2024-06-30,8.0,192578.02,8-15 days,0,10.0,9.932707919898972,2.1291696542263194,-2.0
3252,E & J GALLO WINERY,10856,2024-06-25,2024-07-03,8.0,50584.0,8-15 days,0,10.0,9.932707919898972,2.1291696542263194,-2.0
3252,E & J GALLO WINERY,10953,2024-06-28,2024-07-10,12.0,286221.28,8-15 days,0,10.0,9.932707919898972,2.1291696542263194,2.0
3252,E & J GALLO WINERY,11074,2024-07-05,2024-07-17,12.0,207994.92,8-15 days,0,10.0,9.932707919898972,2.1291696542263194,2.0
3252,E & J GALLO WINERY,11128,2024-07-10,2024-07-24,14.0,245491.6,8-15 days,0,10.0,9.932707919898972,2.1291696542263194,4.0
3252,E & J GALLO WINERY,11248,2024-07-18,2024-07-30,12.0,287860.22,8-15 days,0,10.0,9.932707919898972,2.1291696542263194,2.0
3252,E & J GALLO WINERY,11413,2024-07-29,2024-08-07,9.0,228928.01,8-15 days,0,10.0,9.932707919898972,2.1291696542263194,-1.0
3252,E & J GALLO WINERY,11431,2024-07-31,2024-08-14,14.0,231400.99,8-15 days,0,10.0,9.932707919898972,2.1291696542263194,4.0
3252,E & J GALLO WINERY,11528,2024-08-07,2024-08-21,14.0,295020.92,8-15 days,0,10.0,9.932707919898972,2.1291696542263194,4.0
3252,E & J GALLO WINERY,11656,2024-08-15,2024-08-28,13.0,256077.2,8-15 days,0,10.0,9.932707919898972,2.1291696542263194,3.0
3252,E & J GALLO WINERY,11796,2024-08-24,2024-09-04,11.0,324355.01,8-15 days,0,10.0,9.932707919898972,2.1291696542263194,1.0
3252,E & J GALLO WINERY,11924,2024-09-02,2024-09-11,9.0,257120.33,8-15 days,0,10.0,9.932707919898972,2.1291696542263194,-1.0
3252,E & J GALLO WINERY,12016,2024-09-08,2024-09-18,10.0,221396.38,8-15 days,0,10.0,9.932707919898972,2.1291696542263194,0.0
3252,E & J GALLO WINERY,12113,2024-09-15,2024-09-25,10.0,237260.78,8-15 days,0,10.0,9.932707919898972,2.1291696542263194,0.0
3252,E & J GALLO WINERY,12151,2024-09-18,2024-09-30,12.0,287968.39,8-15 days,0,10.0,9.932707919898972,2.1291696542263194,2.0
3252,E & J GALLO WINERY,12267,2024-09-23,2024-10-02,9.0,28907.81,8-15 days,0,10.0,9.932707919898972,2.1291696542263194,-1.0
3252,E & J GALLO WINERY,12395,2024-09-30,2024-10-08,8.0,240227.04,8-15 days,0,10.0,9.932707919898972,2.1291696542263194,-2.0
3252,E & J GALLO WINERY,12417,2024-10-02,2024-10-16,14.0,209252.03,8-15 days,0,10.0,9.932707919898972,2.1291696542263194,4.0
3252,E & J GALLO WINERY,12586,2024-10-13,2024-10-22,9.0,225618.64,8-15 days,0,10.0,9.932707919898972,2.1291696542263194,-1.0
3252,E & J GALLO WINERY,12635,2024-10-17,2024-10-30,13.0,278149.5,8-15 days,0,10.0,9.932707919898972,2.1291696542263194,3.0
3252,E & J GALLO WINERY,12812,2024-10-28,2024-11-06,9.0,217893.33,8-15 days,0,10.0,9.932707919898972,2.1291696542263194,-1.0
3252,E & J GALLO WINERY,12859,2024-11-01,2024-11-12,11.0,228470.71,8-15 days,0,10.0,9.932707919898972,2.1291696542263194,1.0
3252,E & J GALLO WINERY,12932,2024-11-06,2024-11-20,14.0,231706.92,8-15 days,0,10.0,9.932707919898972,2.1291696542263194,4.0
3252,E & J GALLO WINERY,13033,2024-11-13,2024-11-27,14.0,249821.96,8-15 days,0,10.0,9.932707919898972,2.1291696542263194,4.0
3252,E & J GALLO WINERY,13187,2024-11-23,2024-12-04,11.0,355718.24,8-15 days,0,10.0,9.932707919898972,2.1291696542263194,1.0
3252,E & J GALLO WINERY,13321,2024-12-02,2024-12-11,9.0,251618.9,8-15 days,0,10.0,9.932707919898972,2.1291696542263194,-1.0
3252,E & J GALLO WINERY,13358,2024-12-05,2024-12-17,12.0,256432.37,8-15 days,0,10.0,9.932707919898972,2.1291696542263194,2.0
3252,E & J GALLO WINERY,13530,2024-12-15,2024-12-24,9.0,264812.69,8-15 days,0,10.0,9.932707919898972,2.1291696542263194,-1.0
3252,E & J GALLO WINERY,13631,2024-12-22,2024-12-31,9.0,431362.94,8-15 days,0,10.0,9.932707919898972,2.1291696542263194,-1.0
3551,GILMANTON WINERY & VINEYARD,11959,2024-09-05,2024-09-15,10.0,4012.8,8-15 days,0,10.0,9.932707919898972,2.1291696542263194,0.0
3551,GILMANTON WINERY & VINEYARD,12625,2024-10-16,2024-10-24,8.0,124.56,8-15 days,0,10.0,9.932707919898972,2.1291696542263194,-2.0
3551,GILMANTON WINERY & VINEYARD,12777,2024-10-26,2024-11-03,8.0,126.24,8-15 days,0,10.0,9.932707919898972,2.1291696542263194,-2.0
3551,GILMANTON WINERY & VINEYARD,12862,2024-11-01,2024-11-10,9.0,124.56,8-15 days,0,10.0,9.932707919898972,2.1291696542263194,-1.0
3551,GILMANTON WINERY & VINEYARD,12957,2024-11-07,2024-11-17,10.0,126.24,8-15 days,0,10.0,9.932707919898972,2.1291696542263194,0.0
3551,GILMANTON WINERY & VINEYARD,13228,2024-11-25,2024-12-01,6.0,252.48,0-7 days,0,10.0,9.932707919898972,2.1291696542263194,-4.0
3551,GILMANTON WINERY & VINEYARD,13490,2024-12-13,2024-12-19,6.0,124.56,0-7 days,0,10.0,9.932707919898972,2.1291696542263194,-4.0
3551,GILMANTON WINERY & VINEYARD,13611,2024-12-21,2024-12-28,7.0,501.6,0-7 days,0,10.0,9.932707919898972,2.1291696542263194,-3.0
3664,WILLIAM GRANT & SONS INC,8136,2023-12-21,2024-01-03,13.0,20144.32,8-15 days,0,10.0,9.932707919898972,2.1291696542263194,3.0
3664,WILLIAM GRANT & SONS INC,8233,2023-12-28,2024-01-09,12.0,74151.99,8-15 days,0,10.0,9.932707919898972,2.1291696542263194,2.0
3664,WILLIAM GRANT & SONS INC,8374,2024-01-06,2024-01-16,10.0,37350.45,8-15 days,0,10.0,9.932707919898972,2.1291696542263194,0.0
3664,WILLIAM GRANT & SONS INC,8432,2024-01-11,2024-01-23,12.0,63009.21,8-15 days,0,10.0,9.932707919898972,2.1291696542263194,2.0
3664,WILLIAM GRANT & SONS INC,8516,2024-01-17,2024-01-30,13.0,114038.74,8-15 days,0,10.0,9.932707919898972,2.1291696542263194,3.0
3664,WILLIAM GRANT & SONS INC,8650,2024-01-26,2024-02-06,11.0,88936.17,8-15 days,0,10.0,9.932707919898972,2.1291696542263194,1.0
3664,WILLIAM GRANT & SONS INC,8807,2024-02-05,2024-02-13,8.0,51189.01,8-15 days,0,10.0,9.932707919898972,2.1291696542263194,-2.0
3664,WILLIAM GRANT & SONS INC,8859,2024-02-09,2024-02-21,12.0,76608.49,8-15 days,0,10.0,9.932707919898972,2.1291696542263194,2.0
3664,WILLIAM GRANT & SONS INC,8994,2024-02-18,2024-02-27,9.0,114517.43,8-15 days,0,10.0,9.932707919898972,2.1291696542263194,-1.0
3664,WILLIAM GRANT & SONS INC,9061,2024-02-23,2024-03-06,12.0,113134.5,8-15 days,0,10.0,9.932707919898972,2.1291696542263194,2.0
3664,WILLIAM GRANT & SONS INC,9179,2024-03-02,2024-03-12,10.0,75690.31,8-15 days,0,10.0,9.932707919898972,2.1291696542263194,0.0
3664,WILLIAM GRANT & SONS INC,9276,2024-03-09,2024-03-19,10.0,58560.22,8-15 days,0,10.0,9.932707919898972,2.1291696542263194,0.0
3664,WILLIAM GRANT & SONS INC,9370,2024-03-16,2024-03-26,10.0,73646.97,8-15 days,0,10.0,9.932707919898972,2.1291696542263194,0.0
3664,WILLIAM GRANT & SONS INC,9448,2024-03-21,2024-04-03,13.0,137338.89,8-15 days,0,10.0,9.932707919898972,2.1291696542263194,3.0
3664,WILLIAM GRANT & SONS INC,9582,2024-03-30,2024-04-10,11.0,68896.9,8-15 days,0,10.0,9.932707919898972,2.1291696542263194,1.0
3664,WILLIAM GRANT & SONS INC,9717,2024-04-08,2024-04-15,7.0,62428.87,0-7 days,0,10.0,9.932707919898972,2.1291696542263194,-3.0
3664,WILLIAM GRANT & SONS INC,9747,2024-04-11,2024-04-24,13.0,93246.56,8-15 days,0,10.0,9.932707919898972,2.1291696542263194,3.0
3664,WILLIAM GRANT & SONS INC,9870,2024-04-19,2024-05-01,12.0,148689.56,8-15 days,0,10.0,9.932707919898972,2.1291696542263194,2.0
3664,WILLIAM GRANT & SONS INC,9998,2024-04-28,2024-05-07,9.0,110082.62,8-15 days,0,10.0,9.932707919898972,2.1291696542263194,-1.0
3664,WILLIAM GRANT & SONS INC,10032,2024-05-01,2024-05-15,14.0,61942.99,8-15 days,0,10.0,9.932707919898972,2.1291696542263194,4.0
3664,WILLIAM GRANT & SONS INC,10200,2024-05-12,2024-05-20,8.0,100321.87,8-15 days,0,10.0,9.932707919898972,2.1291696542263194,-2.0
3664,WILLIAM GRANT & SONS INC,10324,2024-05-20,2024-05-29,9.0,164015.43,8-15 days,0,10.0,9.932707919898972,2.1291696542263194,-1.0
3664,WILLIAM GRANT & SONS INC,10375,2024-05-24,2024-06-05,12.0,136915.95,8-15 days,0,10.0,9.932707919898972,2.1291696542263194,2.0
3664,WILLIAM GRANT & SONS INC,10496,2024-06-01,2024-06-12,11.0,109990.0,8-15 days,0,10.0,9.932707919898972,2.1291696542263194,1.0
3664,WILLIAM GRANT & SONS INC,10563,2024-06-06,2024-06-19,13.0,90087.23,8-15 days,0,10.0,9.932707919898972,2.1291696542263194,3.0
3664,WILLIAM GRANT & SONS INC,10643,2024-06-12,2024-06-26,14.0,112165.57,8-15 days,0,10.0,9.932707919898972,2.1291696542263194,4.0
3664,WILLIAM GRANT & SONS INC,10832,2024-06-24,2024-06-30,6.0,82807.27,0-7 days,0,10.0,9.932707919898972,2.1291696542263194,-4.0
3664,WILLIAM GRANT & SONS INC,10917,2024-06-25,2024-07-03,8.0,17209.84,8-15 days,0,10.0,9.932707919898972,2.1291696542263194,-2.0
3664,WILLIAM GRANT & SONS INC,10981,2024-06-29,2024-07-09,10.0,153256.77,8-15 days,0,10.0,9.932707919898972,2.1291696542263194,0.0
3664,WILLIAM GRANT & SONS INC,11107,2024-07-07,2024-07-17,10.0,124021.75,8-15 days,0,10.0,9.932707919898972,2.1291696542263194,0.0
3664,WILLIAM GRANT & SONS INC,11153,2024-07-11,2024-07-23,12.0,151872.49,8-15 days,0,10.0,9.932707919898972,2.1291696542263194,2.0
3664,WILLIAM GRANT & SONS INC,11259,2024-07-18,2024-07-30,12.0,158713.01,8-15 days,0,10.0,9.932707919898972,2.1291696542263194,2.0
3664,WILLIAM GRANT & SONS INC,11408,2024-07-28,2024-08-07,10.0,114615.21,8-15 days,0,10.0,9.932707919898972,2.1291696542263194,0.0
3664,WILLIAM GRANT & SONS INC,11456,2024-08-01,2024-08-14,13.0,113536.38,8-15 days,0,10.0,9.932707919898972,2.1291696542263194,3.0
3664,WILLIAM GRANT & SONS INC,11539,2024-08-07,2024-08-21,14.0,154239.69,8-15 days,0,10.0,9.932707919898972,2.1291696542263194,4.0
3664,WILLIAM GRANT & SONS INC,11684,2024-08-16,2024-08-27,11.0,126831.43,8-15 days,0,10.0,9.932707919898972,2.1291696542263194,1.0
3664,WILLIAM GRANT & SONS INC,11747,2024-08-21,2024-09-03,13.0,138243.08,8-15 days,0,10.0,9.932707919898972,2.1291696542263194,3.0
3664,WILLIAM GRANT & SONS INC,11849,2024-08-28,2024-09-10,13.0,113471.27,8-15 days,0,10.0,9.932707919898972,2.1291696542263194,3.0
3664,WILLIAM GRANT & SONS INC,11991,2024-09-06,2024-09-17,11.0,66955.94,8-15 days,0,10.0,9.932707919898972,2.1291696542263194,1.0
3664,WILLIAM GRANT & SONS INC,12105,2024-09-14,2024-09-24,10.0,115781.69,8-15 days,0,10.0,9.932707919898972,2.1291696542263194,0.0
3664,WILLIAM GRANT & SONS INC,12178,2024-09-19,2024-09-30,11.0,202068.3,8-15 days,0,10.0,9.932707919898972,2.1291696542263194,1.0
3664,WILLIAM GRANT & SONS INC,12308,2024-09-23,2024-10-01,8.0,1569.07,8-15 days,0,10.0,9.932707919898972,2.1291696542263194,-2.0
3664,WILLIAM GRANT & SONS INC,12328,2024-09-25,2024-10-08,13.0,118354.46,8-15 days,0,10.0,9.932707919898972,2.1291696542263194,3.0
3664,WILLIAM GRANT & SONS INC,12439,2024-10-02,2024-10-16,14.0,110616.79,8-15 days,0,10.0,9.932707919898972,2.1291696542263194,4.0
3664,WILLIAM GRANT & SONS INC,12567,2024-10-11,2024-10-23,12.0,153689.12,8-15 days,0,10.0,9.932707919898972,2.1291696542263194,2.0
3664,WILLIAM GRANT & SONS INC,12722,2024-10-21,2024-10-30,9.0,217928.69,8-15 days,0,10.0,9.932707919898972,2.1291696542263194,-1.0
3664,WILLIAM GRANT & SONS INC,12801,2024-10-27,2024-11-05,9.0,139477.79,8-15 days,0,10.0,9.932707919898972,2.1291696542263194,-1.0
3664,WILLIAM GRANT & SONS INC,12926,2024-11-04,2024-11-13,9.0,91235.95,8-15 days,0,10.0,9.932707919898972,2.1291696542263194,-1.0
3664,WILLIAM GRANT & SONS INC,12950,2024-11-06,2024-11-20,14.0,108579.09,8-15 days,0,10.0,9.932707919898972,2.1291696542263194,4.0
3664,WILLIAM GRANT & SONS INC,13065,2024-11-14,2024-11-27,13.0,108140.5,8-15 days,0,10.0,9.932707919898972,2.1291696542263194,3.0
3664,WILLIAM GRANT & SONS INC,13178,2024-11-22,2024-12-04,12.0,118197.86,8-15 days,0,10.0,9.932707919898972,2.1291696542263194,2.0
3664,WILLIAM GRANT & SONS INC,13266,2024-11-28,2024-12-11,13.0,107545.97,8-15 days,0,10.0,9.932707919898972,2.1291696542263194,3.0
3664,WILLIAM GRANT & SONS INC,13444,2024-12-09,2024-12-18,9.0,108698.79,8-15 days,0,10.0,9.932707919898972,2.1291696542263194,-1.0
3664,WILLIAM GRANT & SONS INC,13538,2024-12-15,2024-12-24,9.0,183170.12,8-15 days,0,10.0,9.932707919898972,2.1291696542263194,-1.0
3664,WILLIAM GRANT & SONS INC,13569,2024-12-18,2024-12-31,13.0,202815.78,8-15 days,0,10.0,9.932707919898972,2.1291696542263194,3.0
3924,HEAVEN HILL DISTILLERIES,8155,2023-12-23,2024-01-03,11.0,7079.02,8-15 days,0,10.0,9.932707919898972,2.1291696542263194,1.0
3924,HEAVEN HILL DISTILLERIES,8273,2023-12-31,2024-01-10,10.0,49644.13,8-15 days,0,10.0,9.932707919898972,2.1291696542263194,0.0
3924,HEAVEN HILL DISTILLERIES,8343,2024-01-05,2024-01-17,12.0,33078.04,8-15 days,0,10.0,9.932707919898972,2.1291696542263194,2.0
3924,HEAVEN HILL DISTILLERIES,8472,2024-01-14,2024-01-23,9.0,33870.43,8-15 days,0,10.0,9.932707919898972,2.1291696542263194,-1.0
3924,HEAVEN HILL DISTILLERIES,8525,2024-01-18,2024-01-31,13.0,35863.26,8-15 days,0,10.0,9.932707919898972,2.1291696542263194,3.0
3924,HEAVEN HILL DISTILLERIES,8682,2024-01-28,2024-02-06,9.0,45733.75,8-15 days,0,10.0,9.932707919898972,2.1291696542263194,-1.0
3924,HEAVEN HILL DISTILLERIES,8710,2024-01-31,2024-02-13,13.0,40395.94,8-15 days,0,10.0,9.932707919898972,2.1291696542263194,3.0
3924,HEAVEN HILL DISTILLERIES,8810,2024-02-07,2024-02-21,14.0,43503.79,8-15 days,0,10.0,9.932707919898972,2.1291696542263194,4.0
3924,HEAVEN HILL DISTILLERIES,8985,2024-02-18,2024-02-27,9.0,45457.32,8-15 days,0,10.0,9.932707919898972,2.1291696542263194,-1.0
3924,HEAVEN HILL DISTILLERIES,9068,2024-02-24,2024-03-05,10.0,41070.22,8-15 days,0,10.0,9.932707919898972,2.1291696542263194,0.0
3924,HEAVEN HILL DISTILLERIES,9116,2024-02-28,2024-03-12,13.0,39037.09,8-15 days,0,10.0,9.932707919898972,2.1291696542263194,3.0
3924,HEAVEN HILL DISTILLERIES,9231,2024-03-07,2024-03-19,12.0,39368.55,8-15 days,0,10.0,9.932707919898972,2.1291696542263194,2.0
3924,HEAVEN HILL DISTILLERIES,9360,2024-03-16,2024-03-26,10.0,37985.47,8-15 days,0,10.0,9.932707919898972,2.1291696542263194,0.0
3924,HEAVEN HILL DISTILLERIES,9497,2024-03-24,2024-04-03,10.0,40328.61,8-15 days,0,10.0,9.932707919898972,2.1291696542263194,0.0
3924,HEAVEN HILL DISTILLERIES,9525,2024-03-27,2024-04-08,12.0,38094.99,8-15 days,0,10.0,9.932707919898972,2.1291696542263194,2.0
3924,HEAVEN HILL DISTILLERIES,9661,2024-04-05,2024-04-15,10.0,46733.73,8-15 days,0,10.0,9.932707919898972,2.1291696542263194,0.0
3924,HEAVEN HILL DISTILLERIES,9770,2024-04-13,2024-04-24,11.0,53331.59,8-15 days,0,10.0,9.932707919898972,2.1291696542263194,1.0
3924,HEAVEN HILL DISTILLERIES,9890,2024-04-21,2024-05-01,10.0,47650.67,8-15 days,0,10.0,9.932707919898972,2.1291696542263194,0.0
3924,HEAVEN HILL DISTILLERIES,10006,2024-04-29,2024-05-08,9.0,53202.67,8-15 days,0,10.0,9.932707919898972,2.1291696542263194,-1.0
3924,HEAVEN HILL DISTILLERIES,10101,2024-05-06,2024-05-14,8.0,101443.64,8-15 days,0,10.0,9.932707919898972,2.1291696542263194,-2.0
3924,HEAVEN HILL DISTILLERIES,10176,2024-05-11,2024-05-20,9.0,57451.92,8-15 days,0,10.0,9.932707919898972,2.1291696542263194,-1.0
3924,HEAVEN HILL DISTILLERIES,10243,2024-05-16,2024-05-29,13.0,48025.57,8-15 days,0,10.0,9.932707919898972,2.1291696542263194,3.0
3924,HEAVEN HILL DISTILLERIES,10419,2024-05-27,2024-06-05,9.0,67813.56,8-15 days,0,10.0,9.932707919898972,2.1291696542263194,-1.0
3924,HEAVEN HILL DISTILLERIES,10450,2024-05-30,2024-06-12,13.0,72495.26,8-15 days,0,10.0,9.932707919898972,2.1291696542263194,3.0
3924,HEAVEN HILL DISTILLERIES,10586,2024-06-08,2024-06-19,11.0,61578.62,8-15 days,0,10.0,9.932707919898972,2.1291696542263194,1.0
3924,HEAVEN HILL DISTILLERIES,10683,2024-06-15,2024-06-26,11.0,63520.25,8-15 days,0,10.0,9.932707919898972,2.1291696542263194,1.0
3924,HEAVEN HILL DISTILLERIES,10800,2024-06-23,2024-06-30,7.0,46459.24,0-7 days,0,10.0,9.932707919898972,2.1291696542263194,-3.0
3924,HEAVEN HILL DISTILLERIES,10861,2024-06-25,2024-07-03,8.0,14322.53,8-15 days,0,10.0,9.932707919898972,2.1291696542263194,-2.0
3924,HEAVEN HILL DISTILLERIES,10937,2024-06-27,2024-07-09,12.0,83282.45,8-15 days,0,10.0,9.932707919898972,2.1291696542263194,2.0
3924,HEAVEN HILL DISTILLERIES,11086,2024-07-06,2024-07-16,10.0,64135.72,8-15 days,0,10.0,9.932707919898972,2.1291696542263194,0.0
3924,HEAVEN HILL DISTILLERIES,11195,2024-07-14,2024-07-24,10.0,58685.05,8-15 days,0,10.0,9.932707919898972,2.1291696542263194,0.0
3924,HEAVEN HILL DISTILLERIES,11226,2024-07-17,2024-07-30,13.0,69945.07,8-15 days,0,10.0,9.932707919898972,2.1291696542263194,3.0
3924,HEAVEN HILL DISTILLERIES,11349,2024-07-25,2024-08-07,13.0,75847.74,8-15 days,0,10.0,9.932707919898972,2.1291696542263194,3.0
3924,HEAVEN HILL DISTILLERIES,11432,2024-07-31,2024-08-14,14.0,46392.45,8-15 days,0,10.0,9.932707919898972,2.1291696542263194,4.0
3924,HEAVEN HILL DISTILLERIES,11611,2024-08-11,2024-08-21,10.0,68362.19,8-15 days,0,10.0,9.932707919898972,2.1291696542263194,0.0
3924,HEAVEN HILL DISTILLERIES,11718,2024-08-19,2024-08-27,8.0,69502.92,8-15 days,0,10.0,9.932707919898972,2.1291696542263194,-2.0
3924,HEAVEN HILL DISTILLERIES,11778,2024-08-23,2024-09-03,11.0,57645.01,8-15 days,0,10.0,9.932707919898972,2.1291696542263194,1.0
3924,HEAVEN HILL DISTILLERIES,11838,2024-08-28,2024-09-11,14.0,58270.38,8-15 days,0,10.0,9.932707919898972,2.1291696542263194,4.0
3924,HEAVEN HILL DISTILLERIES,11941,2024-09-04,2024-09-17,13.0,44152.72,8-15 days,0,10.0,9.932707919898972,2.1291696542263194,3.0
3924,HEAVEN HILL DISTILLERIES,12080,2024-09-13,2024-09-24,11.0,51407.12,8-15 days,0,10.0,9.932707919898972,2.1291696542263194,1.0
3924,HEAVEN HILL DISTILLERIES,12239,2024-09-23,2024-09-30,7.0,140249.53,0-7 days,0,10.0,9.932707919898972,2.1291696542263194,-3.0
3924,HEAVEN HILL DISTILLERIES,12270,2024-09-23,2024-10-01,8.0,3078.38,8-15 days,0,10.0,9.932707919898972,2.1291696542263194,-2.0
3924,HEAVEN HILL DISTILLERIES,12397,2024-09-30,2024-10-08,8.0,64459.68,8-15 days,0,10.0,9.932707919898972,2.1291696542263194,-2.0
3924,HEAVEN HILL DISTILLERIES,12421,2024-10-02,2024-10-16,14.0,70659.89,8-15 days,0,10.0,9.932707919898972,2.1291696542263194,4.0
3924,HEAVEN HILL DISTILLERIES,12521,2024-10-09,2024-10-23,14.0,51866.88,8-15 days,0,10.0,9.932707919898972,2.1291696542263194,4.0
3924,HEAVEN HILL DISTILLERIES,12695,2024-10-20,2024-10-30,10.0,52977.69,8-15 days,0,10.0,9.932707919898972,2.1291696542263194,0.0
3924,HEAVEN HILL DISTILLERIES,12728,2024-10-23,2024-11-05,13.0,45908.1,8-15 days,0,10.0,9.932707919898972,2.1291696542263194,3.0
3924,HEAVEN HILL DISTILLERIES,12896,2024-11-03,2024-11-13,10.0,37176.59,8-15 days,0,10.0,9.932707919898972,2.1291696542263194,0.0
3924,HEAVEN HILL DISTILLERIES,13020,2024-11-11,2024-11-19,8.0,39851.8,8-15 days,0,10.0,9.932707919898972,2.1291696542263194,-2.0
3924,HEAVEN HILL DISTILLERIES,13055,2024-11-14,2024-11-27,13.0,42001.89,8-15 days,0,10.0,9.932707919898972,2.1291696542263194,3.0
3924,HEAVEN HILL DISTILLERIES,13229,2024-11-25,2024-12-02,7.0,43256.67,0-7 days,0,10.0,9.932707919898972,2.1291696542263194,-3.0
3924,HEAVEN HILL DISTILLERIES,13324,2024-12-02,2024-12-11,9.0,37898.63,8-15 days,0,10.0,9.932707919898972,2.1291696542263194,-1.0
3924,HEAVEN HILL DISTILLERIES,13433,2024-12-09,2024-12-17,8.0,46124.03,8-15 days,0,10.0,9.932707919898972,2.1291696542263194,-2.0
3924,HEAVEN HILL DISTILLERIES,13543,2024-12-16,2024-12-24,8.0,45841.48,8-15 days,0,10.0,9.932707919898972,2.1291696542263194,-2.0
3924,HEAVEN HILL DISTILLERIES,13633,2024-12-22,2024-12-31,9.0,43142.02,8-15 days,0,10.0,9.932707919898972,2.1291696542263194,-1.0
3950,"HOOD RIVER DISTILLERS, Inc.",8195,2023-12-25,2024-01-01,7.0,129.48,0-7 days,0,10.0,9.932707919898972,2.1291696542263194,-3.0
3950,"HOOD RIVER DISTILLERS, Inc.",8274,2023-12-31,2024-01-08,8.0,16.41,8-15 days,0,10.0,9.932707919898972,2.1291696542263194,-2.0
3950,"HOOD RIVER DISTILLERS, Inc.",8442,2024-01-12,2024-01-18,6.0,22.55,0-7 days,0,10.0,9.932707919898972,2.1291696542263194,-4.0
3950,"HOOD RIVER DISTILLERS, Inc.",8502,2024-01-17,2024-01-29,12.0,919.31,8-15 days,0,10.0,9.932707919898972,2.1291696542263194,2.0
3950,"HOOD RIVER DISTILLERS, Inc.",8657,2024-01-27,2024-02-05,9.0,388.44,8-15 days,0,10.0,9.932707919898972,2.1291696542263194,-1.0
3950,"HOOD RIVER DISTILLERS, Inc.",8724,2024-02-01,2024-02-11,10.0,258.96,8-15 days,0,10.0,9.932707919898972,2.1291696542263194,0.0
3950,"HOOD RIVER DISTILLERS, Inc.",8863,2024-02-10,2024-02-17,7.0,647.4,0-7 days,0,10.0,9.932707919898972,2.1291696542263194,-3.0
3950,"HOOD RIVER DISTILLERS, Inc.",8986,2024-02-18,2024-02-27,9.0,276.27,8-15 days,0,10.0,9.932707919898972,2.1291696542263194,-1.0
3950,"HOOD RIVER DISTILLERS, Inc.",9019,2024-02-21,2024-03-03,11.0,388.44,8-15 days,0,10.0,9.932707919898972,2.1291696542263194,1.0
3950,"HOOD RIVER DISTILLERS, Inc.",9170,2024-03-02,2024-03-11,9.0,107.9,8-15 days,0,10.0,9.932707919898972,2.1291696542263194,-1.0
3950,"HOOD RIVER DISTILLERS, Inc.",9250,2024-03-08,2024-03-14,6.0,337.2,0-7 days,0,10.0,9.932707919898972,2.1291696542263194,-4.0
3950,"HOOD RIVER DISTILLERS, Inc.",9396,2024-03-18,2024-03-25,7.0,625.82,0-7 days,0,10.0,9.932707919898972,2.1291696542263194,-3.0
3950,"HOOD RIVER DISTILLERS, Inc.",9419,2024-03-20,2024-03-30,10.0,258.96,8-15 days,0,10.0,9.932707919898972,2.1291696542263194,0.0
3950,"HOOD RIVER DISTILLERS, Inc.",9587,2024-03-31,2024-04-06,6.0,496.34,0-7 days,0,10.0,9.932707919898972,2.1291696542263194,-4.0
3950,"HOOD RIVER DISTILLERS, Inc.",9677,2024-04-06,2024-04-15,9.0,388.44,8-15 days,0,10.0,9.932707919898972,2.1291696542263194,-1.0
3950,"HOOD RIVER DISTILLERS, Inc.",9771,2024-04-13,2024-04-20,7.0,258.96,0-7 days,0,10.0,9.932707919898972,2.1291696542263194,-3.0
3950,"HOOD RIVER DISTILLERS, Inc.",9906,2024-04-22,2024-04-26,4.0,129.48,0-7 days,0,10.0,9.932707919898972,2.1291696542263194,-6.0
3950,"HOOD RIVER DISTILLERS, Inc.",9988,2024-04-28,2024-05-05,7.0,449.9,0-7 days,0,10.0,9.932707919898972,2.1291696542263194,-3.0
3950,"HOOD RIVER DISTILLERS, Inc.",10204,2024-05-13,2024-05-20,7.0,311.4,0-7 days,0,10.0,9.932707919898972,2.1291696542263194,-3.0
3950,"HOOD RIVER DISTILLERS, Inc.",10517,2024-06-03,2024-06-06,3.0,107.9,0-7 days,0,10.0,9.932707919898972,2.1291696542263194,-7.0
3950,"HOOD RIVER DISTILLERS, Inc.",10819,2024-06-24,2024-06-30,6.0,323.7,0-7 days,0,10.0,9.932707919898972,2.1291696542263194,-4.0
3950,"HOOD RIVER DISTILLERS, Inc.",11008,2024-07-01,2024-07-09,8.0,64.74,8-15 days,0,10.0,9.932707919898972,2.1291696542263194,-2.0
3950,"HOOD RIVER DISTILLERS, Inc.",11076,2024-07-05,2024-07-12,7.0,212.52,0-7 days,0,10.0,9.932707919898972,2.1291696542263194,-3.0
3950,"HOOD RIVER DISTILLERS, Inc.",11161,2024-07-12,2024-07-22,10.0,677.93,8-15 days,0,10.0,9.932707919898972,2.1291696542263194,0.0
3950,"HOOD RIVER DISTILLERS, Inc.",11385,2024-07-27,2024-08-04,8.0,207.72,8-15 days,0,10.0,9.932707919898972,2.1291696542263194,-2.0
3950,"HOOD RIVER DISTILLERS, Inc.",11571,2024-08-09,2024-08-17,8.0,955.34,8-15 days,0,10.0,9.932707919898972,2.1291696542263194,-2.0
3950,"HOOD RIVER DISTILLERS, Inc.",11639,2024-08-14,2024-08-26,12.0,21.58,8-15 days,0,10.0,9.932707919898972,2.1291696542263194,2.0
3950,"HOOD RIVER DISTILLERS, Inc.",11839,2024-08-28,2024-09-09,12.0,202.95,8-15 days,0,10.0,9.932707919898972,2.1291696542263194,2.0
3950,"HOOD RIVER DISTILLERS, Inc.",12001,2024-09-07,2024-09-13,6.0,258.96,0-7 days,0,10.0,9.932707919898972,2.1291696542263194,-4.0
3950,"HOOD RIVER DISTILLERS, Inc.",12152,2024-09-18,2024-09-29,11.0,16.41,8-15 days,0,10.0,9.932707919898972,2.1291696542263194,1.0
3950,"HOOD RIVER DISTILLERS, Inc.",12543,2024-10-10,2024-10-18,8.0,35.42,8-15 days,0,10.0,9.932707919898972,2.1291696542263194,-2.0
3950,"HOOD RIVER DISTILLERS, Inc.",12660,2024-10-18,2024-10-26,8.0,153.01,8-15 days,0,10.0,9.932707919898972,2.1291696542263194,-2.0
3950,"HOOD RIVER DISTILLERS, Inc.",12815,2024-10-28,2024-11-01,4.0,129.48,0-7 days,0,10.0,9.932707919898972,2.1291696542263194,-6.0
3950,"HOOD RIVER DISTILLERS, Inc.",12842,2024-10-31,2024-11-12,12.0,13962.26,8-15 days,0,10.0,9.932707919898972,2.1291696542263194,2.0
3950,"HOOD RIVER DISTILLERS, Inc.",13086,2024-11-16,2024-11-25,9.0,258.96,8-15 days,0,10.0,9.932707919898972,2.1291696542263194,-1.0
3950,"HOOD RIVER DISTILLERS, Inc.",13598,2024-12-20,2024-12-30,10.0,35.42,8-15 days,0,10.0,9.932707919898972,2.1291696542263194,0.0
3951,HIGHLAND WINE MERCHANTS LLC,8656,2024-01-27,2024-02-05,9.0,156.12,8-15 days,0,10.0,9.932707919898972,2.1291696542263194,-1.0
3951,HIGHLAND WINE MERCHANTS LLC,8723,2024-02-01,2024-02-08,7.0,404.28,0-7 days,0,10.0,9.932707919898972,2.1291696542263194,-3.0
3951,HIGHLAND WINE MERCHANTS LLC,10086,2024-05-05,2024-05-12,7.0,254.16,0-7 days,0,10.0,9.932707919898972,2.1291696542263194,-3.0
3951,HIGHLAND WINE MERCHANTS LLC,11570,2024-08-09,2024-08-18,9.0,361.68,8-15 days,0,10.0,9.932707919898972,2.1291696542263194,-1.0
3951,HIGHLAND WINE MERCHANTS LLC,12240,2024-09-23,2024-09-26,3.0,107.52,0-7 days,0,10.0,9.932707919898972,2.1291696542263194,-7.0
3951,HIGHLAND WINE MERCHANTS LLC,13544,2024-12-16,2024-12-23,7.0,3955.44,0-7 days,0,10.0,9.932707919898972,2.1291696542263194,-3.0
3951,HIGHLAND WINE MERCHANTS LLC,13556,2024-12-18,2024-12-26,8.0,261.12,8-15 days,0,10.0,9.932707919898972,2.1291696542263194,-2.0
3960,DIAGEO NORTH AMERICA INC,8173,2023-12-24,2024-01-03,10.0,180644.92,8-15 days,0,10.0,9.932707919898972,2.1291696542263194,0.0
3960,DIAGEO NORTH AMERICA INC,8271,2023-12-31,2024-01-10,10.0,954454.16,8-15 days,0,10.0,9.932707919898972,2.1291696542263194,0.0
3960,DIAGEO NORTH AMERICA INC,8310,2024-01-03,2024-01-17,14.0,489727.12,8-15 days,0,10.0,9.932707919898972,2.1291696542263194,4.0
3960,DIAGEO NORTH AMERICA INC,8459,2024-01-13,2024-01-24,11.0,545477.42,8-15 days,0,10.0,9.932707919898972,2.1291696542263194,1.0
3960,DIAGEO NORTH AMERICA INC,8575,2024-01-21,2024-01-31,10.0,823878.62,8-15 days,0,10.0,9.932707919898972,2.1291696542263194,0.0
3960,DIAGEO NORTH AMERICA INC,8622,2024-01-25,2024-02-07,13.0,707946.21,8-15 days,0,10.0,9.932707919898972,2.1291696542263194,3.0
3960,DIAGEO NORTH AMERICA INC,8721,2024-02-01,2024-02-14,13.0,596868.71,8-15 days,0,10.0,9.932707919898972,2.1291696542263194,3.0
3960,DIAGEO NORTH AMERICA INC,8899,2024-02-12,2024-02-21,9.0,693871.23,8-15 days,0,10.0,9.932707919898972,2.1291696542263194,-1.0
3960,DIAGEO NORTH AMERICA INC,8966,2024-02-17,2024-02-27,10.0,834764.05,8-15 days,0,10.0,9.932707919898972,2.1291696542263194,0.0
3960,DIAGEO NORTH AMERICA INC,9018,2024-02-21,2024-03-05,13.0,730295.96,8-15 days,0,10.0,9.932707919898972,2.1291696542263194,3.0
3960,DIAGEO NORTH AMERICA INC,9199,2024-03-04,2024-03-13,9.0,676529.18,8-15 days,0,10.0,9.932707919898972,2.1291696542263194,-1.0
3960,DIAGEO NORTH AMERICA INC,9302,2024-03-11,2024-03-19,8.0,645253.01,8-15 days,0,10.0,9.932707919898972,2.1291696542263194,-2.0
3960,DIAGEO NORTH AMERICA INC,9320,2024-03-13,2024-03-26,13.0,604197.73,8-15 days,0,10.0,9.932707919898972,2.1291696542263194,3.0
3960,DIAGEO NORTH AMERICA INC,9451,2024-03-22,2024-04-03,12.0,1162576.08,8-15 days,0,10.0,9.932707919898972,2.1291696542263194,2.0
3960,DIAGEO NORTH AMERICA INC,9585,2024-03-31,2024-04-08,8.0,768199.19,8-15 days,0,10.0,9.932707919898972,2.1291696542263194,-2.0
3960,DIAGEO NORTH AMERICA INC,9624,2024-04-03,2024-04-17,14.0,606067.92,8-15 days,0,10.0,9.932707919898972,2.1291696542263194,4.0
3960,DIAGEO NORTH AMERICA INC,9766,2024-04-13,2024-04-24,11.0,768037.55,8-15 days,0,10.0,9.932707919898972,2.1291696542263194,1.0
3960,DIAGEO NORTH AMERICA INC,9904,2024-04-22,2024-05-01,9.0,1041834.26,8-15 days,0,10.0,9.932707919898972,2.1291696542263194,-1.0
3960,DIAGEO NORTH AMERICA INC,9919,2024-04-24,2024-05-07,13.0,900613.12,8-15 days,0,10.0,9.932707919898972,2.1291696542263194,3.0
3960,DIAGEO NORTH AMERICA INC,10023,2024-05-01,2024-05-15,14.0,808671.72,8-15 days,0,10.0,9.932707919898972,2.1291696542263194,4.0
3960,DIAGEO NORTH AMERICA INC,10126,2024-05-09,2024-05-22,13.0,771864.94,8-15 days,0,10.0,9.932707919898972,2.1291696542263194,3.0
3960,DIAGEO NORTH AMERICA INC,10260,2024-05-17,2024-05-29,12.0,1219948.49,8-15 days,0,10.0,9.932707919898972,2.1291696542263194,2.0
3960,DIAGEO NORTH AMERICA INC,10415,2024-05-27,2024-06-05,9.0,1013433.92,8-15 days,0,10.0,9.932707919898972,2.1291696542263194,-1.0
3960,DIAGEO NORTH AMERICA INC,10468,2024-05-31,2024-06-12,12.0,1117060.84,8-15 days,0,10.0,9.932707919898972,2.1291696542263194,2.0
3960,DIAGEO NORTH AMERICA INC,10566,2024-06-07,2024-06-19,12.0,931123.74,8-15 days,0,10.0,9.932707919898972,2.1291696542263194,2.0
3960,DIAGEO NORTH AMERICA INC,10700,2024-06-16,2024-06-26,10.0,982423.13,8-15 days,0,10.0,9.932707919898972,2.1291696542263194,0.0
3960,DIAGEO NORTH AMERICA INC,10754,2024-06-20,2024-06-30,10.0,892942.31,8-15 days,0,10.0,9.932707919898972,2.1291696542263194,0.0
3960,DIAGEO NORTH AMERICA INC,10851,2024-06-25,2024-07-03,8.0,209960.92,8-15 days,0,10.0,9.932707919898972,2.1291696542263194,-2.0
3960,DIAGEO NORTH AMERICA INC,10936,2024-06-27,2024-07-10,13.0,1377224.55,8-15 days,0,10.0,9.932707919898972,2.1291696542263194,3.0
3960,DIAGEO NORTH AMERICA INC,11028,2024-07-03,2024-07-17,14.0,1160975.84,8-15 days,0,10.0,9.932707919898972,2.1291696542263194,4.0
3960,DIAGEO NORTH AMERICA INC,11191,2024-07-14,2024-07-24,10.0,1354087.31,8-15 days,0,10.0,9.932707919898972,2.1291696542263194,0.0
3960,DIAGEO NORTH AMERICA INC,11300,2024-07-21,2024-07-30,9.0,1225680.18,8-15 days,0,10.0,9.932707919898972,2.1291696542263194,-1.0
3960,DIAGEO NORTH AMERICA INC,11329,2024-07-24,2024-08-07,14.0,930623.99,8-15 days,0,10.0,9.932707919898972,2.1291696542263194,4.0
3960,DIAGEO NORTH AMERICA INC,11493,2024-08-04,2024-08-14,10.0,830637.82,8-15 days,0,10.0,9.932707919898972,2.1291696542263194,0.0
3960,DIAGEO NORTH AMERICA INC,11589,2024-08-10,2024-08-21,11.0,1104864.79,8-15 days,0,10.0,9.932707919898972,2.1291696542263194,1.0
3960,DIAGEO NORTH AMERICA INC,11670,2024-08-16,2024-08-28,12.0,895189.29,8-15 days,0,10.0,9.932707919898972,2.1291696542263194,2.0
3960,DIAGEO NORTH AMERICA INC,11794,2024-08-24,2024-09-04,11.0,1114978.86,8-15 days,0,10.0,9.932707919898972,2.1291696542263194,1.0
3960,DIAGEO NORTH AMERICA INC,11907,2024-09-01,2024-09-11,10.0,1019820.55,8-15 days,0,10.0,9.932707919898972,2.1291696542263194,0.0
3960,DIAGEO NORTH AMERICA INC,11996,2024-09-07,2024-09-18,11.0,735029.79,8-15 days,0,10.0,9.932707919898972,2.1291696542263194,1.0
3960,DIAGEO NORTH AMERICA INC,12044,2024-09-11,2024-09-25,14.0,803035.13,8-15 days,0,10.0,9.932707919898972,2.1291696542263194,4.0
3960,DIAGEO NORTH AMERICA INC,12149,2024-09-18,2024-09-30,12.0,1038996.71,8-15 days,0,10.0,9.932707919898972,2.1291696542263194,2.0
3960,DIAGEO NORTH AMERICA INC,12264,2024-09-23,2024-10-02,9.0,12236.07,8-15 days,0,10.0,9.932707919898972,2.1291696542263194,-1.0
3960,DIAGEO NORTH AMERICA INC,12369,2024-09-28,2024-10-09,11.0,1006682.3,8-15 days,0,10.0,9.932707919898972,2.1291696542263194,1.0
3960,DIAGEO NORTH AMERICA INC,12441,2024-10-03,2024-10-16,13.0,1018011.41,8-15 days,0,10.0,9.932707919898972,2.1291696542263194,3.0
3960,DIAGEO NORTH AMERICA INC,12585,2024-10-13,2024-10-23,10.0,1160505.37,8-15 days,0,10.0,9.932707919898972,2.1291696542263194,0.0
3960,DIAGEO NORTH AMERICA INC,12676,2024-10-19,2024-10-30,11.0,1468470.64,8-15 days,0,10.0,9.932707919898972,2.1291696542263194,1.0
3960,DIAGEO NORTH AMERICA INC,12748,2024-10-25,2024-11-06,12.0,1409683.51,8-15 days,0,10.0,9.932707919898972,2.1291696542263194,2.0
3960,DIAGEO NORTH AMERICA INC,12841,2024-10-31,2024-11-13,13.0,1660435.88,8-15 days,0,10.0,9.932707919898972,2.1291696542263194,3.0
3960,DIAGEO NORTH AMERICA INC,13017,2024-11-11,2024-11-20,9.0,1321953.42,8-15 days,0,10.0,9.932707919898972,2.1291696542263194,-1.0
3960,DIAGEO NORTH AMERICA INC,13084,2024-11-16,2024-11-27,11.0,805480.52,8-15 days,0,10.0,9.932707919898972,2.1291696542263194,1.0
3960,DIAGEO NORTH AMERICA INC,13226,2024-11-25,2024-12-04,9.0,1319062.86,8-15 days,0,10.0,9.932707919898972,2.1291696542263194,-1.0
3960,DIAGEO NORTH AMERICA INC,13320,2024-12-02,2024-12-11,9.0,1049079.36,8-15 days,0,10.0,9.932707919898972,2.1291696542263194,-1.0
3960,DIAGEO NORTH AMERICA INC,13392,2024-12-07,2024-12-18,11.0,1127733.09,8-15 days,0,10.0,9.932707919898972,2.1291696542263194,1.0
3960,DIAGEO NORTH AMERICA INC,13487,2024-12-13,2024-12-24,11.0,1104187.97,8-15 days,0,10.0,9.932707919898972,2.1291696542263194,1.0
3960,DIAGEO NORTH AMERICA INC,13597,2024-12-20,2024-12-31,11.0,1226463.19,8-15 days,0,10.0,9.932707919898972,2.1291696542263194,1.0
4380,CHARLES JACQUIN ET CIE INC,8153,2023-12-23,2024-01-02,10.0,907.69,8-15 days,0,10.0,9.932707919898972,2.1291696542263194,0.0
4380,CHARLES JACQUIN ET CIE INC,8270,2023-12-31,2024-01-09,9.0,6129.25,8-15 days,0,10.0,9.932707919898972,2.1291696542263194,-1.0
4380,CHARLES JACQUIN ET CIE INC,8392,2024-01-08,2024-01-15,7.0,4680.02,0-7 days,0,10.0,9.932707919898972,2.1291696542263194,-3.0
4380,CHARLES JACQUIN ET CIE INC,8404,2024-01-10,2024-01-23,13.0,6531.89,8-15 days,0,10.0,9.932707919898972,2.1291696542263194,3.0
4380,CHARLES JACQUIN ET CIE INC,8549,2024-01-20,2024-01-30,10.0,7765.25,8-15 days,0,10.0,9.932707919898972,2.1291696542263194,0.0
4380,CHARLES JACQUIN ET CIE INC,8621,2024-01-25,2024-02-07,13.0,14404.51,8-15 days,0,10.0,9.932707919898972,2.1291696542263194,3.0
4380,CHARLES JACQUIN ET CIE INC,8761,2024-02-03,2024-02-12,9.0,7874.4,8-15 days,0,10.0,9.932707919898972,2.1291696542263194,-1.0
4380,CHARLES JACQUIN ET CIE INC,8842,2024-02-09,2024-02-21,12.0,4974.48,8-15 days,0,10.0,9.932707919898972,2.1291696542263194,2.0
4380,CHARLES JACQUIN ET CIE INC,8915,2024-02-14,2024-02-26,12.0,4700.66,8-15 days,0,10.0,9.932707919898972,2.1291696542263194,2.0
4380,CHARLES JACQUIN ET CIE INC,9034,2024-02-22,2024-03-05,12.0,4566.18,8-15 days,0,10.0,9.932707919898972,2.1291696542263194,2.0
4380,CHARLES JACQUIN ET CIE INC,9197,2024-03-04,2024-03-12,8.0,5800.34,8-15 days,0,10.0,9.932707919898972,2.1291696542263194,-2.0
4380,CHARLES JACQUIN ET CIE INC,9246,2024-03-08,2024-03-19,11.0,5399.01,8-15 days,0,10.0,9.932707919898972,2.1291696542263194,1.0
4380,CHARLES JACQUIN ET CIE INC,9319,2024-03-13,2024-03-25,12.0,4340.54,8-15 days,0,10.0,9.932707919898972,2.1291696542263194,2.0
4380,CHARLES JACQUIN ET CIE INC,9417,2024-03-20,2024-04-03,14.0,4330.02,8-15 days,0,10.0,9.932707919898972,2.1291696542263194,4.0
4380,CHARLES JACQUIN ET CIE INC,9535,2024-03-28,2024-04-08,11.0,4741.89,8-15 days,0,10.0,9.932707919898972,2.1291696542263194,1.0
4380,CHARLES JACQUIN ET CIE INC,9622,2024-04-03,2024-04-15,12.0,5186.37,8-15 days,0,10.0,9.932707919898972,2.1291696542263194,2.0
4380,CHARLES JACQUIN ET CIE INC,9765,2024-04-13,2024-04-22,9.0,6861.53,8-15 days,0,10.0,9.932707919898972,2.1291696542263194,-1.0
4380,CHARLES JACQUIN ET CIE INC,9903,2024-04-22,2024-05-01,9.0,4198.88,8-15 days,0,10.0,9.932707919898972,2.1291696542263194,-1.0
4380,CHARLES JACQUIN ET CIE INC,9918,2024-04-24,2024-05-06,12.0,5831.68,8-15 days,0,10.0,9.932707919898972,2.1291696542263194,2.0
4380,CHARLES JACQUIN ET CIE INC,10082,2024-05-05,2024-05-13,8.0,4920.77,8-15 days,0,10.0,9.932707919898972,2.1291696542263194,-2.0
4380,CHARLES JACQUIN ET CIE INC,10155,2024-05-10,2024-05-20,10.0,5740.42,8-15 days,0,10.0,9.932707919898972,2.1291696542263194,0.0
4380,CHARLES JACQUIN ET CIE INC,10258,2024-05-17,2024-05-28,11.0,5422.35,8-15 days,0,10.0,9.932707919898972,2.1291696542263194,1.0
4380,CHARLES JACQUIN ET CIE INC,10414,2024-05-27,2024-06-05,9.0,5661.53,8-15 days,0,10.0,9.932707919898972,2.1291696542263194,-1.0
4380,CHARLES JACQUIN ET CIE INC,10429,2024-05-29,2024-06-12,14.0,5222.42,8-15 days,0,10.0,9.932707919898972,2.1291696542263194,4.0
4380,CHARLES JACQUIN ET CIE INC,10551,2024-06-06,2024-06-17,11.0,4501.71,8-15 days,0,10.0,9.932707919898972,2.1291696542263194,1.0
4380,CHARLES JACQUIN ET CIE INC,10698,2024-06-16,2024-06-24,8.0,4683.5,8-15 days,0,10.0,9.932707919898972,2.1291696542263194,-2.0
4380,CHARLES JACQUIN ET CIE INC,10735,2024-06-19,2024-06-30,11.0,3312.01,8-15 days,0,10.0,9.932707919898972,2.1291696542263194,1.0
4380,CHARLES JACQUIN ET CIE INC,10845,2024-06-25,2024-07-02,7.0,1111.37,0-7 days,0,10.0,9.932707919898972,2.1291696542263194,-3.0
4380,CHARLES JACQUIN ET CIE INC,10920,2024-06-26,2024-07-09,13.0,8116.18,8-15 days,0,10.0,9.932707919898972,2.1291696542263194,3.0
4380,CHARLES JACQUIN ET CIE INC,11070,2024-07-05,2024-07-17,12.0,8088.02,8-15 days,0,10.0,9.932707919898972,2.1291696542263194,2.0
4380,CHARLES JACQUIN ET CIE INC,11125,2024-07-10,2024-07-23,13.0,6500.99,8-15 days,0,10.0,9.932707919898972,2.1291696542263194,3.0
4380,CHARLES JACQUIN ET CIE INC,11313,2024-07-22,2024-07-31,9.0,6087.05,8-15 days,0,10.0,9.932707919898972,2.1291696542263194,-1.0
4380,CHARLES JACQUIN ET CIE INC,11326,2024-07-24,2024-08-05,12.0,6524.01,8-15 days,0,10.0,9.932707919898972,2.1291696542263194,2.0
4380,CHARLES JACQUIN ET CIE INC,11430,2024-07-31,2024-08-14,14.0,6145.69,8-15 days,0,10.0,9.932707919898972,2.1291696542263194,4.0
4380,CHARLES JACQUIN ET CIE INC,11609,2024-08-11,2024-08-20,9.0,8511.09,8-15 days,0,10.0,9.932707919898972,2.1291696542263194,-1.0
4380,CHARLES JACQUIN ET CIE INC,11702,2024-08-18,2024-08-26,8.0,5535.26,8-15 days,0,10.0,9.932707919898972,2.1291696542263194,-2.0
4380,CHARLES JACQUIN ET CIE INC,11808,2024-08-25,2024-09-03,9.0,6379.09,8-15 days,0,10.0,9.932707919898972,2.1291696542263194,-1.0
4380,CHARLES JACQUIN ET CIE INC,11882,2024-08-31,2024-09-09,9.0,5144.77,8-15 days,0,10.0,9.932707919898972,2.1291696542263194,-1.0
4380,CHARLES JACQUIN ET CIE INC,11995,2024-09-07,2024-09-16,9.0,4408.4,8-15 days,0,10.0,9.932707919898972,2.1291696542263194,-1.0
4380,CHARLES JACQUIN ET CIE INC,12110,2024-09-15,2024-09-23,8.0,5722.49,8-15 days,0,10.0,9.932707919898972,2.1291696542263194,-2.0
4380,CHARLES JACQUIN ET CIE INC,12219,2024-09-22,2024-09-30,8.0,7322.23,8-15 days,0,10.0,9.932707919898972,2.1291696542263194,-2.0
4380,CHARLES JACQUIN ET CIE INC,12259,2024-09-23,2024-10-02,9.0,108.36,8-15 days,0,10.0,9.932707919898972,2.1291696542263194,-1.0
4380,CHARLES JACQUIN ET CIE INC,12355,2024-09-27,2024-10-07,10.0,6218.13,8-15 days,0,10.0,9.932707919898972,2.1291696542263194,0.0
4380,CHARLES JACQUIN ET CIE INC,12503,2024-10-07,2024-10-16,9.0,6313.43,8-15 days,0,10.0,9.932707919898972,2.1291696542263194,-1.0
4380,CHARLES JACQUIN ET CIE INC,12601,2024-10-14,2024-10-22,8.0,6675.97,8-15 days,0,10.0,9.932707919898972,2.1291696542263194,-2.0
4380,CHARLES JACQUIN ET CIE INC,12634,2024-10-17,2024-10-28,11.0,8686.28,8-15 days,0,10.0,9.932707919898972,2.1291696542263194,1.0
4380,CHARLES JACQUIN ET CIE INC,12809,2024-10-28,2024-11-05,8.0,8191.37,8-15 days,0,10.0,9.932707919898972,2.1291696542263194,-2.0
4380,CHARLES JACQUIN ET CIE INC,12891,2024-11-03,2024-11-12,9.0,3803.8,8-15 days,0,10.0,9.932707919898972,2.1291696542263194,-1.0
4380,CHARLES JACQUIN ET CIE INC,13016,2024-11-11,2024-11-19,8.0,4973.44,8-15 days,0,10.0,9.932707919898972,2.1291696542263194,-2.0
4380,CHARLES JACQUIN ET CIE INC,13052,2024-11-14,2024-11-27,13.0,6961.34,8-15 days,0,10.0,9.932707919898972,2.1291696542263194,3.0
4380,CHARLES JACQUIN ET CIE INC,13204,2024-11-24,2024-12-02,8.0,6422.32,8-15 days,0,10.0,9.932707919898972,2.1291696542263194,-2.0
4380,CHARLES JACQUIN ET CIE INC,13307,2024-12-01,2024-12-11,10.0,6163.61,8-15 days,0,10.0,9.932707919898972,2.1291696542263194,0.0
4380,CHARLES JACQUIN ET CIE INC,13417,2024-12-08,2024-12-17,9.0,11217.99,8-15 days,0,10.0,9.932707919898972,2.1291696542263194,-1.0
4380,CHARLES JACQUIN ET CIE INC,13542,2024-12-16,2024-12-24,8.0,8806.58,8-15 days,0,10.0,9.932707919898972,2.1291696542263194,-2.0
4380,CHARLES JACQUIN ET CIE INC,13644,2024-12-23,2024-12-31,8.0,10809.06,8-15 days,0,10.0,9.932707919898972,2.1291696542263194,-2.0
4425,MARTIGNETTI COMPANIES,8159,2023-12-23,2024-01-03,11.0,185155.6,8-15 days,0,10.0,9.932707919898972,2.1291696542263194,1.0
4425,MARTIGNETTI COMPANIES,8160,2023-12-23,2024-01-02,10.0,193.8,8-15 days,0,10.0,9.932707919898972,2.1291696542263194,0.0
4425,MARTIGNETTI COMPANIES,8255,2023-12-30,2024-01-08,9.0,1460.51,8-15 days,0,10.0,9.932707919898972,2.1291696542263194,-1.0
4425,MARTIGNETTI COMPANIES,8276,2023-12-31,2024-01-10,10.0,458222.53,8-15 days,0,10.0,9.932707919898972,2.1291696542263194,0.0
4425,MARTIGNETTI COMPANIES,8331,2024-01-04,2024-01-17,13.0,291914.17,8-15 days,0,10.0,9.932707919898972,2.1291696542263194,3.0
4425,MARTIGNETTI COMPANIES,8383,2024-01-07,2024-01-15,8.0,987.34,8-15 days,0,10.0,9.932707919898972,2.1291696542263194,-2.0
4425,MARTIGNETTI COMPANIES,8426,2024-01-11,2024-01-24,13.0,326842.06,8-15 days,0,10.0,9.932707919898972,2.1291696542263194,3.0
4425,MARTIGNETTI COMPANIES,8475,2024-01-14,2024-01-22,8.0,1041.08,8-15 days,0,10.0,9.932707919898972,2.1291696542263194,-2.0
4425,MARTIGNETTI COMPANIES,8529,2024-01-18,2024-01-31,13.0,447992.41,8-15 days,0,10.0,9.932707919898972,2.1291696542263194,3.0
4425,MARTIGNETTI COMPANIES,8540,2024-01-19,2024-01-30,11.0,1959.48,8-15 days,0,10.0,9.932707919898972,2.1291696542263194,1.0
4425,MARTIGNETTI COMPANIES,8696,2024-01-29,2024-02-07,9.0,421757.88,8-15 days,0,10.0,9.932707919898972,2.1291696542263194,-1.0
4425,MARTIGNETTI COMPANIES,8697,2024-01-29,2024-02-04,6.0,1333.24,0-7 days,0,10.0,9.932707919898972,2.1291696542263194,-4.0
4425,MARTIGNETTI COMPANIES,8726,2024-02-01,2024-02-14,13.0,337443.53,8-15 days,0,10.0,9.932707919898972,2.1291696542263194,3.0
4425,MARTIGNETTI COMPANIES,8801,2024-02-05,2024-02-12,7.0,1217.51,0-7 days,0,10.0,9.932707919898972,2.1291696542263194,-3.0
4425,MARTIGNETTI COMPANIES,8830,2024-02-08,2024-02-21,13.0,322094.29,8-15 days,0,10.0,9.932707919898972,2.1291696542263194,3.0
4425,MARTIGNETTI COMPANIES,8905,2024-02-12,2024-02-19,7.0,1975.74,0-7 days,0,10.0,9.932707919898972,2.1291696542263194,-3.0
4425,MARTIGNETTI COMPANIES,8917,2024-02-14,2024-02-28,14.0,401827.41,8-15 days,0,10.0,9.932707919898972,2.1291696542263194,4.0
4425,MARTIGNETTI COMPANIES,8971,2024-02-17,2024-02-26,9.0,1218.7,8-15 days,0,10.0,9.932707919898972,2.1291696542263194,-1.0
4425,MARTIGNETTI COMPANIES,9050,2024-02-23,2024-03-04,10.0,750.9,8-15 days,0,10.0,9.932707919898972,2.1291696542263194,0.0
4425,MARTIGNETTI COMPANIES,9104,2024-02-26,2024-03-06,9.0,281229.61,8-15 days,0,10.0,9.932707919898972,2.1291696542263194,-1.0
4425,MARTIGNETTI COMPANIES,9140,2024-02-29,2024-03-13,13.0,414544.2,8-15 days,0,10.0,9.932707919898972,2.1291696542263194,3.0
4425,MARTIGNETTI COMPANIES,9154,2024-03-01,2024-03-11,10.0,819.54,8-15 days,0,10.0,9.932707919898972,2.1291696542263194,0.0
4425,MARTIGNETTI COMPANIES,9233,2024-03-07,2024-03-18,11.0,682.0,8-15 days,0,10.0,9.932707919898972,2.1291696542263194,1.0
4425,MARTIGNETTI COMPANIES,9309,2024-03-11,2024-03-20,9.0,290103.52,8-15 days,0,10.0,9.932707919898972,2.1291696542263194,-1.0
4425,MARTIGNETTI COMPANIES,9350,2024-03-15,2024-03-26,11.0,292322.07,8-15 days,0,10.0,9.932707919898972,2.1291696542263194,1.0
4425,MARTIGNETTI COMPANIES,9363,2024-03-16,2024-03-25,9.0,2868.35,8-15 days,0,10.0,9.932707919898972,2.1291696542263194,-1.0
4425,MARTIGNETTI COMPANIES,9460,2024-03-22,2024-03-31,9.0,1637.59,8-15 days,0,10.0,9.932707919898972,2.1291696542263194,-1.0
4425,MARTIGNETTI COMPANIES,9481,2024-03-23,2024-04-03,11.0,564655.38,8-15 days,0,10.0,9.932707919898972,2.1291696542263194,1.0
4425,MARTIGNETTI COMPANIES,9526,2024-03-27,2024-04-08,12.0,879.48,8-15 days,0,10.0,9.932707919898972,2.1291696542263194,2.0
4425,MARTIGNETTI COMPANIES,9539,2024-03-28,2024-04-10,13.0,394249.34,8-15 days,0,10.0,9.932707919898972,2.1291696542263194,3.0
4425,MARTIGNETTI COMPANIES,9682,2024-04-06,2024-04-15,9.0,345415.39,8-15 days,0,10.0,9.932707919898972,2.1291696542263194,-1.0
4425,MARTIGNETTI COMPANIES,9699,2024-04-07,2024-04-15,8.0,3354.3,8-15 days,0,10.0,9.932707919898972,2.1291696542263194,-2.0
4425,MARTIGNETTI COMPANIES,9808,2024-04-15,2024-04-24,9.0,311577.83,8-15 days,0,10.0,9.932707919898972,2.1291696542263194,-1.0
4425,MARTIGNETTI COMPANIES,9809,2024-04-15,2024-04-22,7.0,1410.35,0-7 days,0,10.0,9.932707919898972,2.1291696542263194,-3.0
4425,MARTIGNETTI COMPANIES,9838,2024-04-18,2024-05-01,13.0,430408.39,8-15 days,0,10.0,9.932707919898972,2.1291696542263194,3.0
4425,MARTIGNETTI COMPANIES,9912,2024-04-22,2024-04-29,7.0,1262.72,0-7 days,0,10.0,9.932707919898972,2.1291696542263194,-3.0
4425,MARTIGNETTI COMPANIES,9962,2024-04-26,2024-05-06,10.0,1466.84,8-15 days,0,10.0,9.932707919898972,2.1291696542263194,0.0
4425,MARTIGNETTI COMPANIES,9973,2024-04-27,2024-05-08,11.0,459435.46,8-15 days,0,10.0,9.932707919898972,2.1291696542263194,1.0
4425,MARTIGNETTI COMPANIES,10068,2024-05-04,2024-05-15,11.0,349521.04,8-15 days,0,10.0,9.932707919898972,2.1291696542263194,1.0
4425,MARTIGNETTI COMPANIES,10103,2024-05-06,2024-05-13,7.0,1854.52,0-7 days,0,10.0,9.932707919898972,2.1291696542263194,-3.0
4425,MARTIGNETTI COMPANIES,10193,2024-05-12,2024-05-22,10.0,386950.89,8-15 days,0,10.0,9.932707919898972,2.1291696542263194,0.0
4425,MARTIGNETTI COMPANIES,10194,2024-05-12,2024-05-20,8.0,1328.56,8-15 days,0,10.0,9.932707919898972,2.1291696542263194,-2.0
4425,MARTIGNETTI COMPANIES,10247,2024-05-16,2024-05-29,13.0,826621.86,8-15 days,0,10.0,9.932707919898972,2.1291696542263194,3.0
4425,MARTIGNETTI COMPANIES,10265,2024-05-17,2024-05-27,10.0,1504.76,8-15 days,0,10.0,9.932707919898972,2.1291696542263194,0.0
4425,MARTIGNETTI COMPANIES,10384,2024-05-25,2024-06-05,11.0,573709.39,8-15 days,0,10.0,9.932707919898972,2.1291696542263194,1.0
4425,MARTIGNETTI COMPANIES,10400,2024-05-26,2024-06-03,8.0,1479.84,8-15 days,0,10.0,9.932707919898972,2.1291696542263194,-2.0
4425,MARTIGNETTI COMPANIES,10438,2024-05-29,2024-06-12,14.0,624768.7,8-15 days,0,10.0,9.932707919898972,2.1291696542263194,4.0
4425,MARTIGNETTI COMPANIES,10470,2024-05-31,2024-06-12,12.0,2527.66,8-15 days,0,10.0,9.932707919898972,2.1291696542263194,2.0
4425,MARTIGNETTI COMPANIES,10573,2024-06-07,2024-06-19,12.0,522338.7,8-15 days,0,10.0,9.932707919898972,2.1291696542263194,2.0
4425,MARTIGNETTI COMPANIES,10622,2024-06-10,2024-06-19,9.0,2330.91,8-15 days,0,10.0,9.932707919898972,2.1291696542263194,-1.0
4425,MARTIGNETTI COMPANIES,10657,2024-06-13,2024-06-24,11.0,972.19,8-15 days,0,10.0,9.932707919898972,2.1291696542263194,1.0
4425,MARTIGNETTI COMPANIES,10720,2024-06-17,2024-06-26,9.0,628047.63,8-15 days,0,10.0,9.932707919898972,2.1291696542263194,-1.0
4425,MARTIGNETTI COMPANIES,10757,2024-06-20,2024-06-30,10.0,528132.6,8-15 days,0,10.0,9.932707919898972,2.1291696542263194,0.0
4425,MARTIGNETTI COMPANIES,10801,2024-06-23,2024-06-30,7.0,1698.2,0-7 days,0,10.0,9.932707919898972,2.1291696542263194,-3.0
4425,MARTIGNETTI COMPANIES,10875,2024-06-25,2024-07-03,8.0,165980.89,8-15 days,0,10.0,9.932707919898972,2.1291696542263194,-2.0
4425,MARTIGNETTI COMPANIES,10943,2024-06-27,2024-07-10,13.0,804864.5,8-15 days,0,10.0,9.932707919898972,2.1291696542263194,3.0
4425,MARTIGNETTI COMPANIES,11053,2024-07-04,2024-07-17,13.0,510295.52,8-15 days,0,10.0,9.932707919898972,2.1291696542263194,3.0
4425,MARTIGNETTI COMPANIES,11166,2024-07-12,2024-07-24,12.0,668569.28,8-15 days,0,10.0,9.932707919898972,2.1291696542263194,2.0
4425,MARTIGNETTI COMPANIES,11303,2024-07-21,2024-07-31,10.0,799059.71,8-15 days,0,10.0,9.932707919898972,2.1291696542263194,0.0
4425,MARTIGNETTI COMPANIES,11368,2024-07-26,2024-08-07,12.0,596274.78,8-15 days,0,10.0,9.932707919898972,2.1291696542263194,2.0
4425,MARTIGNETTI COMPANIES,11435,2024-07-31,2024-08-14,14.0,573657.32,8-15 days,0,10.0,9.932707919898972,2.1291696542263194,4.0
4425,MARTIGNETTI COMPANIES,11614,2024-08-11,2024-08-21,10.0,901839.64,8-15 days,0,10.0,9.932707919898972,2.1291696542263194,0.0
4425,MARTIGNETTI COMPANIES,11693,2024-08-17,2024-08-28,11.0,548391.07,8-15 days,0,10.0,9.932707919898972,2.1291696542263194,1.0
4425,MARTIGNETTI COMPANIES,11781,2024-08-23,2024-09-04,12.0,699729.97,8-15 days,0,10.0,9.932707919898972,2.1291696542263194,2.0
4425,MARTIGNETTI COMPANIES,11928,2024-09-02,2024-09-11,9.0,578318.15,8-15 days,0,10.0,9.932707919898972,2.1291696542263194,-1.0
4425,MARTIGNETTI COMPANIES,11978,2024-09-06,2024-09-18,12.0,404105.96,8-15 days,0,10.0,9.932707919898972,2.1291696542263194,2.0
4425,MARTIGNETTI COMPANIES,12047,2024-09-11,2024-09-24,13.0,467988.27,8-15 days,0,10.0,9.932707919898972,2.1291696542263194,3.0
4425,MARTIGNETTI COMPANIES,12201,2024-09-21,2024-09-30,9.0,657982.92,8-15 days,0,10.0,9.932707919898972,2.1291696542263194,-1.0
4425,MARTIGNETTI COMPANIES,12279,2024-09-23,2024-10-02,9.0,37918.93,8-15 days,0,10.0,9.932707919898972,2.1291696542263194,-1.0
4425,MARTIGNETTI COMPANIES,12318,2024-09-25,2024-10-09,14.0,392621.14,8-15 days,0,10.0,9.932707919898972,2.1291696542263194,4.0
4425,MARTIGNETTI COMPANIES,12425,2024-10-02,2024-10-16,14.0,426597.53,8-15 days,0,10.0,9.932707919898972,2.1291696542263194,4.0
4425,MARTIGNETTI COMPANIES,12525,2024-10-09,2024-10-23,14.0,516889.13,8-15 days,0,10.0,9.932707919898972,2.1291696542263194,4.0
4425,MARTIGNETTI COMPANIES,12711,2024-10-21,2024-10-30,9.0,660216.52,8-15 days,0,10.0,9.932707919898972,2.1291696542263194,-1.0
4425,MARTIGNETTI COMPANIES,12730,2024-10-23,2024-11-06,14.0,516130.15,8-15 days,0,10.0,9.932707919898972,2.1291696542263194,4.0
4425,MARTIGNETTI COMPANIES,12848,2024-10-31,2024-11-13,13.0,508389.08,8-15 days,0,10.0,9.932707919898972,2.1291696542263194,3.0
4425,MARTIGNETTI COMPANIES,12995,2024-11-09,2024-11-20,11.0,624195.48,8-15 days,0,10.0,9.932707919898972,2.1291696542263194,1.0
4425,MARTIGNETTI COMPANIES,13091,2024-11-16,2024-11-27,11.0,631920.62,8-15 days,0,10.0,9.932707919898972,2.1291696542263194,1.0
4425,MARTIGNETTI COMPANIES,13214,2024-11-24,2024-12-04,10.0,815171.41,8-15 days,0,10.0,9.932707919898972,2.1291696542263194,0.0
4425,MARTIGNETTI COMPANIES,13243,2024-11-27,2024-12-11,14.0,526973.93,8-15 days,0,10.0,9.932707919898972,2.1291696542263194,4.0
4425,MARTIGNETTI COMPANIES,13362,2024-12-05,2024-12-18,13.0,744027.42,8-15 days,0,10.0,9.932707919898972,2.1291696542263194,3.0
4425,MARTIGNETTI COMPANIES,13511,2024-12-14,2024-12-24,10.0,615408.5,8-15 days,0,10.0,9.932707919898972,2.1291696542263194,0.0
4425,MARTIGNETTI COMPANIES,13652,2024-12-23,2024-12-31,8.0,1010674.21,8-15 days,0,10.0,9.932707919898972,2.1291696542263194,-2.0
4466,AMERICAN VINTAGE BEVERAGE,8137,2023-12-22,2024-01-02,11.0,140.55,8-15 days,0,10.0,9.932707919898972,2.1291696542263194,1.0
4466,AMERICAN VINTAGE BEVERAGE,8207,2023-12-27,2024-01-08,12.0,3142.33,8-15 days,0,10.0,9.932707919898972,2.1291696542263194,2.0
4466,AMERICAN VINTAGE BEVERAGE,8307,2024-01-03,2024-01-15,12.0,383.35,8-15 days,0,10.0,9.932707919898972,2.1291696542263194,2.0
4466,AMERICAN VINTAGE BEVERAGE,8469,2024-01-14,2024-01-22,8.0,673.2,8-15 days,0,10.0,9.932707919898972,2.1291696542263194,-2.0
4466,AMERICAN VINTAGE BEVERAGE,8532,2024-01-19,2024-01-29,10.0,740.21,8-15 days,0,10.0,9.932707919898972,2.1291696542263194,0.0
4466,AMERICAN VINTAGE BEVERAGE,8604,2024-01-24,2024-02-05,12.0,3261.37,8-15 days,0,10.0,9.932707919898972,2.1291696542263194,2.0
4466,AMERICAN VINTAGE BEVERAGE,8793,2024-02-05,2024-02-12,7.0,675.36,0-7 days,0,10.0,9.932707919898972,2.1291696542263194,-3.0
4466,AMERICAN VINTAGE BEVERAGE,8892,2024-02-12,2024-02-18,6.0,1096.05,0-7 days,0,10.0,9.932707919898972,2.1291696542263194,-4.0
4466,AMERICAN VINTAGE BEVERAGE,8995,2024-02-19,2024-02-26,7.0,1209.27,0-7 days,0,10.0,9.932707919898972,2.1291696542263194,-3.0
4466,AMERICAN VINTAGE BEVERAGE,9033,2024-02-22,2024-03-04,11.0,1377.87,8-15 days,0,10.0,9.932707919898972,2.1291696542263194,1.0
4466,AMERICAN VINTAGE BEVERAGE,9180,2024-03-03,2024-03-11,8.0,1979.33,8-15 days,0,10.0,9.932707919898972,2.1291696542263194,-2.0
4466,AMERICAN VINTAGE BEVERAGE,9244,2024-03-08,2024-03-19,11.0,1510.69,8-15 days,0,10.0,9.932707919898972,2.1291696542263194,1.0
4466,AMERICAN VINTAGE BEVERAGE,9371,2024-03-17,2024-03-25,8.0,1649.2,8-15 days,0,10.0,9.932707919898972,2.1291696542263194,-2.0
4466,AMERICAN VINTAGE BEVERAGE,9491,2024-03-24,2024-04-01,8.0,2016.43,8-15 days,0,10.0,9.932707919898972,2.1291696542263194,-2.0
4466,AMERICAN VINTAGE BEVERAGE,9583,2024-03-31,2024-04-08,8.0,1035.1,8-15 days,0,10.0,9.932707919898972,2.1291696542263194,-2.0
4466,AMERICAN VINTAGE BEVERAGE,9639,2024-04-04,2024-04-15,11.0,5323.01,8-15 days,0,10.0,9.932707919898972,2.1291696542263194,1.0
4466,AMERICAN VINTAGE BEVERAGE,9800,2024-04-15,2024-04-22,7.0,2775.01,0-7 days,0,10.0,9.932707919898972,2.1291696542263194,-3.0
4466,AMERICAN VINTAGE BEVERAGE,9886,2024-04-21,2024-04-30,9.0,3050.86,8-15 days,0,10.0,9.932707919898972,2.1291696542263194,-1.0
4466,AMERICAN VINTAGE BEVERAGE,9999,2024-04-29,2024-05-06,7.0,3117.82,0-7 days,0,10.0,9.932707919898972,2.1291696542263194,-3.0
4466,AMERICAN VINTAGE BEVERAGE,10095,2024-05-06,2024-05-13,7.0,2123.01,0-7 days,0,10.0,9.932707919898972,2.1291696542263194,-3.0
4466,AMERICAN VINTAGE BEVERAGE,10169,2024-05-11,2024-05-20,9.0,3298.55,8-15 days,0,10.0,9.932707919898972,2.1291696542263194,-1.0
4466,AMERICAN VINTAGE BEVERAGE,10257,2024-05-17,2024-05-29,12.0,3708.18,8-15 days,0,10.0,9.932707919898972,2.1291696542263194,2.0
4466,AMERICAN VINTAGE BEVERAGE,10346,2024-05-23,2024-06-05,13.0,6458.38,8-15 days,0,10.0,9.932707919898972,2.1291696542263194,3.0
4466,AMERICAN VINTAGE BEVERAGE,10445,2024-05-30,2024-06-12,13.0,2937.56,8-15 days,0,10.0,9.932707919898972,2.1291696542263194,3.0
4466,AMERICAN VINTAGE BEVERAGE,10600,2024-06-09,2024-06-19,10.0,3213.28,8-15 days,0,10.0,9.932707919898972,2.1291696542263194,0.0
4466,AMERICAN VINTAGE BEVERAGE,10695,2024-06-16,2024-06-24,8.0,1585.75,8-15 days,0,10.0,9.932707919898972,2.1291696542263194,-2.0
4466,AMERICAN VINTAGE BEVERAGE,10777,2024-06-22,2024-06-30,8.0,179.88,8-15 days,0,10.0,9.932707919898972,2.1291696542263194,-2.0
4466,AMERICAN VINTAGE BEVERAGE,10836,2024-06-25,2024-07-01,6.0,85.96,0-7 days,0,10.0,9.932707919898972,2.1291696542263194,-4.0
4466,AMERICAN VINTAGE BEVERAGE,10969,2024-06-29,2024-07-08,9.0,993.12,8-15 days,0,10.0,9.932707919898972,2.1291696542263194,-1.0
4466,AMERICAN VINTAGE BEVERAGE,11085,2024-07-06,2024-07-13,7.0,5883.09,0-7 days,0,10.0,9.932707919898972,2.1291696542263194,-3.0
4466,AMERICAN VINTAGE BEVERAGE,11187,2024-07-14,2024-07-23,9.0,15406.69,8-15 days,0,10.0,9.932707919898972,2.1291696542263194,-1.0
4466,AMERICAN VINTAGE BEVERAGE,11244,2024-07-18,2024-07-29,11.0,2888.22,8-15 days,0,10.0,9.932707919898972,2.1291696542263194,1.0
4466,AMERICAN VINTAGE BEVERAGE,11362,2024-07-26,2024-08-05,10.0,2171.64,8-15 days,0,10.0,9.932707919898972,2.1291696542263194,0.0
4466,AMERICAN VINTAGE BEVERAGE,11489,2024-08-04,2024-08-14,10.0,7292.98,8-15 days,0,10.0,9.932707919898972,2.1291696542263194,0.0
4466,AMERICAN VINTAGE BEVERAGE,11540,2024-08-08,2024-08-20,12.0,12242.43,8-15 days,0,10.0,9.932707919898972,2.1291696542263194,2.0
4466,AMERICAN VINTAGE BEVERAGE,11716,2024-08-19,2024-08-26,7.0,4334.43,0-7 days,0,10.0,9.932707919898972,2.1291696542263194,-3.0
4466,AMERICAN VINTAGE BEVERAGE,11771,2024-08-23,2024-09-03,11.0,3640.18,8-15 days,0,10.0,9.932707919898972,2.1291696542263194,1.0
4466,AMERICAN VINTAGE BEVERAGE,11901,2024-09-01,2024-09-09,8.0,3626.74,8-15 days,0,10.0,9.932707919898972,2.1291696542263194,-2.0
4466,AMERICAN VINTAGE BEVERAGE,11993,2024-09-07,2024-09-16,9.0,2264.85,8-15 days,0,10.0,9.932707919898972,2.1291696542263194,-1.0
4466,AMERICAN VINTAGE BEVERAGE,12125,2024-09-16,2024-09-23,7.0,2813.46,0-7 days,0,10.0,9.932707919898972,2.1291696542263194,-3.0
4466,AMERICAN VINTAGE BEVERAGE,12235,2024-09-23,2024-09-30,7.0,2592.08,0-7 days,0,10.0,9.932707919898972,2.1291696542263194,-3.0
4466,AMERICAN VINTAGE BEVERAGE,12253,2024-09-23,2024-10-01,8.0,11.19,8-15 days,0,10.0,9.932707919898972,2.1291696542263194,-2.0
4466,AMERICAN VINTAGE BEVERAGE,12353,2024-09-27,2024-10-08,11.0,1685.98,8-15 days,0,10.0,9.932707919898972,2.1291696542263194,1.0
4466,AMERICAN VINTAGE BEVERAGE,12413,2024-10-02,2024-10-14,12.0,2798.6,8-15 days,0,10.0,9.932707919898972,2.1291696542263194,2.0
4466,AMERICAN VINTAGE BEVERAGE,12552,2024-10-11,2024-10-21,10.0,1763.28,8-15 days,0,10.0,9.932707919898972,2.1291696542263194,0.0
4466,AMERICAN VINTAGE BEVERAGE,12619,2024-10-16,2024-10-28,12.0,1812.77,8-15 days,0,10.0,9.932707919898972,2.1291696542263194,2.0
4466,AMERICAN VINTAGE BEVERAGE,12723,2024-10-23,2024-11-04,12.0,2156.16,8-15 days,0,10.0,9.932707919898972,2.1291696542263194,2.0
4466,AMERICAN VINTAGE BEVERAGE,12856,2024-11-01,2024-11-12,11.0,2597.36,8-15 days,0,10.0,9.932707919898972,2.1291696542263194,1.0
4466,AMERICAN VINTAGE BEVERAGE,13014,2024-11-11,2024-11-18,7.0,2622.32,0-7 days,0,10.0,9.932707919898972,2.1291696542263194,-3.0
4466,AMERICAN VINTAGE BEVERAGE,13066,2024-11-15,2024-11-27,12.0,2036.17,8-15 days,0,10.0,9.932707919898972,2.1291696542263194,2.0
4466,AMERICAN VINTAGE BEVERAGE,13180,2024-11-23,2024-12-02,9.0,3018.89,8-15 days,0,10.0,9.932707919898972,2.1291696542263194,-1.0
4466,AMERICAN VINTAGE BEVERAGE,13255,2024-11-28,2024-12-09,11.0,2530.36,8-15 days,0,10.0,9.932707919898972,2.1291696542263194,1.0
4466,AMERICAN VINTAGE BEVERAGE,13389,2024-12-07,2024-12-17,10.0,2263.43,8-15 days,0,10.0,9.932707919898972,2.1291696542263194,0.0
4466,AMERICAN VINTAGE BEVERAGE,13446,2024-12-11,2024-12-24,13.0,2178.27,8-15 days,0,10.0,9.932707919898972,2.1291696542263194,3.0
4466,AMERICAN VINTAGE BEVERAGE,13595,2024-12-20,2024-12-31,11.0,3985.03,8-15 days,0,10.0,9.932707919898972,2.1291696542263194,1.0
4550,KLIN SPIRITS LLC,8196,2023-12-25,2024-01-03,9.0,98.49,8-15 days,0,10.0,9.932707919898972,2.1291696542263194,-1.0
4550,KLIN SPIRITS LLC,8223,2023-12-28,2024-01-08,11.0,1997.94,8-15 days,0,10.0,9.932707919898972,2.1291696542263194,1.0
4550,KLIN SPIRITS LLC,8362,2024-01-06,2024-01-15,9.0,1308.02,8-15 days,0,10.0,9.932707919898972,2.1291696542263194,-1.0
4550,KLIN SPIRITS LLC,8474,2024-01-14,2024-01-22,8.0,1069.32,8-15 days,0,10.0,9.932707919898972,2.1291696542263194,-2.0
4550,KLIN SPIRITS LLC,8504,2024-01-17,2024-01-29,12.0,1418.34,8-15 days,0,10.0,9.932707919898972,2.1291696542263194,2.0
4550,KLIN SPIRITS LLC,8608,2024-01-24,2024-02-05,12.0,1505.49,8-15 days,0,10.0,9.932707919898972,2.1291696542263194,2.0
4550,KLIN SPIRITS LLC,8784,2024-02-04,2024-02-12,8.0,1651.02,8-15 days,0,10.0,9.932707919898972,2.1291696542263194,-2.0
4550,KLIN SPIRITS LLC,8881,2024-02-11,2024-02-19,8.0,928.62,8-15 days,0,10.0,9.932707919898972,2.1291696542263194,-2.0
4550,KLIN SPIRITS LLC,8970,2024-02-17,2024-02-27,10.0,1561.77,8-15 days,0,10.0,9.932707919898972,2.1291696542263194,0.0
4550,KLIN SPIRITS LLC,9020,2024-02-21,2024-03-04,12.0,2546.67,8-15 days,0,10.0,9.932707919898972,2.1291696542263194,2.0
4550,KLIN SPIRITS LLC,9138,2024-02-29,2024-03-11,11.0,2172.1,8-15 days,0,10.0,9.932707919898972,2.1291696542263194,1.0
4550,KLIN SPIRITS LLC,9217,2024-03-06,2024-03-18,12.0,1829.1,8-15 days,0,10.0,9.932707919898972,2.1291696542263194,2.0
4550,KLIN SPIRITS LLC,9336,2024-03-14,2024-03-25,11.0,1083.39,8-15 days,0,10.0,9.932707919898972,2.1291696542263194,1.0
4550,KLIN SPIRITS LLC,9421,2024-03-20,2024-04-01,12.0,1407.0,8-15 days,0,10.0,9.932707919898972,2.1291696542263194,2.0
4550,KLIN SPIRITS LLC,9606,2024-04-01,2024-04-07,6.0,1069.32,0-7 days,0,10.0,9.932707919898972,2.1291696542263194,-4.0
4550,KLIN SPIRITS LLC,9679,2024-04-06,2024-04-15,9.0,1210.02,8-15 days,0,10.0,9.932707919898972,2.1291696542263194,-1.0
4550,KLIN SPIRITS LLC,9753,2024-04-12,2024-04-22,10.0,1730.61,8-15 days,0,10.0,9.932707919898972,2.1291696542263194,0.0
4550,KLIN SPIRITS LLC,9908,2024-04-22,2024-04-28,6.0,1111.53,0-7 days,0,10.0,9.932707919898972,2.1291696542263194,-4.0
4550,KLIN SPIRITS LLC,9938,2024-04-25,2024-05-06,11.0,2490.39,8-15 days,0,10.0,9.932707919898972,2.1291696542263194,1.0
4550,KLIN SPIRITS LLC,10041,2024-05-02,2024-05-12,10.0,1041.18,8-15 days,0,10.0,9.932707919898972,2.1291696542263194,0.0
4550,KLIN SPIRITS LLC,10157,2024-05-10,2024-05-20,10.0,1772.82,8-15 days,0,10.0,9.932707919898972,2.1291696542263194,0.0
4550,KLIN SPIRITS LLC,10263,2024-05-17,2024-05-27,10.0,1786.89,8-15 days,0,10.0,9.932707919898972,2.1291696542263194,0.0
4550,KLIN SPIRITS LLC,10362,2024-05-24,2024-06-03,10.0,1702.47,8-15 days,0,10.0,9.932707919898972,2.1291696542263194,0.0
4550,KLIN SPIRITS LLC,10518,2024-06-03,2024-06-10,7.0,2265.27,0-7 days,0,10.0,9.932707919898972,2.1291696542263194,-3.0
4550,KLIN SPIRITS LLC,10588,2024-06-08,2024-06-17,9.0,1308.51,8-15 days,0,10.0,9.932707919898972,2.1291696542263194,-1.0
4550,KLIN SPIRITS LLC,10704,2024-06-16,2024-06-24,8.0,1664.46,8-15 days,0,10.0,9.932707919898972,2.1291696542263194,-2.0
4550,KLIN SPIRITS LLC,10784,2024-06-22,2024-06-30,8.0,3352.3,8-15 days,0,10.0,9.932707919898972,2.1291696542263194,-2.0
4550,KLIN SPIRITS LLC,10865,2024-06-25,2024-07-03,8.0,2088.94,8-15 days,0,10.0,9.932707919898972,2.1291696542263194,-2.0
4550,KLIN SPIRITS LLC,10926,2024-06-26,2024-07-08,12.0,3786.58,8-15 days,0,10.0,9.932707919898972,2.1291696542263194,2.0
4550,KLIN SPIRITS LLC,11032,2024-07-03,2024-07-16,13.0,1259.93,8-15 days,0,10.0,9.932707919898972,2.1291696542263194,3.0
4550,KLIN SPIRITS LLC,11162,2024-07-12,2024-07-22,10.0,3530.03,8-15 days,0,10.0,9.932707919898972,2.1291696542263194,0.0
4550,KLIN SPIRITS LLC,11228,2024-07-17,2024-07-30,13.0,2031.82,8-15 days,0,10.0,9.932707919898972,2.1291696542263194,3.0
4550,KLIN SPIRITS LLC,11386,2024-07-27,2024-08-06,10.0,1473.92,8-15 days,0,10.0,9.932707919898972,2.1291696542263194,0.0
4550,KLIN SPIRITS LLC,11496,2024-08-04,2024-08-14,10.0,2233.63,8-15 days,0,10.0,9.932707919898972,2.1291696542263194,0.0
4550,KLIN SPIRITS LLC,11593,2024-08-10,2024-08-19,9.0,3349.15,8-15 days,0,10.0,9.932707919898972,2.1291696542263194,-1.0
4550,KLIN SPIRITS LLC,11706,2024-08-18,2024-08-26,8.0,1139.67,8-15 days,0,10.0,9.932707919898972,2.1291696542263194,-2.0
4550,KLIN SPIRITS LLC,11779,2024-08-23,2024-09-02,10.0,1603.98,8-15 days,0,10.0,9.932707919898972,2.1291696542263194,0.0
4550,KLIN SPIRITS LLC,11841,2024-08-28,2024-09-10,13.0,3771.04,8-15 days,0,10.0,9.932707919898972,2.1291696542263194,3.0
4550,KLIN SPIRITS LLC,11977,2024-09-06,2024-09-16,10.0,1735.86,8-15 days,0,10.0,9.932707919898972,2.1291696542263194,0.0
4550,KLIN SPIRITS LLC,12046,2024-09-11,2024-09-23,12.0,2240.42,8-15 days,0,10.0,9.932707919898972,2.1291696542263194,2.0
4550,KLIN SPIRITS LLC,12169,2024-09-19,2024-09-30,11.0,1883.35,8-15 days,0,10.0,9.932707919898972,2.1291696542263194,1.0
4550,KLIN SPIRITS LLC,12398,2024-09-30,2024-10-07,7.0,2236.08,0-7 days,0,10.0,9.932707919898972,2.1291696542263194,-3.0
4550,KLIN SPIRITS LLC,12445,2024-10-03,2024-10-16,13.0,2492.21,8-15 days,0,10.0,9.932707919898972,2.1291696542263194,3.0
4550,KLIN SPIRITS LLC,12605,2024-10-14,2024-10-21,7.0,1732.99,0-7 days,0,10.0,9.932707919898972,2.1291696542263194,-3.0
4550,KLIN SPIRITS LLC,12696,2024-10-20,2024-10-30,10.0,2207.45,8-15 days,0,10.0,9.932707919898972,2.1291696542263194,0.0
4550,KLIN SPIRITS LLC,12753,2024-10-25,2024-11-04,10.0,1669.92,8-15 days,0,10.0,9.932707919898972,2.1291696542263194,0.0
4550,KLIN SPIRITS LLC,12863,2024-11-01,2024-11-11,10.0,1323.49,8-15 days,0,10.0,9.932707919898972,2.1291696542263194,0.0
4550,KLIN SPIRITS LLC,12936,2024-11-06,2024-11-19,13.0,1864.45,8-15 days,0,10.0,9.932707919898972,2.1291696542263194,3.0
4550,KLIN SPIRITS LLC,13088,2024-11-16,2024-11-27,11.0,1507.38,8-15 days,0,10.0,9.932707919898972,2.1291696542263194,1.0
4550,KLIN SPIRITS LLC,13189,2024-11-23,2024-12-02,9.0,1976.52,8-15 days,0,10.0,9.932707919898972,2.1291696542263194,-1.0
4550,KLIN SPIRITS LLC,13257,2024-11-28,2024-12-11,13.0,1970.71,8-15 days,0,10.0,9.932707919898972,2.1291696542263194,3.0
4550,KLIN SPIRITS LLC,13341,2024-12-04,2024-12-16,12.0,2580.06,8-15 days,0,10.0,9.932707919898972,2.1291696542263194,2.0
4550,KLIN SPIRITS LLC,13491,2024-12-13,2024-12-24,11.0,2971.08,8-15 days,0,10.0,9.932707919898972,2.1291696542263194,1.0
4550,KLIN SPIRITS LLC,13558,2024-12-18,2024-12-31,13.0,3740.59,8-15 days,0,10.0,9.932707919898972,2.1291696542263194,3.0
4692,KOBRAND CORPORATION,8112,2023-12-20,2024-01-03,14.0,5336.48,8-15 days,0,10.0,9.932707919898972,2.1291696542263194,4.0
4692,KOBRAND CORPORATION,8215,2023-12-27,2024-01-10,14.0,28263.55,8-15 days,0,10.0,9.932707919898972,2.1291696542263194,4.0
4692,KOBRAND CORPORATION,8363,2024-01-06,2024-01-15,9.0,49629.65,8-15 days,0,10.0,9.932707919898972,2.1291696542263194,-1.0
4692,KOBRAND CORPORATION,8461,2024-01-13,2024-01-22,9.0,15167.02,8-15 days,0,10.0,9.932707919898972,2.1291696542263194,-1.0
4692,KOBRAND CORPORATION,8578,2024-01-21,2024-01-30,9.0,28016.41,8-15 days,0,10.0,9.932707919898972,2.1291696542263194,-1.0
4692,KOBRAND CORPORATION,8693,2024-01-29,2024-02-05,7.0,29096.67,0-7 days,0,10.0,9.932707919898972,2.1291696542263194,-3.0
4692,KOBRAND CORPORATION,8725,2024-02-01,2024-02-14,13.0,31800.27,8-15 days,0,10.0,9.932707919898972,2.1291696542263194,3.0
4692,KOBRAND CORPORATION,8811,2024-02-07,2024-02-21,14.0,27523.88,8-15 days,0,10.0,9.932707919898972,2.1291696542263194,4.0
4692,KOBRAND CORPORATION,8951,2024-02-16,2024-02-27,11.0,51036.15,8-15 days,0,10.0,9.932707919898972,2.1291696542263194,1.0
4692,KOBRAND CORPORATION,9021,2024-02-21,2024-03-06,14.0,31057.88,8-15 days,0,10.0,9.932707919898972,2.1291696542263194,4.0
4692,KOBRAND CORPORATION,9185,2024-03-03,2024-03-13,10.0,27471.41,8-15 days,0,10.0,9.932707919898972,2.1291696542263194,0.0
4692,KOBRAND CORPORATION,9262,2024-03-09,2024-03-19,10.0,25795.42,8-15 days,0,10.0,9.932707919898972,2.1291696542263194,0.0
4692,KOBRAND CORPORATION,9337,2024-03-14,2024-03-26,12.0,23906.57,8-15 days,0,10.0,9.932707919898972,2.1291696542263194,2.0
4692,KOBRAND CORPORATION,9437,2024-03-21,2024-04-03,13.0,78743.76,8-15 days,0,10.0,9.932707919898972,2.1291696542263194,3.0
4692,KOBRAND CORPORATION,9569,2024-03-30,2024-04-10,11.0,48086.42,8-15 days,0,10.0,9.932707919898972,2.1291696542263194,1.0
4692,KOBRAND CORPORATION,9696,2024-04-07,2024-04-17,10.0,32410.84,8-15 days,0,10.0,9.932707919898972,2.1291696542263194,0.0
4692,KOBRAND CORPORATION,9773,2024-04-13,2024-04-24,11.0,21486.51,8-15 days,0,10.0,9.932707919898972,2.1291696542263194,1.0
4692,KOBRAND CORPORATION,9909,2024-04-22,2024-05-01,9.0,31458.07,8-15 days,0,10.0,9.932707919898972,2.1291696542263194,-1.0
4692,KOBRAND CORPORATION,9960,2024-04-26,2024-05-06,10.0,25381.36,8-15 days,0,10.0,9.932707919898972,2.1291696542263194,0.0
4692,KOBRAND CORPORATION,10042,2024-05-02,2024-05-15,13.0,20811.23,8-15 days,0,10.0,9.932707919898972,2.1291696542263194,3.0
4692,KOBRAND CORPORATION,10133,2024-05-09,2024-05-22,13.0,24596.22,8-15 days,0,10.0,9.932707919898972,2.1291696542263194,3.0
4692,KOBRAND CORPORATION,10296,2024-05-19,2024-05-29,10.0,25507.27,8-15 days,0,10.0,9.932707919898972,2.1291696542263194,0.0
4692,KOBRAND CORPORATION,10333,2024-05-22,2024-06-05,14.0,31810.58,8-15 days,0,10.0,9.932707919898972,2.1291696542263194,4.0
4692,KOBRAND CORPORATION,10487,2024-06-01,2024-06-12,11.0,32619.88,8-15 days,0,10.0,9.932707919898972,2.1291696542263194,1.0
4692,KOBRAND CORPORATION,10589,2024-06-08,2024-06-18,10.0,28914.02,8-15 days,0,10.0,9.932707919898972,2.1291696542263194,0.0
4692,KOBRAND CORPORATION,10634,2024-06-12,2024-06-26,14.0,27104.77,8-15 days,0,10.0,9.932707919898972,2.1291696542263194,4.0
4692,KOBRAND CORPORATION,10785,2024-06-22,2024-06-30,8.0,24375.48,8-15 days,0,10.0,9.932707919898972,2.1291696542263194,-2.0
4692,KOBRAND CORPORATION,10866,2024-06-25,2024-07-02,7.0,5846.39,0-7 days,0,10.0,9.932707919898972,2.1291696542263194,-3.0
4692,KOBRAND CORPORATION,11011,2024-07-01,2024-07-09,8.0,37708.17,8-15 days,0,10.0,9.932707919898972,2.1291696542263194,-2.0
4692,KOBRAND CORPORATION,11087,2024-07-06,2024-07-16,10.0,22084.7,8-15 days,0,10.0,9.932707919898972,2.1291696542263194,0.0
4692,KOBRAND CORPORATION,11196,2024-07-14,2024-07-23,9.0,25950.99,8-15 days,0,10.0,9.932707919898972,2.1291696542263194,-1.0
4692,KOBRAND CORPORATION,11268,2024-07-19,2024-07-30,11.0,32342.89,8-15 days,0,10.0,9.932707919898972,2.1291696542263194,1.0
4692,KOBRAND CORPORATION,11351,2024-07-25,2024-08-07,13.0,24742.39,8-15 days,0,10.0,9.932707919898972,2.1291696542263194,3.0
4692,KOBRAND CORPORATION,11510,2024-08-05,2024-08-14,9.0,27183.37,8-15 days,0,10.0,9.932707919898972,2.1291696542263194,-1.0
4692,KOBRAND CORPORATION,11529,2024-08-07,2024-08-21,14.0,48181.14,8-15 days,0,10.0,9.932707919898972,2.1291696542263194,4.0
4692,KOBRAND CORPORATION,11673,2024-08-16,2024-08-27,11.0,25283.41,8-15 days,0,10.0,9.932707919898972,2.1291696542263194,1.0
4692,KOBRAND CORPORATION,11798,2024-08-24,2024-09-03,10.0,37842.42,8-15 days,0,10.0,9.932707919898972,2.1291696542263194,0.0
4692,KOBRAND CORPORATION,11842,2024-08-28,2024-09-11,14.0,48479.78,8-15 days,0,10.0,9.932707919898972,2.1291696542263194,4.0
4692,KOBRAND CORPORATION,12002,2024-09-07,2024-09-17,10.0,42553.66,8-15 days,0,10.0,9.932707919898972,2.1291696542263194,0.0
4692,KOBRAND CORPORATION,12065,2024-09-12,2024-09-24,12.0,25645.37,8-15 days,0,10.0,9.932707919898972,2.1291696542263194,2.0
4692,KOBRAND CORPORATION,12223,2024-09-22,2024-09-30,8.0,29904.34,8-15 days,0,10.0,9.932707919898972,2.1291696542263194,-2.0
4692,KOBRAND CORPORATION,12272,2024-09-23,2024-10-02,9.0,14.36,8-15 days,0,10.0,9.932707919898972,2.1291696542263194,-1.0
4692,KOBRAND CORPORATION,12340,2024-09-26,2024-10-09,13.0,28278.93,8-15 days,0,10.0,9.932707919898972,2.1291696542263194,3.0
4692,KOBRAND CORPORATION,12446,2024-10-03,2024-10-16,13.0,26747.69,8-15 days,0,10.0,9.932707919898972,2.1291696542263194,3.0
4692,KOBRAND CORPORATION,12574,2024-10-12,2024-10-22,10.0,31165.25,8-15 days,0,10.0,9.932707919898972,2.1291696542263194,0.0
4692,KOBRAND CORPORATION,12709,2024-10-21,2024-10-30,9.0,42339.64,8-15 days,0,10.0,9.932707919898972,2.1291696542263194,-1.0
4692,KOBRAND CORPORATION,12754,2024-10-25,2024-11-05,11.0,27379.2,8-15 days,0,10.0,9.932707919898972,2.1291696542263194,1.0
4692,KOBRAND CORPORATION,12913,2024-11-04,2024-11-13,9.0,35853.18,8-15 days,0,10.0,9.932707919898972,2.1291696542263194,-1.0
4692,KOBRAND CORPORATION,12937,2024-11-06,2024-11-19,13.0,64302.49,8-15 days,0,10.0,9.932707919898972,2.1291696542263194,3.0
4692,KOBRAND CORPORATION,13089,2024-11-16,2024-11-27,11.0,33804.75,8-15 days,0,10.0,9.932707919898972,2.1291696542263194,1.0
4692,KOBRAND CORPORATION,13212,2024-11-24,2024-12-03,9.0,43173.77,8-15 days,0,10.0,9.932707919898972,2.1291696542263194,-1.0
4692,KOBRAND CORPORATION,13292,2024-11-30,2024-12-11,11.0,37571.65,8-15 days,0,10.0,9.932707919898972,2.1291696542263194,1.0
4692,KOBRAND CORPORATION,13434,2024-12-09,2024-12-17,8.0,60936.04,8-15 days,0,10.0,9.932707919898972,2.1291696542263194,-2.0
4692,KOBRAND CORPORATION,13508,2024-12-14,2024-12-24,10.0,54131.48,8-15 days,0,10.0,9.932707919898972,2.1291696542263194,0.0
4692,KOBRAND CORPORATION,13650,2024-12-23,2024-12-31,8.0,61291.11,8-15 days,0,10.0,9.932707919898972,2.1291696542263194,-2.0
4848,LAIRD & CO,8143,2023-12-22,2024-01-02,11.0,120.72,8-15 days,0,10.0,9.932707919898972,2.1291696542263194,1.0
4848,LAIRD & CO,8254,2023-12-30,2024-01-08,9.0,1213.96,8-15 days,0,10.0,9.932707919898972,2.1291696542263194,-1.0
4848,LAIRD & CO,8364,2024-01-06,2024-01-15,9.0,902.01,8-15 days,0,10.0,9.932707919898972,2.1291696542263194,-1.0
4848,LAIRD & CO,8444,2024-01-12,2024-01-23,11.0,1339.14,8-15 days,0,10.0,9.932707919898972,2.1291696542263194,1.0
4848,LAIRD & CO,8505,2024-01-17,2024-01-29,12.0,2168.1,8-15 days,0,10.0,9.932707919898972,2.1291696542263194,2.0
4848,LAIRD & CO,8638,2024-01-26,2024-02-05,10.0,2242.58,8-15 days,0,10.0,9.932707919898972,2.1291696542263194,0.0
4848,LAIRD & CO,8747,2024-02-02,2024-02-13,11.0,976.6,8-15 days,0,10.0,9.932707919898972,2.1291696542263194,1.0
4848,LAIRD & CO,8864,2024-02-10,2024-02-19,9.0,1637.53,8-15 days,0,10.0,9.932707919898972,2.1291696542263194,-1.0
4848,LAIRD & CO,8987,2024-02-18,2024-02-26,8.0,1622.55,8-15 days,0,10.0,9.932707919898972,2.1291696542263194,-2.0
4848,LAIRD & CO,9023,2024-02-21,2024-03-04,12.0,1508.95,8-15 days,0,10.0,9.932707919898972,2.1291696542263194,2.0
4848,LAIRD & CO,9187,2024-03-03,2024-03-11,8.0,1285.12,8-15 days,0,10.0,9.932707919898972,2.1291696542263194,-2.0
4848,LAIRD & CO,9307,2024-03-11,2024-03-20,9.0,2356.06,8-15 days,0,10.0,9.932707919898972,2.1291696542263194,-1.0
4848,LAIRD & CO,9361,2024-03-16,2024-03-25,9.0,1177.37,8-15 days,0,10.0,9.932707919898972,2.1291696542263194,-1.0
4848,LAIRD & CO,9498,2024-03-24,2024-04-01,8.0,1328.27,8-15 days,0,10.0,9.932707919898972,2.1291696542263194,-2.0
4848,LAIRD & CO,9588,2024-03-31,2024-04-08,8.0,2006.7,8-15 days,0,10.0,9.932707919898972,2.1291696542263194,-2.0
4848,LAIRD & CO,9645,2024-04-04,2024-04-15,11.0,1510.66,8-15 days,0,10.0,9.932707919898972,2.1291696542263194,1.0
4848,LAIRD & CO,9774,2024-04-13,2024-04-23,10.0,1632.61,8-15 days,0,10.0,9.932707919898972,2.1291696542263194,0.0
4848,LAIRD & CO,9910,2024-04-22,2024-04-28,6.0,1280.9,0-7 days,0,10.0,9.932707919898972,2.1291696542263194,-4.0
4848,LAIRD & CO,9972,2024-04-27,2024-05-06,9.0,18846.64,8-15 days,0,10.0,9.932707919898972,2.1291696542263194,-1.0
4848,LAIRD & CO,10024,2024-05-01,2024-05-13,12.0,7175.98,8-15 days,0,10.0,9.932707919898972,2.1291696542263194,2.0
4848,LAIRD & CO,10158,2024-05-10,2024-05-20,10.0,2121.37,8-15 days,0,10.0,9.932707919898972,2.1291696542263194,0.0
4848,LAIRD & CO,10297,2024-05-19,2024-05-28,9.0,14106.33,8-15 days,0,10.0,9.932707919898972,2.1291696542263194,-1.0
4848,LAIRD & CO,10363,2024-05-24,2024-06-03,10.0,3588.98,8-15 days,0,10.0,9.932707919898972,2.1291696542263194,0.0
4848,LAIRD & CO,10437,2024-05-29,2024-06-10,12.0,2710.4,8-15 days,0,10.0,9.932707919898972,2.1291696542263194,2.0
4848,LAIRD & CO,10571,2024-06-07,2024-06-17,10.0,1542.88,8-15 days,0,10.0,9.932707919898972,2.1291696542263194,0.0
4848,LAIRD & CO,10635,2024-06-12,2024-06-24,12.0,2184.22,8-15 days,0,10.0,9.932707919898972,2.1291696542263194,2.0
4848,LAIRD & CO,10767,2024-06-21,2024-06-30,9.0,2713.66,8-15 days,0,10.0,9.932707919898972,2.1291696542263194,-1.0
4848,LAIRD & CO,10868,2024-06-25,2024-07-02,7.0,161.82,0-7 days,0,10.0,9.932707919898972,2.1291696542263194,-3.0
4848,LAIRD & CO,10955,2024-06-28,2024-07-08,10.0,2854.28,8-15 days,0,10.0,9.932707919898972,2.1291696542263194,0.0
4848,LAIRD & CO,11033,2024-07-03,2024-07-16,13.0,1850.69,8-15 days,0,10.0,9.932707919898972,2.1291696542263194,3.0
4848,LAIRD & CO,11164,2024-07-12,2024-07-24,12.0,2176.35,8-15 days,0,10.0,9.932707919898972,2.1291696542263194,2.0
4848,LAIRD & CO,11302,2024-07-21,2024-07-30,9.0,2628.23,8-15 days,0,10.0,9.932707919898972,2.1291696542263194,-1.0
4848,LAIRD & CO,11366,2024-07-26,2024-08-05,10.0,2206.7,8-15 days,0,10.0,9.932707919898972,2.1291696542263194,0.0
4848,LAIRD & CO,11479,2024-08-03,2024-08-12,9.0,801.72,8-15 days,0,10.0,9.932707919898972,2.1291696542263194,-1.0
4848,LAIRD & CO,11594,2024-08-10,2024-08-19,9.0,3316.08,8-15 days,0,10.0,9.932707919898972,2.1291696542263194,-1.0
4848,LAIRD & CO,11659,2024-08-15,2024-08-26,11.0,1646.67,8-15 days,0,10.0,9.932707919898972,2.1291696542263194,1.0
4848,LAIRD & CO,11780,2024-08-23,2024-09-02,10.0,2088.96,8-15 days,0,10.0,9.932707919898972,2.1291696542263194,0.0
4848,LAIRD & CO,11926,2024-09-02,2024-09-11,9.0,15377.36,8-15 days,0,10.0,9.932707919898972,2.1291696542263194,-1.0
4848,LAIRD & CO,12029,2024-09-09,2024-09-16,7.0,8339.78,0-7 days,0,10.0,9.932707919898972,2.1291696542263194,-3.0
4848,LAIRD & CO,12067,2024-09-12,2024-09-23,11.0,6198.95,8-15 days,0,10.0,9.932707919898972,2.1291696542263194,1.0
4848,LAIRD & CO,12197,2024-09-21,2024-09-30,9.0,8441.94,8-15 days,0,10.0,9.932707919898972,2.1291696542263194,-1.0
4848,LAIRD & CO,12273,2024-09-23,2024-10-02,9.0,151.13,8-15 days,0,10.0,9.932707919898972,2.1291696542263194,-1.0
4848,LAIRD & CO,12360,2024-09-27,2024-10-09,12.0,8036.69,8-15 days,0,10.0,9.932707919898972,2.1291696542263194,2.0
4848,LAIRD & CO,12471,2024-10-05,2024-10-14,9.0,2291.8,8-15 days,0,10.0,9.932707919898972,2.1291696542263194,-1.0
4848,LAIRD & CO,12587,2024-10-13,2024-10-21,8.0,3085.08,8-15 days,0,10.0,9.932707919898972,2.1291696542263194,-2.0
4848,LAIRD & CO,12638,2024-10-17,2024-10-28,11.0,2529.36,8-15 days,0,10.0,9.932707919898972,2.1291696542263194,1.0
4848,LAIRD & CO,12779,2024-10-26,2024-11-04,9.0,2028.65,8-15 days,0,10.0,9.932707919898972,2.1291696542263194,-1.0
4848,LAIRD & CO,12864,2024-11-01,2024-11-12,11.0,1707.06,8-15 days,0,10.0,9.932707919898972,2.1291696542263194,1.0
4848,LAIRD & CO,13021,2024-11-11,2024-11-19,8.0,18937.82,8-15 days,0,10.0,9.932707919898972,2.1291696542263194,-2.0
4848,LAIRD & CO,13057,2024-11-14,2024-11-27,13.0,4308.56,8-15 days,0,10.0,9.932707919898972,2.1291696542263194,3.0
4848,LAIRD & CO,13137,2024-11-20,2024-12-02,12.0,4765.45,8-15 days,0,10.0,9.932707919898972,2.1291696542263194,2.0
4848,LAIRD & CO,13258,2024-11-28,2024-12-09,11.0,1865.06,8-15 days,0,10.0,9.932707919898972,2.1291696542263194,1.0
4848,LAIRD & CO,13342,2024-12-04,2024-12-17,13.0,3450.57,8-15 days,0,10.0,9.932707919898972,2.1291696542263194,3.0
4848,LAIRD & CO,13545,2024-12-16,2024-12-24,8.0,5179.45,8-15 days,0,10.0,9.932707919898972,2.1291696542263194,-2.0
4848,LAIRD & CO,13599,2024-12-20,2024-12-31,11.0,5285.08,8-15 days,0,10.0,9.932707919898972,2.1291696542263194,1.0
4901,LAUREATE IMPORTS CO,12170,2024-09-19,2024-09-29,10.0,140.94,8-15 days,0,10.0,9.932707919898972,2.1291696542263194,0.0
4950,LATITUDE BEVERAGE COMPANY,8179,2023-12-24,2024-01-02,9.0,879.42,8-15 days,0,10.0,9.932707919898972,2.1291696542263194,-1.0
4950,LATITUDE BEVERAGE COMPANY,8296,2024-01-01,2024-01-08,7.0,3543.18,0-7 days,0,10.0,9.932707919898972,2.1291696542263194,-3.0
4950,LATITUDE BEVERAGE COMPANY,8394,2024-01-08,2024-01-15,7.0,4146.3,0-7 days,0,10.0,9.932707919898972,2.1291696542263194,-3.0
4950,LATITUDE BEVERAGE COMPANY,8405,2024-01-10,2024-01-22,12.0,4627.96,8-15 days,0,10.0,9.932707919898972,2.1291696542263194,2.0
4950,LATITUDE BEVERAGE COMPANY,8527,2024-01-18,2024-01-30,12.0,5553.25,8-15 days,0,10.0,9.932707919898972,2.1291696542263194,2.0
4950,LATITUDE BEVERAGE COMPANY,8694,2024-01-29,2024-02-06,8.0,7007.13,8-15 days,0,10.0,9.932707919898972,2.1291696542263194,-2.0
4950,LATITUDE BEVERAGE COMPANY,8764,2024-02-03,2024-02-12,9.0,3774.13,8-15 days,0,10.0,9.932707919898972,2.1291696542263194,-1.0
4950,LATITUDE BEVERAGE COMPANY,8829,2024-02-08,2024-02-19,11.0,3445.73,8-15 days,0,10.0,9.932707919898972,2.1291696542263194,1.0
4950,LATITUDE BEVERAGE COMPANY,8953,2024-02-16,2024-02-27,11.0,14874.03,8-15 days,0,10.0,9.932707919898972,2.1291696542263194,1.0
4950,LATITUDE BEVERAGE COMPANY,9024,2024-02-21,2024-03-05,13.0,5206.81,8-15 days,0,10.0,9.932707919898972,2.1291696542263194,3.0
4950,LATITUDE BEVERAGE COMPANY,9139,2024-02-29,2024-03-11,11.0,6225.39,8-15 days,0,10.0,9.932707919898972,2.1291696542263194,1.0
4950,LATITUDE BEVERAGE COMPANY,9232,2024-03-07,2024-03-18,11.0,4467.86,8-15 days,0,10.0,9.932707919898972,2.1291696542263194,1.0
4950,LATITUDE BEVERAGE COMPANY,9376,2024-03-17,2024-03-25,8.0,4444.76,8-15 days,0,10.0,9.932707919898972,2.1291696542263194,-2.0
4950,LATITUDE BEVERAGE COMPANY,9458,2024-03-22,2024-04-01,10.0,3919.69,8-15 days,0,10.0,9.932707919898972,2.1291696542263194,0.0
4950,LATITUDE BEVERAGE COMPANY,9570,2024-03-30,2024-04-08,9.0,4036.38,8-15 days,0,10.0,9.932707919898972,2.1291696542263194,-1.0
4950,LATITUDE BEVERAGE COMPANY,9709,2024-04-08,2024-04-15,7.0,2509.52,0-7 days,0,10.0,9.932707919898972,2.1291696542263194,-3.0
4950,LATITUDE BEVERAGE COMPANY,9743,2024-04-11,2024-04-22,11.0,2360.86,8-15 days,0,10.0,9.932707919898972,2.1291696542263194,1.0
4950,LATITUDE BEVERAGE COMPANY,9857,2024-04-19,2024-04-29,10.0,3354.88,8-15 days,0,10.0,9.932707919898972,2.1291696542263194,0.0
4950,LATITUDE BEVERAGE COMPANY,9989,2024-04-28,2024-05-08,10.0,2359.08,8-15 days,0,10.0,9.932707919898972,2.1291696542263194,0.0
4950,LATITUDE BEVERAGE COMPANY,10067,2024-05-04,2024-05-15,11.0,3502.64,8-15 days,0,10.0,9.932707919898972,2.1291696542263194,1.0
4950,LATITUDE BEVERAGE COMPANY,10135,2024-05-09,2024-05-20,11.0,2248.62,8-15 days,0,10.0,9.932707919898972,2.1291696542263194,1.0
4950,LATITUDE BEVERAGE COMPANY,10281,2024-05-18,2024-05-29,11.0,25577.52,8-15 days,0,10.0,9.932707919898972,2.1291696542263194,1.0
4950,LATITUDE BEVERAGE COMPANY,10364,2024-05-24,2024-06-05,12.0,14347.42,8-15 days,0,10.0,9.932707919898972,2.1291696542263194,2.0
4950,LATITUDE BEVERAGE COMPANY,10520,2024-06-03,2024-06-12,9.0,12251.4,8-15 days,0,10.0,9.932707919898972,2.1291696542263194,-1.0
4950,LATITUDE BEVERAGE COMPANY,10620,2024-06-10,2024-06-18,8.0,7893.17,8-15 days,0,10.0,9.932707919898972,2.1291696542263194,-2.0
4950,LATITUDE BEVERAGE COMPANY,10655,2024-06-13,2024-06-24,11.0,7981.89,8-15 days,0,10.0,9.932707919898972,2.1291696542263194,1.0
4950,LATITUDE BEVERAGE COMPANY,10768,2024-06-21,2024-06-30,9.0,5015.53,8-15 days,0,10.0,9.932707919898972,2.1291696542263194,-1.0
4950,LATITUDE BEVERAGE COMPANY,10869,2024-06-25,2024-07-02,7.0,932.71,0-7 days,0,10.0,9.932707919898972,2.1291696542263194,-3.0
4950,LATITUDE BEVERAGE COMPANY,10956,2024-06-28,2024-07-10,12.0,6284.56,8-15 days,0,10.0,9.932707919898972,2.1291696542263194,2.0
4950,LATITUDE BEVERAGE COMPANY,11050,2024-07-04,2024-07-16,12.0,3391.64,8-15 days,0,10.0,9.932707919898972,2.1291696542263194,2.0
4950,LATITUDE BEVERAGE COMPANY,11129,2024-07-10,2024-07-22,12.0,4400.44,8-15 days,0,10.0,9.932707919898972,2.1291696542263194,2.0
4950,LATITUDE BEVERAGE COMPANY,11249,2024-07-18,2024-07-30,12.0,4740.07,8-15 days,0,10.0,9.932707919898972,2.1291696542263194,2.0
4950,LATITUDE BEVERAGE COMPANY,11387,2024-07-27,2024-08-07,11.0,4695.52,8-15 days,0,10.0,9.932707919898972,2.1291696542263194,1.0
4950,LATITUDE BEVERAGE COMPANY,11511,2024-08-05,2024-08-13,8.0,4834.29,8-15 days,0,10.0,9.932707919898972,2.1291696542263194,-2.0
4950,LATITUDE BEVERAGE COMPANY,11627,2024-08-12,2024-08-21,9.0,13892.17,8-15 days,0,10.0,9.932707919898972,2.1291696542263194,-1.0
4950,LATITUDE BEVERAGE COMPANY,11641,2024-08-14,2024-08-26,12.0,4219.93,8-15 days,0,10.0,9.932707919898972,2.1291696542263194,2.0
4950,LATITUDE BEVERAGE COMPANY,11799,2024-08-24,2024-09-03,10.0,4862.6,8-15 days,0,10.0,9.932707919898972,2.1291696542263194,0.0
4950,LATITUDE BEVERAGE COMPANY,11886,2024-08-31,2024-09-11,11.0,6347.27,8-15 days,0,10.0,9.932707919898972,2.1291696542263194,1.0
4950,LATITUDE BEVERAGE COMPANY,11962,2024-09-05,2024-09-16,11.0,4037.27,8-15 days,0,10.0,9.932707919898972,2.1291696542263194,1.0
4950,LATITUDE BEVERAGE COMPANY,12081,2024-09-13,2024-09-23,10.0,7045.6,8-15 days,0,10.0,9.932707919898972,2.1291696542263194,0.0
4950,LATITUDE BEVERAGE COMPANY,12224,2024-09-22,2024-09-30,8.0,6870.0,8-15 days,0,10.0,9.932707919898972,2.1291696542263194,-2.0
4950,LATITUDE BEVERAGE COMPANY,12274,2024-09-23,2024-10-01,8.0,69.6,8-15 days,0,10.0,9.932707919898972,2.1291696542263194,-2.0
4950,LATITUDE BEVERAGE COMPANY,12341,2024-09-26,2024-10-07,11.0,3990.35,8-15 days,0,10.0,9.932707919898972,2.1291696542263194,1.0
4950,LATITUDE BEVERAGE COMPANY,12422,2024-10-02,2024-10-14,12.0,3671.0,8-15 days,0,10.0,9.932707919898972,2.1291696542263194,2.0
4950,LATITUDE BEVERAGE COMPANY,12588,2024-10-13,2024-10-22,9.0,3658.88,8-15 days,0,10.0,9.932707919898972,2.1291696542263194,-1.0
4950,LATITUDE BEVERAGE COMPANY,12677,2024-10-19,2024-10-28,9.0,2796.57,8-15 days,0,10.0,9.932707919898972,2.1291696542263194,-1.0
4950,LATITUDE BEVERAGE COMPANY,12755,2024-10-25,2024-11-05,11.0,3687.28,8-15 days,0,10.0,9.932707919898972,2.1291696542263194,1.0
4950,LATITUDE BEVERAGE COMPANY,12845,2024-10-31,2024-11-13,13.0,5490.13,8-15 days,0,10.0,9.932707919898972,2.1291696542263194,3.0
4950,LATITUDE BEVERAGE COMPANY,12960,2024-11-07,2024-11-19,12.0,4270.54,8-15 days,0,10.0,9.932707919898972,2.1291696542263194,2.0
4950,LATITUDE BEVERAGE COMPANY,13058,2024-11-14,2024-11-26,12.0,5104.96,8-15 days,0,10.0,9.932707919898972,2.1291696542263194,2.0
4950,LATITUDE BEVERAGE COMPANY,13167,2024-11-22,2024-12-03,11.0,7146.18,8-15 days,0,10.0,9.932707919898972,2.1291696542263194,1.0
4950,LATITUDE BEVERAGE COMPANY,13277,2024-11-29,2024-12-11,12.0,12942.39,8-15 days,0,10.0,9.932707919898972,2.1291696542263194,2.0
4950,LATITUDE BEVERAGE COMPANY,13423,2024-12-08,2024-12-17,9.0,7594.36,8-15 days,0,10.0,9.932707919898972,2.1291696542263194,-1.0
4950,LATITUDE BEVERAGE COMPANY,13509,2024-12-14,2024-12-24,10.0,6334.13,8-15 days,0,10.0,9.932707919898972,2.1291696542263194,0.0
4950,LATITUDE BEVERAGE COMPANY,13577,2024-12-19,2024-12-31,12.0,7581.77,8-15 days,0,10.0,9.932707919898972,2.1291696542263194,2.0
5083,LOYAL DOG WINERY,13004,2024-11-10,2024-11-18,8.0,1972.68,8-15 days,0,10.0,9.932707919898972,2.1291696542263194,-2.0
5083,LOYAL DOG WINERY,13343,2024-12-04,2024-12-15,11.0,116.04,8-15 days,0,10.0,9.932707919898972,2.1291696542263194,1.0
5083,LOYAL DOG WINERY,13560,2024-12-18,2024-12-30,12.0,232.08,8-15 days,0,10.0,9.932707919898972,2.1291696542263194,2.0
5270,MANGO BOTTLING INC,8539,2024-01-19,2024-01-29,10.0,15.36,8-15 days,0,10.0,9.932707919898972,2.1291696542263194,0.0
5270,MANGO BOTTLING INC,8766,2024-02-03,2024-02-11,8.0,90.58,8-15 days,0,10.0,9.932707919898972,2.1291696542263194,-2.0
5270,MANGO BOTTLING INC,8814,2024-02-07,2024-02-19,12.0,175.87,8-15 days,0,10.0,9.932707919898972,2.1291696542263194,2.0
5270,MANGO BOTTLING INC,8931,2024-02-15,2024-02-23,8.0,6.47,8-15 days,0,10.0,9.932707919898972,2.1291696542263194,-2.0
5270,MANGO BOTTLING INC,9308,2024-03-11,2024-03-18,7.0,45.04,0-7 days,0,10.0,9.932707919898972,2.1291696542263194,-3.0
5270,MANGO BOTTLING INC,10043,2024-05-02,2024-05-13,11.0,32626.53,8-15 days,0,10.0,9.932707919898972,2.1291696542263194,1.0
5270,MANGO BOTTLING INC,10207,2024-05-13,2024-05-20,7.0,12783.49,0-7 days,0,10.0,9.932707919898972,2.1291696542263194,-3.0
5270,MANGO BOTTLING INC,10246,2024-05-16,2024-05-27,11.0,8141.14,8-15 days,0,10.0,9.932707919898972,2.1291696542263194,1.0
5270,MANGO BOTTLING INC,10351,2024-05-23,2024-06-05,13.0,8385.04,8-15 days,0,10.0,9.932707919898972,2.1291696542263194,3.0
5270,MANGO BOTTLING INC,10453,2024-05-30,2024-06-12,13.0,8431.01,8-15 days,0,10.0,9.932707919898972,2.1291696542263194,3.0
5270,MANGO BOTTLING INC,10540,2024-06-05,2024-06-17,12.0,9035.87,8-15 days,0,10.0,9.932707919898972,2.1291696542263194,2.0
5270,MANGO BOTTLING INC,10656,2024-06-13,2024-06-25,12.0,9115.89,8-15 days,0,10.0,9.932707919898972,2.1291696542263194,2.0
5270,MANGO BOTTLING INC,10742,2024-06-19,2024-06-30,11.0,8594.59,8-15 days,0,10.0,9.932707919898972,2.1291696542263194,1.0
5270,MANGO BOTTLING INC,10873,2024-06-25,2024-07-03,8.0,1468.67,8-15 days,0,10.0,9.932707919898972,2.1291696542263194,-2.0
5270,MANGO BOTTLING INC,10941,2024-06-27,2024-07-09,12.0,11780.05,8-15 days,0,10.0,9.932707919898972,2.1291696542263194,2.0
5270,MANGO BOTTLING INC,11077,2024-07-05,2024-07-15,10.0,1494.84,8-15 days,0,10.0,9.932707919898972,2.1291696542263194,0.0
5270,MANGO BOTTLING INC,11212,2024-07-15,2024-07-22,7.0,2340.61,0-7 days,0,10.0,9.932707919898972,2.1291696542263194,-3.0
5270,MANGO BOTTLING INC,11232,2024-07-17,2024-07-30,13.0,3031.0,8-15 days,0,10.0,9.932707919898972,2.1291696542263194,3.0
5270,MANGO BOTTLING INC,11332,2024-07-24,2024-08-01,8.0,319.8,8-15 days,0,10.0,9.932707919898972,2.1291696542263194,-2.0
5270,MANGO BOTTLING INC,11613,2024-08-11,2024-08-18,7.0,163.8,0-7 days,0,10.0,9.932707919898972,2.1291696542263194,-3.0
5270,MANGO BOTTLING INC,11757,2024-08-22,2024-09-03,12.0,4316.34,8-15 days,0,10.0,9.932707919898972,2.1291696542263194,2.0
5270,MANGO BOTTLING INC,11927,2024-09-02,2024-09-08,6.0,4033.95,0-7 days,0,10.0,9.932707919898972,2.1291696542263194,-4.0
5270,MANGO BOTTLING INC,12019,2024-09-08,2024-09-16,8.0,3174.92,8-15 days,0,10.0,9.932707919898972,2.1291696542263194,-2.0
5270,MANGO BOTTLING INC,12094,2024-09-14,2024-09-23,9.0,6145.93,8-15 days,0,10.0,9.932707919898972,2.1291696542263194,-1.0
5270,MANGO BOTTLING INC,12200,2024-09-21,2024-09-30,9.0,3230.28,8-15 days,0,10.0,9.932707919898972,2.1291696542263194,-1.0
5270,MANGO BOTTLING INC,12373,2024-09-28,2024-10-07,9.0,3230.07,8-15 days,0,10.0,9.932707919898972,2.1291696542263194,-1.0
5270,MANGO BOTTLING INC,12508,2024-10-07,2024-10-16,9.0,4380.58,8-15 days,0,10.0,9.932707919898972,2.1291696542263194,-1.0
5270,MANGO BOTTLING INC,12575,2024-10-12,2024-10-23,11.0,3332.73,8-15 days,0,10.0,9.932707919898972,2.1291696542263194,1.0
5270,MANGO BOTTLING INC,12698,2024-10-20,2024-10-28,8.0,3696.6,8-15 days,0,10.0,9.932707919898972,2.1291696542263194,-2.0
5270,MANGO BOTTLING INC,12757,2024-10-25,2024-11-04,10.0,11774.14,8-15 days,0,10.0,9.932707919898972,2.1291696542263194,0.0
5270,MANGO BOTTLING INC,12846,2024-10-31,2024-11-12,12.0,3771.01,8-15 days,0,10.0,9.932707919898972,2.1291696542263194,2.0
5270,MANGO BOTTLING INC,13022,2024-11-11,2024-11-18,7.0,4561.55,0-7 days,0,10.0,9.932707919898972,2.1291696542263194,-3.0
5270,MANGO BOTTLING INC,13108,2024-11-17,2024-11-26,9.0,1992.13,8-15 days,0,10.0,9.932707919898972,2.1291696542263194,-1.0
5270,MANGO BOTTLING INC,13139,2024-11-20,2024-12-03,13.0,3041.91,8-15 days,0,10.0,9.932707919898972,2.1291696542263194,3.0
5270,MANGO BOTTLING INC,13278,2024-11-29,2024-12-09,10.0,5252.88,8-15 days,0,10.0,9.932707919898972,2.1291696542263194,0.0
5270,MANGO BOTTLING INC,13396,2024-12-07,2024-12-17,10.0,4726.59,8-15 days,0,10.0,9.932707919898972,2.1291696542263194,0.0
5270,MANGO BOTTLING INC,13533,2024-12-15,2024-12-24,9.0,7405.78,8-15 days,0,10.0,9.932707919898972,2.1291696542263194,-1.0
5270,MANGO BOTTLING INC,13651,2024-12-23,2024-12-31,8.0,8397.34,8-15 days,0,10.0,9.932707919898972,2.1291696542263194,-2.0
5455,MARSALLE COMPANY,8158,2023-12-23,2024-01-02,10.0,333.6,8-15 days,0,10.0,9.932707919898972,2.1291696542263194,0.0
5455,MARSALLE COMPANY,8275,2023-12-31,2024-01-08,8.0,3850.37,8-15 days,0,10.0,9.932707919898972,2.1291696542263194,-2.0
5455,MARSALLE COMPANY,8313,2024-01-03,2024-01-15,12.0,1850.94,8-15 days,0,10.0,9.932707919898972,2.1291696542263194,2.0
5455,MARSALLE COMPANY,8463,2024-01-13,2024-01-22,9.0,2614.22,8-15 days,0,10.0,9.932707919898972,2.1291696542263194,-1.0
5455,MARSALLE COMPANY,8528,2024-01-18,2024-01-29,11.0,2766.22,8-15 days,0,10.0,9.932707919898972,2.1291696542263194,1.0
5455,MARSALLE COMPANY,8695,2024-01-29,2024-02-04,6.0,1029.13,0-7 days,0,10.0,9.932707919898972,2.1291696542263194,-4.0
5455,MARSALLE COMPANY,8786,2024-02-04,2024-02-12,8.0,4354.96,8-15 days,0,10.0,9.932707919898972,2.1291696542263194,-2.0
5455,MARSALLE COMPANY,8849,2024-02-09,2024-02-19,10.0,3718.02,8-15 days,0,10.0,9.932707919898972,2.1291696542263194,0.0
5455,MARSALLE COMPANY,8932,2024-02-15,2024-02-26,11.0,2797.78,8-15 days,0,10.0,9.932707919898972,2.1291696542263194,1.0
5455,MARSALLE COMPANY,9103,2024-02-26,2024-03-04,7.0,3985.74,0-7 days,0,10.0,9.932707919898972,2.1291696542263194,-3.0
5455,MARSALLE COMPANY,9121,2024-02-28,2024-03-12,13.0,4476.4,8-15 days,0,10.0,9.932707919898972,2.1291696542263194,3.0
5455,MARSALLE COMPANY,9264,2024-03-09,2024-03-18,9.0,1673.76,8-15 days,0,10.0,9.932707919898972,2.1291696542263194,-1.0
5455,MARSALLE COMPANY,9362,2024-03-16,2024-03-25,9.0,1935.2,8-15 days,0,10.0,9.932707919898972,2.1291696542263194,-1.0
5455,MARSALLE COMPANY,9438,2024-03-21,2024-03-31,10.0,2163.99,8-15 days,0,10.0,9.932707919898972,2.1291696542263194,0.0
5455,MARSALLE COMPANY,9572,2024-03-30,2024-04-10,11.0,5255.24,8-15 days,0,10.0,9.932707919898972,2.1291696542263194,1.0
5455,MARSALLE COMPANY,9681,2024-04-06,2024-04-15,9.0,3195.89,8-15 days,0,10.0,9.932707919898972,2.1291696542263194,-1.0
5455,MARSALLE COMPANY,9807,2024-04-15,2024-04-22,7.0,4414.22,0-7 days,0,10.0,9.932707919898972,2.1291696542263194,-3.0
5455,MARSALLE COMPANY,9911,2024-04-22,2024-04-29,7.0,1628.33,0-7 days,0,10.0,9.932707919898972,2.1291696542263194,-3.0
5455,MARSALLE COMPANY,10010,2024-04-29,2024-05-06,7.0,4039.98,0-7 days,0,10.0,9.932707919898972,2.1291696542263194,-3.0
5455,MARSALLE COMPANY,10027,2024-05-01,2024-05-13,12.0,4249.67,8-15 days,0,10.0,9.932707919898972,2.1291696542263194,2.0
5455,MARSALLE COMPANY,10208,2024-05-13,2024-05-20,7.0,4570.24,0-7 days,0,10.0,9.932707919898972,2.1291696542263194,-3.0
5455,MARSALLE COMPANY,10264,2024-05-17,2024-05-29,12.0,4609.94,8-15 days,0,10.0,9.932707919898972,2.1291696542263194,2.0
5455,MARSALLE COMPANY,10420,2024-05-27,2024-06-04,8.0,3110.45,8-15 days,0,10.0,9.932707919898972,2.1291696542263194,-2.0
5455,MARSALLE COMPANY,10521,2024-06-03,2024-06-10,7.0,3053.6,0-7 days,0,10.0,9.932707919898972,2.1291696542263194,-3.0
5455,MARSALLE COMPANY,10553,2024-06-06,2024-06-17,11.0,5814.47,8-15 days,0,10.0,9.932707919898972,2.1291696542263194,1.0
5455,MARSALLE COMPANY,10719,2024-06-17,2024-06-26,9.0,4039.93,8-15 days,0,10.0,9.932707919898972,2.1291696542263194,-1.0
5455,MARSALLE COMPANY,10770,2024-06-21,2024-06-30,9.0,2787.77,8-15 days,0,10.0,9.932707919898972,2.1291696542263194,-1.0
5455,MARSALLE COMPANY,10874,2024-06-25,2024-07-01,6.0,333.6,0-7 days,0,10.0,9.932707919898972,2.1291696542263194,-4.0
5455,MARSALLE COMPANY,10942,2024-06-27,2024-07-07,10.0,2804.8,8-15 days,0,10.0,9.932707919898972,2.1291696542263194,0.0
5455,MARSALLE COMPANY,11100,2024-07-07,2024-07-16,9.0,1443.34,8-15 days,0,10.0,9.932707919898972,2.1291696542263194,-1.0
5455,MARSALLE COMPANY,11131,2024-07-10,2024-07-22,12.0,3968.04,8-15 days,0,10.0,9.932707919898972,2.1291696542263194,2.0
5455,MARSALLE COMPANY,11288,2024-07-20,2024-07-30,10.0,3474.82,8-15 days,0,10.0,9.932707919898972,2.1291696542263194,0.0
5455,MARSALLE COMPANY,11352,2024-07-25,2024-08-05,11.0,6457.39,8-15 days,0,10.0,9.932707919898972,2.1291696542263194,1.0
5455,MARSALLE COMPANY,11466,2024-08-02,2024-08-13,11.0,2225.45,8-15 days,0,10.0,9.932707919898972,2.1291696542263194,1.0
5455,MARSALLE COMPANY,11595,2024-08-10,2024-08-20,10.0,3800.55,8-15 days,0,10.0,9.932707919898972,2.1291696542263194,0.0
5455,MARSALLE COMPANY,11642,2024-08-14,2024-08-26,12.0,3837.86,8-15 days,0,10.0,9.932707919898972,2.1291696542263194,2.0
5455,MARSALLE COMPANY,11823,2024-08-26,2024-09-03,8.0,6224.78,8-15 days,0,10.0,9.932707919898972,2.1291696542263194,-2.0
5455,MARSALLE COMPANY,11843,2024-08-28,2024-09-09,12.0,3399.91,8-15 days,0,10.0,9.932707919898972,2.1291696542263194,2.0
5455,MARSALLE COMPANY,11943,2024-09-04,2024-09-16,12.0,3553.44,8-15 days,0,10.0,9.932707919898972,2.1291696542263194,2.0
5455,MARSALLE COMPANY,12082,2024-09-13,2024-09-23,10.0,1849.62,8-15 days,0,10.0,9.932707919898972,2.1291696542263194,0.0
5455,MARSALLE COMPANY,12242,2024-09-23,2024-09-30,7.0,2898.17,0-7 days,0,10.0,9.932707919898972,2.1291696542263194,-3.0
5455,MARSALLE COMPANY,12278,2024-09-23,2024-10-02,9.0,344.88,8-15 days,0,10.0,9.932707919898972,2.1291696542263194,-1.0
5455,MARSALLE COMPANY,12399,2024-09-30,2024-10-07,7.0,2803.07,0-7 days,0,10.0,9.932707919898972,2.1291696542263194,-3.0
5455,MARSALLE COMPANY,12424,2024-10-02,2024-10-14,12.0,4289.1,8-15 days,0,10.0,9.932707919898972,2.1291696542263194,2.0
5455,MARSALLE COMPANY,12545,2024-10-10,2024-10-21,11.0,2094.25,8-15 days,0,10.0,9.932707919898972,2.1291696542263194,1.0
5455,MARSALLE COMPANY,12639,2024-10-17,2024-10-28,11.0,5236.37,8-15 days,0,10.0,9.932707919898972,2.1291696542263194,1.0
5455,MARSALLE COMPANY,12729,2024-10-23,2024-11-05,13.0,2321.14,8-15 days,0,10.0,9.932707919898972,2.1291696542263194,3.0
5455,MARSALLE COMPANY,12847,2024-10-31,2024-11-11,11.0,2693.92,8-15 days,0,10.0,9.932707919898972,2.1291696542263194,1.0
5455,MARSALLE COMPANY,12994,2024-11-09,2024-11-18,9.0,2797.66,8-15 days,0,10.0,9.932707919898972,2.1291696542263194,-1.0
5455,MARSALLE COMPANY,13071,2024-11-15,2024-11-27,12.0,3920.24,8-15 days,0,10.0,9.932707919898972,2.1291696542263194,2.0
5455,MARSALLE COMPANY,13168,2024-11-22,2024-12-02,10.0,6369.11,8-15 days,0,10.0,9.932707919898972,2.1291696542263194,0.0
5455,MARSALLE COMPANY,13242,2024-11-27,2024-12-09,12.0,3776.74,8-15 days,0,10.0,9.932707919898972,2.1291696542263194,2.0
5455,MARSALLE COMPANY,13424,2024-12-08,2024-12-17,9.0,4615.45,8-15 days,0,10.0,9.932707919898972,2.1291696542263194,-1.0
5455,MARSALLE COMPANY,13546,2024-12-16,2024-12-23,7.0,4250.83,0-7 days,0,10.0,9.932707919898972,2.1291696542263194,-3.0
5455,MARSALLE COMPANY,13561,2024-12-18,2024-12-31,13.0,5206.6,8-15 days,0,10.0,9.932707919898972,2.1291696542263194,3.0
5612,MILTONS DISTRIBUTING CO,8476,2024-01-14,2024-01-22,8.0,4.14,8-15 days,0,10.0,9.932707919898972,2.1291696542263194,-2.0
5612,MILTONS DISTRIBUTING CO,8580,2024-01-21,2024-01-29,8.0,778.26,8-15 days,0,10.0,9.932707919898972,2.1291696542263194,-2.0
5612,MILTONS DISTRIBUTING CO,8803,2024-02-05,2024-02-11,6.0,69.6,0-7 days,0,10.0,9.932707919898972,2.1291696542263194,-4.0
5612,MILTONS DISTRIBUTING CO,9683,2024-04-06,2024-04-15,9.0,104.4,8-15 days,0,10.0,9.932707919898972,2.1291696542263194,-1.0
5612,MILTONS DISTRIBUTING CO,9940,2024-04-25,2024-05-06,11.0,104.4,8-15 days,0,10.0,9.932707919898972,2.1291696542263194,1.0
5612,MILTONS DISTRIBUTING CO,10136,2024-05-09,2024-05-20,11.0,176.4,8-15 days,0,10.0,9.932707919898972,2.1291696542263194,1.0
5612,MILTONS DISTRIBUTING CO,11174,2024-07-13,2024-07-18,5.0,69.6,0-7 days,0,10.0,9.932707919898972,2.1291696542263194,-5.0
5612,MILTONS DISTRIBUTING CO,11532,2024-08-07,2024-08-15,8.0,5.22,8-15 days,0,10.0,9.932707919898972,2.1291696542263194,-2.0
5612,MILTONS DISTRIBUTING CO,11735,2024-08-21,2024-08-29,8.0,69.6,8-15 days,0,10.0,9.932707919898972,2.1291696542263194,-2.0
5612,MILTONS DISTRIBUTING CO,12225,2024-09-22,2024-09-29,7.0,442.56,0-7 days,0,10.0,9.932707919898972,2.1291696542263194,-3.0
5992,MCCORMICK DISTILLING CO,8130,2023-12-21,2024-01-02,12.0,892.9,8-15 days,0,10.0,9.932707919898972,2.1291696542263194,2.0
5992,MCCORMICK DISTILLING CO,8277,2023-12-31,2024-01-09,9.0,5744.89,8-15 days,0,10.0,9.932707919898972,2.1291696542263194,-1.0
5992,MCCORMICK DISTILLING CO,8347,2024-01-05,2024-01-15,10.0,2979.43,8-15 days,0,10.0,9.932707919898972,2.1291696542263194,0.0
5992,MCCORMICK DISTILLING CO,8464,2024-01-13,2024-01-23,10.0,3873.23,8-15 days,0,10.0,9.932707919898972,2.1291696542263194,0.0
5992,MCCORMICK DISTILLING CO,8554,2024-01-20,2024-01-29,9.0,3466.76,8-15 days,0,10.0,9.932707919898972,2.1291696542263194,-1.0
5992,MCCORMICK DISTILLING CO,8698,2024-01-29,2024-02-05,7.0,4170.92,0-7 days,0,10.0,9.932707919898972,2.1291696542263194,-3.0
5992,MCCORMICK DISTILLING CO,8748,2024-02-02,2024-02-12,10.0,4591.39,8-15 days,0,10.0,9.932707919898972,2.1291696542263194,0.0
5992,MCCORMICK DISTILLING CO,8831,2024-02-08,2024-02-19,11.0,4659.54,8-15 days,0,10.0,9.932707919898972,2.1291696542263194,1.0
5992,MCCORMICK DISTILLING CO,8954,2024-02-16,2024-02-26,10.0,3150.87,8-15 days,0,10.0,9.932707919898972,2.1291696542263194,0.0
5992,MCCORMICK DISTILLING CO,9088,2024-02-25,2024-03-05,9.0,4570.31,8-15 days,0,10.0,9.932707919898972,2.1291696542263194,-1.0
5992,MCCORMICK DISTILLING CO,9203,2024-03-04,2024-03-12,8.0,3591.95,8-15 days,0,10.0,9.932707919898972,2.1291696542263194,-2.0
5992,MCCORMICK DISTILLING CO,9234,2024-03-07,2024-03-19,12.0,3525.75,8-15 days,0,10.0,9.932707919898972,2.1291696542263194,2.0
5992,MCCORMICK DISTILLING CO,9351,2024-03-15,2024-03-25,10.0,2715.34,8-15 days,0,10.0,9.932707919898972,2.1291696542263194,0.0
5992,MCCORMICK DISTILLING CO,9423,2024-03-20,2024-04-03,14.0,2924.96,8-15 days,0,10.0,9.932707919898972,2.1291696542263194,4.0
5992,MCCORMICK DISTILLING CO,9527,2024-03-27,2024-04-08,12.0,4638.25,8-15 days,0,10.0,9.932707919898972,2.1291696542263194,2.0
5992,MCCORMICK DISTILLING CO,9628,2024-04-03,2024-04-15,12.0,4140.05,8-15 days,0,10.0,9.932707919898972,2.1291696542263194,2.0
5992,MCCORMICK DISTILLING CO,9723,2024-04-10,2024-04-22,12.0,4582.65,8-15 days,0,10.0,9.932707919898972,2.1291696542263194,2.0
5992,MCCORMICK DISTILLING CO,9839,2024-04-18,2024-05-01,13.0,11867.76,8-15 days,0,10.0,9.932707919898972,2.1291696542263194,3.0
5992,MCCORMICK DISTILLING CO,10011,2024-04-29,2024-05-06,7.0,5547.6,0-7 days,0,10.0,9.932707919898972,2.1291696542263194,-3.0
5992,MCCORMICK DISTILLING CO,10104,2024-05-06,2024-05-13,7.0,3353.06,0-7 days,0,10.0,9.932707919898972,2.1291696542263194,-3.0
5992,MCCORMICK DISTILLING CO,10209,2024-05-13,2024-05-20,7.0,5564.65,0-7 days,0,10.0,9.932707919898972,2.1291696542263194,-3.0
5992,MCCORMICK DISTILLING CO,10282,2024-05-18,2024-05-29,11.0,6030.63,8-15 days,0,10.0,9.932707919898972,2.1291696542263194,1.0
5992,MCCORMICK DISTILLING CO,10365,2024-05-24,2024-06-05,12.0,3739.06,8-15 days,0,10.0,9.932707919898972,2.1291696542263194,2.0
5992,MCCORMICK DISTILLING CO,10522,2024-06-03,2024-06-12,9.0,4277.99,8-15 days,0,10.0,9.932707919898972,2.1291696542263194,-1.0
5992,MCCORMICK DISTILLING CO,10574,2024-06-07,2024-06-18,11.0,4626.87,8-15 days,0,10.0,9.932707919898972,2.1291696542263194,1.0
5992,MCCORMICK DISTILLING CO,10721,2024-06-17,2024-06-24,7.0,6086.64,0-7 days,0,10.0,9.932707919898972,2.1291696542263194,-3.0
5992,MCCORMICK DISTILLING CO,10758,2024-06-20,2024-06-30,10.0,3399.95,8-15 days,0,10.0,9.932707919898972,2.1291696542263194,0.0
5992,MCCORMICK DISTILLING CO,10876,2024-06-25,2024-07-01,6.0,575.48,0-7 days,0,10.0,9.932707919898972,2.1291696542263194,-4.0
5992,MCCORMICK DISTILLING CO,10944,2024-06-27,2024-07-09,12.0,8648.95,8-15 days,0,10.0,9.932707919898972,2.1291696542263194,2.0
5992,MCCORMICK DISTILLING CO,11054,2024-07-04,2024-07-16,12.0,8295.51,8-15 days,0,10.0,9.932707919898972,2.1291696542263194,2.0
5992,MCCORMICK DISTILLING CO,11213,2024-07-15,2024-07-23,8.0,7135.19,8-15 days,0,10.0,9.932707919898972,2.1291696542263194,-2.0
5992,MCCORMICK DISTILLING CO,11269,2024-07-19,2024-07-29,10.0,4799.89,8-15 days,0,10.0,9.932707919898972,2.1291696542263194,0.0
5992,MCCORMICK DISTILLING CO,11418,2024-07-29,2024-08-07,9.0,3886.54,8-15 days,0,10.0,9.932707919898972,2.1291696542263194,-1.0
5992,MCCORMICK DISTILLING CO,11480,2024-08-03,2024-08-14,11.0,10267.53,8-15 days,0,10.0,9.932707919898972,2.1291696542263194,1.0
5992,MCCORMICK DISTILLING CO,11530,2024-08-07,2024-08-20,13.0,8491.68,8-15 days,0,10.0,9.932707919898972,2.1291696542263194,3.0
5992,MCCORMICK DISTILLING CO,11675,2024-08-16,2024-08-26,10.0,6983.21,8-15 days,0,10.0,9.932707919898972,2.1291696542263194,0.0
5992,MCCORMICK DISTILLING CO,11812,2024-08-25,2024-09-02,8.0,4938.66,8-15 days,0,10.0,9.932707919898972,2.1291696542263194,-2.0
5992,MCCORMICK DISTILLING CO,11888,2024-08-31,2024-09-09,9.0,5450.03,8-15 days,0,10.0,9.932707919898972,2.1291696542263194,-1.0
5992,MCCORMICK DISTILLING CO,11979,2024-09-06,2024-09-17,11.0,6865.27,8-15 days,0,10.0,9.932707919898972,2.1291696542263194,1.0
5992,MCCORMICK DISTILLING CO,12136,2024-09-16,2024-09-23,7.0,8922.1,0-7 days,0,10.0,9.932707919898972,2.1291696542263194,-3.0
5992,MCCORMICK DISTILLING CO,12154,2024-09-18,2024-09-30,12.0,16373.37,8-15 days,0,10.0,9.932707919898972,2.1291696542263194,2.0
5992,MCCORMICK DISTILLING CO,12319,2024-09-25,2024-10-08,13.0,5980.93,8-15 days,0,10.0,9.932707919898972,2.1291696542263194,3.0
5992,MCCORMICK DISTILLING CO,12447,2024-10-03,2024-10-14,11.0,8317.51,8-15 days,0,10.0,9.932707919898972,2.1291696542263194,1.0
5992,MCCORMICK DISTILLING CO,12576,2024-10-12,2024-10-21,9.0,5598.65,8-15 days,0,10.0,9.932707919898972,2.1291696542263194,-1.0
5992,MCCORMICK DISTILLING CO,12679,2024-10-19,2024-10-28,9.0,5828.15,8-15 days,0,10.0,9.932707919898972,2.1291696542263194,-1.0
5992,MCCORMICK DISTILLING CO,12780,2024-10-26,2024-11-05,10.0,4666.79,8-15 days,0,10.0,9.932707919898972,2.1291696542263194,0.0
5992,MCCORMICK DISTILLING CO,12866,2024-11-01,2024-11-11,10.0,7180.78,8-15 days,0,10.0,9.932707919898972,2.1291696542263194,0.0
5992,MCCORMICK DISTILLING CO,13023,2024-11-11,2024-11-19,8.0,5275.37,8-15 days,0,10.0,9.932707919898972,2.1291696542263194,-2.0
5992,MCCORMICK DISTILLING CO,13072,2024-11-15,2024-11-27,12.0,5021.37,8-15 days,0,10.0,9.932707919898972,2.1291696542263194,2.0
5992,MCCORMICK DISTILLING CO,13230,2024-11-25,2024-12-02,7.0,4887.29,0-7 days,0,10.0,9.932707919898972,2.1291696542263194,-3.0
5992,MCCORMICK DISTILLING CO,13244,2024-11-27,2024-12-11,14.0,6805.29,8-15 days,0,10.0,9.932707919898972,2.1291696542263194,4.0
5992,MCCORMICK DISTILLING CO,13397,2024-12-07,2024-12-17,10.0,10393.61,8-15 days,0,10.0,9.932707919898972,2.1291696542263194,0.0
5992,MCCORMICK DISTILLING CO,13512,2024-12-14,2024-12-24,10.0,12850.25,8-15 days,0,10.0,9.932707919898972,2.1291696542263194,0.0
5992,MCCORMICK DISTILLING CO,13615,2024-12-21,2024-12-31,10.0,7400.07,8-15 days,0,10.0,9.932707919898972,2.1291696542263194,0.0
6213,MHW LTD,8144,2023-12-22,2024-01-02,11.0,4821.83,8-15 days,0,10.0,9.932707919898972,2.1291696542263194,1.0
6213,MHW LTD,8256,2023-12-30,2024-01-09,10.0,28203.48,8-15 days,0,10.0,9.932707919898972,2.1291696542263194,0.0
6213,MHW LTD,8384,2024-01-07,2024-01-16,9.0,28780.68,8-15 days,0,10.0,9.932707919898972,2.1291696542263194,-1.0
6213,MHW LTD,8446,2024-01-12,2024-01-23,11.0,34590.41,8-15 days,0,10.0,9.932707919898972,2.1291696542263194,1.0
6213,MHW LTD,8555,2024-01-20,2024-01-30,10.0,36051.9,8-15 days,0,10.0,9.932707919898972,2.1291696542263194,0.0
6213,MHW LTD,8640,2024-01-26,2024-02-06,11.0,33218.28,8-15 days,0,10.0,9.932707919898972,2.1291696542263194,1.0
6213,MHW LTD,8802,2024-02-05,2024-02-13,8.0,29636.63,8-15 days,0,10.0,9.932707919898972,2.1291696542263194,-2.0
6213,MHW LTD,8882,2024-02-11,2024-02-21,10.0,28959.03,8-15 days,0,10.0,9.932707919898972,2.1291696542263194,0.0
6213,MHW LTD,8933,2024-02-15,2024-02-27,12.0,31105.97,8-15 days,0,10.0,9.932707919898972,2.1291696542263194,2.0
6213,MHW LTD,9089,2024-02-25,2024-03-05,9.0,29660.18,8-15 days,0,10.0,9.932707919898972,2.1291696542263194,-1.0
6213,MHW LTD,9141,2024-02-29,2024-03-12,12.0,30827.07,8-15 days,0,10.0,9.932707919898972,2.1291696542263194,2.0
6213,MHW LTD,9235,2024-03-07,2024-03-20,13.0,22288.34,8-15 days,0,10.0,9.932707919898972,2.1291696542263194,3.0
6213,MHW LTD,9338,2024-03-14,2024-03-26,12.0,24504.72,8-15 days,0,10.0,9.932707919898972,2.1291696542263194,2.0
6213,MHW LTD,9461,2024-03-22,2024-04-02,11.0,19953.38,8-15 days,0,10.0,9.932707919898972,2.1291696542263194,1.0
6213,MHW LTD,9608,2024-04-01,2024-04-08,7.0,19141.7,0-7 days,0,10.0,9.932707919898972,2.1291696542263194,-3.0
6213,MHW LTD,9646,2024-04-04,2024-04-15,11.0,20789.94,8-15 days,0,10.0,9.932707919898972,2.1291696542263194,1.0
6213,MHW LTD,9754,2024-04-12,2024-04-24,12.0,30601.13,8-15 days,0,10.0,9.932707919898972,2.1291696542263194,2.0
6213,MHW LTD,9891,2024-04-21,2024-05-01,10.0,23250.76,8-15 days,0,10.0,9.932707919898972,2.1291696542263194,0.0
6213,MHW LTD,9922,2024-04-24,2024-05-07,13.0,37561.07,8-15 days,0,10.0,9.932707919898972,2.1291696542263194,3.0
6213,MHW LTD,10069,2024-05-04,2024-05-13,9.0,41021.77,8-15 days,0,10.0,9.932707919898972,2.1291696542263194,-1.0
6213,MHW LTD,10159,2024-05-10,2024-05-21,11.0,31475.61,8-15 days,0,10.0,9.932707919898972,2.1291696542263194,1.0
6213,MHW LTD,10300,2024-05-19,2024-05-29,10.0,38953.29,8-15 days,0,10.0,9.932707919898972,2.1291696542263194,0.0
6213,MHW LTD,10352,2024-05-23,2024-06-05,13.0,38355.62,8-15 days,0,10.0,9.932707919898972,2.1291696542263194,3.0
6213,MHW LTD,10502,2024-06-02,2024-06-12,10.0,34555.08,8-15 days,0,10.0,9.932707919898972,2.1291696542263194,0.0
6213,MHW LTD,10604,2024-06-09,2024-06-19,10.0,34966.9,8-15 days,0,10.0,9.932707919898972,2.1291696542263194,0.0
6213,MHW LTD,10706,2024-06-16,2024-06-26,10.0,35388.19,8-15 days,0,10.0,9.932707919898972,2.1291696542263194,0.0
6213,MHW LTD,10821,2024-06-24,2024-06-30,6.0,37328.14,0-7 days,0,10.0,9.932707919898972,2.1291696542263194,-4.0
6213,MHW LTD,10877,2024-06-25,2024-07-02,7.0,7524.75,0-7 days,0,10.0,9.932707919898972,2.1291696542263194,-3.0
6213,MHW LTD,11012,2024-07-01,2024-07-10,9.0,51320.04,8-15 days,0,10.0,9.932707919898972,2.1291696542263194,-1.0
6213,MHW LTD,11034,2024-07-03,2024-07-16,13.0,43667.5,8-15 days,0,10.0,9.932707919898972,2.1291696542263194,3.0
6213,MHW LTD,11146,2024-07-11,2024-07-23,12.0,53623.6,8-15 days,0,10.0,9.932707919898972,2.1291696542263194,2.0
6213,MHW LTD,11233,2024-07-17,2024-07-30,13.0,42887.86,8-15 days,0,10.0,9.932707919898972,2.1291696542263194,3.0
6213,MHW LTD,11333,2024-07-24,2024-08-07,14.0,31012.34,8-15 days,0,10.0,9.932707919898972,2.1291696542263194,4.0
6213,MHW LTD,11481,2024-08-03,2024-08-14,11.0,39142.77,8-15 days,0,10.0,9.932707919898972,2.1291696542263194,1.0
6213,MHW LTD,11531,2024-08-07,2024-08-21,14.0,55450.43,8-15 days,0,10.0,9.932707919898972,2.1291696542263194,4.0
6213,MHW LTD,11660,2024-08-15,2024-08-27,12.0,42990.58,8-15 days,0,10.0,9.932707919898972,2.1291696542263194,2.0
6213,MHW LTD,11758,2024-08-22,2024-09-03,12.0,50706.4,8-15 days,0,10.0,9.932707919898972,2.1291696542263194,2.0
6213,MHW LTD,11889,2024-08-31,2024-09-11,11.0,43543.31,8-15 days,0,10.0,9.932707919898972,2.1291696542263194,1.0
6213,MHW LTD,11963,2024-09-05,2024-09-17,12.0,22750.89,8-15 days,0,10.0,9.932707919898972,2.1291696542263194,2.0
6213,MHW LTD,12095,2024-09-14,2024-09-23,9.0,27864.02,8-15 days,0,10.0,9.932707919898972,2.1291696542263194,-1.0
6213,MHW LTD,12155,2024-09-18,2024-09-30,12.0,32804.7,8-15 days,0,10.0,9.932707919898972,2.1291696542263194,2.0
6213,MHW LTD,12280,2024-09-23,2024-10-01,8.0,775.73,8-15 days,0,10.0,9.932707919898972,2.1291696542263194,-2.0
6213,MHW LTD,12400,2024-09-30,2024-10-07,7.0,26223.82,0-7 days,0,10.0,9.932707919898972,2.1291696542263194,-3.0
6213,MHW LTD,12472,2024-10-05,2024-10-15,10.0,31262.18,8-15 days,0,10.0,9.932707919898972,2.1291696542263194,0.0
6213,MHW LTD,12606,2024-10-14,2024-10-23,9.0,40995.88,8-15 days,0,10.0,9.932707919898972,2.1291696542263194,-1.0
6213,MHW LTD,12640,2024-10-17,2024-10-30,13.0,51773.66,8-15 days,0,10.0,9.932707919898972,2.1291696542263194,3.0
6213,MHW LTD,12758,2024-10-25,2024-11-05,11.0,34361.0,8-15 days,0,10.0,9.932707919898972,2.1291696542263194,1.0
6213,MHW LTD,12916,2024-11-04,2024-11-13,9.0,37011.58,8-15 days,0,10.0,9.932707919898972,2.1291696542263194,-1.0
6213,MHW LTD,12963,2024-11-07,2024-11-19,12.0,37138.78,8-15 days,0,10.0,9.932707919898972,2.1291696542263194,2.0
6213,MHW LTD,13092,2024-11-16,2024-11-27,11.0,29137.82,8-15 days,0,10.0,9.932707919898972,2.1291696542263194,1.0
6213,MHW LTD,13231,2024-11-25,2024-12-03,8.0,47184.87,8-15 days,0,10.0,9.932707919898972,2.1291696542263194,-2.0
6213,MHW LTD,13259,2024-11-28,2024-12-11,13.0,36570.06,8-15 days,0,10.0,9.932707919898972,2.1291696542263194,3.0
6213,MHW LTD,13344,2024-12-04,2024-12-17,13.0,55008.7,8-15 days,0,10.0,9.932707919898972,2.1291696542263194,3.0
6213,MHW LTD,13534,2024-12-15,2024-12-24,9.0,47907.22,8-15 days,0,10.0,9.932707919898972,2.1291696542263194,-1.0
6213,MHW LTD,13653,2024-12-23,2024-12-31,8.0,61701.42,8-15 days,0,10.0,9.932707919898972,2.1291696542263194,-2.0
6215,MOONLIGHT MEADERY,8161,2023-12-23,2024-01-01,9.0,322.04,8-15 days,0,10.0,9.932707919898972,2.1291696542263194,-1.0
6215,MOONLIGHT MEADERY,8279,2023-12-31,2024-01-08,8.0,2521.03,8-15 days,0,10.0,9.932707919898972,2.1291696542263194,-2.0
6215,MOONLIGHT MEADERY,8314,2024-01-03,2024-01-14,11.0,515.76,8-15 days,0,10.0,9.932707919898972,2.1291696542263194,1.0
6215,MOONLIGHT MEADERY,8487,2024-01-15,2024-01-22,7.0,887.16,0-7 days,0,10.0,9.932707919898972,2.1291696542263194,-3.0
6215,MOONLIGHT MEADERY,8556,2024-01-20,2024-01-29,9.0,1001.84,8-15 days,0,10.0,9.932707919898972,2.1291696542263194,-1.0
6215,MOONLIGHT MEADERY,8699,2024-01-29,2024-02-05,7.0,1602.48,0-7 days,0,10.0,9.932707919898972,2.1291696542263194,-3.0
6215,MOONLIGHT MEADERY,8767,2024-02-03,2024-02-12,9.0,571.5,8-15 days,0,10.0,9.932707919898972,2.1291696542263194,-1.0
6215,MOONLIGHT MEADERY,8906,2024-02-12,2024-02-19,7.0,865.54,0-7 days,0,10.0,9.932707919898972,2.1291696542263194,-3.0
6215,MOONLIGHT MEADERY,8934,2024-02-15,2024-02-25,10.0,1079.47,8-15 days,0,10.0,9.932707919898972,2.1291696542263194,0.0
6215,MOONLIGHT MEADERY,9051,2024-02-23,2024-03-04,10.0,646.08,8-15 days,0,10.0,9.932707919898972,2.1291696542263194,0.0
6215,MOONLIGHT MEADERY,9142,2024-02-29,2024-03-12,12.0,968.56,8-15 days,0,10.0,9.932707919898972,2.1291696542263194,2.0
6215,MOONLIGHT MEADERY,9289,2024-03-10,2024-03-18,8.0,333.84,8-15 days,0,10.0,9.932707919898972,2.1291696542263194,-2.0
6215,MOONLIGHT MEADERY,9378,2024-03-17,2024-03-25,8.0,619.68,8-15 days,0,10.0,9.932707919898972,2.1291696542263194,-2.0
6215,MOONLIGHT MEADERY,9424,2024-03-20,2024-04-01,12.0,545.96,8-15 days,0,10.0,9.932707919898972,2.1291696542263194,2.0
6215,MOONLIGHT MEADERY,9528,2024-03-27,2024-04-07,11.0,622.56,8-15 days,0,10.0,9.932707919898972,2.1291696542263194,1.0
6215,MOONLIGHT MEADERY,9711,2024-04-08,2024-04-15,7.0,1172.72,0-7 days,0,10.0,9.932707919898972,2.1291696542263194,-3.0
6215,MOONLIGHT MEADERY,9777,2024-04-13,2024-04-22,9.0,649.68,8-15 days,0,10.0,9.932707919898972,2.1291696542263194,-1.0
6215,MOONLIGHT MEADERY,9824,2024-04-17,2024-04-30,13.0,1071.48,8-15 days,0,10.0,9.932707919898972,2.1291696542263194,3.0
6215,MOONLIGHT MEADERY,9991,2024-04-28,2024-05-07,9.0,1081.68,8-15 days,0,10.0,9.932707919898972,2.1291696542263194,-1.0
6215,MOONLIGHT MEADERY,10044,2024-05-02,2024-05-10,8.0,202.56,8-15 days,0,10.0,9.932707919898972,2.1291696542263194,-2.0
6215,MOONLIGHT MEADERY,10178,2024-05-11,2024-05-20,9.0,357.27,8-15 days,0,10.0,9.932707919898972,2.1291696542263194,-1.0
6215,MOONLIGHT MEADERY,10316,2024-05-20,2024-05-26,6.0,1283.2,0-7 days,0,10.0,9.932707919898972,2.1291696542263194,-4.0
6215,MOONLIGHT MEADERY,10366,2024-05-24,2024-06-03,10.0,1341.13,8-15 days,0,10.0,9.932707919898972,2.1291696542263194,0.0
6215,MOONLIGHT MEADERY,10523,2024-06-03,2024-06-09,6.0,9742.28,0-7 days,0,10.0,9.932707919898972,2.1291696542263194,-4.0
6215,MOONLIGHT MEADERY,10605,2024-06-09,2024-06-18,9.0,4230.79,8-15 days,0,10.0,9.932707919898972,2.1291696542263194,-1.0
6215,MOONLIGHT MEADERY,10658,2024-06-13,2024-06-24,11.0,2262.69,8-15 days,0,10.0,9.932707919898972,2.1291696542263194,1.0
6215,MOONLIGHT MEADERY,10822,2024-06-24,2024-06-30,6.0,1147.77,0-7 days,0,10.0,9.932707919898972,2.1291696542263194,-4.0
6215,MOONLIGHT MEADERY,10879,2024-06-25,2024-07-01,6.0,424.71,0-7 days,0,10.0,9.932707919898972,2.1291696542263194,-4.0
6215,MOONLIGHT MEADERY,10990,2024-06-30,2024-07-08,8.0,1495.68,8-15 days,0,10.0,9.932707919898972,2.1291696542263194,-2.0
6215,MOONLIGHT MEADERY,11115,2024-07-08,2024-07-15,7.0,1271.2,0-7 days,0,10.0,9.932707919898972,2.1291696542263194,-3.0
6215,MOONLIGHT MEADERY,11198,2024-07-14,2024-07-22,8.0,764.88,8-15 days,0,10.0,9.932707919898972,2.1291696542263194,-2.0
6215,MOONLIGHT MEADERY,11270,2024-07-19,2024-07-30,11.0,1559.5,8-15 days,0,10.0,9.932707919898972,2.1291696542263194,1.0
6215,MOONLIGHT MEADERY,11353,2024-07-25,2024-08-05,11.0,1039.52,8-15 days,0,10.0,9.932707919898972,2.1291696542263194,1.0
6215,MOONLIGHT MEADERY,11436,2024-07-31,2024-08-11,11.0,936.8,8-15 days,0,10.0,9.932707919898972,2.1291696542263194,1.0
6215,MOONLIGHT MEADERY,11615,2024-08-11,2024-08-21,10.0,2699.32,8-15 days,0,10.0,9.932707919898972,2.1291696542263194,0.0
6215,MOONLIGHT MEADERY,11676,2024-08-16,2024-08-26,10.0,1484.91,8-15 days,0,10.0,9.932707919898972,2.1291696542263194,0.0
6215,MOONLIGHT MEADERY,11759,2024-08-22,2024-09-01,10.0,1481.68,8-15 days,0,10.0,9.932707919898972,2.1291696542263194,0.0
6215,MOONLIGHT MEADERY,11871,2024-08-30,2024-09-08,9.0,1171.36,8-15 days,0,10.0,9.932707919898972,2.1291696542263194,-1.0
6215,MOONLIGHT MEADERY,11945,2024-09-04,2024-09-15,11.0,1262.62,8-15 days,0,10.0,9.932707919898972,2.1291696542263194,1.0
6215,MOONLIGHT MEADERY,12097,2024-09-14,2024-09-23,9.0,1099.76,8-15 days,0,10.0,9.932707919898972,2.1291696542263194,-1.0
6215,MOONLIGHT MEADERY,12156,2024-09-18,2024-09-30,12.0,1180.83,8-15 days,0,10.0,9.932707919898972,2.1291696542263194,2.0
6215,MOONLIGHT MEADERY,12401,2024-09-30,2024-10-07,7.0,2662.68,0-7 days,0,10.0,9.932707919898972,2.1291696542263194,-3.0
6215,MOONLIGHT MEADERY,12427,2024-10-02,2024-10-14,12.0,1195.06,8-15 days,0,10.0,9.932707919898972,2.1291696542263194,2.0
6215,MOONLIGHT MEADERY,12607,2024-10-14,2024-10-21,7.0,954.0,0-7 days,0,10.0,9.932707919898972,2.1291696542263194,-3.0
6215,MOONLIGHT MEADERY,12712,2024-10-21,2024-10-28,7.0,979.79,0-7 days,0,10.0,9.932707919898972,2.1291696542263194,-3.0
6215,MOONLIGHT MEADERY,12818,2024-10-28,2024-11-03,6.0,528.6,0-7 days,0,10.0,9.932707919898972,2.1291696542263194,-4.0
6215,MOONLIGHT MEADERY,12833,2024-10-30,2024-11-11,12.0,751.2,8-15 days,0,10.0,9.932707919898972,2.1291696542263194,2.0
6215,MOONLIGHT MEADERY,12964,2024-11-07,2024-11-18,11.0,634.11,8-15 days,0,10.0,9.932707919898972,2.1291696542263194,1.0
6215,MOONLIGHT MEADERY,13037,2024-11-13,2024-11-27,14.0,963.16,8-15 days,0,10.0,9.932707919898972,2.1291696542263194,4.0
6215,MOONLIGHT MEADERY,13192,2024-11-23,2024-12-02,9.0,1082.16,8-15 days,0,10.0,9.932707919898972,2.1291696542263194,-1.0
6215,MOONLIGHT MEADERY,13308,2024-12-01,2024-12-09,8.0,829.16,8-15 days,0,10.0,9.932707919898972,2.1291696542263194,-2.0
6215,MOONLIGHT MEADERY,13380,2024-12-06,2024-12-17,11.0,754.37,8-15 days,0,10.0,9.932707919898972,2.1291696542263194,1.0
6215,MOONLIGHT MEADERY,13513,2024-12-14,2024-12-24,10.0,1794.29,8-15 days,0,10.0,9.932707919898972,2.1291696542263194,0.0
6215,MOONLIGHT MEADERY,13655,2024-12-23,2024-12-31,8.0,2709.49,8-15 days,0,10.0,9.932707919898972,2.1291696542263194,-2.0
6280,UNCORKED,8546,2024-01-19,2024-01-29,10.0,22.36,8-15 days,0,10.0,9.932707919898972,2.1291696542263194,0.0
6280,UNCORKED,11620,2024-08-11,2024-08-17,6.0,1490.88,0-7 days,0,10.0,9.932707919898972,2.1291696542263194,-4.0
6280,UNCORKED,11988,2024-09-06,2024-09-16,10.0,546.0,8-15 days,0,10.0,9.932707919898972,2.1291696542263194,0.0
6280,UNCORKED,12667,2024-10-18,2024-10-27,9.0,118.74,8-15 days,0,10.0,9.932707919898972,2.1291696542263194,-1.0
6280,UNCORKED,13116,2024-11-17,2024-11-25,8.0,353.4,8-15 days,0,10.0,9.932707919898972,2.1291696542263194,-2.0
6280,UNCORKED,13144,2024-11-20,2024-12-02,12.0,391.63,8-15 days,0,10.0,9.932707919898972,2.1291696542263194,2.0
6280,UNCORKED,13551,2024-12-16,2024-12-22,6.0,43.3,0-7 days,0,10.0,9.932707919898972,2.1291696542263194,-4.0
6355,NICHE W & S,8162,2023-12-23,2024-01-02,10.0,425.1,8-15 days,0,10.0,9.932707919898972,2.1291696542263194,0.0
6355,NICHE W & S,8243,2023-12-29,2024-01-08,10.0,1225.58,8-15 days,0,10.0,9.932707919898972,2.1291696542263194,0.0
6355,NICHE W & S,8385,2024-01-07,2024-01-15,8.0,482.76,8-15 days,0,10.0,9.932707919898972,2.1291696542263194,-2.0
6355,NICHE W & S,8477,2024-01-14,2024-01-22,8.0,1297.48,8-15 days,0,10.0,9.932707919898972,2.1291696542263194,-2.0
6355,NICHE W & S,8593,2024-01-22,2024-01-29,7.0,839.44,0-7 days,0,10.0,9.932707919898972,2.1291696542263194,-3.0
6355,NICHE W & S,8641,2024-01-26,2024-02-04,9.0,1215.04,8-15 days,0,10.0,9.932707919898972,2.1291696542263194,-1.0
6355,NICHE W & S,8787,2024-02-04,2024-02-12,8.0,472.08,8-15 days,0,10.0,9.932707919898972,2.1291696542263194,-2.0
6355,NICHE W & S,8907,2024-02-12,2024-02-15,3.0,106.82,0-7 days,0,10.0,9.932707919898972,2.1291696542263194,-7.0
6355,NICHE W & S,8988,2024-02-18,2024-02-27,9.0,195.02,8-15 days,0,10.0,9.932707919898972,2.1291696542263194,-1.0
6355,NICHE W & S,9026,2024-02-21,2024-03-04,12.0,89.88,8-15 days,0,10.0,9.932707919898972,2.1291696542263194,2.0
6355,NICHE W & S,9204,2024-03-04,2024-03-11,7.0,305.2,0-7 days,0,10.0,9.932707919898972,2.1291696542263194,-3.0
6355,NICHE W & S,9219,2024-03-06,2024-03-18,12.0,91.56,8-15 days,0,10.0,9.932707919898972,2.1291696542263194,2.0
6355,NICHE W & S,9400,2024-03-18,2024-03-23,5.0,183.12,0-7 days,0,10.0,9.932707919898972,2.1291696542263194,-5.0
6355,NICHE W & S,9439,2024-03-21,2024-04-02,12.0,374.78,8-15 days,0,10.0,9.932707919898972,2.1291696542263194,2.0
6355,NICHE W & S,9574,2024-03-30,2024-04-08,9.0,4572.82,8-15 days,0,10.0,9.932707919898972,2.1291696542263194,-1.0
6355,NICHE W & S,9685,2024-04-06,2024-04-14,8.0,1014.3,8-15 days,0,10.0,9.932707919898972,2.1291696542263194,-2.0
6355,NICHE W & S,9778,2024-04-13,2024-04-21,8.0,870.66,8-15 days,0,10.0,9.932707919898972,2.1291696542263194,-2.0
6355,NICHE W & S,9892,2024-04-21,2024-04-29,8.0,786.94,8-15 days,0,10.0,9.932707919898972,2.1291696542263194,-2.0
6355,NICHE W & S,10012,2024-04-29,2024-05-05,6.0,514.5,0-7 days,0,10.0,9.932707919898972,2.1291696542263194,-4.0
6355,NICHE W & S,10070,2024-05-04,2024-05-13,9.0,690.9,8-15 days,0,10.0,9.932707919898972,2.1291696542263194,-1.0
6355,NICHE W & S,10137,2024-05-09,2024-05-20,11.0,1017.66,8-15 days,0,10.0,9.932707919898972,2.1291696542263194,1.0
6355,NICHE W & S,10230,2024-05-15,2024-05-27,12.0,475.44,8-15 days,0,10.0,9.932707919898972,2.1291696542263194,2.0
6355,NICHE W & S,10367,2024-05-24,2024-06-03,10.0,1144.22,8-15 days,0,10.0,9.932707919898972,2.1291696542263194,0.0
6355,NICHE W & S,10489,2024-06-01,2024-06-10,9.0,955.5,8-15 days,0,10.0,9.932707919898972,2.1291696542263194,-1.0
6355,NICHE W & S,10623,2024-06-10,2024-06-17,7.0,352.8,0-7 days,0,10.0,9.932707919898972,2.1291696542263194,-3.0
6355,NICHE W & S,10636,2024-06-12,2024-06-24,12.0,735.0,8-15 days,0,10.0,9.932707919898972,2.1291696542263194,2.0
6355,NICHE W & S,10802,2024-06-23,2024-06-29,6.0,161.7,0-7 days,0,10.0,9.932707919898972,2.1291696542263194,-4.0
6355,NICHE W & S,10880,2024-06-25,2024-07-03,8.0,176.4,8-15 days,0,10.0,9.932707919898972,2.1291696542263194,-2.0
6355,NICHE W & S,10958,2024-06-28,2024-07-08,10.0,1146.6,8-15 days,0,10.0,9.932707919898972,2.1291696542263194,0.0
6355,NICHE W & S,11055,2024-07-04,2024-07-16,12.0,602.7,8-15 days,0,10.0,9.932707919898972,2.1291696542263194,2.0
6355,NICHE W & S,11167,2024-07-12,2024-07-22,10.0,1264.2,8-15 days,0,10.0,9.932707919898972,2.1291696542263194,0.0
6355,NICHE W & S,11304,2024-07-21,2024-07-30,9.0,955.5,8-15 days,0,10.0,9.932707919898972,2.1291696542263194,-1.0
6355,NICHE W & S,11399,2024-07-28,2024-08-05,8.0,779.1,8-15 days,0,10.0,9.932707919898972,2.1291696542263194,-2.0
6355,NICHE W & S,11467,2024-08-02,2024-08-12,10.0,882.0,8-15 days,0,10.0,9.932707919898972,2.1291696542263194,0.0
6355,NICHE W & S,11628,2024-08-12,2024-08-20,8.0,1131.9,8-15 days,0,10.0,9.932707919898972,2.1291696542263194,-2.0
6355,NICHE W & S,11677,2024-08-16,2024-08-25,9.0,543.9,8-15 days,0,10.0,9.932707919898972,2.1291696542263194,-1.0
6355,NICHE W & S,11782,2024-08-23,2024-09-02,10.0,515.06,8-15 days,0,10.0,9.932707919898972,2.1291696542263194,0.0
6355,NICHE W & S,11890,2024-08-31,2024-09-09,9.0,1087.8,8-15 days,0,10.0,9.932707919898972,2.1291696542263194,-1.0
6355,NICHE W & S,11964,2024-09-05,2024-09-16,11.0,2886.06,8-15 days,0,10.0,9.932707919898972,2.1291696542263194,1.0
6355,NICHE W & S,12048,2024-09-11,2024-09-23,12.0,6490.62,8-15 days,0,10.0,9.932707919898972,2.1291696542263194,2.0
6355,NICHE W & S,12244,2024-09-23,2024-09-30,7.0,42729.12,0-7 days,0,10.0,9.932707919898972,2.1291696542263194,-3.0
6355,NICHE W & S,12282,2024-09-23,2024-10-01,8.0,468.48,8-15 days,0,10.0,9.932707919898972,2.1291696542263194,-2.0
6355,NICHE W & S,12342,2024-09-26,2024-10-07,11.0,2901.96,8-15 days,0,10.0,9.932707919898972,2.1291696542263194,1.0
6355,NICHE W & S,12473,2024-10-05,2024-10-14,9.0,1510.08,8-15 days,0,10.0,9.932707919898972,2.1291696542263194,-1.0
6355,NICHE W & S,12526,2024-10-09,2024-10-22,13.0,2521.68,8-15 days,0,10.0,9.932707919898972,2.1291696542263194,3.0
6355,NICHE W & S,12713,2024-10-21,2024-10-27,6.0,993.36,0-7 days,0,10.0,9.932707919898972,2.1291696542263194,-4.0
6355,NICHE W & S,12796,2024-10-27,2024-11-05,9.0,1643.61,8-15 days,0,10.0,9.932707919898972,2.1291696542263194,-1.0
6355,NICHE W & S,12880,2024-11-02,2024-11-10,8.0,1895.96,8-15 days,0,10.0,9.932707919898972,2.1291696542263194,-2.0
6355,NICHE W & S,13005,2024-11-10,2024-11-18,8.0,2295.42,8-15 days,0,10.0,9.932707919898972,2.1291696542263194,-2.0
6355,NICHE W & S,13109,2024-11-17,2024-11-26,9.0,1562.51,8-15 days,0,10.0,9.932707919898972,2.1291696542263194,-1.0
6355,NICHE W & S,13140,2024-11-20,2024-12-02,12.0,2524.39,8-15 days,0,10.0,9.932707919898972,2.1291696542263194,2.0
6355,NICHE W & S,13260,2024-11-28,2024-12-11,13.0,1819.27,8-15 days,0,10.0,9.932707919898972,2.1291696542263194,3.0
6355,NICHE W & S,13399,2024-12-07,2024-12-17,10.0,3483.87,8-15 days,0,10.0,9.932707919898972,2.1291696542263194,0.0
6355,NICHE W & S,13454,2024-12-11,2024-12-24,13.0,2993.96,8-15 days,0,10.0,9.932707919898972,2.1291696542263194,3.0
6355,NICHE W & S,13656,2024-12-23,2024-12-31,8.0,2629.96,8-15 days,0,10.0,9.932707919898972,2.1291696542263194,-2.0
6359,OLE SMOKY DISTILLERY LLC,8131,2023-12-21,2024-01-02,12.0,1914.01,8-15 days,0,10.0,9.932707919898972,2.1291696542263194,2.0
6359,OLE SMOKY DISTILLERY LLC,8297,2024-01-01,2024-01-08,7.0,3771.17,0-7 days,0,10.0,9.932707919898972,2.1291696542263194,-3.0
6359,OLE SMOKY DISTILLERY LLC,8332,2024-01-04,2024-01-15,11.0,1650.38,8-15 days,0,10.0,9.932707919898972,2.1291696542263194,1.0
6359,OLE SMOKY DISTILLERY LLC,8488,2024-01-15,2024-01-22,7.0,2172.47,0-7 days,0,10.0,9.932707919898972,2.1291696542263194,-3.0
6359,OLE SMOKY DISTILLERY LLC,8581,2024-01-21,2024-01-29,8.0,2196.54,8-15 days,0,10.0,9.932707919898972,2.1291696542263194,-2.0
6359,OLE SMOKY DISTILLERY LLC,8627,2024-01-25,2024-02-05,11.0,6079.83,8-15 days,0,10.0,9.932707919898972,2.1291696542263194,1.0
6359,OLE SMOKY DISTILLERY LLC,8713,2024-01-31,2024-02-12,12.0,2826.79,8-15 days,0,10.0,9.932707919898972,2.1291696542263194,2.0
6359,OLE SMOKY DISTILLERY LLC,8850,2024-02-09,2024-02-21,12.0,4503.53,8-15 days,0,10.0,9.932707919898972,2.1291696542263194,2.0
6359,OLE SMOKY DISTILLERY LLC,8955,2024-02-16,2024-02-26,10.0,3206.09,8-15 days,0,10.0,9.932707919898972,2.1291696542263194,0.0
6359,OLE SMOKY DISTILLERY LLC,9027,2024-02-21,2024-03-04,12.0,2116.62,8-15 days,0,10.0,9.932707919898972,2.1291696542263194,2.0
6359,OLE SMOKY DISTILLERY LLC,9188,2024-03-03,2024-03-11,8.0,3053.3,8-15 days,0,10.0,9.932707919898972,2.1291696542263194,-2.0
6359,OLE SMOKY DISTILLERY LLC,9220,2024-03-06,2024-03-18,12.0,2740.27,8-15 days,0,10.0,9.932707919898972,2.1291696542263194,2.0
6359,OLE SMOKY DISTILLERY LLC,9352,2024-03-15,2024-03-25,10.0,1783.42,8-15 days,0,10.0,9.932707919898972,2.1291696542263194,0.0
6359,OLE SMOKY DISTILLERY LLC,9425,2024-03-20,2024-04-02,13.0,19999.61,8-15 days,0,10.0,9.932707919898972,2.1291696542263194,3.0
6359,OLE SMOKY DISTILLERY LLC,9540,2024-03-28,2024-04-08,11.0,2445.41,8-15 days,0,10.0,9.932707919898972,2.1291696542263194,1.0
6359,OLE SMOKY DISTILLERY LLC,9629,2024-04-03,2024-04-15,12.0,2199.06,8-15 days,0,10.0,9.932707919898972,2.1291696542263194,2.0
6359,OLE SMOKY DISTILLERY LLC,9744,2024-04-11,2024-04-23,12.0,39590.28,8-15 days,0,10.0,9.932707919898972,2.1291696542263194,2.0
6359,OLE SMOKY DISTILLERY LLC,9893,2024-04-21,2024-04-29,8.0,5425.07,8-15 days,0,10.0,9.932707919898972,2.1291696542263194,-2.0
6359,OLE SMOKY DISTILLERY LLC,9941,2024-04-25,2024-05-07,12.0,30002.72,8-15 days,0,10.0,9.932707919898972,2.1291696542263194,2.0
6359,OLE SMOKY DISTILLERY LLC,10045,2024-05-02,2024-05-13,11.0,1035.37,8-15 days,0,10.0,9.932707919898972,2.1291696542263194,1.0
6359,OLE SMOKY DISTILLERY LLC,10160,2024-05-10,2024-05-20,10.0,6827.15,8-15 days,0,10.0,9.932707919898972,2.1291696542263194,0.0
6359,OLE SMOKY DISTILLERY LLC,10302,2024-05-19,2024-05-28,9.0,3385.74,8-15 days,0,10.0,9.932707919898972,2.1291696542263194,-1.0
6359,OLE SMOKY DISTILLERY LLC,10385,2024-05-25,2024-06-05,11.0,2649.54,8-15 days,0,10.0,9.932707919898972,2.1291696542263194,1.0
6359,OLE SMOKY DISTILLERY LLC,10455,2024-05-30,2024-06-12,13.0,4399.24,8-15 days,0,10.0,9.932707919898972,2.1291696542263194,3.0
6359,OLE SMOKY DISTILLERY LLC,10624,2024-06-10,2024-06-17,7.0,2502.63,0-7 days,0,10.0,9.932707919898972,2.1291696542263194,-3.0
6359,OLE SMOKY DISTILLERY LLC,10722,2024-06-17,2024-06-26,9.0,2032.22,8-15 days,0,10.0,9.932707919898972,2.1291696542263194,-1.0
6359,OLE SMOKY DISTILLERY LLC,10743,2024-06-19,2024-06-30,11.0,2080.9,8-15 days,0,10.0,9.932707919898972,2.1291696542263194,1.0
6359,OLE SMOKY DISTILLERY LLC,10881,2024-06-25,2024-07-01,6.0,312.99,0-7 days,0,10.0,9.932707919898972,2.1291696542263194,-4.0
6359,OLE SMOKY DISTILLERY LLC,11013,2024-07-01,2024-07-08,7.0,2953.04,0-7 days,0,10.0,9.932707919898972,2.1291696542263194,-3.0
6359,OLE SMOKY DISTILLERY LLC,11056,2024-07-04,2024-07-16,12.0,3181.44,8-15 days,0,10.0,9.932707919898972,2.1291696542263194,2.0
6359,OLE SMOKY DISTILLERY LLC,11175,2024-07-13,2024-07-23,10.0,26093.01,8-15 days,0,10.0,9.932707919898972,2.1291696542263194,0.0
6359,OLE SMOKY DISTILLERY LLC,11290,2024-07-20,2024-07-30,10.0,7588.29,8-15 days,0,10.0,9.932707919898972,2.1291696542263194,0.0
6359,OLE SMOKY DISTILLERY LLC,11369,2024-07-26,2024-08-07,12.0,7346.36,8-15 days,0,10.0,9.932707919898972,2.1291696542263194,2.0
6359,OLE SMOKY DISTILLERY LLC,11512,2024-08-05,2024-08-14,9.0,9137.04,8-15 days,0,10.0,9.932707919898972,2.1291696542263194,-1.0
6359,OLE SMOKY DISTILLERY LLC,11533,2024-08-07,2024-08-20,13.0,6533.25,8-15 days,0,10.0,9.932707919898972,2.1291696542263194,3.0
6359,OLE SMOKY DISTILLERY LLC,11643,2024-08-14,2024-08-26,12.0,5319.1,8-15 days,0,10.0,9.932707919898972,2.1291696542263194,2.0
6359,OLE SMOKY DISTILLERY LLC,11736,2024-08-21,2024-09-03,13.0,2950.88,8-15 days,0,10.0,9.932707919898972,2.1291696542263194,3.0
6359,OLE SMOKY DISTILLERY LLC,11872,2024-08-30,2024-09-09,10.0,3589.19,8-15 days,0,10.0,9.932707919898972,2.1291696542263194,0.0
6359,OLE SMOKY DISTILLERY LLC,11980,2024-09-06,2024-09-16,10.0,1908.87,8-15 days,0,10.0,9.932707919898972,2.1291696542263194,0.0
6359,OLE SMOKY DISTILLERY LLC,12068,2024-09-12,2024-09-23,11.0,2377.74,8-15 days,0,10.0,9.932707919898972,2.1291696542263194,1.0
6359,OLE SMOKY DISTILLERY LLC,12157,2024-09-18,2024-09-30,12.0,6722.15,8-15 days,0,10.0,9.932707919898972,2.1291696542263194,2.0
6359,OLE SMOKY DISTILLERY LLC,12385,2024-09-29,2024-10-08,9.0,4817.68,8-15 days,0,10.0,9.932707919898972,2.1291696542263194,-1.0
6359,OLE SMOKY DISTILLERY LLC,12428,2024-10-02,2024-10-14,12.0,7476.53,8-15 days,0,10.0,9.932707919898972,2.1291696542263194,2.0
6359,OLE SMOKY DISTILLERY LLC,12591,2024-10-13,2024-10-22,9.0,6828.13,8-15 days,0,10.0,9.932707919898972,2.1291696542263194,-1.0
6359,OLE SMOKY DISTILLERY LLC,12680,2024-10-19,2024-10-29,10.0,2157.87,8-15 days,0,10.0,9.932707919898972,2.1291696542263194,0.0
6359,OLE SMOKY DISTILLERY LLC,12797,2024-10-27,2024-11-04,8.0,4431.85,8-15 days,0,10.0,9.932707919898972,2.1291696542263194,-2.0
6359,OLE SMOKY DISTILLERY LLC,12867,2024-11-01,2024-11-12,11.0,27895.85,8-15 days,0,10.0,9.932707919898972,2.1291696542263194,1.0
6359,OLE SMOKY DISTILLERY LLC,12982,2024-11-08,2024-11-19,11.0,9737.0,8-15 days,0,10.0,9.932707919898972,2.1291696542263194,1.0
6359,OLE SMOKY DISTILLERY LLC,13124,2024-11-18,2024-11-27,9.0,11880.42,8-15 days,0,10.0,9.932707919898972,2.1291696542263194,-1.0
6359,OLE SMOKY DISTILLERY LLC,13141,2024-11-20,2024-12-03,13.0,11999.0,8-15 days,0,10.0,9.932707919898972,2.1291696542263194,3.0
6359,OLE SMOKY DISTILLERY LLC,13296,2024-11-30,2024-12-09,9.0,11468.75,8-15 days,0,10.0,9.932707919898972,2.1291696542263194,-1.0
6359,OLE SMOKY DISTILLERY LLC,13381,2024-12-06,2024-12-17,11.0,14676.05,8-15 days,0,10.0,9.932707919898972,2.1291696542263194,1.0
6359,OLE SMOKY DISTILLERY LLC,13492,2024-12-13,2024-12-24,11.0,15782.66,8-15 days,0,10.0,9.932707919898972,2.1291696542263194,1.0
6359,OLE SMOKY DISTILLERY LLC,13578,2024-12-19,2024-12-31,12.0,9868.19,8-15 days,0,10.0,9.932707919898972,2.1291696542263194,2.0
6785,PALM BAY INTERNATIONAL INC,8114,2023-12-20,2024-01-03,14.0,5533.18,8-15 days,0,10.0,9.932707919898972,2.1291696542263194,4.0
6785,PALM BAY INTERNATIONAL INC,8225,2023-12-28,2024-01-09,12.0,36300.57,8-15 days,0,10.0,9.932707919898972,2.1291696542263194,2.0
6785,PALM BAY INTERNATIONAL INC,8333,2024-01-04,2024-01-15,11.0,29047.82,8-15 days,0,10.0,9.932707919898972,2.1291696542263194,1.0
6785,PALM BAY INTERNATIONAL INC,8478,2024-01-14,2024-01-24,10.0,27284.42,8-15 days,0,10.0,9.932707919898972,2.1291696542263194,0.0
6785,PALM BAY INTERNATIONAL INC,8582,2024-01-21,2024-01-31,10.0,32656.36,8-15 days,0,10.0,9.932707919898972,2.1291696542263194,0.0
6785,PALM BAY INTERNATIONAL INC,8662,2024-01-27,2024-02-07,11.0,34440.23,8-15 days,0,10.0,9.932707919898972,2.1291696542263194,1.0
6785,PALM BAY INTERNATIONAL INC,8728,2024-02-01,2024-02-13,12.0,28262.94,8-15 days,0,10.0,9.932707919898972,2.1291696542263194,2.0
6785,PALM BAY INTERNATIONAL INC,8833,2024-02-08,2024-02-21,13.0,35717.39,8-15 days,0,10.0,9.932707919898972,2.1291696542263194,3.0
6785,PALM BAY INTERNATIONAL INC,9003,2024-02-19,2024-02-28,9.0,69269.69,8-15 days,0,10.0,9.932707919898972,2.1291696542263194,-1.0
6785,PALM BAY INTERNATIONAL INC,9090,2024-02-25,2024-03-05,9.0,48878.76,8-15 days,0,10.0,9.932707919898972,2.1291696542263194,-1.0
6785,PALM BAY INTERNATIONAL INC,9143,2024-02-29,2024-03-12,12.0,39056.87,8-15 days,0,10.0,9.932707919898972,2.1291696542263194,2.0
6785,PALM BAY INTERNATIONAL INC,9221,2024-03-06,2024-03-19,13.0,41486.04,8-15 days,0,10.0,9.932707919898972,2.1291696542263194,3.0
6785,PALM BAY INTERNATIONAL INC,9324,2024-03-13,2024-03-26,13.0,35641.12,8-15 days,0,10.0,9.932707919898972,2.1291696542263194,3.0
6785,PALM BAY INTERNATIONAL INC,9482,2024-03-23,2024-04-03,11.0,45570.33,8-15 days,0,10.0,9.932707919898972,2.1291696542263194,1.0
6785,PALM BAY INTERNATIONAL INC,9541,2024-03-28,2024-04-10,13.0,33016.61,8-15 days,0,10.0,9.932707919898972,2.1291696542263194,3.0
6785,PALM BAY INTERNATIONAL INC,9630,2024-04-03,2024-04-17,14.0,30326.25,8-15 days,0,10.0,9.932707919898972,2.1291696542263194,4.0
6785,PALM BAY INTERNATIONAL INC,9724,2024-04-10,2024-04-24,14.0,37130.96,8-15 days,0,10.0,9.932707919898972,2.1291696542263194,4.0
6785,PALM BAY INTERNATIONAL INC,9913,2024-04-22,2024-04-30,8.0,86137.91,8-15 days,0,10.0,9.932707919898972,2.1291696542263194,-2.0
6785,PALM BAY INTERNATIONAL INC,10013,2024-04-29,2024-05-07,8.0,61355.19,8-15 days,0,10.0,9.932707919898972,2.1291696542263194,-2.0
6785,PALM BAY INTERNATIONAL INC,10106,2024-05-06,2024-05-13,7.0,81036.5,0-7 days,0,10.0,9.932707919898972,2.1291696542263194,-3.0
6785,PALM BAY INTERNATIONAL INC,10211,2024-05-13,2024-05-21,8.0,76108.23,8-15 days,0,10.0,9.932707919898972,2.1291696542263194,-2.0
6785,PALM BAY INTERNATIONAL INC,10283,2024-05-18,2024-05-28,10.0,74420.03,8-15 days,0,10.0,9.932707919898972,2.1291696542263194,0.0
6785,PALM BAY INTERNATIONAL INC,10421,2024-05-27,2024-06-05,9.0,50155.13,8-15 days,0,10.0,9.932707919898972,2.1291696542263194,-1.0
6785,PALM BAY INTERNATIONAL INC,10439,2024-05-29,2024-06-12,14.0,34957.81,8-15 days,0,10.0,9.932707919898972,2.1291696542263194,4.0
6785,PALM BAY INTERNATIONAL INC,10554,2024-06-06,2024-06-19,13.0,30269.07,8-15 days,0,10.0,9.932707919898972,2.1291696542263194,3.0
6785,PALM BAY INTERNATIONAL INC,10707,2024-06-16,2024-06-26,10.0,30798.55,8-15 days,0,10.0,9.932707919898972,2.1291696542263194,0.0
6785,PALM BAY INTERNATIONAL INC,10759,2024-06-20,2024-06-30,10.0,36372.01,8-15 days,0,10.0,9.932707919898972,2.1291696542263194,0.0
6785,PALM BAY INTERNATIONAL INC,10882,2024-06-25,2024-07-03,8.0,9317.92,8-15 days,0,10.0,9.932707919898972,2.1291696542263194,-2.0
6785,PALM BAY INTERNATIONAL INC,11014,2024-07-01,2024-07-09,8.0,49256.66,8-15 days,0,10.0,9.932707919898972,2.1291696542263194,-2.0
6785,PALM BAY INTERNATIONAL INC,11057,2024-07-04,2024-07-17,13.0,51599.53,8-15 days,0,10.0,9.932707919898972,2.1291696542263194,3.0
6785,PALM BAY INTERNATIONAL INC,11199,2024-07-14,2024-07-23,9.0,50368.54,8-15 days,0,10.0,9.932707919898972,2.1291696542263194,-1.0
6785,PALM BAY INTERNATIONAL INC,11271,2024-07-19,2024-07-31,12.0,79500.55,8-15 days,0,10.0,9.932707919898972,2.1291696542263194,2.0
6785,PALM BAY INTERNATIONAL INC,11370,2024-07-26,2024-08-07,12.0,71478.74,8-15 days,0,10.0,9.932707919898972,2.1291696542263194,2.0
6785,PALM BAY INTERNATIONAL INC,11450,2024-08-01,2024-08-14,13.0,69971.92,8-15 days,0,10.0,9.932707919898972,2.1291696542263194,3.0
6785,PALM BAY INTERNATIONAL INC,11596,2024-08-10,2024-08-21,11.0,101836.95,8-15 days,0,10.0,9.932707919898972,2.1291696542263194,1.0
6785,PALM BAY INTERNATIONAL INC,11678,2024-08-16,2024-08-27,11.0,59530.9,8-15 days,0,10.0,9.932707919898972,2.1291696542263194,1.0
6785,PALM BAY INTERNATIONAL INC,11824,2024-08-26,2024-09-04,9.0,75132.56,8-15 days,0,10.0,9.932707919898972,2.1291696542263194,-1.0
6785,PALM BAY INTERNATIONAL INC,11929,2024-09-02,2024-09-10,8.0,70930.89,8-15 days,0,10.0,9.932707919898972,2.1291696542263194,-2.0
6785,PALM BAY INTERNATIONAL INC,11965,2024-09-05,2024-09-18,13.0,54770.28,8-15 days,0,10.0,9.932707919898972,2.1291696542263194,3.0
6785,PALM BAY INTERNATIONAL INC,12083,2024-09-13,2024-09-23,10.0,47909.01,8-15 days,0,10.0,9.932707919898972,2.1291696542263194,0.0
6785,PALM BAY INTERNATIONAL INC,12158,2024-09-18,2024-09-30,12.0,40541.75,8-15 days,0,10.0,9.932707919898972,2.1291696542263194,2.0
6785,PALM BAY INTERNATIONAL INC,12283,2024-09-23,2024-10-02,9.0,1189.26,8-15 days,0,10.0,9.932707919898972,2.1291696542263194,-1.0
6785,PALM BAY INTERNATIONAL INC,12320,2024-09-25,2024-10-09,14.0,41165.6,8-15 days,0,10.0,9.932707919898972,2.1291696542263194,4.0
6785,PALM BAY INTERNATIONAL INC,12491,2024-10-06,2024-10-16,10.0,37612.3,8-15 days,0,10.0,9.932707919898972,2.1291696542263194,0.0
6785,PALM BAY INTERNATIONAL INC,12527,2024-10-09,2024-10-22,13.0,53354.79,8-15 days,0,10.0,9.932707919898972,2.1291696542263194,3.0
6785,PALM BAY INTERNATIONAL INC,12681,2024-10-19,2024-10-30,11.0,60010.5,8-15 days,0,10.0,9.932707919898972,2.1291696542263194,1.0
6785,PALM BAY INTERNATIONAL INC,12781,2024-10-26,2024-11-05,10.0,42276.04,8-15 days,0,10.0,9.932707919898972,2.1291696542263194,0.0
6785,PALM BAY INTERNATIONAL INC,12918,2024-11-04,2024-11-12,8.0,60284.45,8-15 days,0,10.0,9.932707919898972,2.1291696542263194,-2.0
6785,PALM BAY INTERNATIONAL INC,13024,2024-11-11,2024-11-20,9.0,54930.35,8-15 days,0,10.0,9.932707919898972,2.1291696542263194,-1.0
6785,PALM BAY INTERNATIONAL INC,13073,2024-11-15,2024-11-27,12.0,55148.67,8-15 days,0,10.0,9.932707919898972,2.1291696542263194,2.0
6785,PALM BAY INTERNATIONAL INC,13193,2024-11-23,2024-12-03,10.0,61986.56,8-15 days,0,10.0,9.932707919898972,2.1291696542263194,0.0
6785,PALM BAY INTERNATIONAL INC,13245,2024-11-27,2024-12-11,14.0,56588.39,8-15 days,0,10.0,9.932707919898972,2.1291696542263194,4.0
6785,PALM BAY INTERNATIONAL INC,13382,2024-12-06,2024-12-18,12.0,53783.95,8-15 days,0,10.0,9.932707919898972,2.1291696542263194,2.0
6785,PALM BAY INTERNATIONAL INC,13547,2024-12-16,2024-12-24,8.0,52530.0,8-15 days,0,10.0,9.932707919898972,2.1291696542263194,-2.0
6785,PALM BAY INTERNATIONAL INC,13562,2024-12-18,2024-12-31,13.0,59747.3,8-15 days,0,10.0,9.932707919898972,2.1291696542263194,3.0
6830,PARK STREET IMPORTS LLC,8804,2024-02-05,2024-02-12,7.0,86.16,0-7 days,0,10.0,9.932707919898972,2.1291696542263194,-3.0
6830,PARK STREET IMPORTS LLC,9379,2024-03-17,2024-03-24,7.0,162.72,0-7 days,0,10.0,9.932707919898972,2.1291696542263194,-3.0
6830,PARK STREET IMPORTS LLC,10161,2024-05-10,2024-05-20,10.0,398.34,8-15 days,0,10.0,9.932707919898972,2.1291696542263194,0.0
6830,PARK STREET IMPORTS LLC,10231,2024-05-15,2024-05-26,11.0,229.32,8-15 days,0,10.0,9.932707919898972,2.1291696542263194,1.0
6830,PARK STREET IMPORTS LLC,10688,2024-06-15,2024-06-26,11.0,198.36,8-15 days,0,10.0,9.932707919898972,2.1291696542263194,1.0
6830,PARK STREET IMPORTS LLC,10883,2024-06-25,2024-07-02,7.0,124.0,0-7 days,0,10.0,9.932707919898972,2.1291696542263194,-3.0
6830,PARK STREET IMPORTS LLC,10928,2024-06-26,2024-07-08,12.0,706.8,8-15 days,0,10.0,9.932707919898972,2.1291696542263194,2.0
6830,PARK STREET IMPORTS LLC,11102,2024-07-07,2024-07-15,8.0,384.4,8-15 days,0,10.0,9.932707919898972,2.1291696542263194,-2.0
6830,PARK STREET IMPORTS LLC,11176,2024-07-13,2024-07-22,9.0,210.8,8-15 days,0,10.0,9.932707919898972,2.1291696542263194,-1.0
6830,PARK STREET IMPORTS LLC,11234,2024-07-17,2024-07-29,12.0,235.6,8-15 days,0,10.0,9.932707919898972,2.1291696542263194,2.0
6830,PARK STREET IMPORTS LLC,11419,2024-07-29,2024-08-03,5.0,285.2,0-7 days,0,10.0,9.932707919898972,2.1291696542263194,-5.0
6830,PARK STREET IMPORTS LLC,11482,2024-08-03,2024-08-12,9.0,843.2,8-15 days,0,10.0,9.932707919898972,2.1291696542263194,-1.0
6830,PARK STREET IMPORTS LLC,11575,2024-08-09,2024-08-19,10.0,653.05,8-15 days,0,10.0,9.932707919898972,2.1291696542263194,0.0
6830,PARK STREET IMPORTS LLC,11644,2024-08-14,2024-08-26,12.0,16330.76,8-15 days,0,10.0,9.932707919898972,2.1291696542263194,2.0
6830,PARK STREET IMPORTS LLC,11801,2024-08-24,2024-09-03,10.0,3538.8,8-15 days,0,10.0,9.932707919898972,2.1291696542263194,0.0
6830,PARK STREET IMPORTS LLC,11873,2024-08-30,2024-09-09,10.0,2618.27,8-15 days,0,10.0,9.932707919898972,2.1291696542263194,0.0
6830,PARK STREET IMPORTS LLC,11966,2024-09-05,2024-09-16,11.0,1725.46,8-15 days,0,10.0,9.932707919898972,2.1291696542263194,1.0
6830,PARK STREET IMPORTS LLC,12116,2024-09-15,2024-09-23,8.0,2403.94,8-15 days,0,10.0,9.932707919898972,2.1291696542263194,-2.0
6830,PARK STREET IMPORTS LLC,12202,2024-09-21,2024-09-30,9.0,1793.06,8-15 days,0,10.0,9.932707919898972,2.1291696542263194,-1.0
6830,PARK STREET IMPORTS LLC,12321,2024-09-25,2024-10-07,12.0,1590.23,8-15 days,0,10.0,9.932707919898972,2.1291696542263194,2.0
6830,PARK STREET IMPORTS LLC,12448,2024-10-03,2024-10-14,11.0,2507.54,8-15 days,0,10.0,9.932707919898972,2.1291696542263194,1.0
6830,PARK STREET IMPORTS LLC,12561,2024-10-11,2024-10-22,11.0,3475.09,8-15 days,0,10.0,9.932707919898972,2.1291696542263194,1.0
6830,PARK STREET IMPORTS LLC,12642,2024-10-17,2024-10-29,12.0,2707.57,8-15 days,0,10.0,9.932707919898972,2.1291696542263194,2.0
6830,PARK STREET IMPORTS LLC,12759,2024-10-25,2024-11-04,10.0,2553.94,8-15 days,0,10.0,9.932707919898972,2.1291696542263194,0.0
6830,PARK STREET IMPORTS LLC,12868,2024-11-01,2024-11-12,11.0,1724.44,8-15 days,0,10.0,9.932707919898972,2.1291696542263194,1.0
6830,PARK STREET IMPORTS LLC,12965,2024-11-07,2024-11-18,11.0,836.28,8-15 days,0,10.0,9.932707919898972,2.1291696542263194,1.0
6830,PARK STREET IMPORTS LLC,13038,2024-11-13,2024-11-27,14.0,1733.0,8-15 days,0,10.0,9.932707919898972,2.1291696542263194,4.0
6830,PARK STREET IMPORTS LLC,13142,2024-11-20,2024-12-02,12.0,4083.11,8-15 days,0,10.0,9.932707919898972,2.1291696542263194,2.0
6830,PARK STREET IMPORTS LLC,13279,2024-11-29,2024-12-09,10.0,2641.01,8-15 days,0,10.0,9.932707919898972,2.1291696542263194,0.0
6830,PARK STREET IMPORTS LLC,13425,2024-12-08,2024-12-15,7.0,3190.77,0-7 days,0,10.0,9.932707919898972,2.1291696542263194,-3.0
6830,PARK STREET IMPORTS LLC,13514,2024-12-14,2024-12-24,10.0,5643.81,8-15 days,0,10.0,9.932707919898972,2.1291696542263194,0.0
6830,PARK STREET IMPORTS LLC,13657,2024-12-23,2024-12-31,8.0,3844.39,8-15 days,0,10.0,9.932707919898972,2.1291696542263194,-2.0
7153,PINE STATE TRADING CO,8132,2023-12-21,2024-01-03,13.0,15276.52,8-15 days,0,10.0,9.932707919898972,2.1291696542263194,3.0
7153,PINE STATE TRADING CO,8226,2023-12-28,2024-01-10,13.0,63606.79,8-15 days,0,10.0,9.932707919898972,2.1291696542263194,3.0
7153,PINE STATE TRADING CO,8349,2024-01-05,2024-01-17,12.0,39989.32,8-15 days,0,10.0,9.932707919898972,2.1291696542263194,2.0
7153,PINE STATE TRADING CO,8490,2024-01-15,2024-01-23,8.0,41293.25,8-15 days,0,10.0,9.932707919898972,2.1291696542263194,-2.0
7153,PINE STATE TRADING CO,8558,2024-01-20,2024-01-30,10.0,80596.41,8-15 days,0,10.0,9.932707919898972,2.1291696542263194,0.0
7153,PINE STATE TRADING CO,8663,2024-01-27,2024-02-07,11.0,64014.54,8-15 days,0,10.0,9.932707919898972,2.1291696542263194,1.0
7153,PINE STATE TRADING CO,8749,2024-02-02,2024-02-14,12.0,34113.93,8-15 days,0,10.0,9.932707919898972,2.1291696542263194,2.0
7153,PINE STATE TRADING CO,8815,2024-02-07,2024-02-21,14.0,40679.06,8-15 days,0,10.0,9.932707919898972,2.1291696542263194,4.0
7153,PINE STATE TRADING CO,9004,2024-02-19,2024-02-28,9.0,38942.84,8-15 days,0,10.0,9.932707919898972,2.1291696542263194,-1.0
7153,PINE STATE TRADING CO,9091,2024-02-25,2024-03-05,9.0,34428.27,8-15 days,0,10.0,9.932707919898972,2.1291696542263194,-1.0
7153,PINE STATE TRADING CO,9172,2024-03-02,2024-03-11,9.0,36173.12,8-15 days,0,10.0,9.932707919898972,2.1291696542263194,-1.0
7153,PINE STATE TRADING CO,9292,2024-03-10,2024-03-20,10.0,40752.55,8-15 days,0,10.0,9.932707919898972,2.1291696542263194,0.0
7153,PINE STATE TRADING CO,9403,2024-03-18,2024-03-26,8.0,31813.61,8-15 days,0,10.0,9.932707919898972,2.1291696542263194,-2.0
7153,PINE STATE TRADING CO,9483,2024-03-23,2024-04-03,11.0,51169.59,8-15 days,0,10.0,9.932707919898972,2.1291696542263194,1.0
7153,PINE STATE TRADING CO,9591,2024-03-31,2024-04-10,10.0,39810.31,8-15 days,0,10.0,9.932707919898972,2.1291696542263194,0.0
7153,PINE STATE TRADING CO,9647,2024-04-04,2024-04-16,12.0,33305.92,8-15 days,0,10.0,9.932707919898972,2.1291696542263194,2.0
7153,PINE STATE TRADING CO,9791,2024-04-14,2024-04-24,10.0,62251.82,8-15 days,0,10.0,9.932707919898972,2.1291696542263194,0.0
7153,PINE STATE TRADING CO,9842,2024-04-18,2024-04-30,12.0,50665.71,8-15 days,0,10.0,9.932707919898972,2.1291696542263194,2.0
7153,PINE STATE TRADING CO,9975,2024-04-27,2024-05-06,9.0,57740.96,8-15 days,0,10.0,9.932707919898972,2.1291696542263194,-1.0
7153,PINE STATE TRADING CO,10060,2024-05-03,2024-05-13,10.0,44438.19,8-15 days,0,10.0,9.932707919898972,2.1291696542263194,0.0
7153,PINE STATE TRADING CO,10180,2024-05-11,2024-05-22,11.0,47375.73,8-15 days,0,10.0,9.932707919898972,2.1291696542263194,1.0
7153,PINE STATE TRADING CO,10303,2024-05-19,2024-05-29,10.0,64330.08,8-15 days,0,10.0,9.932707919898972,2.1291696542263194,0.0
7153,PINE STATE TRADING CO,10387,2024-05-25,2024-06-05,11.0,63061.02,8-15 days,0,10.0,9.932707919898972,2.1291696542263194,1.0
7153,PINE STATE TRADING CO,10505,2024-06-02,2024-06-12,10.0,71073.32,8-15 days,0,10.0,9.932707919898972,2.1291696542263194,0.0
7153,PINE STATE TRADING CO,10592,2024-06-08,2024-06-19,11.0,47609.6,8-15 days,0,10.0,9.932707919898972,2.1291696542263194,1.0
7153,PINE STATE TRADING CO,10724,2024-06-17,2024-06-26,9.0,56701.71,8-15 days,0,10.0,9.932707919898972,2.1291696542263194,-1.0
7153,PINE STATE TRADING CO,10788,2024-06-22,2024-06-30,8.0,51185.39,8-15 days,0,10.0,9.932707919898972,2.1291696542263194,-2.0
7153,PINE STATE TRADING CO,10887,2024-06-25,2024-07-03,8.0,15832.77,8-15 days,0,10.0,9.932707919898972,2.1291696542263194,-2.0
7153,PINE STATE TRADING CO,10959,2024-06-28,2024-07-10,12.0,80153.2,8-15 days,0,10.0,9.932707919898972,2.1291696542263194,2.0
7153,PINE STATE TRADING CO,11058,2024-07-04,2024-07-17,13.0,56224.45,8-15 days,0,10.0,9.932707919898972,2.1291696542263194,3.0
7153,PINE STATE TRADING CO,11147,2024-07-11,2024-07-23,12.0,58949.66,8-15 days,0,10.0,9.932707919898972,2.1291696542263194,2.0
7153,PINE STATE TRADING CO,11251,2024-07-18,2024-07-30,12.0,72147.47,8-15 days,0,10.0,9.932707919898972,2.1291696542263194,2.0
7153,PINE STATE TRADING CO,11401,2024-07-28,2024-08-07,10.0,59095.99,8-15 days,0,10.0,9.932707919898972,2.1291696542263194,0.0
7153,PINE STATE TRADING CO,11437,2024-07-31,2024-08-14,14.0,63559.14,8-15 days,0,10.0,9.932707919898972,2.1291696542263194,4.0
7153,PINE STATE TRADING CO,11598,2024-08-10,2024-08-21,11.0,160131.1,8-15 days,0,10.0,9.932707919898972,2.1291696542263194,1.0
7153,PINE STATE TRADING CO,11694,2024-08-17,2024-08-27,10.0,57877.28,8-15 days,0,10.0,9.932707919898972,2.1291696542263194,0.0
7153,PINE STATE TRADING CO,11760,2024-08-22,2024-09-03,12.0,65985.64,8-15 days,0,10.0,9.932707919898972,2.1291696542263194,2.0
7153,PINE STATE TRADING CO,11910,2024-09-01,2024-09-11,10.0,62157.56,8-15 days,0,10.0,9.932707919898972,2.1291696542263194,0.0
7153,PINE STATE TRADING CO,12032,2024-09-09,2024-09-17,8.0,49926.27,8-15 days,0,10.0,9.932707919898972,2.1291696542263194,-2.0
7153,PINE STATE TRADING CO,12049,2024-09-11,2024-09-25,14.0,69968.06,8-15 days,0,10.0,9.932707919898972,2.1291696542263194,4.0
7153,PINE STATE TRADING CO,12185,2024-09-20,2024-09-30,10.0,145207.55,8-15 days,0,10.0,9.932707919898972,2.1291696542263194,0.0
7153,PINE STATE TRADING CO,12287,2024-09-23,2024-10-02,9.0,2460.67,8-15 days,0,10.0,9.932707919898972,2.1291696542263194,-1.0
7153,PINE STATE TRADING CO,12403,2024-09-30,2024-10-08,8.0,63485.85,8-15 days,0,10.0,9.932707919898972,2.1291696542263194,-2.0
7153,PINE STATE TRADING CO,12449,2024-10-03,2024-10-16,13.0,76703.81,8-15 days,0,10.0,9.932707919898972,2.1291696542263194,3.0
7153,PINE STATE TRADING CO,12578,2024-10-12,2024-10-22,10.0,60898.88,8-15 days,0,10.0,9.932707919898972,2.1291696542263194,0.0
7153,PINE STATE TRADING CO,12683,2024-10-19,2024-10-30,11.0,42926.41,8-15 days,0,10.0,9.932707919898972,2.1291696542263194,1.0
7153,PINE STATE TRADING CO,12820,2024-10-28,2024-11-05,8.0,61247.93,8-15 days,0,10.0,9.932707919898972,2.1291696542263194,-2.0
7153,PINE STATE TRADING CO,12899,2024-11-03,2024-11-13,10.0,48990.3,8-15 days,0,10.0,9.932707919898972,2.1291696542263194,0.0
7153,PINE STATE TRADING CO,12997,2024-11-09,2024-11-20,11.0,60750.78,8-15 days,0,10.0,9.932707919898972,2.1291696542263194,1.0
7153,PINE STATE TRADING CO,13074,2024-11-15,2024-11-27,12.0,48779.12,8-15 days,0,10.0,9.932707919898972,2.1291696542263194,2.0
7153,PINE STATE TRADING CO,13154,2024-11-21,2024-12-03,12.0,62821.48,8-15 days,0,10.0,9.932707919898972,2.1291696542263194,2.0
7153,PINE STATE TRADING CO,13247,2024-11-27,2024-12-11,14.0,52709.69,8-15 days,0,10.0,9.932707919898972,2.1291696542263194,4.0
7153,PINE STATE TRADING CO,13439,2024-12-09,2024-12-17,8.0,67597.36,8-15 days,0,10.0,9.932707919898972,2.1291696542263194,-2.0
7153,PINE STATE TRADING CO,13455,2024-12-11,2024-12-24,13.0,57134.23,8-15 days,0,10.0,9.932707919898972,2.1291696542263194,3.0
7153,PINE STATE TRADING CO,13658,2024-12-23,2024-12-31,8.0,102949.38,8-15 days,0,10.0,9.932707919898972,2.1291696542263194,-2.0
7154,PREMIER DISTRIBUTORS,8197,2023-12-25,2024-01-02,8.0,176.11,8-15 days,0,10.0,9.932707919898972,2.1291696542263194,-2.0
7154,PREMIER DISTRIBUTORS,8299,2024-01-01,2024-01-09,8.0,2644.78,8-15 days,0,10.0,9.932707919898972,2.1291696542263194,-2.0
7154,PREMIER DISTRIBUTORS,8317,2024-01-03,2024-01-14,11.0,847.56,8-15 days,0,10.0,9.932707919898972,2.1291696542263194,1.0
7154,PREMIER DISTRIBUTORS,8410,2024-01-10,2024-01-22,12.0,1351.29,8-15 days,0,10.0,9.932707919898972,2.1291696542263194,2.0
7154,PREMIER DISTRIBUTORS,8583,2024-01-21,2024-01-29,8.0,1990.86,8-15 days,0,10.0,9.932707919898972,2.1291696542263194,-2.0
7154,PREMIER DISTRIBUTORS,8701,2024-01-29,2024-02-04,6.0,1886.45,0-7 days,0,10.0,9.932707919898972,2.1291696542263194,-4.0
7154,PREMIER DISTRIBUTORS,8769,2024-02-03,2024-02-12,9.0,638.97,8-15 days,0,10.0,9.932707919898972,2.1291696542263194,-1.0
7154,PREMIER DISTRIBUTORS,8817,2024-02-07,2024-02-19,12.0,1535.7,8-15 days,0,10.0,9.932707919898972,2.1291696542263194,2.0
7154,PREMIER DISTRIBUTORS,8972,2024-02-17,2024-02-26,9.0,1853.71,8-15 days,0,10.0,9.932707919898972,2.1291696542263194,-1.0
7154,PREMIER DISTRIBUTORS,9092,2024-02-25,2024-03-03,7.0,1909.36,0-7 days,0,10.0,9.932707919898972,2.1291696542263194,-3.0
7154,PREMIER DISTRIBUTORS,9145,2024-02-29,2024-03-10,10.0,1526.22,8-15 days,0,10.0,9.932707919898972,2.1291696542263194,0.0
7154,PREMIER DISTRIBUTORS,9267,2024-03-09,2024-03-18,9.0,1046.34,8-15 days,0,10.0,9.932707919898972,2.1291696542263194,-1.0
7154,PREMIER DISTRIBUTORS,9326,2024-03-13,2024-03-25,12.0,1640.83,8-15 days,0,10.0,9.932707919898972,2.1291696542263194,2.0
7154,PREMIER DISTRIBUTORS,9509,2024-03-25,2024-04-01,7.0,678.07,0-7 days,0,10.0,9.932707919898972,2.1291696542263194,-3.0
7154,PREMIER DISTRIBUTORS,9575,2024-03-30,2024-04-08,9.0,1013.22,8-15 days,0,10.0,9.932707919898972,2.1291696542263194,-1.0
7154,PREMIER DISTRIBUTORS,9648,2024-04-04,2024-04-14,10.0,527.68,8-15 days,0,10.0,9.932707919898972,2.1291696542263194,0.0
7154,PREMIER DISTRIBUTORS,9812,2024-04-15,2024-04-22,7.0,2301.85,0-7 days,0,10.0,9.932707919898972,2.1291696542263194,-3.0
7154,PREMIER DISTRIBUTORS,9843,2024-04-18,2024-04-29,11.0,1740.38,8-15 days,0,10.0,9.932707919898972,2.1291696542263194,1.0
7154,PREMIER DISTRIBUTORS,9976,2024-04-27,2024-05-06,9.0,2464.18,8-15 days,0,10.0,9.932707919898972,2.1291696542263194,-1.0
7154,PREMIER DISTRIBUTORS,10028,2024-05-01,2024-05-13,12.0,1548.07,8-15 days,0,10.0,9.932707919898972,2.1291696542263194,2.0
7154,PREMIER DISTRIBUTORS,10162,2024-05-10,2024-05-20,10.0,1301.45,8-15 days,0,10.0,9.932707919898972,2.1291696542263194,0.0
7154,PREMIER DISTRIBUTORS,10304,2024-05-19,2024-05-25,6.0,1300.06,0-7 days,0,10.0,9.932707919898972,2.1291696542263194,-4.0
7154,PREMIER DISTRIBUTORS,10369,2024-05-24,2024-06-03,10.0,1204.64,8-15 days,0,10.0,9.932707919898972,2.1291696542263194,0.0
7154,PREMIER DISTRIBUTORS,10440,2024-05-29,2024-06-12,14.0,1349.04,8-15 days,0,10.0,9.932707919898972,2.1291696542263194,4.0
7154,PREMIER DISTRIBUTORS,10625,2024-06-10,2024-06-16,6.0,921.99,0-7 days,0,10.0,9.932707919898972,2.1291696542263194,-4.0
7154,PREMIER DISTRIBUTORS,10659,2024-06-13,2024-06-24,11.0,1332.88,8-15 days,0,10.0,9.932707919898972,2.1291696542263194,1.0
7154,PREMIER DISTRIBUTORS,10744,2024-06-19,2024-06-30,11.0,1058.55,8-15 days,0,10.0,9.932707919898972,2.1291696542263194,1.0
7154,PREMIER DISTRIBUTORS,10888,2024-06-25,2024-07-02,7.0,199.62,0-7 days,0,10.0,9.932707919898972,2.1291696542263194,-3.0
7154,PREMIER DISTRIBUTORS,10960,2024-06-28,2024-07-08,10.0,1386.05,8-15 days,0,10.0,9.932707919898972,2.1291696542263194,0.0
7154,PREMIER DISTRIBUTORS,11059,2024-07-04,2024-07-17,13.0,794.29,8-15 days,0,10.0,9.932707919898972,2.1291696542263194,3.0
7154,PREMIER DISTRIBUTORS,11177,2024-07-13,2024-07-23,10.0,1356.0,8-15 days,0,10.0,9.932707919898972,2.1291696542263194,0.0
7154,PREMIER DISTRIBUTORS,11319,2024-07-22,2024-07-29,7.0,1287.15,0-7 days,0,10.0,9.932707919898972,2.1291696542263194,-3.0
7154,PREMIER DISTRIBUTORS,11420,2024-07-29,2024-08-05,7.0,1307.17,0-7 days,0,10.0,9.932707919898972,2.1291696542263194,-3.0
7154,PREMIER DISTRIBUTORS,11438,2024-07-31,2024-08-14,14.0,1508.92,8-15 days,0,10.0,9.932707919898972,2.1291696542263194,4.0
7154,PREMIER DISTRIBUTORS,11553,2024-08-08,2024-08-19,11.0,2451.88,8-15 days,0,10.0,9.932707919898972,2.1291696542263194,1.0
7154,PREMIER DISTRIBUTORS,11661,2024-08-15,2024-08-26,11.0,1598.17,8-15 days,0,10.0,9.932707919898972,2.1291696542263194,1.0
7154,PREMIER DISTRIBUTORS,11738,2024-08-21,2024-09-02,12.0,2768.53,8-15 days,0,10.0,9.932707919898972,2.1291696542263194,2.0
7154,PREMIER DISTRIBUTORS,11874,2024-08-30,2024-09-09,10.0,1316.8,8-15 days,0,10.0,9.932707919898972,2.1291696542263194,0.0
7154,PREMIER DISTRIBUTORS,12033,2024-09-09,2024-09-16,7.0,1348.63,0-7 days,0,10.0,9.932707919898972,2.1291696542263194,-3.0
7154,PREMIER DISTRIBUTORS,12098,2024-09-14,2024-09-23,9.0,1562.08,8-15 days,0,10.0,9.932707919898972,2.1291696542263194,-1.0
7154,PREMIER DISTRIBUTORS,12172,2024-09-19,2024-09-30,11.0,1618.4,8-15 days,0,10.0,9.932707919898972,2.1291696542263194,1.0
7154,PREMIER DISTRIBUTORS,12344,2024-09-26,2024-10-08,12.0,1485.9,8-15 days,0,10.0,9.932707919898972,2.1291696542263194,2.0
7154,PREMIER DISTRIBUTORS,12492,2024-10-06,2024-10-14,8.0,1508.19,8-15 days,0,10.0,9.932707919898972,2.1291696542263194,-2.0
7154,PREMIER DISTRIBUTORS,12610,2024-10-14,2024-10-21,7.0,1165.44,0-7 days,0,10.0,9.932707919898972,2.1291696542263194,-3.0
7154,PREMIER DISTRIBUTORS,12644,2024-10-17,2024-10-28,11.0,1269.66,8-15 days,0,10.0,9.932707919898972,2.1291696542263194,1.0
7154,PREMIER DISTRIBUTORS,12782,2024-10-26,2024-11-04,9.0,1524.92,8-15 days,0,10.0,9.932707919898972,2.1291696542263194,-1.0
7154,PREMIER DISTRIBUTORS,12881,2024-11-02,2024-11-11,9.0,1985.89,8-15 days,0,10.0,9.932707919898972,2.1291696542263194,-1.0
7154,PREMIER DISTRIBUTORS,12938,2024-11-06,2024-11-19,13.0,1951.78,8-15 days,0,10.0,9.932707919898972,2.1291696542263194,3.0
7154,PREMIER DISTRIBUTORS,13041,2024-11-13,2024-11-27,14.0,3093.93,8-15 days,0,10.0,9.932707919898972,2.1291696542263194,4.0
7154,PREMIER DISTRIBUTORS,13232,2024-11-25,2024-12-02,7.0,2140.87,0-7 days,0,10.0,9.932707919898972,2.1291696542263194,-3.0
7154,PREMIER DISTRIBUTORS,13261,2024-11-28,2024-12-09,11.0,1764.1,8-15 days,0,10.0,9.932707919898972,2.1291696542263194,1.0
7154,PREMIER DISTRIBUTORS,13384,2024-12-06,2024-12-16,10.0,2170.24,8-15 days,0,10.0,9.932707919898972,2.1291696542263194,0.0
7154,PREMIER DISTRIBUTORS,13493,2024-12-13,2024-12-24,11.0,2171.37,8-15 days,0,10.0,9.932707919898972,2.1291696542263194,1.0
7154,PREMIER DISTRIBUTORS,13634,2024-12-22,2024-12-31,9.0,4004.65,8-15 days,0,10.0,9.932707919898972,2.1291696542263194,-1.0
7239,REMY COINTREAU USA INC,8163,2023-12-23,2024-01-02,10.0,7515.38,8-15 days,0,10.0,9.932707919898972,2.1291696542263194,0.0
7239,REMY COINTREAU USA INC,8229,2023-12-28,2024-01-10,13.0,64359.09,8-15 days,0,10.0,9.932707919898972,2.1291696542263194,3.0
7239,REMY COINTREAU USA INC,8365,2024-01-06,2024-01-16,10.0,21832.98,8-15 days,0,10.0,9.932707919898972,2.1291696542263194,0.0
7239,REMY COINTREAU USA INC,8448,2024-01-12,2024-01-24,12.0,21894.26,8-15 days,0,10.0,9.932707919898972,2.1291696542263194,2.0
7239,REMY COINTREAU USA INC,8542,2024-01-19,2024-01-30,11.0,33810.77,8-15 days,0,10.0,9.932707919898972,2.1291696542263194,1.0
7239,REMY COINTREAU USA INC,8610,2024-01-24,2024-02-07,14.0,31427.32,8-15 days,0,10.0,9.932707919898972,2.1291696542263194,4.0
7239,REMY COINTREAU USA INC,8770,2024-02-03,2024-02-12,9.0,40949.15,8-15 days,0,10.0,9.932707919898972,2.1291696542263194,-1.0
7239,REMY COINTREAU USA INC,8818,2024-02-07,2024-02-19,12.0,45294.61,8-15 days,0,10.0,9.932707919898972,2.1291696542263194,2.0
7239,REMY COINTREAU USA INC,8935,2024-02-15,2024-02-27,12.0,39488.94,8-15 days,0,10.0,9.932707919898972,2.1291696542263194,2.0
7239,REMY COINTREAU USA INC,9105,2024-02-26,2024-03-05,8.0,39089.06,8-15 days,0,10.0,9.932707919898972,2.1291696542263194,-2.0
7239,REMY COINTREAU USA INC,9123,2024-02-28,2024-03-12,13.0,55858.34,8-15 days,0,10.0,9.932707919898972,2.1291696542263194,3.0
7239,REMY COINTREAU USA INC,9236,2024-03-07,2024-03-19,12.0,46108.69,8-15 days,0,10.0,9.932707919898972,2.1291696542263194,2.0
7239,REMY COINTREAU USA INC,9405,2024-03-18,2024-03-26,8.0,47069.42,8-15 days,0,10.0,9.932707919898972,2.1291696542263194,-2.0
7239,REMY COINTREAU USA INC,9511,2024-03-25,2024-04-03,9.0,45176.55,8-15 days,0,10.0,9.932707919898972,2.1291696542263194,-1.0
7239,REMY COINTREAU USA INC,9593,2024-03-31,2024-04-08,8.0,65793.96,8-15 days,0,10.0,9.932707919898972,2.1291696542263194,-2.0
7239,REMY COINTREAU USA INC,9686,2024-04-06,2024-04-15,9.0,47426.17,8-15 days,0,10.0,9.932707919898972,2.1291696542263194,-1.0
7239,REMY COINTREAU USA INC,9727,2024-04-10,2024-04-24,14.0,61950.03,8-15 days,0,10.0,9.932707919898972,2.1291696542263194,4.0
7239,REMY COINTREAU USA INC,9894,2024-04-21,2024-04-30,9.0,47090.84,8-15 days,0,10.0,9.932707919898972,2.1291696542263194,-1.0
7239,REMY COINTREAU USA INC,9964,2024-04-26,2024-05-08,12.0,59748.89,8-15 days,0,10.0,9.932707919898972,2.1291696542263194,2.0
7239,REMY COINTREAU USA INC,10072,2024-05-04,2024-05-13,9.0,37437.59,8-15 days,0,10.0,9.932707919898972,2.1291696542263194,-1.0
7239,REMY COINTREAU USA INC,10122,2024-05-08,2024-05-20,12.0,61824.26,8-15 days,0,10.0,9.932707919898972,2.1291696542263194,2.0
7239,REMY COINTREAU USA INC,10233,2024-05-15,2024-05-29,14.0,144517.47,8-15 days,0,10.0,9.932707919898972,2.1291696542263194,4.0
7239,REMY COINTREAU USA INC,10370,2024-05-24,2024-06-05,12.0,80471.96,8-15 days,0,10.0,9.932707919898972,2.1291696542263194,2.0
7239,REMY COINTREAU USA INC,10526,2024-06-03,2024-06-12,9.0,74055.66,8-15 days,0,10.0,9.932707919898972,2.1291696542263194,-1.0
7239,REMY COINTREAU USA INC,10541,2024-06-05,2024-06-19,14.0,48944.81,8-15 days,0,10.0,9.932707919898972,2.1291696542263194,4.0
7239,REMY COINTREAU USA INC,10661,2024-06-13,2024-06-26,13.0,69035.16,8-15 days,0,10.0,9.932707919898972,2.1291696542263194,3.0
7239,REMY COINTREAU USA INC,10773,2024-06-21,2024-06-30,9.0,61909.18,8-15 days,0,10.0,9.932707919898972,2.1291696542263194,-1.0
7239,REMY COINTREAU USA INC,10892,2024-06-25,2024-07-03,8.0,13850.43,8-15 days,0,10.0,9.932707919898972,2.1291696542263194,-2.0
7239,REMY COINTREAU USA INC,10976,2024-06-29,2024-07-09,10.0,99347.73,8-15 days,0,10.0,9.932707919898972,2.1291696542263194,0.0
7239,REMY COINTREAU USA INC,11078,2024-07-05,2024-07-17,12.0,91228.09,8-15 days,0,10.0,9.932707919898972,2.1291696542263194,2.0
7239,REMY COINTREAU USA INC,11217,2024-07-15,2024-07-23,8.0,98523.37,8-15 days,0,10.0,9.932707919898972,2.1291696542263194,-2.0
7239,REMY COINTREAU USA INC,11253,2024-07-18,2024-07-30,12.0,132868.29,8-15 days,0,10.0,9.932707919898972,2.1291696542263194,2.0
7239,REMY COINTREAU USA INC,11402,2024-07-28,2024-08-07,10.0,80145.66,8-15 days,0,10.0,9.932707919898972,2.1291696542263194,0.0
7239,REMY COINTREAU USA INC,11484,2024-08-03,2024-08-14,11.0,61411.05,8-15 days,0,10.0,9.932707919898972,2.1291696542263194,1.0
7239,REMY COINTREAU USA INC,11576,2024-08-09,2024-08-21,12.0,103895.9,8-15 days,0,10.0,9.932707919898972,2.1291696542263194,2.0
7239,REMY COINTREAU USA INC,11722,2024-08-19,2024-08-26,7.0,56019.14,0-7 days,0,10.0,9.932707919898972,2.1291696542263194,-3.0
7239,REMY COINTREAU USA INC,11739,2024-08-21,2024-09-03,13.0,59992.18,8-15 days,0,10.0,9.932707919898972,2.1291696542263194,3.0
7239,REMY COINTREAU USA INC,11912,2024-09-01,2024-09-11,10.0,49010.19,8-15 days,0,10.0,9.932707919898972,2.1291696542263194,0.0
7239,REMY COINTREAU USA INC,11981,2024-09-06,2024-09-17,11.0,39647.04,8-15 days,0,10.0,9.932707919898972,2.1291696542263194,1.0
7239,REMY COINTREAU USA INC,12137,2024-09-16,2024-09-24,8.0,42149.18,8-15 days,0,10.0,9.932707919898972,2.1291696542263194,-2.0
7239,REMY COINTREAU USA INC,12227,2024-09-22,2024-09-30,8.0,62221.63,8-15 days,0,10.0,9.932707919898972,2.1291696542263194,-2.0
7239,REMY COINTREAU USA INC,12289,2024-09-23,2024-10-02,9.0,3268.7,8-15 days,0,10.0,9.932707919898972,2.1291696542263194,-1.0
7239,REMY COINTREAU USA INC,12362,2024-09-27,2024-10-09,12.0,40311.82,8-15 days,0,10.0,9.932707919898972,2.1291696542263194,2.0
7239,REMY COINTREAU USA INC,12431,2024-10-02,2024-10-16,14.0,61953.32,8-15 days,0,10.0,9.932707919898972,2.1291696542263194,4.0
7239,REMY COINTREAU USA INC,12579,2024-10-12,2024-10-22,10.0,80144.5,8-15 days,0,10.0,9.932707919898972,2.1291696542263194,0.0
7239,REMY COINTREAU USA INC,12715,2024-10-21,2024-10-30,9.0,100266.62,8-15 days,0,10.0,9.932707919898972,2.1291696542263194,-1.0
7239,REMY COINTREAU USA INC,12732,2024-10-23,2024-11-05,13.0,111338.19,8-15 days,0,10.0,9.932707919898972,2.1291696542263194,3.0
7239,REMY COINTREAU USA INC,12882,2024-11-02,2024-11-12,10.0,69952.73,8-15 days,0,10.0,9.932707919898972,2.1291696542263194,0.0
7239,REMY COINTREAU USA INC,13026,2024-11-11,2024-11-19,8.0,72505.71,8-15 days,0,10.0,9.932707919898972,2.1291696542263194,-2.0
7239,REMY COINTREAU USA INC,13076,2024-11-15,2024-11-27,12.0,80318.66,8-15 days,0,10.0,9.932707919898972,2.1291696542263194,2.0
7239,REMY COINTREAU USA INC,13195,2024-11-23,2024-12-02,9.0,78518.35,8-15 days,0,10.0,9.932707919898972,2.1291696542263194,-1.0
7239,REMY COINTREAU USA INC,13297,2024-11-30,2024-12-10,10.0,79410.55,8-15 days,0,10.0,9.932707919898972,2.1291696542263194,0.0
7239,REMY COINTREAU USA INC,13440,2024-12-09,2024-12-18,9.0,61971.02,8-15 days,0,10.0,9.932707919898972,2.1291696542263194,-1.0
7239,REMY COINTREAU USA INC,13548,2024-12-16,2024-12-24,8.0,51161.38,8-15 days,0,10.0,9.932707919898972,2.1291696542263194,-2.0
7239,REMY COINTREAU USA INC,13582,2024-12-19,2024-12-31,12.0,73446.31,8-15 days,0,10.0,9.932707919898972,2.1291696542263194,2.0
7240,"PREMIUM PORT WINES, INC.",8227,2023-12-28,2024-01-08,11.0,1133.08,8-15 days,0,10.0,9.932707919898972,2.1291696542263194,1.0
7240,"PREMIUM PORT WINES, INC.",8387,2024-01-07,2024-01-14,7.0,872.97,0-7 days,0,10.0,9.932707919898972,2.1291696542263194,-3.0
7240,"PREMIUM PORT WINES, INC.",8411,2024-01-10,2024-01-23,13.0,799.04,8-15 days,0,10.0,9.932707919898972,2.1291696542263194,3.0
7240,"PREMIUM PORT WINES, INC.",8560,2024-01-20,2024-01-29,9.0,903.85,8-15 days,0,10.0,9.932707919898972,2.1291696542263194,-1.0
7240,"PREMIUM PORT WINES, INC.",8642,2024-01-26,2024-02-05,10.0,1110.35,8-15 days,0,10.0,9.932707919898972,2.1291696542263194,0.0
7240,"PREMIUM PORT WINES, INC.",8750,2024-02-02,2024-02-12,10.0,1341.19,8-15 days,0,10.0,9.932707919898972,2.1291696542263194,0.0
7240,"PREMIUM PORT WINES, INC.",8909,2024-02-12,2024-02-21,9.0,1582.09,8-15 days,0,10.0,9.932707919898972,2.1291696542263194,-1.0
7240,"PREMIUM PORT WINES, INC.",8991,2024-02-18,2024-02-26,8.0,907.47,8-15 days,0,10.0,9.932707919898972,2.1291696542263194,-2.0
7240,"PREMIUM PORT WINES, INC.",9072,2024-02-24,2024-03-04,9.0,929.4,8-15 days,0,10.0,9.932707919898972,2.1291696542263194,-1.0
7240,"PREMIUM PORT WINES, INC.",9206,2024-03-04,2024-03-11,7.0,1079.52,0-7 days,0,10.0,9.932707919898972,2.1291696542263194,-3.0
7240,"PREMIUM PORT WINES, INC.",9310,2024-03-11,2024-03-18,7.0,972.75,0-7 days,0,10.0,9.932707919898972,2.1291696542263194,-3.0
7240,"PREMIUM PORT WINES, INC.",9364,2024-03-16,2024-03-25,9.0,1155.51,8-15 days,0,10.0,9.932707919898972,2.1291696542263194,-1.0
7240,"PREMIUM PORT WINES, INC.",9510,2024-03-25,2024-04-01,7.0,1327.16,0-7 days,0,10.0,9.932707919898972,2.1291696542263194,-3.0
7240,"PREMIUM PORT WINES, INC.",9553,2024-03-29,2024-04-08,10.0,1167.08,8-15 days,0,10.0,9.932707919898972,2.1291696542263194,0.0
7240,"PREMIUM PORT WINES, INC.",9634,2024-04-03,2024-04-15,12.0,562.92,8-15 days,0,10.0,9.932707919898972,2.1291696542263194,2.0
7240,"PREMIUM PORT WINES, INC.",9745,2024-04-11,2024-04-22,11.0,1637.31,8-15 days,0,10.0,9.932707919898972,2.1291696542263194,1.0
7240,"PREMIUM PORT WINES, INC.",9880,2024-04-20,2024-04-29,9.0,959.12,8-15 days,0,10.0,9.932707919898972,2.1291696542263194,-1.0
7240,"PREMIUM PORT WINES, INC.",9992,2024-04-28,2024-05-06,8.0,1208.27,8-15 days,0,10.0,9.932707919898972,2.1291696542263194,-2.0
7240,"PREMIUM PORT WINES, INC.",10088,2024-05-05,2024-05-13,8.0,997.04,8-15 days,0,10.0,9.932707919898972,2.1291696542263194,-2.0
7240,"PREMIUM PORT WINES, INC.",10163,2024-05-10,2024-05-20,10.0,1050.35,8-15 days,0,10.0,9.932707919898972,2.1291696542263194,0.0
7240,"PREMIUM PORT WINES, INC.",10266,2024-05-17,2024-05-27,10.0,829.72,8-15 days,0,10.0,9.932707919898972,2.1291696542263194,0.0
7240,"PREMIUM PORT WINES, INC.",10388,2024-05-25,2024-06-03,9.0,757.75,8-15 days,0,10.0,9.932707919898972,2.1291696542263194,-1.0
7240,"PREMIUM PORT WINES, INC.",10507,2024-06-02,2024-06-10,8.0,957.26,8-15 days,0,10.0,9.932707919898972,2.1291696542263194,-2.0
7240,"PREMIUM PORT WINES, INC.",10594,2024-06-08,2024-06-17,9.0,1334.65,8-15 days,0,10.0,9.932707919898972,2.1291696542263194,-1.0
7240,"PREMIUM PORT WINES, INC.",10660,2024-06-13,2024-06-24,11.0,686.94,8-15 days,0,10.0,9.932707919898972,2.1291696542263194,1.0
7240,"PREMIUM PORT WINES, INC.",10789,2024-06-22,2024-06-30,8.0,619.95,8-15 days,0,10.0,9.932707919898972,2.1291696542263194,-2.0
7240,"PREMIUM PORT WINES, INC.",10889,2024-06-25,2024-07-01,6.0,645.35,0-7 days,0,10.0,9.932707919898972,2.1291696542263194,-4.0
7240,"PREMIUM PORT WINES, INC.",11015,2024-07-01,2024-07-08,7.0,542.4,0-7 days,0,10.0,9.932707919898972,2.1291696542263194,-3.0
7240,"PREMIUM PORT WINES, INC.",11036,2024-07-03,2024-07-15,12.0,991.71,8-15 days,0,10.0,9.932707919898972,2.1291696542263194,2.0
7240,"PREMIUM PORT WINES, INC.",11215,2024-07-15,2024-07-22,7.0,909.33,0-7 days,0,10.0,9.932707919898972,2.1291696542263194,-3.0
7240,"PREMIUM PORT WINES, INC.",11273,2024-07-19,2024-07-29,10.0,1046.68,8-15 days,0,10.0,9.932707919898972,2.1291696542263194,0.0
7240,"PREMIUM PORT WINES, INC.",11354,2024-07-25,2024-08-07,13.0,1088.32,8-15 days,0,10.0,9.932707919898972,2.1291696542263194,3.0
7240,"PREMIUM PORT WINES, INC.",11499,2024-08-04,2024-08-12,8.0,840.28,8-15 days,0,10.0,9.932707919898972,2.1291696542263194,-2.0
7240,"PREMIUM PORT WINES, INC.",11629,2024-08-12,2024-08-19,7.0,1654.31,0-7 days,0,10.0,9.932707919898972,2.1291696542263194,-3.0
7240,"PREMIUM PORT WINES, INC.",11662,2024-08-15,2024-08-26,11.0,978.23,8-15 days,0,10.0,9.932707919898972,2.1291696542263194,1.0
7240,"PREMIUM PORT WINES, INC.",11761,2024-08-22,2024-09-02,11.0,991.56,8-15 days,0,10.0,9.932707919898972,2.1291696542263194,1.0
7240,"PREMIUM PORT WINES, INC.",11911,2024-09-01,2024-09-09,8.0,702.78,8-15 days,0,10.0,9.932707919898972,2.1291696542263194,-2.0
7240,"PREMIUM PORT WINES, INC.",11946,2024-09-04,2024-09-16,12.0,1174.57,8-15 days,0,10.0,9.932707919898972,2.1291696542263194,2.0
7240,"PREMIUM PORT WINES, INC.",12050,2024-09-11,2024-09-23,12.0,1156.62,8-15 days,0,10.0,9.932707919898972,2.1291696542263194,2.0
7240,"PREMIUM PORT WINES, INC.",12186,2024-09-20,2024-09-30,10.0,959.32,8-15 days,0,10.0,9.932707919898972,2.1291696542263194,0.0
7240,"PREMIUM PORT WINES, INC.",12405,2024-09-30,2024-10-07,7.0,1005.79,0-7 days,0,10.0,9.932707919898972,2.1291696542263194,-3.0
7240,"PREMIUM PORT WINES, INC.",12430,2024-10-02,2024-10-14,12.0,1377.4,8-15 days,0,10.0,9.932707919898972,2.1291696542263194,2.0
7240,"PREMIUM PORT WINES, INC.",12592,2024-10-13,2024-10-21,8.0,1274.2,8-15 days,0,10.0,9.932707919898972,2.1291696542263194,-2.0
7240,"PREMIUM PORT WINES, INC.",12662,2024-10-18,2024-10-27,9.0,352.95,8-15 days,0,10.0,9.932707919898972,2.1291696542263194,-1.0
7240,"PREMIUM PORT WINES, INC.",12761,2024-10-25,2024-11-04,10.0,929.85,8-15 days,0,10.0,9.932707919898972,2.1291696542263194,0.0
7240,"PREMIUM PORT WINES, INC.",12900,2024-11-03,2024-11-12,9.0,1625.59,8-15 days,0,10.0,9.932707919898972,2.1291696542263194,-1.0
7240,"PREMIUM PORT WINES, INC.",13006,2024-11-10,2024-11-18,8.0,1077.66,8-15 days,0,10.0,9.932707919898972,2.1291696542263194,-2.0
7240,"PREMIUM PORT WINES, INC.",13075,2024-11-15,2024-11-27,12.0,1637.81,8-15 days,0,10.0,9.932707919898972,2.1291696542263194,2.0
7240,"PREMIUM PORT WINES, INC.",13216,2024-11-24,2024-12-02,8.0,2596.33,8-15 days,0,10.0,9.932707919898972,2.1291696542263194,-2.0
7240,"PREMIUM PORT WINES, INC.",13280,2024-11-29,2024-12-09,10.0,1859.1,8-15 days,0,10.0,9.932707919898972,2.1291696542263194,0.0
7240,"PREMIUM PORT WINES, INC.",13427,2024-12-08,2024-12-16,8.0,1336.21,8-15 days,0,10.0,9.932707919898972,2.1291696542263194,-2.0
7240,"PREMIUM PORT WINES, INC.",13517,2024-12-14,2024-12-24,10.0,2034.97,8-15 days,0,10.0,9.932707919898972,2.1291696542263194,0.0
7240,"PREMIUM PORT WINES, INC.",13581,2024-12-19,2024-12-30,11.0,2088.68,8-15 days,0,10.0,9.932707919898972,2.1291696542263194,1.0
7245,PROXIMO SPIRITS INC.,8145,2023-12-22,2024-01-03,12.0,34457.73,8-15 days,0,10.0,9.932707919898972,2.1291696542263194,2.0
7245,PROXIMO SPIRITS INC.,8228,2023-12-28,2024-01-10,13.0,234455.46,8-15 days,0,10.0,9.932707919898972,2.1291696542263194,3.0
7245,PROXIMO SPIRITS INC.,8396,2024-01-08,2024-01-15,7.0,84022.1,0-7 days,0,10.0,9.932707919898972,2.1291696542263194,-3.0
7245,PROXIMO SPIRITS INC.,8491,2024-01-15,2024-01-23,8.0,84159.97,8-15 days,0,10.0,9.932707919898972,2.1291696542263194,-2.0
7245,PROXIMO SPIRITS INC.,8595,2024-01-22,2024-01-31,9.0,115110.5,8-15 days,0,10.0,9.932707919898972,2.1291696542263194,-1.0
7245,PROXIMO SPIRITS INC.,8664,2024-01-27,2024-02-07,11.0,110819.76,8-15 days,0,10.0,9.932707919898972,2.1291696542263194,1.0
7245,PROXIMO SPIRITS INC.,8714,2024-01-31,2024-02-13,13.0,109631.51,8-15 days,0,10.0,9.932707919898972,2.1291696542263194,3.0
7245,PROXIMO SPIRITS INC.,8852,2024-02-09,2024-02-21,12.0,104723.79,8-15 days,0,10.0,9.932707919898972,2.1291696542263194,2.0
7245,PROXIMO SPIRITS INC.,8956,2024-02-16,2024-02-27,11.0,183412.54,8-15 days,0,10.0,9.932707919898972,2.1291696542263194,1.0
7245,PROXIMO SPIRITS INC.,9073,2024-02-24,2024-03-05,10.0,178499.09,8-15 days,0,10.0,9.932707919898972,2.1291696542263194,0.0
7245,PROXIMO SPIRITS INC.,9173,2024-03-02,2024-03-13,11.0,96735.15,8-15 days,0,10.0,9.932707919898972,2.1291696542263194,1.0
7245,PROXIMO SPIRITS INC.,9311,2024-03-11,2024-03-19,8.0,90775.1,8-15 days,0,10.0,9.932707919898972,2.1291696542263194,-2.0
7245,PROXIMO SPIRITS INC.,9327,2024-03-13,2024-03-26,13.0,90258.08,8-15 days,0,10.0,9.932707919898972,2.1291696542263194,3.0
7245,PROXIMO SPIRITS INC.,9499,2024-03-24,2024-04-03,10.0,239003.88,8-15 days,0,10.0,9.932707919898972,2.1291696542263194,0.0
7245,PROXIMO SPIRITS INC.,9554,2024-03-29,2024-04-10,12.0,131835.28,8-15 days,0,10.0,9.932707919898972,2.1291696542263194,2.0
7245,PROXIMO SPIRITS INC.,9635,2024-04-03,2024-04-17,14.0,116687.4,8-15 days,0,10.0,9.932707919898972,2.1291696542263194,4.0
7245,PROXIMO SPIRITS INC.,9726,2024-04-10,2024-04-24,14.0,123624.17,8-15 days,0,10.0,9.932707919898972,2.1291696542263194,4.0
7245,PROXIMO SPIRITS INC.,9881,2024-04-20,2024-05-01,11.0,230103.86,8-15 days,0,10.0,9.932707919898972,2.1291696542263194,1.0
7245,PROXIMO SPIRITS INC.,9977,2024-04-27,2024-05-08,11.0,196965.48,8-15 days,0,10.0,9.932707919898972,2.1291696542263194,1.0
7245,PROXIMO SPIRITS INC.,10071,2024-05-04,2024-05-14,10.0,160224.42,8-15 days,0,10.0,9.932707919898972,2.1291696542263194,0.0
7245,PROXIMO SPIRITS INC.,10213,2024-05-13,2024-05-22,9.0,124533.05,8-15 days,0,10.0,9.932707919898972,2.1291696542263194,-1.0
7245,PROXIMO SPIRITS INC.,10267,2024-05-17,2024-05-29,12.0,191931.88,8-15 days,0,10.0,9.932707919898972,2.1291696542263194,2.0
7245,PROXIMO SPIRITS INC.,10389,2024-05-25,2024-06-05,11.0,194205.33,8-15 days,0,10.0,9.932707919898972,2.1291696542263194,1.0
7245,PROXIMO SPIRITS INC.,10525,2024-06-03,2024-06-12,9.0,171894.69,8-15 days,0,10.0,9.932707919898972,2.1291696542263194,-1.0
7245,PROXIMO SPIRITS INC.,10555,2024-06-06,2024-06-19,13.0,141632.96,8-15 days,0,10.0,9.932707919898972,2.1291696542263194,3.0
7245,PROXIMO SPIRITS INC.,10637,2024-06-12,2024-06-26,14.0,157665.9,8-15 days,0,10.0,9.932707919898972,2.1291696542263194,4.0
7245,PROXIMO SPIRITS INC.,10745,2024-06-19,2024-06-30,11.0,132833.39,8-15 days,0,10.0,9.932707919898972,2.1291696542263194,1.0
7245,PROXIMO SPIRITS INC.,10890,2024-06-25,2024-07-03,8.0,34357.85,8-15 days,0,10.0,9.932707919898972,2.1291696542263194,-2.0
7245,PROXIMO SPIRITS INC.,11016,2024-07-01,2024-07-10,9.0,258531.06,8-15 days,0,10.0,9.932707919898972,2.1291696542263194,-1.0
7245,PROXIMO SPIRITS INC.,11088,2024-07-06,2024-07-16,10.0,159552.53,8-15 days,0,10.0,9.932707919898972,2.1291696542263194,0.0
7245,PROXIMO SPIRITS INC.,11216,2024-07-15,2024-07-24,9.0,182980.16,8-15 days,0,10.0,9.932707919898972,2.1291696542263194,-1.0
7245,PROXIMO SPIRITS INC.,11291,2024-07-20,2024-07-31,11.0,188391.57,8-15 days,0,10.0,9.932707919898972,2.1291696542263194,1.0
7245,PROXIMO SPIRITS INC.,11389,2024-07-27,2024-08-07,11.0,180851.13,8-15 days,0,10.0,9.932707919898972,2.1291696542263194,1.0
7245,PROXIMO SPIRITS INC.,11514,2024-08-05,2024-08-14,9.0,153198.11,8-15 days,0,10.0,9.932707919898972,2.1291696542263194,-1.0
7245,PROXIMO SPIRITS INC.,11630,2024-08-12,2024-08-21,9.0,219221.45,8-15 days,0,10.0,9.932707919898972,2.1291696542263194,-1.0
7245,PROXIMO SPIRITS INC.,11680,2024-08-16,2024-08-27,11.0,155894.56,8-15 days,0,10.0,9.932707919898972,2.1291696542263194,1.0
7245,PROXIMO SPIRITS INC.,11826,2024-08-26,2024-09-04,9.0,151869.54,8-15 days,0,10.0,9.932707919898972,2.1291696542263194,-1.0
7245,PROXIMO SPIRITS INC.,11850,2024-08-29,2024-09-11,13.0,150100.15,8-15 days,0,10.0,9.932707919898972,2.1291696542263194,3.0
7245,PROXIMO SPIRITS INC.,12006,2024-09-07,2024-09-17,10.0,94013.6,8-15 days,0,10.0,9.932707919898972,2.1291696542263194,0.0
7245,PROXIMO SPIRITS INC.,12099,2024-09-14,2024-09-24,10.0,102802.31,8-15 days,0,10.0,9.932707919898972,2.1291696542263194,0.0
7245,PROXIMO SPIRITS INC.,12159,2024-09-18,2024-09-30,12.0,109937.02,8-15 days,0,10.0,9.932707919898972,2.1291696542263194,2.0
7245,PROXIMO SPIRITS INC.,12288,2024-09-23,2024-10-02,9.0,1902.95,8-15 days,0,10.0,9.932707919898972,2.1291696542263194,-1.0
7245,PROXIMO SPIRITS INC.,12374,2024-09-28,2024-10-08,10.0,103372.76,8-15 days,0,10.0,9.932707919898972,2.1291696542263194,0.0
7245,PROXIMO SPIRITS INC.,12510,2024-10-07,2024-10-16,9.0,125869.47,8-15 days,0,10.0,9.932707919898972,2.1291696542263194,-1.0
7245,PROXIMO SPIRITS INC.,12529,2024-10-09,2024-10-22,13.0,113515.1,8-15 days,0,10.0,9.932707919898972,2.1291696542263194,3.0
7245,PROXIMO SPIRITS INC.,12700,2024-10-20,2024-10-30,10.0,132632.16,8-15 days,0,10.0,9.932707919898972,2.1291696542263194,0.0
7245,PROXIMO SPIRITS INC.,12731,2024-10-23,2024-11-05,13.0,101196.35,8-15 days,0,10.0,9.932707919898972,2.1291696542263194,3.0
7245,PROXIMO SPIRITS INC.,12849,2024-10-31,2024-11-12,12.0,115319.46,8-15 days,0,10.0,9.932707919898972,2.1291696542263194,2.0
7245,PROXIMO SPIRITS INC.,13025,2024-11-11,2024-11-20,9.0,126133.48,8-15 days,0,10.0,9.932707919898972,2.1291696542263194,-1.0
7245,PROXIMO SPIRITS INC.,13112,2024-11-17,2024-11-27,10.0,92957.38,8-15 days,0,10.0,9.932707919898972,2.1291696542263194,0.0
7245,PROXIMO SPIRITS INC.,13170,2024-11-22,2024-12-03,11.0,126078.57,8-15 days,0,10.0,9.932707919898972,2.1291696542263194,1.0
7245,PROXIMO SPIRITS INC.,13310,2024-12-01,2024-12-11,10.0,106584.08,8-15 days,0,10.0,9.932707919898972,2.1291696542263194,0.0
7245,PROXIMO SPIRITS INC.,13363,2024-12-05,2024-12-18,13.0,129453.21,8-15 days,0,10.0,9.932707919898972,2.1291696542263194,3.0
7245,PROXIMO SPIRITS INC.,13536,2024-12-15,2024-12-24,9.0,137799.41,8-15 days,0,10.0,9.932707919898972,2.1291696542263194,-1.0
7245,PROXIMO SPIRITS INC.,13617,2024-12-21,2024-12-31,10.0,203312.01,8-15 days,0,10.0,9.932707919898972,2.1291696542263194,0.0
7255,PSP WINES,8198,2023-12-25,2024-01-01,7.0,66.33,0-7 days,0,10.0,9.932707919898972,2.1291696542263194,-3.0
7255,PSP WINES,8217,2023-12-27,2024-01-09,13.0,1320.18,8-15 days,0,10.0,9.932707919898972,2.1291696542263194,3.0
7255,PSP WINES,8388,2024-01-07,2024-01-15,8.0,769.63,8-15 days,0,10.0,9.932707919898972,2.1291696542263194,-2.0
7255,PSP WINES,8427,2024-01-11,2024-01-22,11.0,1370.32,8-15 days,0,10.0,9.932707919898972,2.1291696542263194,1.0
7255,PSP WINES,8541,2024-01-19,2024-01-29,10.0,3247.06,8-15 days,0,10.0,9.932707919898972,2.1291696542263194,0.0
7255,PSP WINES,8643,2024-01-26,2024-02-05,10.0,2418.6,8-15 days,0,10.0,9.932707919898972,2.1291696542263194,0.0
7255,PSP WINES,8730,2024-02-01,2024-02-12,11.0,2213.88,8-15 days,0,10.0,9.932707919898972,2.1291696542263194,1.0
7255,PSP WINES,8834,2024-02-08,2024-02-19,11.0,2166.79,8-15 days,0,10.0,9.932707919898972,2.1291696542263194,1.0
7255,PSP WINES,9005,2024-02-19,2024-02-26,7.0,3731.97,0-7 days,0,10.0,9.932707919898972,2.1291696542263194,-3.0
7255,PSP WINES,9074,2024-02-24,2024-03-04,9.0,890.43,8-15 days,0,10.0,9.932707919898972,2.1291696542263194,-1.0
7255,PSP WINES,9122,2024-02-28,2024-03-12,13.0,1247.24,8-15 days,0,10.0,9.932707919898972,2.1291696542263194,3.0
7255,PSP WINES,9268,2024-03-09,2024-03-18,9.0,1057.0,8-15 days,0,10.0,9.932707919898972,2.1291696542263194,-1.0
7255,PSP WINES,9404,2024-03-18,2024-03-25,7.0,712.2,0-7 days,0,10.0,9.932707919898972,2.1291696542263194,-3.0
7255,PSP WINES,9427,2024-03-20,2024-04-01,12.0,1314.06,8-15 days,0,10.0,9.932707919898972,2.1291696542263194,2.0
7255,PSP WINES,9610,2024-04-01,2024-04-08,7.0,4161.35,0-7 days,0,10.0,9.932707919898972,2.1291696542263194,-3.0
7255,PSP WINES,9662,2024-04-05,2024-04-15,10.0,2006.55,8-15 days,0,10.0,9.932707919898972,2.1291696542263194,0.0
7255,PSP WINES,9792,2024-04-14,2024-04-22,8.0,2728.85,8-15 days,0,10.0,9.932707919898972,2.1291696542263194,-2.0
7255,PSP WINES,9844,2024-04-18,2024-04-28,10.0,3254.61,8-15 days,0,10.0,9.932707919898972,2.1291696542263194,0.0
7255,PSP WINES,9923,2024-04-24,2024-05-07,13.0,3644.44,8-15 days,0,10.0,9.932707919898972,2.1291696542263194,3.0
7255,PSP WINES,10047,2024-05-02,2024-05-13,11.0,4208.34,8-15 days,0,10.0,9.932707919898972,2.1291696542263194,1.0
7255,PSP WINES,10139,2024-05-09,2024-05-20,11.0,4486.65,8-15 days,0,10.0,9.932707919898972,2.1291696542263194,1.0
7255,PSP WINES,10249,2024-05-16,2024-05-28,12.0,2886.85,8-15 days,0,10.0,9.932707919898972,2.1291696542263194,2.0
7255,PSP WINES,10336,2024-05-22,2024-06-03,12.0,2400.17,8-15 days,0,10.0,9.932707919898972,2.1291696542263194,2.0
7255,PSP WINES,10441,2024-05-29,2024-06-12,14.0,3390.96,8-15 days,0,10.0,9.932707919898972,2.1291696542263194,4.0
7255,PSP WINES,10556,2024-06-06,2024-06-17,11.0,1574.83,8-15 days,0,10.0,9.932707919898972,2.1291696542263194,1.0
7255,PSP WINES,10725,2024-06-17,2024-06-24,7.0,975.7,0-7 days,0,10.0,9.932707919898972,2.1291696542263194,-3.0
7255,PSP WINES,10803,2024-06-23,2024-06-30,7.0,953.4,0-7 days,0,10.0,9.932707919898972,2.1291696542263194,-3.0
7255,PSP WINES,10891,2024-06-25,2024-07-01,6.0,177.54,0-7 days,0,10.0,9.932707919898972,2.1291696542263194,-4.0
7255,PSP WINES,11017,2024-07-01,2024-07-08,7.0,3666.42,0-7 days,0,10.0,9.932707919898972,2.1291696542263194,-3.0
7255,PSP WINES,11104,2024-07-07,2024-07-16,9.0,3819.66,8-15 days,0,10.0,9.932707919898972,2.1291696542263194,-1.0
7255,PSP WINES,11178,2024-07-13,2024-07-22,9.0,1677.03,8-15 days,0,10.0,9.932707919898972,2.1291696542263194,-1.0
7255,PSP WINES,11252,2024-07-18,2024-07-29,11.0,1995.27,8-15 days,0,10.0,9.932707919898972,2.1291696542263194,1.0
7255,PSP WINES,11355,2024-07-25,2024-08-05,11.0,1601.83,8-15 days,0,10.0,9.932707919898972,2.1291696542263194,1.0
7255,PSP WINES,11468,2024-08-02,2024-08-12,10.0,1166.15,8-15 days,0,10.0,9.932707919898972,2.1291696542263194,0.0
7255,PSP WINES,11554,2024-08-08,2024-08-20,12.0,4394.09,8-15 days,0,10.0,9.932707919898972,2.1291696542263194,2.0
7255,PSP WINES,11721,2024-08-19,2024-08-27,8.0,822.32,8-15 days,0,10.0,9.932707919898972,2.1291696542263194,-2.0
7255,PSP WINES,11784,2024-08-23,2024-09-02,10.0,2423.92,8-15 days,0,10.0,9.932707919898972,2.1291696542263194,0.0
7255,PSP WINES,11893,2024-08-31,2024-09-09,9.0,2230.67,8-15 days,0,10.0,9.932707919898972,2.1291696542263194,-1.0
7255,PSP WINES,11947,2024-09-04,2024-09-17,13.0,2022.78,8-15 days,0,10.0,9.932707919898972,2.1291696542263194,3.0
7255,PSP WINES,12071,2024-09-12,2024-09-23,11.0,4064.76,8-15 days,0,10.0,9.932707919898972,2.1291696542263194,1.0
7255,PSP WINES,12205,2024-09-21,2024-09-30,9.0,2462.02,8-15 days,0,10.0,9.932707919898972,2.1291696542263194,-1.0
7255,PSP WINES,12406,2024-09-30,2024-10-07,7.0,2316.03,0-7 days,0,10.0,9.932707919898972,2.1291696542263194,-3.0
7255,PSP WINES,12460,2024-10-04,2024-10-14,10.0,2433.07,8-15 days,0,10.0,9.932707919898972,2.1291696542263194,0.0
7255,PSP WINES,12562,2024-10-11,2024-10-21,10.0,3875.56,8-15 days,0,10.0,9.932707919898972,2.1291696542263194,0.0
7255,PSP WINES,12663,2024-10-18,2024-10-29,11.0,2258.81,8-15 days,0,10.0,9.932707919898972,2.1291696542263194,1.0
7255,PSP WINES,12762,2024-10-25,2024-11-04,10.0,2734.09,8-15 days,0,10.0,9.932707919898972,2.1291696542263194,0.0
7255,PSP WINES,12835,2024-10-30,2024-11-11,12.0,3681.78,8-15 days,0,10.0,9.932707919898972,2.1291696542263194,2.0
7255,PSP WINES,13007,2024-11-10,2024-11-19,9.0,2922.39,8-15 days,0,10.0,9.932707919898972,2.1291696542263194,-1.0
7255,PSP WINES,13060,2024-11-14,2024-11-27,13.0,3192.27,8-15 days,0,10.0,9.932707919898972,2.1291696542263194,3.0
7255,PSP WINES,13217,2024-11-24,2024-12-02,8.0,3095.51,8-15 days,0,10.0,9.932707919898972,2.1291696542263194,-2.0
7255,PSP WINES,13311,2024-12-01,2024-12-10,9.0,1273.07,8-15 days,0,10.0,9.932707919898972,2.1291696542263194,-1.0
7255,PSP WINES,13400,2024-12-07,2024-12-17,10.0,2489.64,8-15 days,0,10.0,9.932707919898972,2.1291696542263194,0.0
7255,PSP WINES,13478,2024-12-12,2024-12-23,11.0,4408.42,8-15 days,0,10.0,9.932707919898972,2.1291696542263194,1.0
7255,PSP WINES,13659,2024-12-23,2024-12-30,7.0,2492.2,0-7 days,0,10.0,9.932707919898972,2.1291696542263194,-3.0
7749,R.P.IMPORTS INC,8508,2024-01-17,2024-01-29,12.0,600.88,8-15 days,0,10.0,9.932707919898972,2.1291696542263194,2.0
7749,R.P.IMPORTS INC,8910,2024-02-12,2024-02-21,9.0,3633.29,8-15 days,0,10.0,9.932707919898972,2.1291696542263194,-1.0
7749,R.P.IMPORTS INC,8992,2024-02-18,2024-02-26,8.0,2364.63,8-15 days,0,10.0,9.932707919898972,2.1291696542263194,-2.0
7749,R.P.IMPORTS INC,9075,2024-02-24,2024-03-01,6.0,119.94,0-7 days,0,10.0,9.932707919898972,2.1291696542263194,-4.0
7749,R.P.IMPORTS INC,9500,2024-03-24,2024-03-29,5.0,217.1,0-7 days,0,10.0,9.932707919898972,2.1291696542263194,-5.0
7749,R.P.IMPORTS INC,9943,2024-04-25,2024-05-05,10.0,386.44,8-15 days,0,10.0,9.932707919898972,2.1291696542263194,0.0
7749,R.P.IMPORTS INC,10140,2024-05-09,2024-05-20,11.0,1787.05,8-15 days,0,10.0,9.932707919898972,2.1291696542263194,1.0
7749,R.P.IMPORTS INC,10804,2024-06-23,2024-06-30,7.0,642.48,0-7 days,0,10.0,9.932707919898972,2.1291696542263194,-3.0
7749,R.P.IMPORTS INC,10975,2024-06-29,2024-07-06,7.0,584.25,0-7 days,0,10.0,9.932707919898972,2.1291696542263194,-3.0
7749,R.P.IMPORTS INC,11500,2024-08-04,2024-08-12,8.0,1126.36,8-15 days,0,10.0,9.932707919898972,2.1291696542263194,-2.0
7749,R.P.IMPORTS INC,11555,2024-08-08,2024-08-17,9.0,5725.47,8-15 days,0,10.0,9.932707919898972,2.1291696542263194,-1.0
7749,R.P.IMPORTS INC,11875,2024-08-30,2024-09-09,10.0,593.89,8-15 days,0,10.0,9.932707919898972,2.1291696542263194,0.0
7749,R.P.IMPORTS INC,12100,2024-09-14,2024-09-19,5.0,40.92,0-7 days,0,10.0,9.932707919898972,2.1291696542263194,-5.0
7749,R.P.IMPORTS INC,12206,2024-09-21,2024-09-29,8.0,916.84,8-15 days,0,10.0,9.932707919898972,2.1291696542263194,-2.0
7749,R.P.IMPORTS INC,13171,2024-11-22,2024-12-02,10.0,13.51,8-15 days,0,10.0,9.932707919898972,2.1291696542263194,0.0
7749,R.P.IMPORTS INC,13385,2024-12-06,2024-12-17,11.0,23.82,8-15 days,0,10.0,9.932707919898972,2.1291696542263194,1.0
8004,SAZERAC CO INC,8199,2023-12-25,2024-01-03,9.0,57738.64,8-15 days,0,10.0,9.932707919898972,2.1291696542263194,-1.0
8004,SAZERAC CO INC,8258,2023-12-30,2024-01-09,10.0,251425.62,8-15 days,0,10.0,9.932707919898972,2.1291696542263194,0.0
8004,SAZERAC CO INC,8366,2024-01-06,2024-01-15,9.0,143691.8,8-15 days,0,10.0,9.932707919898972,2.1291696542263194,-1.0
8004,SAZERAC CO INC,8492,2024-01-15,2024-01-23,8.0,112394.48,8-15 days,0,10.0,9.932707919898972,2.1291696542263194,-2.0
8004,SAZERAC CO INC,8561,2024-01-20,2024-01-30,10.0,175127.38,8-15 days,0,10.0,9.932707919898972,2.1291696542263194,0.0
8004,SAZERAC CO INC,8611,2024-01-24,2024-02-06,13.0,157800.62,8-15 days,0,10.0,9.932707919898972,2.1291696542263194,3.0
8004,SAZERAC CO INC,8732,2024-02-01,2024-02-14,13.0,161652.8,8-15 days,0,10.0,9.932707919898972,2.1291696542263194,3.0
8004,SAZERAC CO INC,8867,2024-02-10,2024-02-21,11.0,133269.51,8-15 days,0,10.0,9.932707919898972,2.1291696542263194,1.0
8004,SAZERAC CO INC,8937,2024-02-15,2024-02-27,12.0,160485.86,8-15 days,0,10.0,9.932707919898972,2.1291696542263194,2.0
8004,SAZERAC CO INC,9077,2024-02-24,2024-03-06,11.0,141608.15,8-15 days,0,10.0,9.932707919898972,2.1291696542263194,1.0
8004,SAZERAC CO INC,9157,2024-03-01,2024-03-13,12.0,156297.38,8-15 days,0,10.0,9.932707919898972,2.1291696542263194,2.0
8004,SAZERAC CO INC,9312,2024-03-11,2024-03-19,8.0,110768.59,8-15 days,0,10.0,9.932707919898972,2.1291696542263194,-2.0
8004,SAZERAC CO INC,9365,2024-03-16,2024-03-26,10.0,104643.36,8-15 days,0,10.0,9.932707919898972,2.1291696542263194,0.0
8004,SAZERAC CO INC,9512,2024-03-25,2024-04-03,9.0,150734.41,8-15 days,0,10.0,9.932707919898972,2.1291696542263194,-1.0
8004,SAZERAC CO INC,9594,2024-03-31,2024-04-08,8.0,126189.4,8-15 days,0,10.0,9.932707919898972,2.1291696542263194,-2.0
8004,SAZERAC CO INC,9713,2024-04-08,2024-04-15,7.0,153535.17,0-7 days,0,10.0,9.932707919898972,2.1291696542263194,-3.0
8004,SAZERAC CO INC,9729,2024-04-10,2024-04-23,13.0,133873.24,8-15 days,0,10.0,9.932707919898972,2.1291696542263194,3.0
8004,SAZERAC CO INC,9859,2024-04-19,2024-05-01,12.0,178056.77,8-15 days,0,10.0,9.932707919898972,2.1291696542263194,2.0
8004,SAZERAC CO INC,9924,2024-04-24,2024-05-07,13.0,175715.01,8-15 days,0,10.0,9.932707919898972,2.1291696542263194,3.0
8004,SAZERAC CO INC,10109,2024-05-06,2024-05-13,7.0,169401.23,0-7 days,0,10.0,9.932707919898972,2.1291696542263194,-3.0
8004,SAZERAC CO INC,10181,2024-05-11,2024-05-21,10.0,132961.14,8-15 days,0,10.0,9.932707919898972,2.1291696542263194,0.0
8004,SAZERAC CO INC,10268,2024-05-17,2024-05-29,12.0,177391.46,8-15 days,0,10.0,9.932707919898972,2.1291696542263194,2.0
8004,SAZERAC CO INC,10337,2024-05-22,2024-06-05,14.0,195303.95,8-15 days,0,10.0,9.932707919898972,2.1291696542263194,4.0
8004,SAZERAC CO INC,10442,2024-05-29,2024-06-12,14.0,179298.9,8-15 days,0,10.0,9.932707919898972,2.1291696542263194,4.0
8004,SAZERAC CO INC,10557,2024-06-06,2024-06-19,13.0,184311.59,8-15 days,0,10.0,9.932707919898972,2.1291696542263194,3.0
8004,SAZERAC CO INC,10727,2024-06-17,2024-06-26,9.0,173476.9,8-15 days,0,10.0,9.932707919898972,2.1291696542263194,-1.0
8004,SAZERAC CO INC,10746,2024-06-19,2024-06-30,11.0,152281.69,8-15 days,0,10.0,9.932707919898972,2.1291696542263194,1.0
8004,SAZERAC CO INC,10893,2024-06-25,2024-07-03,8.0,38769.25,8-15 days,0,10.0,9.932707919898972,2.1291696542263194,-2.0
8004,SAZERAC CO INC,10946,2024-06-27,2024-07-10,13.0,282898.79,8-15 days,0,10.0,9.932707919898972,2.1291696542263194,3.0
8004,SAZERAC CO INC,11038,2024-07-03,2024-07-17,14.0,194193.14,8-15 days,0,10.0,9.932707919898972,2.1291696542263194,4.0
8004,SAZERAC CO INC,11218,2024-07-15,2024-07-23,8.0,224134.2,8-15 days,0,10.0,9.932707919898972,2.1291696542263194,-2.0
8004,SAZERAC CO INC,11320,2024-07-22,2024-07-30,8.0,247726.52,8-15 days,0,10.0,9.932707919898972,2.1291696542263194,-2.0
8004,SAZERAC CO INC,11390,2024-07-27,2024-08-07,11.0,206596.0,8-15 days,0,10.0,9.932707919898972,2.1291696542263194,1.0
8004,SAZERAC CO INC,11452,2024-08-01,2024-08-14,13.0,190924.9,8-15 days,0,10.0,9.932707919898972,2.1291696542263194,3.0
8004,SAZERAC CO INC,11577,2024-08-09,2024-08-21,12.0,303351.66,8-15 days,0,10.0,9.932707919898972,2.1291696542263194,2.0
8004,SAZERAC CO INC,11695,2024-08-17,2024-08-28,11.0,192619.43,8-15 days,0,10.0,9.932707919898972,2.1291696542263194,1.0
8004,SAZERAC CO INC,11827,2024-08-26,2024-09-03,8.0,207108.42,8-15 days,0,10.0,9.932707919898972,2.1291696542263194,-2.0
8004,SAZERAC CO INC,11851,2024-08-29,2024-09-11,13.0,234937.9,8-15 days,0,10.0,9.932707919898972,2.1291696542263194,3.0
8004,SAZERAC CO INC,11982,2024-09-06,2024-09-17,11.0,169024.0,8-15 days,0,10.0,9.932707919898972,2.1291696542263194,1.0
8004,SAZERAC CO INC,12101,2024-09-14,2024-09-25,11.0,163743.59,8-15 days,0,10.0,9.932707919898972,2.1291696542263194,1.0
8004,SAZERAC CO INC,12246,2024-09-23,2024-09-30,7.0,203253.2,0-7 days,0,10.0,9.932707919898972,2.1291696542263194,-3.0
8004,SAZERAC CO INC,12290,2024-09-23,2024-10-02,9.0,2617.32,8-15 days,0,10.0,9.932707919898972,2.1291696542263194,-1.0
8004,SAZERAC CO INC,12386,2024-09-29,2024-10-08,9.0,188234.39,8-15 days,0,10.0,9.932707919898972,2.1291696542263194,-1.0
8004,SAZERAC CO INC,12476,2024-10-05,2024-10-16,11.0,295260.21,8-15 days,0,10.0,9.932707919898972,2.1291696542263194,1.0
8004,SAZERAC CO INC,12547,2024-10-10,2024-10-22,12.0,188906.13,8-15 days,0,10.0,9.932707919898972,2.1291696542263194,2.0
8004,SAZERAC CO INC,12684,2024-10-19,2024-10-30,11.0,236332.59,8-15 days,0,10.0,9.932707919898972,2.1291696542263194,1.0
8004,SAZERAC CO INC,12763,2024-10-25,2024-11-06,12.0,178947.26,8-15 days,0,10.0,9.932707919898972,2.1291696542263194,2.0
8004,SAZERAC CO INC,12850,2024-10-31,2024-11-12,12.0,190332.69,8-15 days,0,10.0,9.932707919898972,2.1291696542263194,2.0
8004,SAZERAC CO INC,12939,2024-11-06,2024-11-20,14.0,215466.88,8-15 days,0,10.0,9.932707919898972,2.1291696542263194,4.0
8004,SAZERAC CO INC,13125,2024-11-18,2024-11-27,9.0,174892.95,8-15 days,0,10.0,9.932707919898972,2.1291696542263194,-1.0
8004,SAZERAC CO INC,13196,2024-11-23,2024-12-04,11.0,214318.42,8-15 days,0,10.0,9.932707919898972,2.1291696542263194,1.0
8004,SAZERAC CO INC,13329,2024-12-02,2024-12-11,9.0,206046.28,8-15 days,0,10.0,9.932707919898972,2.1291696542263194,-1.0
8004,SAZERAC CO INC,13364,2024-12-05,2024-12-18,13.0,240222.42,8-15 days,0,10.0,9.932707919898972,2.1291696542263194,3.0
8004,SAZERAC CO INC,13518,2024-12-14,2024-12-24,10.0,258401.02,8-15 days,0,10.0,9.932707919898972,2.1291696542263194,0.0
8004,SAZERAC CO INC,13602,2024-12-20,2024-12-31,11.0,318075.65,8-15 days,0,10.0,9.932707919898972,2.1291696542263194,1.0
8112,MOET HENNESSY USA INC,8180,2023-12-24,2024-01-03,10.0,31015.8,8-15 days,0,10.0,9.932707919898972,2.1291696542263194,0.0
8112,MOET HENNESSY USA INC,8278,2023-12-31,2024-01-10,10.0,158211.28,8-15 days,0,10.0,9.932707919898972,2.1291696542263194,0.0
8112,MOET HENNESSY USA INC,8348,2024-01-05,2024-01-17,12.0,64917.6,8-15 days,0,10.0,9.932707919898972,2.1291696542263194,2.0
8112,MOET HENNESSY USA INC,8407,2024-01-10,2024-01-23,13.0,59737.61,8-15 days,0,10.0,9.932707919898972,2.1291696542263194,3.0
8112,MOET HENNESSY USA INC,8506,2024-01-17,2024-01-30,13.0,244562.09,8-15 days,0,10.0,9.932707919898972,2.1291696542263194,3.0
8112,MOET HENNESSY USA INC,8661,2024-01-27,2024-02-07,11.0,185662.49,8-15 days,0,10.0,9.932707919898972,2.1291696542263194,1.0
8112,MOET HENNESSY USA INC,8727,2024-02-01,2024-02-13,12.0,124709.7,8-15 days,0,10.0,9.932707919898972,2.1291696542263194,2.0
8112,MOET HENNESSY USA INC,8832,2024-02-08,2024-02-21,13.0,88961.9,8-15 days,0,10.0,9.932707919898972,2.1291696542263194,3.0
8112,MOET HENNESSY USA INC,9002,2024-02-19,2024-02-27,8.0,108549.52,8-15 days,0,10.0,9.932707919898972,2.1291696542263194,-2.0
8112,MOET HENNESSY USA INC,9025,2024-02-21,2024-03-04,12.0,67791.83,8-15 days,0,10.0,9.932707919898972,2.1291696542263194,2.0
8112,MOET HENNESSY USA INC,9171,2024-03-02,2024-03-12,10.0,78589.73,8-15 days,0,10.0,9.932707919898972,2.1291696542263194,0.0
8112,MOET HENNESSY USA INC,9252,2024-03-08,2024-03-19,11.0,71771.06,8-15 days,0,10.0,9.932707919898972,2.1291696542263194,1.0
8112,MOET HENNESSY USA INC,9377,2024-03-17,2024-03-26,9.0,70566.24,8-15 days,0,10.0,9.932707919898972,2.1291696542263194,-1.0
8112,MOET HENNESSY USA INC,9462,2024-03-22,2024-04-03,12.0,163167.38,8-15 days,0,10.0,9.932707919898972,2.1291696542263194,2.0
8112,MOET HENNESSY USA INC,9573,2024-03-30,2024-04-08,9.0,83151.24,8-15 days,0,10.0,9.932707919898972,2.1291696542263194,-1.0
8112,MOET HENNESSY USA INC,9684,2024-04-06,2024-04-15,9.0,111979.28,8-15 days,0,10.0,9.932707919898972,2.1291696542263194,-1.0
8112,MOET HENNESSY USA INC,9810,2024-04-15,2024-04-24,9.0,145177.66,8-15 days,0,10.0,9.932707919898972,2.1291696542263194,-1.0
8112,MOET HENNESSY USA INC,9878,2024-04-20,2024-05-01,11.0,186168.14,8-15 days,0,10.0,9.932707919898972,2.1291696542263194,1.0
8112,MOET HENNESSY USA INC,9990,2024-04-28,2024-05-07,9.0,184974.54,8-15 days,0,10.0,9.932707919898972,2.1291696542263194,-1.0
8112,MOET HENNESSY USA INC,10105,2024-05-06,2024-05-13,7.0,112578.22,0-7 days,0,10.0,9.932707919898972,2.1291696542263194,-3.0
8112,MOET HENNESSY USA INC,10210,2024-05-13,2024-05-21,8.0,122298.18,8-15 days,0,10.0,9.932707919898972,2.1291696542263194,-2.0
8112,MOET HENNESSY USA INC,10301,2024-05-19,2024-05-29,10.0,143212.24,8-15 days,0,10.0,9.932707919898972,2.1291696542263194,0.0
8112,MOET HENNESSY USA INC,10335,2024-05-22,2024-06-05,14.0,140623.21,8-15 days,0,10.0,9.932707919898972,2.1291696542263194,4.0
8112,MOET HENNESSY USA INC,10454,2024-05-30,2024-06-12,13.0,130175.27,8-15 days,0,10.0,9.932707919898972,2.1291696542263194,3.0
8112,MOET HENNESSY USA INC,10590,2024-06-08,2024-06-19,11.0,130666.33,8-15 days,0,10.0,9.932707919898972,2.1291696542263194,1.0
8112,MOET HENNESSY USA INC,10687,2024-06-15,2024-06-26,11.0,133064.68,8-15 days,0,10.0,9.932707919898972,2.1291696542263194,1.0
8112,MOET HENNESSY USA INC,10771,2024-06-21,2024-06-30,9.0,168398.34,8-15 days,0,10.0,9.932707919898972,2.1291696542263194,-1.0
8112,MOET HENNESSY USA INC,10878,2024-06-25,2024-07-03,8.0,63070.78,8-15 days,0,10.0,9.932707919898972,2.1291696542263194,-2.0
8112,MOET HENNESSY USA INC,10957,2024-06-28,2024-07-10,12.0,232358.51,8-15 days,0,10.0,9.932707919898972,2.1291696542263194,2.0
8112,MOET HENNESSY USA INC,11101,2024-07-07,2024-07-16,9.0,215145.84,8-15 days,0,10.0,9.932707919898972,2.1291696542263194,-1.0
8112,MOET HENNESSY USA INC,11197,2024-07-14,2024-07-24,10.0,287964.7,8-15 days,0,10.0,9.932707919898972,2.1291696542263194,0.0
8112,MOET HENNESSY USA INC,11289,2024-07-20,2024-07-30,10.0,359665.99,8-15 days,0,10.0,9.932707919898972,2.1291696542263194,0.0
8112,MOET HENNESSY USA INC,11334,2024-07-24,2024-08-07,14.0,185054.01,8-15 days,0,10.0,9.932707919898972,2.1291696542263194,4.0
8112,MOET HENNESSY USA INC,11449,2024-08-01,2024-08-14,13.0,155316.19,8-15 days,0,10.0,9.932707919898972,2.1291696542263194,3.0
8112,MOET HENNESSY USA INC,11551,2024-08-08,2024-08-21,13.0,261353.27,8-15 days,0,10.0,9.932707919898972,2.1291696542263194,3.0
8112,MOET HENNESSY USA INC,11720,2024-08-19,2024-08-27,8.0,140933.91,8-15 days,0,10.0,9.932707919898972,2.1291696542263194,-2.0
8112,MOET HENNESSY USA INC,11800,2024-08-24,2024-09-03,10.0,136014.59,8-15 days,0,10.0,9.932707919898972,2.1291696542263194,0.0
8112,MOET HENNESSY USA INC,11870,2024-08-30,2024-09-11,12.0,153836.96,8-15 days,0,10.0,9.932707919898972,2.1291696542263194,2.0
8112,MOET HENNESSY USA INC,11944,2024-09-04,2024-09-17,13.0,100665.61,8-15 days,0,10.0,9.932707919898972,2.1291696542263194,3.0
8112,MOET HENNESSY USA INC,12096,2024-09-14,2024-09-23,9.0,90287.05,8-15 days,0,10.0,9.932707919898972,2.1291696542263194,-1.0
8112,MOET HENNESSY USA INC,12243,2024-09-23,2024-09-30,7.0,176327.58,0-7 days,0,10.0,9.932707919898972,2.1291696542263194,-3.0
8112,MOET HENNESSY USA INC,12281,2024-09-23,2024-10-02,9.0,5679.42,8-15 days,0,10.0,9.932707919898972,2.1291696542263194,-1.0
8112,MOET HENNESSY USA INC,12384,2024-09-29,2024-10-08,9.0,195109.0,8-15 days,0,10.0,9.932707919898972,2.1291696542263194,-1.0
8112,MOET HENNESSY USA INC,12426,2024-10-02,2024-10-16,14.0,187374.61,8-15 days,0,10.0,9.932707919898972,2.1291696542263194,4.0
8112,MOET HENNESSY USA INC,12577,2024-10-12,2024-10-22,10.0,364706.12,8-15 days,0,10.0,9.932707919898972,2.1291696542263194,0.0
8112,MOET HENNESSY USA INC,12641,2024-10-17,2024-10-30,13.0,476300.61,8-15 days,0,10.0,9.932707919898972,2.1291696542263194,3.0
8112,MOET HENNESSY USA INC,12795,2024-10-27,2024-11-06,10.0,393787.68,8-15 days,0,10.0,9.932707919898972,2.1291696542263194,0.0
8112,MOET HENNESSY USA INC,12917,2024-11-04,2024-11-12,8.0,368424.93,8-15 days,0,10.0,9.932707919898972,2.1291696542263194,-2.0
8112,MOET HENNESSY USA INC,12981,2024-11-08,2024-11-19,11.0,273731.61,8-15 days,0,10.0,9.932707919898972,2.1291696542263194,1.0
8112,MOET HENNESSY USA INC,13093,2024-11-16,2024-11-27,11.0,136691.26,8-15 days,0,10.0,9.932707919898972,2.1291696542263194,1.0
8112,MOET HENNESSY USA INC,13153,2024-11-21,2024-12-03,12.0,253288.09,8-15 days,0,10.0,9.932707919898972,2.1291696542263194,2.0
8112,MOET HENNESSY USA INC,13295,2024-11-30,2024-12-11,11.0,172900.93,8-15 days,0,10.0,9.932707919898972,2.1291696542263194,1.0
8112,MOET HENNESSY USA INC,13398,2024-12-07,2024-12-18,11.0,237216.66,8-15 days,0,10.0,9.932707919898972,2.1291696542263194,1.0
8112,MOET HENNESSY USA INC,13476,2024-12-12,2024-12-24,12.0,222243.79,8-15 days,0,10.0,9.932707919898972,2.1291696542263194,2.0
8112,MOET HENNESSY USA INC,13654,2024-12-23,2024-12-31,8.0,316863.94,8-15 days,0,10.0,9.932707919898972,2.1291696542263194,-2.0
8150,SEA HAGG DISTILLERY LLC,8182,2023-12-24,2024-01-01,8.0,111.05,8-15 days,0,10.0,9.932707919898972,2.1291696542263194,-2.0
8150,SEA HAGG DISTILLERY LLC,8245,2023-12-29,2024-01-05,7.0,252.72,0-7 days,0,10.0,9.932707919898972,2.1291696542263194,-3.0
8150,SEA HAGG DISTILLERY LLC,8351,2024-01-05,2024-01-15,10.0,346.16,8-15 days,0,10.0,9.932707919898972,2.1291696542263194,0.0
8150,SEA HAGG DISTILLERY LLC,8412,2024-01-10,2024-01-22,12.0,467.11,8-15 days,0,10.0,9.932707919898972,2.1291696542263194,2.0
8150,SEA HAGG DISTILLERY LLC,8596,2024-01-22,2024-01-29,7.0,1804.42,0-7 days,0,10.0,9.932707919898972,2.1291696542263194,-3.0
8150,SEA HAGG DISTILLERY LLC,8645,2024-01-26,2024-02-05,10.0,1485.18,8-15 days,0,10.0,9.932707919898972,2.1291696542263194,0.0
8150,SEA HAGG DISTILLERY LLC,8771,2024-02-03,2024-02-13,10.0,1916.42,8-15 days,0,10.0,9.932707919898972,2.1291696542263194,0.0
8150,SEA HAGG DISTILLERY LLC,8868,2024-02-10,2024-02-19,9.0,1217.2,8-15 days,0,10.0,9.932707919898972,2.1291696542263194,-1.0
8150,SEA HAGG DISTILLERY LLC,8957,2024-02-16,2024-02-26,10.0,1729.42,8-15 days,0,10.0,9.932707919898972,2.1291696542263194,0.0
8150,SEA HAGG DISTILLERY LLC,9106,2024-02-26,2024-03-05,8.0,1787.78,8-15 days,0,10.0,9.932707919898972,2.1291696542263194,-2.0
8150,SEA HAGG DISTILLERY LLC,9207,2024-03-04,2024-03-11,7.0,803.53,0-7 days,0,10.0,9.932707919898972,2.1291696542263194,-3.0
8150,SEA HAGG DISTILLERY LLC,9269,2024-03-09,2024-03-19,10.0,2178.37,8-15 days,0,10.0,9.932707919898972,2.1291696542263194,0.0
8150,SEA HAGG DISTILLERY LLC,9380,2024-03-17,2024-03-25,8.0,1853.14,8-15 days,0,10.0,9.932707919898972,2.1291696542263194,-2.0
8150,SEA HAGG DISTILLERY LLC,9465,2024-03-22,2024-04-02,11.0,1394.24,8-15 days,0,10.0,9.932707919898972,2.1291696542263194,1.0
8150,SEA HAGG DISTILLERY LLC,9555,2024-03-29,2024-04-08,10.0,1725.49,8-15 days,0,10.0,9.932707919898972,2.1291696542263194,0.0
8150,SEA HAGG DISTILLERY LLC,9636,2024-04-03,2024-04-15,12.0,490.61,8-15 days,0,10.0,9.932707919898972,2.1291696542263194,2.0
8150,SEA HAGG DISTILLERY LLC,9779,2024-04-13,2024-04-21,8.0,1551.92,8-15 days,0,10.0,9.932707919898972,2.1291696542263194,-2.0
8150,SEA HAGG DISTILLERY LLC,9826,2024-04-17,2024-04-29,12.0,1756.65,8-15 days,0,10.0,9.932707919898972,2.1291696542263194,2.0
8150,SEA HAGG DISTILLERY LLC,9944,2024-04-25,2024-05-06,11.0,1858.75,8-15 days,0,10.0,9.932707919898972,2.1291696542263194,1.0
8150,SEA HAGG DISTILLERY LLC,10075,2024-05-04,2024-05-13,9.0,1235.94,8-15 days,0,10.0,9.932707919898972,2.1291696542263194,-1.0
8150,SEA HAGG DISTILLERY LLC,10141,2024-05-09,2024-05-20,11.0,3096.53,8-15 days,0,10.0,9.932707919898972,2.1291696542263194,1.0
8150,SEA HAGG DISTILLERY LLC,10250,2024-05-16,2024-05-27,11.0,2032.32,8-15 days,0,10.0,9.932707919898972,2.1291696542263194,1.0
8150,SEA HAGG DISTILLERY LLC,10402,2024-05-26,2024-06-05,10.0,2334.84,8-15 days,0,10.0,9.932707919898972,2.1291696542263194,0.0
8150,SEA HAGG DISTILLERY LLC,10471,2024-05-31,2024-06-10,10.0,2741.65,8-15 days,0,10.0,9.932707919898972,2.1291696542263194,0.0
8150,SEA HAGG DISTILLERY LLC,10608,2024-06-09,2024-06-17,8.0,9124.01,8-15 days,0,10.0,9.932707919898972,2.1291696542263194,-2.0
8150,SEA HAGG DISTILLERY LLC,10674,2024-06-14,2024-06-24,10.0,3108.81,8-15 days,0,10.0,9.932707919898972,2.1291696542263194,0.0
8150,SEA HAGG DISTILLERY LLC,10790,2024-06-22,2024-06-30,8.0,1237.17,8-15 days,0,10.0,9.932707919898972,2.1291696542263194,-2.0
8150,SEA HAGG DISTILLERY LLC,10896,2024-06-25,2024-07-02,7.0,643.23,0-7 days,0,10.0,9.932707919898972,2.1291696542263194,-3.0
8150,SEA HAGG DISTILLERY LLC,10961,2024-06-28,2024-07-08,10.0,1729.01,8-15 days,0,10.0,9.932707919898972,2.1291696542263194,0.0
8150,SEA HAGG DISTILLERY LLC,11117,2024-07-08,2024-07-15,7.0,7550.38,0-7 days,0,10.0,9.932707919898972,2.1291696542263194,-3.0
8150,SEA HAGG DISTILLERY LLC,11219,2024-07-15,2024-07-23,8.0,9474.84,8-15 days,0,10.0,9.932707919898972,2.1291696542263194,-2.0
8150,SEA HAGG DISTILLERY LLC,11305,2024-07-21,2024-07-30,9.0,4068.57,8-15 days,0,10.0,9.932707919898972,2.1291696542263194,-1.0
8150,SEA HAGG DISTILLERY LLC,11391,2024-07-27,2024-08-07,11.0,3058.09,8-15 days,0,10.0,9.932707919898972,2.1291696542263194,1.0
8150,SEA HAGG DISTILLERY LLC,11453,2024-08-01,2024-08-12,11.0,4426.87,8-15 days,0,10.0,9.932707919898972,2.1291696542263194,1.0
8150,SEA HAGG DISTILLERY LLC,11601,2024-08-10,2024-08-20,10.0,4331.13,8-15 days,0,10.0,9.932707919898972,2.1291696542263194,0.0
8150,SEA HAGG DISTILLERY LLC,11723,2024-08-19,2024-08-27,8.0,4817.02,8-15 days,0,10.0,9.932707919898972,2.1291696542263194,-2.0
8150,SEA HAGG DISTILLERY LLC,11740,2024-08-21,2024-09-03,13.0,5598.99,8-15 days,0,10.0,9.932707919898972,2.1291696542263194,3.0
8150,SEA HAGG DISTILLERY LLC,11894,2024-08-31,2024-09-09,9.0,3726.23,8-15 days,0,10.0,9.932707919898972,2.1291696542263194,-1.0
8150,SEA HAGG DISTILLERY LLC,11983,2024-09-06,2024-09-16,10.0,3887.53,8-15 days,0,10.0,9.932707919898972,2.1291696542263194,0.0
8150,SEA HAGG DISTILLERY LLC,12102,2024-09-14,2024-09-23,9.0,3371.76,8-15 days,0,10.0,9.932707919898972,2.1291696542263194,-1.0
8150,SEA HAGG DISTILLERY LLC,12207,2024-09-21,2024-09-30,9.0,2993.64,8-15 days,0,10.0,9.932707919898972,2.1291696542263194,-1.0
8150,SEA HAGG DISTILLERY LLC,12408,2024-09-30,2024-10-07,7.0,3293.97,0-7 days,0,10.0,9.932707919898972,2.1291696542263194,-3.0
8150,SEA HAGG DISTILLERY LLC,12511,2024-10-07,2024-10-14,7.0,6447.9,0-7 days,0,10.0,9.932707919898972,2.1291696542263194,-3.0
8150,SEA HAGG DISTILLERY LLC,12612,2024-10-14,2024-10-22,8.0,5250.9,8-15 days,0,10.0,9.932707919898972,2.1291696542263194,-2.0
8150,SEA HAGG DISTILLERY LLC,12701,2024-10-20,2024-10-28,8.0,3334.84,8-15 days,0,10.0,9.932707919898972,2.1291696542263194,-2.0
8150,SEA HAGG DISTILLERY LLC,12783,2024-10-26,2024-11-04,9.0,3413.0,8-15 days,0,10.0,9.932707919898972,2.1291696542263194,-1.0
8150,SEA HAGG DISTILLERY LLC,12869,2024-11-01,2024-11-12,11.0,5632.44,8-15 days,0,10.0,9.932707919898972,2.1291696542263194,1.0
8150,SEA HAGG DISTILLERY LLC,12968,2024-11-07,2024-11-18,11.0,5157.4,8-15 days,0,10.0,9.932707919898972,2.1291696542263194,1.0
8150,SEA HAGG DISTILLERY LLC,13095,2024-11-16,2024-11-27,11.0,9321.92,8-15 days,0,10.0,9.932707919898972,2.1291696542263194,1.0
8150,SEA HAGG DISTILLERY LLC,13234,2024-11-25,2024-12-02,7.0,7986.93,0-7 days,0,10.0,9.932707919898972,2.1291696542263194,-3.0
8150,SEA HAGG DISTILLERY LLC,13330,2024-12-02,2024-12-09,7.0,3161.99,0-7 days,0,10.0,9.932707919898972,2.1291696542263194,-3.0
8150,SEA HAGG DISTILLERY LLC,13404,2024-12-07,2024-12-16,9.0,8261.69,8-15 days,0,10.0,9.932707919898972,2.1291696542263194,-1.0
8150,SEA HAGG DISTILLERY LLC,13495,2024-12-13,2024-12-24,11.0,10673.66,8-15 days,0,10.0,9.932707919898972,2.1291696542263194,1.0
8150,SEA HAGG DISTILLERY LLC,13583,2024-12-19,2024-12-31,12.0,6789.1,8-15 days,0,10.0,9.932707919898972,2.1291696542263194,2.0
8320,SHAW ROSS INT L IMP LTD,8166,2023-12-23,2024-01-03,11.0,2392.18,8-15 days,0,10.0,9.932707919898972,2.1291696542263194,1.0
8320,SHAW ROSS INT L IMP LTD,8246,2023-12-29,2024-01-10,12.0,7987.83,8-15 days,0,10.0,9.932707919898972,2.1291696542263194,2.0
8320,SHAW ROSS INT L IMP LTD,8367,2024-01-06,2024-01-15,9.0,9112.05,8-15 days,0,10.0,9.932707919898972,2.1291696542263194,-1.0
8320,SHAW ROSS INT L IMP LTD,8493,2024-01-15,2024-01-22,7.0,9847.5,0-7 days,0,10.0,9.932707919898972,2.1291696542263194,-3.0
8320,SHAW ROSS INT L IMP LTD,8530,2024-01-18,2024-01-30,12.0,9950.29,8-15 days,0,10.0,9.932707919898972,2.1291696542263194,2.0
8320,SHAW ROSS INT L IMP LTD,8666,2024-01-27,2024-02-05,9.0,9357.95,8-15 days,0,10.0,9.932707919898972,2.1291696542263194,-1.0
8320,SHAW ROSS INT L IMP LTD,8772,2024-02-03,2024-02-12,9.0,9654.85,8-15 days,0,10.0,9.932707919898972,2.1291696542263194,-1.0
8320,SHAW ROSS INT L IMP LTD,8835,2024-02-08,2024-02-21,13.0,9696.74,8-15 days,0,10.0,9.932707919898972,2.1291696542263194,3.0
8320,SHAW ROSS INT L IMP LTD,8920,2024-02-14,2024-02-27,13.0,9820.62,8-15 days,0,10.0,9.932707919898972,2.1291696542263194,3.0
8320,SHAW ROSS INT L IMP LTD,9108,2024-02-26,2024-03-05,8.0,9030.46,8-15 days,0,10.0,9.932707919898972,2.1291696542263194,-2.0
8320,SHAW ROSS INT L IMP LTD,9174,2024-03-02,2024-03-12,10.0,8457.72,8-15 days,0,10.0,9.932707919898972,2.1291696542263194,0.0
8320,SHAW ROSS INT L IMP LTD,9270,2024-03-09,2024-03-19,10.0,7928.7,8-15 days,0,10.0,9.932707919898972,2.1291696542263194,0.0
8320,SHAW ROSS INT L IMP LTD,9353,2024-03-15,2024-03-25,10.0,8083.94,8-15 days,0,10.0,9.932707919898972,2.1291696542263194,0.0
8320,SHAW ROSS INT L IMP LTD,9428,2024-03-20,2024-04-03,14.0,8738.89,8-15 days,0,10.0,9.932707919898972,2.1291696542263194,4.0
8320,SHAW ROSS INT L IMP LTD,9556,2024-03-29,2024-04-08,10.0,8443.89,8-15 days,0,10.0,9.932707919898972,2.1291696542263194,0.0
8320,SHAW ROSS INT L IMP LTD,9649,2024-04-04,2024-04-15,11.0,7996.59,8-15 days,0,10.0,9.932707919898972,2.1291696542263194,1.0
8320,SHAW ROSS INT L IMP LTD,9757,2024-04-12,2024-04-23,11.0,10247.07,8-15 days,0,10.0,9.932707919898972,2.1291696542263194,1.0
8320,SHAW ROSS INT L IMP LTD,9827,2024-04-17,2024-05-01,14.0,9991.7,8-15 days,0,10.0,9.932707919898972,2.1291696542263194,4.0
8320,SHAW ROSS INT L IMP LTD,10017,2024-04-29,2024-05-07,8.0,10683.29,8-15 days,0,10.0,9.932707919898972,2.1291696542263194,-2.0
8320,SHAW ROSS INT L IMP LTD,10090,2024-05-05,2024-05-13,8.0,8313.04,8-15 days,0,10.0,9.932707919898972,2.1291696542263194,-2.0
8320,SHAW ROSS INT L IMP LTD,10196,2024-05-12,2024-05-20,8.0,11350.79,8-15 days,0,10.0,9.932707919898972,2.1291696542263194,-2.0
8320,SHAW ROSS INT L IMP LTD,10234,2024-05-15,2024-05-29,14.0,11239.88,8-15 days,0,10.0,9.932707919898972,2.1291696542263194,4.0
8320,SHAW ROSS INT L IMP LTD,10357,2024-05-23,2024-06-05,13.0,12116.28,8-15 days,0,10.0,9.932707919898972,2.1291696542263194,3.0
8320,SHAW ROSS INT L IMP LTD,10457,2024-05-30,2024-06-12,13.0,12791.73,8-15 days,0,10.0,9.932707919898972,2.1291696542263194,3.0
8320,SHAW ROSS INT L IMP LTD,10626,2024-06-10,2024-06-18,8.0,10415.75,8-15 days,0,10.0,9.932707919898972,2.1291696542263194,-2.0
8320,SHAW ROSS INT L IMP LTD,10709,2024-06-16,2024-06-24,8.0,13007.52,8-15 days,0,10.0,9.932707919898972,2.1291696542263194,-2.0
8320,SHAW ROSS INT L IMP LTD,10791,2024-06-22,2024-06-30,8.0,11167.55,8-15 days,0,10.0,9.932707919898972,2.1291696542263194,-2.0
8320,SHAW ROSS INT L IMP LTD,10898,2024-06-25,2024-07-03,8.0,4207.65,8-15 days,0,10.0,9.932707919898972,2.1291696542263194,-2.0
8320,SHAW ROSS INT L IMP LTD,10930,2024-06-26,2024-07-08,12.0,18589.14,8-15 days,0,10.0,9.932707919898972,2.1291696542263194,2.0
8320,SHAW ROSS INT L IMP LTD,11090,2024-07-06,2024-07-16,10.0,10420.53,8-15 days,0,10.0,9.932707919898972,2.1291696542263194,0.0
8320,SHAW ROSS INT L IMP LTD,11149,2024-07-11,2024-07-23,12.0,13651.94,8-15 days,0,10.0,9.932707919898972,2.1291696542263194,2.0
8320,SHAW ROSS INT L IMP LTD,11292,2024-07-20,2024-07-30,10.0,12146.51,8-15 days,0,10.0,9.932707919898972,2.1291696542263194,0.0
8320,SHAW ROSS INT L IMP LTD,11336,2024-07-24,2024-08-07,14.0,18659.38,8-15 days,0,10.0,9.932707919898972,2.1291696542263194,4.0
8320,SHAW ROSS INT L IMP LTD,11501,2024-08-04,2024-08-13,9.0,16194.76,8-15 days,0,10.0,9.932707919898972,2.1291696542263194,-1.0
8320,SHAW ROSS INT L IMP LTD,11618,2024-08-11,2024-08-20,9.0,20502.92,8-15 days,0,10.0,9.932707919898972,2.1291696542263194,-1.0
8320,SHAW ROSS INT L IMP LTD,11698,2024-08-17,2024-08-27,10.0,12966.02,8-15 days,0,10.0,9.932707919898972,2.1291696542263194,0.0
8320,SHAW ROSS INT L IMP LTD,11815,2024-08-25,2024-09-03,9.0,15023.23,8-15 days,0,10.0,9.932707919898972,2.1291696542263194,-1.0
8320,SHAW ROSS INT L IMP LTD,11895,2024-08-31,2024-09-10,10.0,13599.55,8-15 days,0,10.0,9.932707919898972,2.1291696542263194,0.0
8320,SHAW ROSS INT L IMP LTD,11985,2024-09-06,2024-09-16,10.0,12553.35,8-15 days,0,10.0,9.932707919898972,2.1291696542263194,0.0
8320,SHAW ROSS INT L IMP LTD,12072,2024-09-12,2024-09-23,11.0,12902.18,8-15 days,0,10.0,9.932707919898972,2.1291696542263194,1.0
8320,SHAW ROSS INT L IMP LTD,12161,2024-09-18,2024-09-30,12.0,20199.17,8-15 days,0,10.0,9.932707919898972,2.1291696542263194,2.0
8320,SHAW ROSS INT L IMP LTD,12292,2024-09-23,2024-10-02,9.0,1221.96,8-15 days,0,10.0,9.932707919898972,2.1291696542263194,-1.0
8320,SHAW ROSS INT L IMP LTD,12364,2024-09-27,2024-10-08,11.0,9962.24,8-15 days,0,10.0,9.932707919898972,2.1291696542263194,1.0
8320,SHAW ROSS INT L IMP LTD,12478,2024-10-05,2024-10-16,11.0,14216.19,8-15 days,0,10.0,9.932707919898972,2.1291696542263194,1.0
8320,SHAW ROSS INT L IMP LTD,12582,2024-10-12,2024-10-22,10.0,15475.42,8-15 days,0,10.0,9.932707919898972,2.1291696542263194,0.0
8320,SHAW ROSS INT L IMP LTD,12628,2024-10-16,2024-10-30,14.0,12627.62,8-15 days,0,10.0,9.932707919898972,2.1291696542263194,4.0
8320,SHAW ROSS INT L IMP LTD,12822,2024-10-28,2024-11-04,7.0,10864.56,0-7 days,0,10.0,9.932707919898972,2.1291696542263194,-3.0
8320,SHAW ROSS INT L IMP LTD,12870,2024-11-01,2024-11-12,11.0,12992.81,8-15 days,0,10.0,9.932707919898972,2.1291696542263194,1.0
8320,SHAW ROSS INT L IMP LTD,12969,2024-11-07,2024-11-18,11.0,11223.64,8-15 days,0,10.0,9.932707919898972,2.1291696542263194,1.0
8320,SHAW ROSS INT L IMP LTD,13096,2024-11-16,2024-11-27,11.0,11288.24,8-15 days,0,10.0,9.932707919898972,2.1291696542263194,1.0
8320,SHAW ROSS INT L IMP LTD,13198,2024-11-23,2024-12-04,11.0,14704.84,8-15 days,0,10.0,9.932707919898972,2.1291696542263194,1.0
8320,SHAW ROSS INT L IMP LTD,13249,2024-11-27,2024-12-11,14.0,11473.1,8-15 days,0,10.0,9.932707919898972,2.1291696542263194,4.0
8320,SHAW ROSS INT L IMP LTD,13386,2024-12-06,2024-12-17,11.0,12603.43,8-15 days,0,10.0,9.932707919898972,2.1291696542263194,1.0
8320,SHAW ROSS INT L IMP LTD,13496,2024-12-13,2024-12-24,11.0,13501.92,8-15 days,0,10.0,9.932707919898972,2.1291696542263194,1.0
8320,SHAW ROSS INT L IMP LTD,13584,2024-12-19,2024-12-31,12.0,13382.54,8-15 days,0,10.0,9.932707919898972,2.1291696542263194,2.0
8352,LUXCO INC,8113,2023-12-20,2024-01-03,14.0,6139.47,8-15 days,0,10.0,9.932707919898972,2.1291696542263194,4.0
8352,LUXCO INC,8224,2023-12-28,2024-01-09,12.0,43820.57,8-15 days,0,10.0,9.932707919898972,2.1291696542263194,2.0
8352,LUXCO INC,8344,2024-01-05,2024-01-17,12.0,28477.46,8-15 days,0,10.0,9.932707919898972,2.1291696542263194,2.0
8352,LUXCO INC,8445,2024-01-12,2024-01-23,11.0,26348.0,8-15 days,0,10.0,9.932707919898972,2.1291696542263194,1.0
8352,LUXCO INC,8592,2024-01-22,2024-01-30,8.0,25458.26,8-15 days,0,10.0,9.932707919898972,2.1291696542263194,-2.0
8352,LUXCO INC,8639,2024-01-26,2024-02-06,11.0,31641.97,8-15 days,0,10.0,9.932707919898972,2.1291696542263194,1.0
8352,LUXCO INC,8711,2024-01-31,2024-02-13,13.0,29572.79,8-15 days,0,10.0,9.932707919898972,2.1291696542263194,3.0
8352,LUXCO INC,8812,2024-02-07,2024-02-21,14.0,43660.27,8-15 days,0,10.0,9.932707919898972,2.1291696542263194,4.0
8352,LUXCO INC,8929,2024-02-15,2024-02-27,12.0,35091.02,8-15 days,0,10.0,9.932707919898972,2.1291696542263194,2.0
8352,LUXCO INC,9069,2024-02-24,2024-03-05,10.0,34198.36,8-15 days,0,10.0,9.932707919898972,2.1291696542263194,0.0
8352,LUXCO INC,9153,2024-03-01,2024-03-13,12.0,29404.46,8-15 days,0,10.0,9.932707919898972,2.1291696542263194,2.0
8352,LUXCO INC,9263,2024-03-09,2024-03-19,10.0,26996.71,8-15 days,0,10.0,9.932707919898972,2.1291696542263194,0.0
8352,LUXCO INC,9322,2024-03-13,2024-03-26,13.0,29583.0,8-15 days,0,10.0,9.932707919898972,2.1291696542263194,3.0
8352,LUXCO INC,9459,2024-03-22,2024-04-03,12.0,29144.0,8-15 days,0,10.0,9.932707919898972,2.1291696542263194,2.0
8352,LUXCO INC,9607,2024-04-01,2024-04-08,7.0,30868.12,0-7 days,0,10.0,9.932707919898972,2.1291696542263194,-3.0
8352,LUXCO INC,9680,2024-04-06,2024-04-15,9.0,30726.99,8-15 days,0,10.0,9.932707919898972,2.1291696542263194,-1.0
8352,LUXCO INC,9775,2024-04-13,2024-04-24,11.0,34470.55,8-15 days,0,10.0,9.932707919898972,2.1291696542263194,1.0
8352,LUXCO INC,9858,2024-04-19,2024-05-01,12.0,28606.11,8-15 days,0,10.0,9.932707919898972,2.1291696542263194,2.0
8352,LUXCO INC,9961,2024-04-26,2024-05-07,11.0,34497.68,8-15 days,0,10.0,9.932707919898972,2.1291696542263194,1.0
8352,LUXCO INC,10025,2024-05-01,2024-05-13,12.0,34488.69,8-15 days,0,10.0,9.932707919898972,2.1291696542263194,2.0
8352,LUXCO INC,10205,2024-05-13,2024-05-20,7.0,31768.74,0-7 days,0,10.0,9.932707919898972,2.1291696542263194,-3.0
8352,LUXCO INC,10298,2024-05-19,2024-05-29,10.0,35162.76,8-15 days,0,10.0,9.932707919898972,2.1291696542263194,0.0
8352,LUXCO INC,10398,2024-05-26,2024-06-05,10.0,62550.05,8-15 days,0,10.0,9.932707919898972,2.1291696542263194,0.0
8352,LUXCO INC,10501,2024-06-02,2024-06-12,10.0,35504.04,8-15 days,0,10.0,9.932707919898972,2.1291696542263194,0.0
8352,LUXCO INC,10539,2024-06-05,2024-06-19,14.0,35383.05,8-15 days,0,10.0,9.932707919898972,2.1291696542263194,4.0
8352,LUXCO INC,10685,2024-06-15,2024-06-25,10.0,42615.12,8-15 days,0,10.0,9.932707919898972,2.1291696542263194,0.0
8352,LUXCO INC,10786,2024-06-22,2024-06-30,8.0,32457.45,8-15 days,0,10.0,9.932707919898972,2.1291696542263194,-2.0
8352,LUXCO INC,10870,2024-06-25,2024-07-03,8.0,8092.34,8-15 days,0,10.0,9.932707919898972,2.1291696542263194,-2.0
8352,LUXCO INC,10939,2024-06-27,2024-07-09,12.0,48170.54,8-15 days,0,10.0,9.932707919898972,2.1291696542263194,2.0
8352,LUXCO INC,11051,2024-07-04,2024-07-16,12.0,57427.18,8-15 days,0,10.0,9.932707919898972,2.1291696542263194,2.0
8352,LUXCO INC,11130,2024-07-10,2024-07-24,14.0,54370.86,8-15 days,0,10.0,9.932707919898972,2.1291696542263194,4.0
8352,LUXCO INC,11230,2024-07-17,2024-07-31,14.0,53897.91,8-15 days,0,10.0,9.932707919898972,2.1291696542263194,4.0
8352,LUXCO INC,11388,2024-07-27,2024-08-07,11.0,44099.29,8-15 days,0,10.0,9.932707919898972,2.1291696542263194,1.0
8352,LUXCO INC,11465,2024-08-02,2024-08-14,12.0,38406.97,8-15 days,0,10.0,9.932707919898972,2.1291696542263194,2.0
8352,LUXCO INC,11573,2024-08-09,2024-08-21,12.0,58519.48,8-15 days,0,10.0,9.932707919898972,2.1291696542263194,2.0
8352,LUXCO INC,11719,2024-08-19,2024-08-28,9.0,55029.65,8-15 days,0,10.0,9.932707919898972,2.1291696542263194,-1.0
8352,LUXCO INC,11811,2024-08-25,2024-09-03,9.0,41794.53,8-15 days,0,10.0,9.932707919898972,2.1291696542263194,-1.0
8352,LUXCO INC,11868,2024-08-30,2024-09-11,12.0,38485.81,8-15 days,0,10.0,9.932707919898972,2.1291696542263194,2.0
8352,LUXCO INC,12030,2024-09-09,2024-09-17,8.0,30025.55,8-15 days,0,10.0,9.932707919898972,2.1291696542263194,-2.0
8352,LUXCO INC,12093,2024-09-14,2024-09-24,10.0,30339.5,8-15 days,0,10.0,9.932707919898972,2.1291696542263194,0.0
8352,LUXCO INC,12198,2024-09-21,2024-09-30,9.0,36521.16,8-15 days,0,10.0,9.932707919898972,2.1291696542263194,-1.0
8352,LUXCO INC,12275,2024-09-23,2024-10-02,9.0,1025.11,8-15 days,0,10.0,9.932707919898972,2.1291696542263194,-1.0
8352,LUXCO INC,12371,2024-09-28,2024-10-08,10.0,33807.45,8-15 days,0,10.0,9.932707919898972,2.1291696542263194,0.0
8352,LUXCO INC,12423,2024-10-02,2024-10-16,14.0,39168.86,8-15 days,0,10.0,9.932707919898972,2.1291696542263194,4.0
8352,LUXCO INC,12589,2024-10-13,2024-10-22,9.0,43020.14,8-15 days,0,10.0,9.932707919898972,2.1291696542263194,-1.0
8352,LUXCO INC,12710,2024-10-21,2024-10-30,9.0,41885.2,8-15 days,0,10.0,9.932707919898972,2.1291696542263194,-1.0
8352,LUXCO INC,12817,2024-10-28,2024-11-06,9.0,58017.3,8-15 days,0,10.0,9.932707919898972,2.1291696542263194,-1.0
8352,LUXCO INC,12832,2024-10-30,2024-11-12,13.0,36730.63,8-15 days,0,10.0,9.932707919898972,2.1291696542263194,3.0
8352,LUXCO INC,12961,2024-11-07,2024-11-19,12.0,33576.8,8-15 days,0,10.0,9.932707919898972,2.1291696542263194,2.0
8352,LUXCO INC,13036,2024-11-13,2024-11-27,14.0,35539.85,8-15 days,0,10.0,9.932707919898972,2.1291696542263194,4.0
8352,LUXCO INC,13213,2024-11-24,2024-12-03,9.0,54825.49,8-15 days,0,10.0,9.932707919898972,2.1291696542263194,-1.0
8352,LUXCO INC,13293,2024-11-30,2024-12-11,11.0,36072.71,8-15 days,0,10.0,9.932707919898972,2.1291696542263194,1.0
8352,LUXCO INC,13435,2024-12-09,2024-12-17,8.0,53638.0,8-15 days,0,10.0,9.932707919898972,2.1291696542263194,-2.0
8352,LUXCO INC,13510,2024-12-14,2024-12-24,10.0,52546.09,8-15 days,0,10.0,9.932707919898972,2.1291696542263194,0.0
8352,LUXCO INC,13613,2024-12-21,2024-12-31,10.0,47765.92,8-15 days,0,10.0,9.932707919898972,2.1291696542263194,0.0
8663,STAR INDUSTRIES INC.,8119,2023-12-20,2024-01-02,13.0,196.92,8-15 days,0,10.0,9.932707919898972,2.1291696542263194,3.0
8663,STAR INDUSTRIES INC.,8260,2023-12-30,2024-01-08,9.0,196.92,8-15 days,0,10.0,9.932707919898972,2.1291696542263194,-1.0
8663,STAR INDUSTRIES INC.,8564,2024-01-20,2024-01-29,9.0,213.33,8-15 days,0,10.0,9.932707919898972,2.1291696542263194,-1.0
8663,STAR INDUSTRIES INC.,8736,2024-02-01,2024-02-11,10.0,393.84,8-15 days,0,10.0,9.932707919898972,2.1291696542263194,0.0
8663,STAR INDUSTRIES INC.,8885,2024-02-11,2024-02-15,4.0,246.15,0-7 days,0,10.0,9.932707919898972,2.1291696542263194,-6.0
8663,STAR INDUSTRIES INC.,9079,2024-02-24,2024-03-04,9.0,82.05,8-15 days,0,10.0,9.932707919898972,2.1291696542263194,-1.0
8663,STAR INDUSTRIES INC.,9190,2024-03-03,2024-03-10,7.0,98.46,0-7 days,0,10.0,9.932707919898972,2.1291696542263194,-3.0
8663,STAR INDUSTRIES INC.,9271,2024-03-09,2024-03-18,9.0,410.25,8-15 days,0,10.0,9.932707919898972,2.1291696542263194,-1.0
8663,STAR INDUSTRIES INC.,9341,2024-03-14,2024-03-25,11.0,32.82,8-15 days,0,10.0,9.932707919898972,2.1291696542263194,1.0
8663,STAR INDUSTRIES INC.,9501,2024-03-24,2024-03-29,5.0,164.1,0-7 days,0,10.0,9.932707919898972,2.1291696542263194,-5.0
8663,STAR INDUSTRIES INC.,10403,2024-05-26,2024-06-03,8.0,196.92,8-15 days,0,10.0,9.932707919898972,2.1291696542263194,-2.0
8663,STAR INDUSTRIES INC.,10492,2024-06-01,2024-06-07,6.0,196.92,0-7 days,0,10.0,9.932707919898972,2.1291696542263194,-4.0
8663,STAR INDUSTRIES INC.,12074,2024-09-12,2024-09-20,8.0,23.61,8-15 days,0,10.0,9.932707919898972,2.1291696542263194,-2.0
8664,"STOLI GROUP,(USA) LLC",8202,2023-12-25,2024-01-03,9.0,14299.98,8-15 days,0,10.0,9.932707919898972,2.1291696542263194,-1.0
8664,"STOLI GROUP,(USA) LLC",8262,2023-12-30,2024-01-10,11.0,70460.06,8-15 days,0,10.0,9.932707919898972,2.1291696542263194,1.0
8664,"STOLI GROUP,(USA) LLC",8353,2024-01-05,2024-01-15,10.0,30980.69,8-15 days,0,10.0,9.932707919898972,2.1291696542263194,0.0
8664,"STOLI GROUP,(USA) LLC",8467,2024-01-13,2024-01-22,9.0,30379.85,8-15 days,0,10.0,9.932707919898972,2.1291696542263194,-1.0
8664,"STOLI GROUP,(USA) LLC",8511,2024-01-17,2024-01-31,14.0,50681.95,8-15 days,0,10.0,9.932707919898972,2.1291696542263194,4.0
8664,"STOLI GROUP,(USA) LLC",8630,2024-01-25,2024-02-05,11.0,52596.7,8-15 days,0,10.0,9.932707919898972,2.1291696542263194,1.0
8664,"STOLI GROUP,(USA) LLC",8715,2024-01-31,2024-02-13,13.0,57699.69,8-15 days,0,10.0,9.932707919898972,2.1291696542263194,3.0
8664,"STOLI GROUP,(USA) LLC",8871,2024-02-10,2024-02-19,9.0,41324.14,8-15 days,0,10.0,9.932707919898972,2.1291696542263194,-1.0
8664,"STOLI GROUP,(USA) LLC",8959,2024-02-16,2024-02-27,11.0,50461.92,8-15 days,0,10.0,9.932707919898972,2.1291696542263194,1.0
8664,"STOLI GROUP,(USA) LLC",9055,2024-02-23,2024-03-05,11.0,56664.98,8-15 days,0,10.0,9.932707919898972,2.1291696542263194,1.0
8664,"STOLI GROUP,(USA) LLC",9160,2024-03-01,2024-03-13,12.0,40998.15,8-15 days,0,10.0,9.932707919898972,2.1291696542263194,2.0
8664,"STOLI GROUP,(USA) LLC",9294,2024-03-10,2024-03-20,10.0,43603.15,8-15 days,0,10.0,9.932707919898972,2.1291696542263194,0.0
8664,"STOLI GROUP,(USA) LLC",9343,2024-03-14,2024-03-26,12.0,40067.18,8-15 days,0,10.0,9.932707919898972,2.1291696542263194,2.0
8664,"STOLI GROUP,(USA) LLC",9469,2024-03-22,2024-04-02,11.0,50163.56,8-15 days,0,10.0,9.932707919898972,2.1291696542263194,1.0
8664,"STOLI GROUP,(USA) LLC",9616,2024-04-01,2024-04-08,7.0,46618.45,0-7 days,0,10.0,9.932707919898972,2.1291696542263194,-3.0
8664,"STOLI GROUP,(USA) LLC",9651,2024-04-04,2024-04-15,11.0,38600.48,8-15 days,0,10.0,9.932707919898972,2.1291696542263194,1.0
8664,"STOLI GROUP,(USA) LLC",9758,2024-04-12,2024-04-24,12.0,55123.44,8-15 days,0,10.0,9.932707919898972,2.1291696542263194,2.0
8664,"STOLI GROUP,(USA) LLC",9896,2024-04-21,2024-05-01,10.0,82884.81,8-15 days,0,10.0,9.932707919898972,2.1291696542263194,0.0
8664,"STOLI GROUP,(USA) LLC",9966,2024-04-26,2024-05-06,10.0,92675.15,8-15 days,0,10.0,9.932707919898972,2.1291696542263194,0.0
8664,"STOLI GROUP,(USA) LLC",10076,2024-05-04,2024-05-14,10.0,54231.16,8-15 days,0,10.0,9.932707919898972,2.1291696542263194,0.0
8664,"STOLI GROUP,(USA) LLC",10198,2024-05-12,2024-05-20,8.0,62563.59,8-15 days,0,10.0,9.932707919898972,2.1291696542263194,-2.0
8664,"STOLI GROUP,(USA) LLC",10321,2024-05-20,2024-05-29,9.0,82072.03,8-15 days,0,10.0,9.932707919898972,2.1291696542263194,-1.0
8664,"STOLI GROUP,(USA) LLC",10405,2024-05-26,2024-06-05,10.0,88894.62,8-15 days,0,10.0,9.932707919898972,2.1291696542263194,0.0
8664,"STOLI GROUP,(USA) LLC",10460,2024-05-30,2024-06-12,13.0,75439.06,8-15 days,0,10.0,9.932707919898972,2.1291696542263194,3.0
8664,"STOLI GROUP,(USA) LLC",10547,2024-06-05,2024-06-18,13.0,72305.91,8-15 days,0,10.0,9.932707919898972,2.1291696542263194,3.0
8664,"STOLI GROUP,(USA) LLC",10640,2024-06-12,2024-06-26,14.0,66834.93,8-15 days,0,10.0,9.932707919898972,2.1291696542263194,4.0
8664,"STOLI GROUP,(USA) LLC",10747,2024-06-19,2024-06-30,11.0,77412.17,8-15 days,0,10.0,9.932707919898972,2.1291696542263194,1.0
8664,"STOLI GROUP,(USA) LLC",10905,2024-06-25,2024-07-03,8.0,14550.88,8-15 days,0,10.0,9.932707919898972,2.1291696542263194,-2.0
8664,"STOLI GROUP,(USA) LLC",10964,2024-06-28,2024-07-10,12.0,118173.58,8-15 days,0,10.0,9.932707919898972,2.1291696542263194,2.0
8664,"STOLI GROUP,(USA) LLC",11084,2024-07-05,2024-07-17,12.0,88793.21,8-15 days,0,10.0,9.932707919898972,2.1291696542263194,2.0
8664,"STOLI GROUP,(USA) LLC",11151,2024-07-11,2024-07-23,12.0,97707.68,8-15 days,0,10.0,9.932707919898972,2.1291696542263194,2.0
8664,"STOLI GROUP,(USA) LLC",11254,2024-07-18,2024-07-30,12.0,121360.16,8-15 days,0,10.0,9.932707919898972,2.1291696542263194,2.0
8664,"STOLI GROUP,(USA) LLC",11422,2024-07-29,2024-08-07,9.0,73025.66,8-15 days,0,10.0,9.932707919898972,2.1291696542263194,-1.0
8664,"STOLI GROUP,(USA) LLC",11503,2024-08-04,2024-08-14,10.0,76152.61,8-15 days,0,10.0,9.932707919898972,2.1291696542263194,0.0
8664,"STOLI GROUP,(USA) LLC",11632,2024-08-12,2024-08-21,9.0,103395.98,8-15 days,0,10.0,9.932707919898972,2.1291696542263194,-1.0
8664,"STOLI GROUP,(USA) LLC",11647,2024-08-14,2024-08-27,13.0,72772.34,8-15 days,0,10.0,9.932707919898972,2.1291696542263194,3.0
8664,"STOLI GROUP,(USA) LLC",11803,2024-08-24,2024-09-03,10.0,82566.8,8-15 days,0,10.0,9.932707919898972,2.1291696542263194,0.0
8664,"STOLI GROUP,(USA) LLC",11934,2024-09-02,2024-09-11,9.0,152221.92,8-15 days,0,10.0,9.932707919898972,2.1291696542263194,-1.0
8664,"STOLI GROUP,(USA) LLC",12022,2024-09-08,2024-09-18,10.0,56765.36,8-15 days,0,10.0,9.932707919898972,2.1291696542263194,0.0
8664,"STOLI GROUP,(USA) LLC",12052,2024-09-11,2024-09-23,12.0,62477.19,8-15 days,0,10.0,9.932707919898972,2.1291696542263194,2.0
8664,"STOLI GROUP,(USA) LLC",12175,2024-09-19,2024-09-30,11.0,80072.87,8-15 days,0,10.0,9.932707919898972,2.1291696542263194,1.0
8664,"STOLI GROUP,(USA) LLC",12298,2024-09-23,2024-10-02,9.0,1157.03,8-15 days,0,10.0,9.932707919898972,2.1291696542263194,-1.0
8664,"STOLI GROUP,(USA) LLC",12346,2024-09-26,2024-10-08,12.0,75002.8,8-15 days,0,10.0,9.932707919898972,2.1291696542263194,2.0
8664,"STOLI GROUP,(USA) LLC",12481,2024-10-05,2024-10-16,11.0,81354.85,8-15 days,0,10.0,9.932707919898972,2.1291696542263194,1.0
8664,"STOLI GROUP,(USA) LLC",12533,2024-10-09,2024-10-23,14.0,68705.12,8-15 days,0,10.0,9.932707919898972,2.1291696542263194,4.0
8664,"STOLI GROUP,(USA) LLC",12686,2024-10-19,2024-10-30,11.0,67233.55,8-15 days,0,10.0,9.932707919898972,2.1291696542263194,1.0
8664,"STOLI GROUP,(USA) LLC",12736,2024-10-23,2024-11-05,13.0,80546.26,8-15 days,0,10.0,9.932707919898972,2.1291696542263194,3.0
8664,"STOLI GROUP,(USA) LLC",12885,2024-11-02,2024-11-12,10.0,67417.08,8-15 days,0,10.0,9.932707919898972,2.1291696542263194,0.0
8664,"STOLI GROUP,(USA) LLC",12944,2024-11-06,2024-11-19,13.0,72273.27,8-15 days,0,10.0,9.932707919898972,2.1291696542263194,3.0
8664,"STOLI GROUP,(USA) LLC",13128,2024-11-18,2024-11-27,9.0,56175.58,8-15 days,0,10.0,9.932707919898972,2.1291696542263194,-1.0
8664,"STOLI GROUP,(USA) LLC",13200,2024-11-23,2024-12-04,11.0,77591.26,8-15 days,0,10.0,9.932707919898972,2.1291696542263194,1.0
8664,"STOLI GROUP,(USA) LLC",13282,2024-11-29,2024-12-11,12.0,61895.25,8-15 days,0,10.0,9.932707919898972,2.1291696542263194,2.0
8664,"STOLI GROUP,(USA) LLC",13406,2024-12-07,2024-12-18,11.0,78752.29,8-15 days,0,10.0,9.932707919898972,2.1291696542263194,1.0
8664,"STOLI GROUP,(USA) LLC",13459,2024-12-11,2024-12-24,13.0,83415.13,8-15 days,0,10.0,9.932707919898972,2.1291696542263194,3.0
8664,"STOLI GROUP,(USA) LLC",13564,2024-12-18,2024-12-31,13.0,68885.21,8-15 days,0,10.0,9.932707919898972,2.1291696542263194,3.0
8673,STE MICHELLE WINE ESTATES,8134,2023-12-21,2024-01-03,13.0,21379.98,8-15 days,0,10.0,9.932707919898972,2.1291696542263194,3.0
8673,STE MICHELLE WINE ESTATES,8305,2024-01-01,2024-01-09,8.0,52219.32,8-15 days,0,10.0,9.932707919898972,2.1291696542263194,-2.0
8673,STE MICHELLE WINE ESTATES,8320,2024-01-03,2024-01-17,14.0,20329.38,8-15 days,0,10.0,9.932707919898972,2.1291696542263194,4.0
8673,STE MICHELLE WINE ESTATES,8479,2024-01-14,2024-01-23,9.0,37313.52,8-15 days,0,10.0,9.932707919898972,2.1291696542263194,-1.0
8673,STE MICHELLE WINE ESTATES,8565,2024-01-20,2024-01-30,10.0,71158.98,8-15 days,0,10.0,9.932707919898972,2.1291696542263194,0.0
8673,STE MICHELLE WINE ESTATES,8612,2024-01-24,2024-02-05,12.0,43804.0,8-15 days,0,10.0,9.932707919898972,2.1291696542263194,2.0
8673,STE MICHELLE WINE ESTATES,8752,2024-02-02,2024-02-13,11.0,35366.89,8-15 days,0,10.0,9.932707919898972,2.1291696542263194,1.0
8673,STE MICHELLE WINE ESTATES,8870,2024-02-10,2024-02-21,11.0,38374.51,8-15 days,0,10.0,9.932707919898972,2.1291696542263194,1.0
8673,STE MICHELLE WINE ESTATES,8939,2024-02-15,2024-02-28,13.0,63359.35,8-15 days,0,10.0,9.932707919898972,2.1291696542263194,3.0
8673,STE MICHELLE WINE ESTATES,9054,2024-02-23,2024-03-05,11.0,39969.19,8-15 days,0,10.0,9.932707919898972,2.1291696542263194,1.0
8673,STE MICHELLE WINE ESTATES,9175,2024-03-02,2024-03-13,11.0,36046.31,8-15 days,0,10.0,9.932707919898972,2.1291696542263194,1.0
8673,STE MICHELLE WINE ESTATES,9253,2024-03-08,2024-03-20,12.0,26275.16,8-15 days,0,10.0,9.932707919898972,2.1291696542263194,2.0
8673,STE MICHELLE WINE ESTATES,9366,2024-03-16,2024-03-25,9.0,25958.49,8-15 days,0,10.0,9.932707919898972,2.1291696542263194,-1.0
8673,STE MICHELLE WINE ESTATES,9513,2024-03-25,2024-04-03,9.0,84970.03,8-15 days,0,10.0,9.932707919898972,2.1291696542263194,-1.0
8673,STE MICHELLE WINE ESTATES,9615,2024-04-01,2024-04-09,8.0,32290.41,8-15 days,0,10.0,9.932707919898972,2.1291696542263194,-2.0
8673,STE MICHELLE WINE ESTATES,9650,2024-04-04,2024-04-17,13.0,40672.94,8-15 days,0,10.0,9.932707919898972,2.1291696542263194,3.0
8673,STE MICHELLE WINE ESTATES,9780,2024-04-13,2024-04-24,11.0,37677.06,8-15 days,0,10.0,9.932707919898972,2.1291696542263194,1.0
8673,STE MICHELLE WINE ESTATES,9884,2024-04-20,2024-04-30,10.0,44595.39,8-15 days,0,10.0,9.932707919898972,2.1291696542263194,0.0
8673,STE MICHELLE WINE ESTATES,9979,2024-04-27,2024-05-06,9.0,47127.99,8-15 days,0,10.0,9.932707919898972,2.1291696542263194,-1.0
8673,STE MICHELLE WINE ESTATES,10062,2024-05-03,2024-05-15,12.0,26536.95,8-15 days,0,10.0,9.932707919898972,2.1291696542263194,2.0
8673,STE MICHELLE WINE ESTATES,10165,2024-05-10,2024-05-20,10.0,28025.06,8-15 days,0,10.0,9.932707919898972,2.1291696542263194,0.0
8673,STE MICHELLE WINE ESTATES,10320,2024-05-20,2024-05-29,9.0,93041.57,8-15 days,0,10.0,9.932707919898972,2.1291696542263194,-1.0
8673,STE MICHELLE WINE ESTATES,10340,2024-05-22,2024-06-05,14.0,60841.5,8-15 days,0,10.0,9.932707919898972,2.1291696542263194,4.0
8673,STE MICHELLE WINE ESTATES,10459,2024-05-30,2024-06-12,13.0,78034.91,8-15 days,0,10.0,9.932707919898972,2.1291696542263194,3.0
8673,STE MICHELLE WINE ESTATES,10609,2024-06-09,2024-06-19,10.0,64666.79,8-15 days,0,10.0,9.932707919898972,2.1291696542263194,0.0
8673,STE MICHELLE WINE ESTATES,10731,2024-06-17,2024-06-26,9.0,62021.53,8-15 days,0,10.0,9.932707919898972,2.1291696542263194,-1.0
8673,STE MICHELLE WINE ESTATES,10827,2024-06-24,2024-06-30,6.0,61991.23,0-7 days,0,10.0,9.932707919898972,2.1291696542263194,-4.0
8673,STE MICHELLE WINE ESTATES,10903,2024-06-25,2024-07-03,8.0,20194.3,8-15 days,0,10.0,9.932707919898972,2.1291696542263194,-2.0
8673,STE MICHELLE WINE ESTATES,10963,2024-06-28,2024-07-09,11.0,85624.61,8-15 days,0,10.0,9.932707919898972,2.1291696542263194,1.0
8673,STE MICHELLE WINE ESTATES,11040,2024-07-03,2024-07-17,14.0,58835.9,8-15 days,0,10.0,9.932707919898972,2.1291696542263194,4.0
8673,STE MICHELLE WINE ESTATES,11150,2024-07-11,2024-07-23,12.0,57104.57,8-15 days,0,10.0,9.932707919898972,2.1291696542263194,2.0
8673,STE MICHELLE WINE ESTATES,11239,2024-07-17,2024-07-31,14.0,63199.79,8-15 days,0,10.0,9.932707919898972,2.1291696542263194,4.0
8673,STE MICHELLE WINE ESTATES,11374,2024-07-26,2024-08-07,12.0,67633.94,8-15 days,0,10.0,9.932707919898972,2.1291696542263194,2.0
8673,STE MICHELLE WINE ESTATES,11487,2024-08-03,2024-08-14,11.0,49679.64,8-15 days,0,10.0,9.932707919898972,2.1291696542263194,1.0
8673,STE MICHELLE WINE ESTATES,11535,2024-08-07,2024-08-21,14.0,82661.82,8-15 days,0,10.0,9.932707919898972,2.1291696542263194,4.0
8673,STE MICHELLE WINE ESTATES,11710,2024-08-18,2024-08-28,10.0,63738.62,8-15 days,0,10.0,9.932707919898972,2.1291696542263194,0.0
8673,STE MICHELLE WINE ESTATES,11828,2024-08-26,2024-09-04,9.0,89339.06,8-15 days,0,10.0,9.932707919898972,2.1291696542263194,-1.0
8673,STE MICHELLE WINE ESTATES,11876,2024-08-30,2024-09-11,12.0,58801.29,8-15 days,0,10.0,9.932707919898972,2.1291696542263194,2.0
8673,STE MICHELLE WINE ESTATES,12009,2024-09-07,2024-09-17,10.0,44053.58,8-15 days,0,10.0,9.932707919898972,2.1291696542263194,0.0
8673,STE MICHELLE WINE ESTATES,12088,2024-09-13,2024-09-23,10.0,42909.74,8-15 days,0,10.0,9.932707919898972,2.1291696542263194,0.0
8673,STE MICHELLE WINE ESTATES,12209,2024-09-21,2024-09-30,9.0,74999.84,8-15 days,0,10.0,9.932707919898972,2.1291696542263194,-1.0
8673,STE MICHELLE WINE ESTATES,12296,2024-09-23,2024-10-02,9.0,6256.47,8-15 days,0,10.0,9.932707919898972,2.1291696542263194,-1.0
8673,STE MICHELLE WINE ESTATES,12325,2024-09-25,2024-10-08,13.0,53462.34,8-15 days,0,10.0,9.932707919898972,2.1291696542263194,3.0
8673,STE MICHELLE WINE ESTATES,12480,2024-10-05,2024-10-16,11.0,57781.71,8-15 days,0,10.0,9.932707919898972,2.1291696542263194,1.0
8673,STE MICHELLE WINE ESTATES,12614,2024-10-14,2024-10-22,8.0,79693.3,8-15 days,0,10.0,9.932707919898972,2.1291696542263194,-2.0
8673,STE MICHELLE WINE ESTATES,12685,2024-10-19,2024-10-30,11.0,116801.66,8-15 days,0,10.0,9.932707919898972,2.1291696542263194,1.0
8673,STE MICHELLE WINE ESTATES,12823,2024-10-28,2024-11-05,8.0,69321.58,8-15 days,0,10.0,9.932707919898972,2.1291696542263194,-2.0
8673,STE MICHELLE WINE ESTATES,12852,2024-10-31,2024-11-13,13.0,63538.24,8-15 days,0,10.0,9.932707919898972,2.1291696542263194,3.0
8673,STE MICHELLE WINE ESTATES,12942,2024-11-06,2024-11-19,13.0,72574.64,8-15 days,0,10.0,9.932707919898972,2.1291696542263194,3.0
8673,STE MICHELLE WINE ESTATES,13061,2024-11-14,2024-11-27,13.0,65282.07,8-15 days,0,10.0,9.932707919898972,2.1291696542263194,3.0
8673,STE MICHELLE WINE ESTATES,13218,2024-11-24,2024-12-03,9.0,113170.76,8-15 days,0,10.0,9.932707919898972,2.1291696542263194,-1.0
8673,STE MICHELLE WINE ESTATES,13300,2024-11-30,2024-12-11,11.0,54146.74,8-15 days,0,10.0,9.932707919898972,2.1291696542263194,1.0
8673,STE MICHELLE WINE ESTATES,13367,2024-12-05,2024-12-18,13.0,63128.69,8-15 days,0,10.0,9.932707919898972,2.1291696542263194,3.0
8673,STE MICHELLE WINE ESTATES,13498,2024-12-13,2024-12-24,11.0,59398.82,8-15 days,0,10.0,9.932707919898972,2.1291696542263194,1.0
8673,STE MICHELLE WINE ESTATES,13636,2024-12-22,2024-12-31,9.0,79268.54,8-15 days,0,10.0,9.932707919898972,2.1291696542263194,-1.0
8735,SURVILLE ENTERPRISES CORP,8135,2023-12-21,2024-01-02,12.0,296.47,8-15 days,0,10.0,9.932707919898972,2.1291696542263194,2.0
8735,SURVILLE ENTERPRISES CORP,8263,2023-12-30,2024-01-08,9.0,1882.26,8-15 days,0,10.0,9.932707919898972,2.1291696542263194,-1.0
8735,SURVILLE ENTERPRISES CORP,8398,2024-01-08,2024-01-15,7.0,518.82,0-7 days,0,10.0,9.932707919898972,2.1291696542263194,-3.0
8735,SURVILLE ENTERPRISES CORP,8468,2024-01-13,2024-01-22,9.0,491.2,8-15 days,0,10.0,9.932707919898972,2.1291696542263194,-1.0
8735,SURVILLE ENTERPRISES CORP,8586,2024-01-21,2024-01-29,8.0,293.56,8-15 days,0,10.0,9.932707919898972,2.1291696542263194,-2.0
8735,SURVILLE ENTERPRISES CORP,8669,2024-01-27,2024-02-05,9.0,1687.35,8-15 days,0,10.0,9.932707919898972,2.1291696542263194,-1.0
8735,SURVILLE ENTERPRISES CORP,8716,2024-01-31,2024-02-12,12.0,272.52,8-15 days,0,10.0,9.932707919898972,2.1291696542263194,2.0
8735,SURVILLE ENTERPRISES CORP,8855,2024-02-09,2024-02-19,10.0,855.06,8-15 days,0,10.0,9.932707919898972,2.1291696542263194,0.0
8735,SURVILLE ENTERPRISES CORP,8975,2024-02-17,2024-02-26,9.0,821.8,8-15 days,0,10.0,9.932707919898972,2.1291696542263194,-1.0
8735,SURVILLE ENTERPRISES CORP,9056,2024-02-23,2024-03-04,10.0,408.22,8-15 days,0,10.0,9.932707919898972,2.1291696542263194,0.0
8735,SURVILLE ENTERPRISES CORP,9161,2024-03-01,2024-03-11,10.0,467.76,8-15 days,0,10.0,9.932707919898972,2.1291696542263194,0.0
8735,SURVILLE ENTERPRISES CORP,9239,2024-03-07,2024-03-18,11.0,622.5,8-15 days,0,10.0,9.932707919898972,2.1291696542263194,1.0
8735,SURVILLE ENTERPRISES CORP,9409,2024-03-18,2024-03-25,7.0,693.24,0-7 days,0,10.0,9.932707919898972,2.1291696542263194,-3.0
8735,SURVILLE ENTERPRISES CORP,9487,2024-03-23,2024-03-31,8.0,481.62,8-15 days,0,10.0,9.932707919898972,2.1291696542263194,-2.0
8735,SURVILLE ENTERPRISES CORP,9530,2024-03-27,2024-04-08,12.0,184.54,8-15 days,0,10.0,9.932707919898972,2.1291696542263194,2.0
8735,SURVILLE ENTERPRISES CORP,9715,2024-04-08,2024-04-15,7.0,2960.7,0-7 days,0,10.0,9.932707919898972,2.1291696542263194,-3.0
8735,SURVILLE ENTERPRISES CORP,9781,2024-04-13,2024-04-24,11.0,778.48,8-15 days,0,10.0,9.932707919898972,2.1291696542263194,1.0
8735,SURVILLE ENTERPRISES CORP,9828,2024-04-17,2024-04-29,12.0,552.72,8-15 days,0,10.0,9.932707919898972,2.1291696542263194,2.0
8735,SURVILLE ENTERPRISES CORP,9980,2024-04-27,2024-05-06,9.0,1971.12,8-15 days,0,10.0,9.932707919898972,2.1291696542263194,-1.0
8735,SURVILLE ENTERPRISES CORP,10091,2024-05-05,2024-05-13,8.0,851.04,8-15 days,0,10.0,9.932707919898972,2.1291696542263194,-2.0
8735,SURVILLE ENTERPRISES CORP,10123,2024-05-08,2024-05-20,12.0,1172.44,8-15 days,0,10.0,9.932707919898972,2.1291696542263194,2.0
8735,SURVILLE ENTERPRISES CORP,10252,2024-05-16,2024-05-27,11.0,614.4,8-15 days,0,10.0,9.932707919898972,2.1291696542263194,1.0
8735,SURVILLE ENTERPRISES CORP,10371,2024-05-24,2024-06-04,11.0,751.44,8-15 days,0,10.0,9.932707919898972,2.1291696542263194,1.0
8735,SURVILLE ENTERPRISES CORP,10511,2024-06-02,2024-06-12,10.0,1151.56,8-15 days,0,10.0,9.932707919898972,2.1291696542263194,0.0
8735,SURVILLE ENTERPRISES CORP,10596,2024-06-08,2024-06-19,11.0,582.54,8-15 days,0,10.0,9.932707919898972,2.1291696542263194,1.0
8735,SURVILLE ENTERPRISES CORP,10689,2024-06-15,2024-06-23,8.0,472.95,8-15 days,0,10.0,9.932707919898972,2.1291696542263194,-2.0
8735,SURVILLE ENTERPRISES CORP,10761,2024-06-20,2024-06-30,10.0,773.03,8-15 days,0,10.0,9.932707919898972,2.1291696542263194,0.0
8735,SURVILLE ENTERPRISES CORP,10996,2024-06-30,2024-07-09,9.0,919.88,8-15 days,0,10.0,9.932707919898972,2.1291696542263194,-1.0
8735,SURVILLE ENTERPRISES CORP,11041,2024-07-03,2024-07-15,12.0,1078.78,8-15 days,0,10.0,9.932707919898972,2.1291696542263194,2.0
8735,SURVILLE ENTERPRISES CORP,11182,2024-07-13,2024-07-23,10.0,2242.68,8-15 days,0,10.0,9.932707919898972,2.1291696542263194,0.0
8735,SURVILLE ENTERPRISES CORP,11240,2024-07-17,2024-07-28,11.0,600.17,8-15 days,0,10.0,9.932707919898972,2.1291696542263194,1.0
8735,SURVILLE ENTERPRISES CORP,11393,2024-07-27,2024-08-06,10.0,827.36,8-15 days,0,10.0,9.932707919898972,2.1291696542263194,0.0
8735,SURVILLE ENTERPRISES CORP,11454,2024-08-01,2024-08-12,11.0,1033.9,8-15 days,0,10.0,9.932707919898972,2.1291696542263194,1.0
8735,SURVILLE ENTERPRISES CORP,11536,2024-08-07,2024-08-19,12.0,4329.72,8-15 days,0,10.0,9.932707919898972,2.1291696542263194,2.0
8735,SURVILLE ENTERPRISES CORP,11664,2024-08-15,2024-08-26,11.0,1036.6,8-15 days,0,10.0,9.932707919898972,2.1291696542263194,1.0
8735,SURVILLE ENTERPRISES CORP,11765,2024-08-22,2024-09-01,10.0,684.63,8-15 days,0,10.0,9.932707919898972,2.1291696542263194,0.0
8735,SURVILLE ENTERPRISES CORP,11877,2024-08-30,2024-09-09,10.0,803.88,8-15 days,0,10.0,9.932707919898972,2.1291696542263194,0.0
8735,SURVILLE ENTERPRISES CORP,12023,2024-09-08,2024-09-15,7.0,146.4,0-7 days,0,10.0,9.932707919898972,2.1291696542263194,-3.0
8735,SURVILLE ENTERPRISES CORP,12140,2024-09-16,2024-09-23,7.0,400.45,0-7 days,0,10.0,9.932707919898972,2.1291696542263194,-3.0
8735,SURVILLE ENTERPRISES CORP,12163,2024-09-18,2024-09-30,12.0,495.77,8-15 days,0,10.0,9.932707919898972,2.1291696542263194,2.0
8735,SURVILLE ENTERPRISES CORP,12299,2024-09-23,2024-10-01,8.0,88.56,8-15 days,0,10.0,9.932707919898972,2.1291696542263194,-2.0
8735,SURVILLE ENTERPRISES CORP,12375,2024-09-28,2024-10-08,10.0,347.04,8-15 days,0,10.0,9.932707919898972,2.1291696542263194,0.0
8735,SURVILLE ENTERPRISES CORP,12461,2024-10-04,2024-10-14,10.0,1006.2,8-15 days,0,10.0,9.932707919898972,2.1291696542263194,0.0
8735,SURVILLE ENTERPRISES CORP,12534,2024-10-09,2024-10-22,13.0,1049.06,8-15 days,0,10.0,9.932707919898972,2.1291696542263194,3.0
8735,SURVILLE ENTERPRISES CORP,12703,2024-10-20,2024-10-28,8.0,691.38,8-15 days,0,10.0,9.932707919898972,2.1291696542263194,-2.0
8735,SURVILLE ENTERPRISES CORP,12766,2024-10-25,2024-11-04,10.0,324.22,8-15 days,0,10.0,9.932707919898972,2.1291696542263194,0.0
8735,SURVILLE ENTERPRISES CORP,12886,2024-11-02,2024-11-11,9.0,341.52,8-15 days,0,10.0,9.932707919898972,2.1291696542263194,-1.0
8735,SURVILLE ENTERPRISES CORP,12985,2024-11-08,2024-11-19,11.0,2895.92,8-15 days,0,10.0,9.932707919898972,2.1291696542263194,1.0
8735,SURVILLE ENTERPRISES CORP,13062,2024-11-14,2024-11-26,12.0,1260.41,8-15 days,0,10.0,9.932707919898972,2.1291696542263194,2.0
8735,SURVILLE ENTERPRISES CORP,13174,2024-11-22,2024-12-02,10.0,1191.89,8-15 days,0,10.0,9.932707919898972,2.1291696542263194,0.0
8735,SURVILLE ENTERPRISES CORP,13264,2024-11-28,2024-12-09,11.0,775.36,8-15 days,0,10.0,9.932707919898972,2.1291696542263194,1.0
8735,SURVILLE ENTERPRISES CORP,13407,2024-12-07,2024-12-17,10.0,1676.95,8-15 days,0,10.0,9.932707919898972,2.1291696542263194,0.0
8735,SURVILLE ENTERPRISES CORP,13521,2024-12-14,2024-12-24,10.0,1079.82,8-15 days,0,10.0,9.932707919898972,2.1291696542263194,0.0
8735,SURVILLE ENTERPRISES CORP,13565,2024-12-18,2024-12-31,13.0,1387.88,8-15 days,0,10.0,9.932707919898972,2.1291696542263194,3.0
8892,TRINCHERO FAMILY ESTATES,8148,2023-12-22,2024-01-03,12.0,11651.54,8-15 days,0,10.0,9.932707919898972,2.1291696542263194,2.0
8892,TRINCHERO FAMILY ESTATES,8283,2023-12-31,2024-01-10,10.0,47561.83,8-15 days,0,10.0,9.932707919898972,2.1291696542263194,0.0
8892,TRINCHERO FAMILY ESTATES,8399,2024-01-08,2024-01-15,7.0,39187.13,0-7 days,0,10.0,9.932707919898972,2.1291696542263194,-3.0
8892,TRINCHERO FAMILY ESTATES,8415,2024-01-10,2024-01-23,13.0,33618.19,8-15 days,0,10.0,9.932707919898972,2.1291696542263194,3.0
8892,TRINCHERO FAMILY ESTATES,8566,2024-01-20,2024-01-30,10.0,40265.09,8-15 days,0,10.0,9.932707919898972,2.1291696542263194,0.0
8892,TRINCHERO FAMILY ESTATES,8648,2024-01-26,2024-02-06,11.0,38034.39,8-15 days,0,10.0,9.932707919898972,2.1291696542263194,1.0
8892,TRINCHERO FAMILY ESTATES,8774,2024-02-03,2024-02-14,11.0,26388.9,8-15 days,0,10.0,9.932707919898972,2.1291696542263194,1.0
8892,TRINCHERO FAMILY ESTATES,8857,2024-02-09,2024-02-21,12.0,32984.63,8-15 days,0,10.0,9.932707919898972,2.1291696542263194,2.0
8892,TRINCHERO FAMILY ESTATES,9010,2024-02-19,2024-02-27,8.0,40115.27,8-15 days,0,10.0,9.932707919898972,2.1291696542263194,-2.0
8892,TRINCHERO FAMILY ESTATES,9109,2024-02-26,2024-03-06,9.0,31176.3,8-15 days,0,10.0,9.932707919898972,2.1291696542263194,-1.0
8892,TRINCHERO FAMILY ESTATES,9210,2024-03-04,2024-03-12,8.0,26775.85,8-15 days,0,10.0,9.932707919898972,2.1291696542263194,-2.0
8892,TRINCHERO FAMILY ESTATES,9272,2024-03-09,2024-03-19,10.0,29095.29,8-15 days,0,10.0,9.932707919898972,2.1291696542263194,0.0
8892,TRINCHERO FAMILY ESTATES,9329,2024-03-13,2024-03-26,13.0,28943.94,8-15 days,0,10.0,9.932707919898972,2.1291696542263194,3.0
8892,TRINCHERO FAMILY ESTATES,9444,2024-03-21,2024-04-03,13.0,51982.8,8-15 days,0,10.0,9.932707919898972,2.1291696542263194,3.0
8892,TRINCHERO FAMILY ESTATES,9545,2024-03-28,2024-04-10,13.0,35695.06,8-15 days,0,10.0,9.932707919898972,2.1291696542263194,3.0
8892,TRINCHERO FAMILY ESTATES,9716,2024-04-08,2024-04-15,7.0,32818.22,0-7 days,0,10.0,9.932707919898972,2.1291696542263194,-3.0
8892,TRINCHERO FAMILY ESTATES,9734,2024-04-10,2024-04-24,14.0,33331.61,8-15 days,0,10.0,9.932707919898972,2.1291696542263194,4.0
8892,TRINCHERO FAMILY ESTATES,9898,2024-04-21,2024-05-01,10.0,31129.9,8-15 days,0,10.0,9.932707919898972,2.1291696542263194,0.0
8892,TRINCHERO FAMILY ESTATES,10018,2024-04-29,2024-05-07,8.0,39191.33,8-15 days,0,10.0,9.932707919898972,2.1291696542263194,-2.0
8892,TRINCHERO FAMILY ESTATES,10111,2024-05-06,2024-05-13,7.0,45483.83,0-7 days,0,10.0,9.932707919898972,2.1291696542263194,-3.0
8892,TRINCHERO FAMILY ESTATES,10199,2024-05-12,2024-05-20,8.0,36406.54,8-15 days,0,10.0,9.932707919898972,2.1291696542263194,-2.0
8892,TRINCHERO FAMILY ESTATES,10255,2024-05-16,2024-05-29,13.0,77813.14,8-15 days,0,10.0,9.932707919898972,2.1291696542263194,3.0
8892,TRINCHERO FAMILY ESTATES,10424,2024-05-27,2024-06-05,9.0,44174.89,8-15 days,0,10.0,9.932707919898972,2.1291696542263194,-1.0
8892,TRINCHERO FAMILY ESTATES,10493,2024-06-01,2024-06-12,11.0,43251.79,8-15 days,0,10.0,9.932707919898972,2.1291696542263194,1.0
8892,TRINCHERO FAMILY ESTATES,10598,2024-06-08,2024-06-19,11.0,37060.83,8-15 days,0,10.0,9.932707919898972,2.1291696542263194,1.0
8892,TRINCHERO FAMILY ESTATES,10712,2024-06-16,2024-06-26,10.0,40446.61,8-15 days,0,10.0,9.932707919898972,2.1291696542263194,0.0
8892,TRINCHERO FAMILY ESTATES,10750,2024-06-19,2024-06-30,11.0,49458.19,8-15 days,0,10.0,9.932707919898972,2.1291696542263194,1.0
8892,TRINCHERO FAMILY ESTATES,10910,2024-06-25,2024-07-03,8.0,9261.8,8-15 days,0,10.0,9.932707919898972,2.1291696542263194,-2.0
8892,TRINCHERO FAMILY ESTATES,10933,2024-06-26,2024-07-10,14.0,48448.25,8-15 days,0,10.0,9.932707919898972,2.1291696542263194,4.0
8892,TRINCHERO FAMILY ESTATES,11119,2024-07-08,2024-07-16,8.0,38085.47,8-15 days,0,10.0,9.932707919898972,2.1291696542263194,-2.0
8892,TRINCHERO FAMILY ESTATES,11184,2024-07-13,2024-07-23,10.0,37798.2,8-15 days,0,10.0,9.932707919898972,2.1291696542263194,0.0
8892,TRINCHERO FAMILY ESTATES,11309,2024-07-21,2024-07-30,9.0,53088.71,8-15 days,0,10.0,9.932707919898972,2.1291696542263194,-1.0
8892,TRINCHERO FAMILY ESTATES,11377,2024-07-26,2024-08-07,12.0,44679.3,8-15 days,0,10.0,9.932707919898972,2.1291696542263194,2.0
8892,TRINCHERO FAMILY ESTATES,11520,2024-08-05,2024-08-14,9.0,38796.84,8-15 days,0,10.0,9.932707919898972,2.1291696542263194,-1.0
8892,TRINCHERO FAMILY ESTATES,11604,2024-08-10,2024-08-21,11.0,61877.83,8-15 days,0,10.0,9.932707919898972,2.1291696542263194,1.0
8892,TRINCHERO FAMILY ESTATES,11725,2024-08-19,2024-08-27,8.0,43727.03,8-15 days,0,10.0,9.932707919898972,2.1291696542263194,-2.0
8892,TRINCHERO FAMILY ESTATES,11768,2024-08-22,2024-09-03,12.0,67841.09,8-15 days,0,10.0,9.932707919898972,2.1291696542263194,2.0
8892,TRINCHERO FAMILY ESTATES,11919,2024-09-01,2024-09-11,10.0,60250.77,8-15 days,0,10.0,9.932707919898972,2.1291696542263194,0.0
8892,TRINCHERO FAMILY ESTATES,12024,2024-09-08,2024-09-17,9.0,44252.76,8-15 days,0,10.0,9.932707919898972,2.1291696542263194,-1.0
8892,TRINCHERO FAMILY ESTATES,12090,2024-09-13,2024-09-25,12.0,40930.02,8-15 days,0,10.0,9.932707919898972,2.1291696542263194,2.0
8892,TRINCHERO FAMILY ESTATES,12249,2024-09-23,2024-09-30,7.0,45409.76,0-7 days,0,10.0,9.932707919898972,2.1291696542263194,-3.0
8892,TRINCHERO FAMILY ESTATES,12302,2024-09-23,2024-10-02,9.0,1284.86,8-15 days,0,10.0,9.932707919898972,2.1291696542263194,-1.0
8892,TRINCHERO FAMILY ESTATES,12327,2024-09-25,2024-10-08,13.0,42606.45,8-15 days,0,10.0,9.932707919898972,2.1291696542263194,3.0
8892,TRINCHERO FAMILY ESTATES,12497,2024-10-06,2024-10-16,10.0,44307.29,8-15 days,0,10.0,9.932707919898972,2.1291696542263194,0.0
8892,TRINCHERO FAMILY ESTATES,12537,2024-10-09,2024-10-23,14.0,38843.6,8-15 days,0,10.0,9.932707919898972,2.1291696542263194,4.0
8892,TRINCHERO FAMILY ESTATES,12704,2024-10-20,2024-10-30,10.0,35255.78,8-15 days,0,10.0,9.932707919898972,2.1291696542263194,0.0
8892,TRINCHERO FAMILY ESTATES,12826,2024-10-28,2024-11-05,8.0,32932.45,8-15 days,0,10.0,9.932707919898972,2.1291696542263194,-2.0
8892,TRINCHERO FAMILY ESTATES,12837,2024-10-30,2024-11-12,13.0,36686.2,8-15 days,0,10.0,9.932707919898972,2.1291696542263194,3.0
8892,TRINCHERO FAMILY ESTATES,13011,2024-11-10,2024-11-19,9.0,40135.13,8-15 days,0,10.0,9.932707919898972,2.1291696542263194,-1.0
8892,TRINCHERO FAMILY ESTATES,13130,2024-11-18,2024-11-27,9.0,38258.14,8-15 days,0,10.0,9.932707919898972,2.1291696542263194,-1.0
8892,TRINCHERO FAMILY ESTATES,13221,2024-11-24,2024-12-03,9.0,69761.65,8-15 days,0,10.0,9.932707919898972,2.1291696542263194,-1.0
8892,TRINCHERO FAMILY ESTATES,13314,2024-12-01,2024-12-11,10.0,45487.9,8-15 days,0,10.0,9.932707919898972,2.1291696542263194,0.0
8892,TRINCHERO FAMILY ESTATES,13368,2024-12-05,2024-12-17,12.0,49281.22,8-15 days,0,10.0,9.932707919898972,2.1291696542263194,2.0
8892,TRINCHERO FAMILY ESTATES,13461,2024-12-11,2024-12-24,13.0,41744.16,8-15 days,0,10.0,9.932707919898972,2.1291696542263194,3.0
8892,TRINCHERO FAMILY ESTATES,13591,2024-12-19,2024-12-31,12.0,77135.56,8-15 days,0,10.0,9.932707919898972,2.1291696542263194,2.0
8920,TAKARA SAKE USA INC,8120,2023-12-20,2024-01-01,12.0,55.08,8-15 days,0,10.0,9.932707919898972,2.1291696542263194,2.0
8920,TAKARA SAKE USA INC,8218,2023-12-27,2024-01-09,13.0,906.36,8-15 days,0,10.0,9.932707919898972,2.1291696542263194,3.0
8920,TAKARA SAKE USA INC,8369,2024-01-06,2024-01-14,8.0,1155.99,8-15 days,0,10.0,9.932707919898972,2.1291696542263194,-2.0
8920,TAKARA SAKE USA INC,8451,2024-01-12,2024-01-22,10.0,840.04,8-15 days,0,10.0,9.932707919898972,2.1291696542263194,0.0
8920,TAKARA SAKE USA INC,8531,2024-01-18,2024-01-30,12.0,834.66,8-15 days,0,10.0,9.932707919898972,2.1291696542263194,2.0
8920,TAKARA SAKE USA INC,8687,2024-01-28,2024-02-05,8.0,756.66,8-15 days,0,10.0,9.932707919898972,2.1291696542263194,-2.0
8920,TAKARA SAKE USA INC,8755,2024-02-02,2024-02-12,10.0,1045.08,8-15 days,0,10.0,9.932707919898972,2.1291696542263194,0.0
8920,TAKARA SAKE USA INC,8823,2024-02-07,2024-02-19,12.0,974.49,8-15 days,0,10.0,9.932707919898972,2.1291696542263194,2.0
8920,TAKARA SAKE USA INC,8960,2024-02-16,2024-02-27,11.0,1058.03,8-15 days,0,10.0,9.932707919898972,2.1291696542263194,1.0
8920,TAKARA SAKE USA INC,9058,2024-02-23,2024-03-04,10.0,653.81,8-15 days,0,10.0,9.932707919898972,2.1291696542263194,0.0
8920,TAKARA SAKE USA INC,9192,2024-03-03,2024-03-12,9.0,899.29,8-15 days,0,10.0,9.932707919898972,2.1291696542263194,-1.0
8920,TAKARA SAKE USA INC,9226,2024-03-06,2024-03-18,12.0,689.55,8-15 days,0,10.0,9.932707919898972,2.1291696542263194,2.0
8920,TAKARA SAKE USA INC,9410,2024-03-18,2024-03-25,7.0,920.13,0-7 days,0,10.0,9.932707919898972,2.1291696542263194,-3.0
8920,TAKARA SAKE USA INC,9514,2024-03-25,2024-04-02,8.0,749.25,8-15 days,0,10.0,9.932707919898972,2.1291696542263194,-2.0
8920,TAKARA SAKE USA INC,9544,2024-03-28,2024-04-08,11.0,779.58,8-15 days,0,10.0,9.932707919898972,2.1291696542263194,1.0
8920,TAKARA SAKE USA INC,9667,2024-04-05,2024-04-15,10.0,526.08,8-15 days,0,10.0,9.932707919898972,2.1291696542263194,0.0
8920,TAKARA SAKE USA INC,9796,2024-04-14,2024-04-22,8.0,1047.28,8-15 days,0,10.0,9.932707919898972,2.1291696542263194,-2.0
8920,TAKARA SAKE USA INC,9897,2024-04-21,2024-04-28,7.0,396.02,0-7 days,0,10.0,9.932707919898972,2.1291696542263194,-3.0
8920,TAKARA SAKE USA INC,9948,2024-04-25,2024-05-06,11.0,1201.84,8-15 days,0,10.0,9.932707919898972,2.1291696542263194,1.0
8920,TAKARA SAKE USA INC,10063,2024-05-03,2024-05-13,10.0,1064.19,8-15 days,0,10.0,9.932707919898972,2.1291696542263194,0.0
8920,TAKARA SAKE USA INC,10124,2024-05-08,2024-05-19,11.0,913.77,8-15 days,0,10.0,9.932707919898972,2.1291696542263194,1.0
8920,TAKARA SAKE USA INC,10307,2024-05-19,2024-05-27,8.0,708.27,8-15 days,0,10.0,9.932707919898972,2.1291696542263194,-2.0
8920,TAKARA SAKE USA INC,10406,2024-05-26,2024-06-02,7.0,461.82,0-7 days,0,10.0,9.932707919898972,2.1291696542263194,-3.0
8920,TAKARA SAKE USA INC,10512,2024-06-02,2024-06-12,10.0,1207.86,8-15 days,0,10.0,9.932707919898972,2.1291696542263194,0.0
8920,TAKARA SAKE USA INC,10561,2024-06-06,2024-06-16,10.0,517.95,8-15 days,0,10.0,9.932707919898972,2.1291696542263194,0.0
8920,TAKARA SAKE USA INC,10677,2024-06-14,2024-06-24,10.0,1031.34,8-15 days,0,10.0,9.932707919898972,2.1291696542263194,0.0
8920,TAKARA SAKE USA INC,10809,2024-06-23,2024-06-30,7.0,594.21,0-7 days,0,10.0,9.932707919898972,2.1291696542263194,-3.0
8920,TAKARA SAKE USA INC,10907,2024-06-25,2024-07-03,8.0,165.24,8-15 days,0,10.0,9.932707919898972,2.1291696542263194,-2.0
8920,TAKARA SAKE USA INC,11021,2024-07-01,2024-07-08,7.0,1187.63,0-7 days,0,10.0,9.932707919898972,2.1291696542263194,-3.0
8920,TAKARA SAKE USA INC,11042,2024-07-03,2024-07-15,12.0,397.56,8-15 days,0,10.0,9.932707919898972,2.1291696542263194,2.0
8920,TAKARA SAKE USA INC,11134,2024-07-10,2024-07-22,12.0,1104.06,8-15 days,0,10.0,9.932707919898972,2.1291696542263194,2.0
8920,TAKARA SAKE USA INC,11242,2024-07-17,2024-07-30,13.0,565.62,8-15 days,0,10.0,9.932707919898972,2.1291696542263194,3.0
8920,TAKARA SAKE USA INC,11423,2024-07-29,2024-08-04,6.0,1003.08,0-7 days,0,10.0,9.932707919898972,2.1291696542263194,-4.0
8920,TAKARA SAKE USA INC,11488,2024-08-03,2024-08-12,9.0,1125.01,8-15 days,0,10.0,9.932707919898972,2.1291696542263194,-1.0
8920,TAKARA SAKE USA INC,11556,2024-08-08,2024-08-19,11.0,868.71,8-15 days,0,10.0,9.932707919898972,2.1291696542263194,1.0
8920,TAKARA SAKE USA INC,11712,2024-08-18,2024-08-27,9.0,953.94,8-15 days,0,10.0,9.932707919898972,2.1291696542263194,-1.0
8920,TAKARA SAKE USA INC,11829,2024-08-26,2024-09-02,7.0,1031.44,0-7 days,0,10.0,9.932707919898972,2.1291696542263194,-3.0
8920,TAKARA SAKE USA INC,11916,2024-09-01,2024-09-09,8.0,743.42,8-15 days,0,10.0,9.932707919898972,2.1291696542263194,-2.0
8920,TAKARA SAKE USA INC,12036,2024-09-09,2024-09-17,8.0,469.23,8-15 days,0,10.0,9.932707919898972,2.1291696542263194,-2.0
8920,TAKARA SAKE USA INC,12053,2024-09-11,2024-09-23,12.0,1056.06,8-15 days,0,10.0,9.932707919898972,2.1291696542263194,2.0
8920,TAKARA SAKE USA INC,12230,2024-09-22,2024-09-30,8.0,373.89,8-15 days,0,10.0,9.932707919898972,2.1291696542263194,-2.0
8920,TAKARA SAKE USA INC,12300,2024-09-23,2024-10-01,8.0,48.72,8-15 days,0,10.0,9.932707919898972,2.1291696542263194,-2.0
8920,TAKARA SAKE USA INC,12376,2024-09-28,2024-10-07,9.0,1002.75,8-15 days,0,10.0,9.932707919898972,2.1291696542263194,-1.0
8920,TAKARA SAKE USA INC,12495,2024-10-06,2024-10-14,8.0,881.87,8-15 days,0,10.0,9.932707919898972,2.1291696542263194,-2.0
8920,TAKARA SAKE USA INC,12595,2024-10-13,2024-10-22,9.0,795.54,8-15 days,0,10.0,9.932707919898972,2.1291696542263194,-1.0
8920,TAKARA SAKE USA INC,12666,2024-10-18,2024-10-28,10.0,677.55,8-15 days,0,10.0,9.932707919898972,2.1291696542263194,0.0
8920,TAKARA SAKE USA INC,12825,2024-10-28,2024-11-04,7.0,950.49,0-7 days,0,10.0,9.932707919898972,2.1291696542263194,-3.0
8920,TAKARA SAKE USA INC,12853,2024-10-31,2024-11-11,11.0,1271.53,8-15 days,0,10.0,9.932707919898972,2.1291696542263194,1.0
8920,TAKARA SAKE USA INC,13009,2024-11-10,2024-11-18,8.0,967.06,8-15 days,0,10.0,9.932707919898972,2.1291696542263194,-2.0
8920,TAKARA SAKE USA INC,13045,2024-11-13,2024-11-26,13.0,617.88,8-15 days,0,10.0,9.932707919898972,2.1291696542263194,3.0
8920,TAKARA SAKE USA INC,13175,2024-11-22,2024-12-02,10.0,721.68,8-15 days,0,10.0,9.932707919898972,2.1291696542263194,0.0
8920,TAKARA SAKE USA INC,13302,2024-11-30,2024-12-09,9.0,1131.6,8-15 days,0,10.0,9.932707919898972,2.1291696542263194,-1.0
8920,TAKARA SAKE USA INC,13442,2024-12-09,2024-12-16,7.0,1066.79,0-7 days,0,10.0,9.932707919898972,2.1291696542263194,-3.0
8920,TAKARA SAKE USA INC,13460,2024-12-11,2024-12-24,13.0,955.08,8-15 days,0,10.0,9.932707919898972,2.1291696542263194,3.0
8920,TAKARA SAKE USA INC,13622,2024-12-21,2024-12-31,10.0,1167.28,8-15 days,0,10.0,9.932707919898972,2.1291696542263194,0.0
9099,TRUETT HURST,11634,2024-08-12,2024-08-17,5.0,236.64,0-7 days,0,10.0,9.932707919898972,2.1291696542263194,-5.0
9165,ULTRA BEVERAGE COMPANY LLP,8203,2023-12-25,2024-01-03,9.0,59168.69,8-15 days,0,10.0,9.932707919898972,2.1291696542263194,-1.0
9165,ULTRA BEVERAGE COMPANY LLP,8219,2023-12-27,2024-01-10,14.0,224355.5,8-15 days,0,10.0,9.932707919898972,2.1291696542263194,4.0
9165,ULTRA BEVERAGE COMPANY LLP,8371,2024-01-06,2024-01-17,11.0,205977.11,8-15 days,0,10.0,9.932707919898972,2.1291696542263194,1.0
9165,ULTRA BEVERAGE COMPANY LLP,8481,2024-01-14,2024-01-24,10.0,209201.57,8-15 days,0,10.0,9.932707919898972,2.1291696542263194,0.0
9165,ULTRA BEVERAGE COMPANY LLP,8513,2024-01-17,2024-01-31,14.0,337491.88,8-15 days,0,10.0,9.932707919898972,2.1291696542263194,4.0
9165,ULTRA BEVERAGE COMPANY LLP,8688,2024-01-28,2024-02-07,10.0,224163.93,8-15 days,0,10.0,9.932707919898972,2.1291696542263194,0.0
9165,ULTRA BEVERAGE COMPANY LLP,8739,2024-02-01,2024-02-14,13.0,172532.77,8-15 days,0,10.0,9.932707919898972,2.1291696542263194,3.0
9165,ULTRA BEVERAGE COMPANY LLP,8824,2024-02-07,2024-02-21,14.0,156318.62,8-15 days,0,10.0,9.932707919898972,2.1291696542263194,4.0
9165,ULTRA BEVERAGE COMPANY LLP,8942,2024-02-15,2024-02-28,13.0,203870.81,8-15 days,0,10.0,9.932707919898972,2.1291696542263194,3.0
9165,ULTRA BEVERAGE COMPANY LLP,9081,2024-02-24,2024-03-06,11.0,175289.35,8-15 days,0,10.0,9.932707919898972,2.1291696542263194,1.0
9165,ULTRA BEVERAGE COMPANY LLP,9148,2024-02-29,2024-03-13,13.0,177584.33,8-15 days,0,10.0,9.932707919898972,2.1291696542263194,3.0
9165,ULTRA BEVERAGE COMPANY LLP,9298,2024-03-10,2024-03-19,9.0,141718.8,8-15 days,0,10.0,9.932707919898972,2.1291696542263194,-1.0
9165,ULTRA BEVERAGE COMPANY LLP,9412,2024-03-18,2024-03-26,8.0,143620.79,8-15 days,0,10.0,9.932707919898972,2.1291696542263194,-2.0
9165,ULTRA BEVERAGE COMPANY LLP,9445,2024-03-21,2024-04-03,13.0,228876.57,8-15 days,0,10.0,9.932707919898972,2.1291696542263194,3.0
9165,ULTRA BEVERAGE COMPANY LLP,9559,2024-03-29,2024-04-09,11.0,204150.85,8-15 days,0,10.0,9.932707919898972,2.1291696542263194,1.0
9165,ULTRA BEVERAGE COMPANY LLP,9654,2024-04-04,2024-04-15,11.0,212884.32,8-15 days,0,10.0,9.932707919898972,2.1291696542263194,1.0
9165,ULTRA BEVERAGE COMPANY LLP,9759,2024-04-12,2024-04-24,12.0,172558.04,8-15 days,0,10.0,9.932707919898972,2.1291696542263194,2.0
9165,ULTRA BEVERAGE COMPANY LLP,9866,2024-04-19,2024-05-01,12.0,264647.84,8-15 days,0,10.0,9.932707919898972,2.1291696542263194,2.0
9165,ULTRA BEVERAGE COMPANY LLP,9995,2024-04-28,2024-05-08,10.0,264567.56,8-15 days,0,10.0,9.932707919898972,2.1291696542263194,0.0
9165,ULTRA BEVERAGE COMPANY LLP,10051,2024-05-02,2024-05-15,13.0,233097.26,8-15 days,0,10.0,9.932707919898972,2.1291696542263194,3.0
9165,ULTRA BEVERAGE COMPANY LLP,10219,2024-05-13,2024-05-22,9.0,228600.79,8-15 days,0,10.0,9.932707919898972,2.1291696542263194,-1.0
9165,ULTRA BEVERAGE COMPANY LLP,10309,2024-05-19,2024-05-29,10.0,303032.33,8-15 days,0,10.0,9.932707919898972,2.1291696542263194,0.0
9165,ULTRA BEVERAGE COMPANY LLP,10344,2024-05-22,2024-06-05,14.0,281979.98,8-15 days,0,10.0,9.932707919898972,2.1291696542263194,4.0
9165,ULTRA BEVERAGE COMPANY LLP,10444,2024-05-29,2024-06-12,14.0,377451.45,8-15 days,0,10.0,9.932707919898972,2.1291696542263194,4.0
9165,ULTRA BEVERAGE COMPANY LLP,10562,2024-06-06,2024-06-19,13.0,201369.32,8-15 days,0,10.0,9.932707919898972,2.1291696542263194,3.0
9165,ULTRA BEVERAGE COMPANY LLP,10641,2024-06-12,2024-06-26,14.0,243162.66,8-15 days,0,10.0,9.932707919898972,2.1291696542263194,4.0
9165,ULTRA BEVERAGE COMPANY LLP,10751,2024-06-19,2024-06-30,11.0,249611.36,8-15 days,0,10.0,9.932707919898972,2.1291696542263194,1.0
9165,ULTRA BEVERAGE COMPANY LLP,10911,2024-06-25,2024-07-03,8.0,80783.22,8-15 days,0,10.0,9.932707919898972,2.1291696542263194,-2.0
9165,ULTRA BEVERAGE COMPANY LLP,10947,2024-06-27,2024-07-10,13.0,315420.35,8-15 days,0,10.0,9.932707919898972,2.1291696542263194,3.0
9165,ULTRA BEVERAGE COMPANY LLP,11044,2024-07-03,2024-07-17,14.0,243271.98,8-15 days,0,10.0,9.932707919898972,2.1291696542263194,4.0
9165,ULTRA BEVERAGE COMPANY LLP,11185,2024-07-13,2024-07-24,11.0,242463.37,8-15 days,0,10.0,9.932707919898972,2.1291696542263194,1.0
9165,ULTRA BEVERAGE COMPANY LLP,11256,2024-07-18,2024-07-31,13.0,337361.83,8-15 days,0,10.0,9.932707919898972,2.1291696542263194,3.0
9165,ULTRA BEVERAGE COMPANY LLP,11378,2024-07-26,2024-08-07,12.0,241458.92,8-15 days,0,10.0,9.932707919898972,2.1291696542263194,2.0
9165,ULTRA BEVERAGE COMPANY LLP,11442,2024-07-31,2024-08-14,14.0,236320.93,8-15 days,0,10.0,9.932707919898972,2.1291696542263194,4.0
9165,ULTRA BEVERAGE COMPANY LLP,11560,2024-08-08,2024-08-21,13.0,441424.19,8-15 days,0,10.0,9.932707919898972,2.1291696542263194,3.0
9165,ULTRA BEVERAGE COMPANY LLP,11650,2024-08-14,2024-08-28,14.0,257075.99,8-15 days,0,10.0,9.932707919898972,2.1291696542263194,4.0
9165,ULTRA BEVERAGE COMPANY LLP,11788,2024-08-23,2024-09-04,12.0,293016.08,8-15 days,0,10.0,9.932707919898972,2.1291696542263194,2.0
9165,ULTRA BEVERAGE COMPANY LLP,11898,2024-08-31,2024-09-11,11.0,253487.96,8-15 days,0,10.0,9.932707919898972,2.1291696542263194,1.0
9165,ULTRA BEVERAGE COMPANY LLP,11969,2024-09-05,2024-09-18,13.0,231530.36,8-15 days,0,10.0,9.932707919898972,2.1291696542263194,3.0
9165,ULTRA BEVERAGE COMPANY LLP,12142,2024-09-16,2024-09-24,8.0,205398.91,8-15 days,0,10.0,9.932707919898972,2.1291696542263194,-2.0
9165,ULTRA BEVERAGE COMPANY LLP,12211,2024-09-21,2024-09-30,9.0,292045.02,8-15 days,0,10.0,9.932707919898972,2.1291696542263194,-1.0
9165,ULTRA BEVERAGE COMPANY LLP,12303,2024-09-23,2024-10-02,9.0,16175.91,8-15 days,0,10.0,9.932707919898972,2.1291696542263194,-1.0
9165,ULTRA BEVERAGE COMPANY LLP,12378,2024-09-28,2024-10-08,10.0,240575.85,8-15 days,0,10.0,9.932707919898972,2.1291696542263194,0.0
9165,ULTRA BEVERAGE COMPANY LLP,12462,2024-10-04,2024-10-16,12.0,215283.22,8-15 days,0,10.0,9.932707919898972,2.1291696542263194,2.0
9165,ULTRA BEVERAGE COMPANY LLP,12565,2024-10-11,2024-10-22,11.0,264047.7,8-15 days,0,10.0,9.932707919898972,2.1291696542263194,1.0
9165,ULTRA BEVERAGE COMPANY LLP,12689,2024-10-19,2024-10-30,11.0,337510.37,8-15 days,0,10.0,9.932707919898972,2.1291696542263194,1.0
9165,ULTRA BEVERAGE COMPANY LLP,12737,2024-10-23,2024-11-06,14.0,241457.27,8-15 days,0,10.0,9.932707919898972,2.1291696542263194,4.0
9165,ULTRA BEVERAGE COMPANY LLP,12855,2024-10-31,2024-11-13,13.0,261998.06,8-15 days,0,10.0,9.932707919898972,2.1291696542263194,3.0
9165,ULTRA BEVERAGE COMPANY LLP,12947,2024-11-06,2024-11-20,14.0,297077.3,8-15 days,0,10.0,9.932707919898972,2.1291696542263194,4.0
9165,ULTRA BEVERAGE COMPANY LLP,13063,2024-11-14,2024-11-27,13.0,218094.84,8-15 days,0,10.0,9.932707919898972,2.1291696542263194,3.0
9165,ULTRA BEVERAGE COMPANY LLP,13202,2024-11-23,2024-12-04,11.0,315514.21,8-15 days,0,10.0,9.932707919898972,2.1291696542263194,1.0
9165,ULTRA BEVERAGE COMPANY LLP,13286,2024-11-29,2024-12-11,12.0,201858.24,8-15 days,0,10.0,9.932707919898972,2.1291696542263194,2.0
9165,ULTRA BEVERAGE COMPANY LLP,13369,2024-12-05,2024-12-18,13.0,255134.41,8-15 days,0,10.0,9.932707919898972,2.1291696542263194,3.0
9165,ULTRA BEVERAGE COMPANY LLP,13462,2024-12-11,2024-12-24,13.0,275414.91,8-15 days,0,10.0,9.932707919898972,2.1291696542263194,3.0
9165,ULTRA BEVERAGE COMPANY LLP,13604,2024-12-20,2024-12-31,11.0,502128.05,8-15 days,0,10.0,9.932707919898972,2.1291696542263194,1.0
9206,PHILLIPS PRODUCTS CO.,8116,2023-12-20,2024-01-02,13.0,920.39,8-15 days,0,10.0,9.932707919898972,2.1291696542263194,3.0
9206,PHILLIPS PRODUCTS CO.,8244,2023-12-29,2024-01-09,11.0,9289.57,8-15 days,0,10.0,9.932707919898972,2.1291696542263194,1.0
9206,PHILLIPS PRODUCTS CO.,8316,2024-01-03,2024-01-15,12.0,7229.15,8-15 days,0,10.0,9.932707919898972,2.1291696542263194,2.0
9206,PHILLIPS PRODUCTS CO.,8409,2024-01-10,2024-01-23,13.0,5245.55,8-15 days,0,10.0,9.932707919898972,2.1291696542263194,3.0
9206,PHILLIPS PRODUCTS CO.,8557,2024-01-20,2024-01-30,10.0,5576.41,8-15 days,0,10.0,9.932707919898972,2.1291696542263194,0.0
9206,PHILLIPS PRODUCTS CO.,8700,2024-01-29,2024-02-05,7.0,6430.47,0-7 days,0,10.0,9.932707919898972,2.1291696542263194,-3.0
9206,PHILLIPS PRODUCTS CO.,8768,2024-02-03,2024-02-13,10.0,4373.09,8-15 days,0,10.0,9.932707919898972,2.1291696542263194,0.0
9206,PHILLIPS PRODUCTS CO.,8908,2024-02-12,2024-02-21,9.0,17132.56,8-15 days,0,10.0,9.932707919898972,2.1291696542263194,-1.0
9206,PHILLIPS PRODUCTS CO.,8990,2024-02-18,2024-02-27,9.0,6842.8,8-15 days,0,10.0,9.932707919898972,2.1291696542263194,-1.0
9206,PHILLIPS PRODUCTS CO.,9039,2024-02-22,2024-03-05,12.0,8157.32,8-15 days,0,10.0,9.932707919898972,2.1291696542263194,2.0
9206,PHILLIPS PRODUCTS CO.,9205,2024-03-04,2024-03-12,8.0,8851.95,8-15 days,0,10.0,9.932707919898972,2.1291696542263194,-2.0
9206,PHILLIPS PRODUCTS CO.,9265,2024-03-09,2024-03-19,10.0,8553.54,8-15 days,0,10.0,9.932707919898972,2.1291696542263194,0.0
9206,PHILLIPS PRODUCTS CO.,9402,2024-03-18,2024-03-26,8.0,12692.19,8-15 days,0,10.0,9.932707919898972,2.1291696542263194,-2.0
9206,PHILLIPS PRODUCTS CO.,9464,2024-03-22,2024-04-03,12.0,8864.0,8-15 days,0,10.0,9.932707919898972,2.1291696542263194,2.0
9206,PHILLIPS PRODUCTS CO.,9609,2024-04-01,2024-04-08,7.0,7568.15,0-7 days,0,10.0,9.932707919898972,2.1291696542263194,-3.0
9206,PHILLIPS PRODUCTS CO.,9632,2024-04-03,2024-04-15,12.0,5283.27,8-15 days,0,10.0,9.932707919898972,2.1291696542263194,2.0
9206,PHILLIPS PRODUCTS CO.,9756,2024-04-12,2024-04-22,10.0,6872.48,8-15 days,0,10.0,9.932707919898972,2.1291696542263194,0.0
9206,PHILLIPS PRODUCTS CO.,9841,2024-04-18,2024-04-29,11.0,4063.01,8-15 days,0,10.0,9.932707919898972,2.1291696542263194,1.0
9206,PHILLIPS PRODUCTS CO.,9974,2024-04-27,2024-05-06,9.0,7998.03,8-15 days,0,10.0,9.932707919898972,2.1291696542263194,-1.0
9206,PHILLIPS PRODUCTS CO.,10046,2024-05-02,2024-05-13,11.0,5187.52,8-15 days,0,10.0,9.932707919898972,2.1291696542263194,1.0
9206,PHILLIPS PRODUCTS CO.,10121,2024-05-08,2024-05-20,12.0,5457.01,8-15 days,0,10.0,9.932707919898972,2.1291696542263194,2.0
9206,PHILLIPS PRODUCTS CO.,10284,2024-05-18,2024-05-29,11.0,9025.93,8-15 days,0,10.0,9.932707919898972,2.1291696542263194,1.0
9206,PHILLIPS PRODUCTS CO.,10386,2024-05-25,2024-06-05,11.0,7386.85,8-15 days,0,10.0,9.932707919898972,2.1291696542263194,1.0
9206,PHILLIPS PRODUCTS CO.,10504,2024-06-02,2024-06-12,10.0,14568.39,8-15 days,0,10.0,9.932707919898972,2.1291696542263194,0.0
9206,PHILLIPS PRODUCTS CO.,10607,2024-06-09,2024-06-19,10.0,7480.58,8-15 days,0,10.0,9.932707919898972,2.1291696542263194,0.0
9206,PHILLIPS PRODUCTS CO.,10723,2024-06-17,2024-06-26,9.0,11659.74,8-15 days,0,10.0,9.932707919898972,2.1291696542263194,-1.0
9206,PHILLIPS PRODUCTS CO.,10824,2024-06-24,2024-06-30,6.0,9472.17,0-7 days,0,10.0,9.932707919898972,2.1291696542263194,-4.0
9206,PHILLIPS PRODUCTS CO.,10886,2024-06-25,2024-07-02,7.0,2037.78,0-7 days,0,10.0,9.932707919898972,2.1291696542263194,-3.0
9206,PHILLIPS PRODUCTS CO.,10945,2024-06-27,2024-07-09,12.0,13203.44,8-15 days,0,10.0,9.932707919898972,2.1291696542263194,2.0
9206,PHILLIPS PRODUCTS CO.,11116,2024-07-08,2024-07-16,8.0,8423.52,8-15 days,0,10.0,9.932707919898972,2.1291696542263194,-2.0
9206,PHILLIPS PRODUCTS CO.,11201,2024-07-14,2024-07-23,9.0,10420.46,8-15 days,0,10.0,9.932707919898972,2.1291696542263194,-1.0
9206,PHILLIPS PRODUCTS CO.,11272,2024-07-19,2024-07-30,11.0,8503.21,8-15 days,0,10.0,9.932707919898972,2.1291696542263194,1.0
9206,PHILLIPS PRODUCTS CO.,11400,2024-07-28,2024-08-07,10.0,7127.26,8-15 days,0,10.0,9.932707919898972,2.1291696542263194,0.0
9206,PHILLIPS PRODUCTS CO.,11498,2024-08-04,2024-08-14,10.0,8237.12,8-15 days,0,10.0,9.932707919898972,2.1291696542263194,0.0
9206,PHILLIPS PRODUCTS CO.,11616,2024-08-11,2024-08-21,10.0,17931.19,8-15 days,0,10.0,9.932707919898972,2.1291696542263194,0.0
9206,PHILLIPS PRODUCTS CO.,11708,2024-08-18,2024-08-27,9.0,8130.88,8-15 days,0,10.0,9.932707919898972,2.1291696542263194,-1.0
9206,PHILLIPS PRODUCTS CO.,11737,2024-08-21,2024-09-03,13.0,10202.77,8-15 days,0,10.0,9.932707919898972,2.1291696542263194,3.0
9206,PHILLIPS PRODUCTS CO.,11892,2024-08-31,2024-09-10,10.0,9001.38,8-15 days,0,10.0,9.932707919898972,2.1291696542263194,0.0
9206,PHILLIPS PRODUCTS CO.,12004,2024-09-07,2024-09-16,9.0,7601.57,8-15 days,0,10.0,9.932707919898972,2.1291696542263194,-1.0
9206,PHILLIPS PRODUCTS CO.,12084,2024-09-13,2024-09-23,10.0,7744.78,8-15 days,0,10.0,9.932707919898972,2.1291696542263194,0.0
9206,PHILLIPS PRODUCTS CO.,12226,2024-09-22,2024-09-30,8.0,7476.53,8-15 days,0,10.0,9.932707919898972,2.1291696542263194,-2.0
9206,PHILLIPS PRODUCTS CO.,12286,2024-09-23,2024-10-01,8.0,79.62,8-15 days,0,10.0,9.932707919898972,2.1291696542263194,-2.0
9206,PHILLIPS PRODUCTS CO.,12343,2024-09-26,2024-10-08,12.0,8009.59,8-15 days,0,10.0,9.932707919898972,2.1291696542263194,2.0
9206,PHILLIPS PRODUCTS CO.,12509,2024-10-07,2024-10-15,8.0,7295.82,8-15 days,0,10.0,9.932707919898972,2.1291696542263194,-2.0
9206,PHILLIPS PRODUCTS CO.,12609,2024-10-14,2024-10-22,8.0,4267.81,8-15 days,0,10.0,9.932707919898972,2.1291696542263194,-2.0
9206,PHILLIPS PRODUCTS CO.,12682,2024-10-19,2024-10-30,11.0,4512.92,8-15 days,0,10.0,9.932707919898972,2.1291696542263194,1.0
9206,PHILLIPS PRODUCTS CO.,12799,2024-10-27,2024-11-05,9.0,5096.48,8-15 days,0,10.0,9.932707919898972,2.1291696542263194,-1.0
9206,PHILLIPS PRODUCTS CO.,12920,2024-11-04,2024-11-12,8.0,6929.59,8-15 days,0,10.0,9.932707919898972,2.1291696542263194,-2.0
9206,PHILLIPS PRODUCTS CO.,12966,2024-11-07,2024-11-19,12.0,6404.25,8-15 days,0,10.0,9.932707919898972,2.1291696542263194,2.0
9206,PHILLIPS PRODUCTS CO.,13110,2024-11-17,2024-11-27,10.0,6520.44,8-15 days,0,10.0,9.932707919898972,2.1291696542263194,0.0
9206,PHILLIPS PRODUCTS CO.,13169,2024-11-22,2024-12-02,10.0,14612.74,8-15 days,0,10.0,9.932707919898972,2.1291696542263194,0.0
9206,PHILLIPS PRODUCTS CO.,13328,2024-12-02,2024-12-11,9.0,8188.15,8-15 days,0,10.0,9.932707919898972,2.1291696542263194,-1.0
9206,PHILLIPS PRODUCTS CO.,13438,2024-12-09,2024-12-17,8.0,6998.49,8-15 days,0,10.0,9.932707919898972,2.1291696542263194,-2.0
9206,PHILLIPS PRODUCTS CO.,13515,2024-12-14,2024-12-24,10.0,7552.4,8-15 days,0,10.0,9.932707919898972,2.1291696542263194,0.0
9206,PHILLIPS PRODUCTS CO.,13601,2024-12-20,2024-12-31,11.0,6253.58,8-15 days,0,10.0,9.932707919898972,2.1291696542263194,1.0
9260,TY KU LLC,8265,2023-12-30,2024-01-05,6.0,423.18,0-7 days,0,10.0,9.932707919898972,2.1291696542263194,-4.0
9260,TY KU LLC,8391,2024-01-07,2024-01-14,7.0,208.23,0-7 days,0,10.0,9.932707919898972,2.1291696542263194,-3.0
9260,TY KU LLC,8480,2024-01-14,2024-01-20,6.0,76.92,0-7 days,0,10.0,9.932707919898972,2.1291696542263194,-4.0
9260,TY KU LLC,8671,2024-01-27,2024-02-04,8.0,612.54,8-15 days,0,10.0,9.932707919898972,2.1291696542263194,-2.0
9260,TY KU LLC,8791,2024-02-04,2024-02-11,7.0,753.54,0-7 days,0,10.0,9.932707919898972,2.1291696542263194,-3.0
9260,TY KU LLC,8912,2024-02-12,2024-02-18,6.0,208.18,0-7 days,0,10.0,9.932707919898972,2.1291696542263194,-4.0
9260,TY KU LLC,8977,2024-02-17,2024-02-25,8.0,658.55,8-15 days,0,10.0,9.932707919898972,2.1291696542263194,-2.0
9260,TY KU LLC,9059,2024-02-23,2024-03-04,10.0,970.32,8-15 days,0,10.0,9.932707919898972,2.1291696542263194,0.0
9260,TY KU LLC,9211,2024-03-04,2024-03-11,7.0,567.27,0-7 days,0,10.0,9.932707919898972,2.1291696542263194,-3.0
9260,TY KU LLC,9273,2024-03-09,2024-03-18,9.0,635.28,8-15 days,0,10.0,9.932707919898972,2.1291696542263194,-1.0
9260,TY KU LLC,9411,2024-03-18,2024-03-24,6.0,473.25,0-7 days,0,10.0,9.932707919898972,2.1291696542263194,-4.0
9260,TY KU LLC,9489,2024-03-23,2024-04-02,10.0,266.22,8-15 days,0,10.0,9.932707919898972,2.1291696542263194,0.0
9260,TY KU LLC,9596,2024-03-31,2024-04-05,5.0,216.78,0-7 days,0,10.0,9.932707919898972,2.1291696542263194,-5.0
9260,TY KU LLC,9668,2024-04-05,2024-04-12,7.0,76.92,0-7 days,0,10.0,9.932707919898972,2.1291696542263194,-3.0
9260,TY KU LLC,9798,2024-04-14,2024-04-22,8.0,498.85,8-15 days,0,10.0,9.932707919898972,2.1291696542263194,-2.0
9260,TY KU LLC,9865,2024-04-19,2024-04-29,10.0,2555.55,8-15 days,0,10.0,9.932707919898972,2.1291696542263194,0.0
9260,TY KU LLC,9994,2024-04-28,2024-05-05,7.0,776.65,0-7 days,0,10.0,9.932707919898972,2.1291696542263194,-3.0
9260,TY KU LLC,10093,2024-05-05,2024-05-13,8.0,1166.69,8-15 days,0,10.0,9.932707919898972,2.1291696542263194,-2.0
9260,TY KU LLC,10185,2024-05-11,2024-05-17,6.0,4684.26,0-7 days,0,10.0,9.932707919898972,2.1291696542263194,-4.0
9260,TY KU LLC,10271,2024-05-17,2024-05-27,10.0,197.8,8-15 days,0,10.0,9.932707919898972,2.1291696542263194,0.0
9260,TY KU LLC,10390,2024-05-25,2024-05-31,6.0,206.4,0-7 days,0,10.0,9.932707919898972,2.1291696542263194,-4.0
9260,TY KU LLC,10475,2024-05-31,2024-06-10,10.0,805.66,8-15 days,0,10.0,9.932707919898972,2.1291696542263194,0.0
9260,TY KU LLC,10628,2024-06-10,2024-06-18,8.0,681.78,8-15 days,0,10.0,9.932707919898972,2.1291696542263194,-2.0
9260,TY KU LLC,10662,2024-06-13,2024-06-24,11.0,206.4,8-15 days,0,10.0,9.932707919898972,2.1291696542263194,1.0
9260,TY KU LLC,10966,2024-06-28,2024-07-08,10.0,818.83,8-15 days,0,10.0,9.932707919898972,2.1291696542263194,0.0
9260,TY KU LLC,11064,2024-07-04,2024-07-14,10.0,227.16,8-15 days,0,10.0,9.932707919898972,2.1291696542263194,0.0
9260,TY KU LLC,11136,2024-07-10,2024-07-22,12.0,216.78,8-15 days,0,10.0,9.932707919898972,2.1291696542263194,2.0
9260,TY KU LLC,11275,2024-07-19,2024-07-29,10.0,370.62,8-15 days,0,10.0,9.932707919898972,2.1291696542263194,0.0
9260,TY KU LLC,11360,2024-07-25,2024-08-05,11.0,489.72,8-15 days,0,10.0,9.932707919898972,2.1291696542263194,1.0
9260,TY KU LLC,11472,2024-08-02,2024-08-10,8.0,173.71,8-15 days,0,10.0,9.932707919898972,2.1291696542263194,-2.0
9260,TY KU LLC,11537,2024-08-07,2024-08-19,12.0,1259.16,8-15 days,0,10.0,9.932707919898972,2.1291696542263194,2.0
9260,TY KU LLC,11649,2024-08-14,2024-08-25,11.0,613.68,8-15 days,0,10.0,9.932707919898972,2.1291696542263194,1.0
9260,TY KU LLC,11745,2024-08-21,2024-09-02,12.0,612.38,8-15 days,0,10.0,9.932707919898972,2.1291696542263194,2.0
9260,TY KU LLC,11846,2024-08-28,2024-09-08,11.0,304.08,8-15 days,0,10.0,9.932707919898972,2.1291696542263194,1.0
9260,TY KU LLC,12010,2024-09-07,2024-09-14,7.0,76.92,0-7 days,0,10.0,9.932707919898972,2.1291696542263194,-3.0
9260,TY KU LLC,12055,2024-09-11,2024-09-21,10.0,412.8,8-15 days,0,10.0,9.932707919898972,2.1291696542263194,0.0
9260,TY KU LLC,12190,2024-09-20,2024-09-29,9.0,248.49,8-15 days,0,10.0,9.932707919898972,2.1291696542263194,-1.0
9260,TY KU LLC,12377,2024-09-28,2024-10-07,9.0,301.0,8-15 days,0,10.0,9.932707919898972,2.1291696542263194,-1.0
9260,TY KU LLC,12484,2024-10-05,2024-10-10,5.0,103.2,0-7 days,0,10.0,9.932707919898972,2.1291696542263194,-5.0
9260,TY KU LLC,12597,2024-10-13,2024-10-20,7.0,1323.27,0-7 days,0,10.0,9.932707919898972,2.1291696542263194,-3.0
9260,TY KU LLC,12630,2024-10-16,2024-10-28,12.0,823.69,8-15 days,0,10.0,9.932707919898972,2.1291696542263194,2.0
9260,TY KU LLC,12744,2024-10-24,2024-11-03,10.0,396.9,8-15 days,0,10.0,9.932707919898972,2.1291696542263194,0.0
9260,TY KU LLC,12925,2024-11-04,2024-11-10,6.0,500.1,0-7 days,0,10.0,9.932707919898972,2.1291696542263194,-4.0
9260,TY KU LLC,12972,2024-11-07,2024-11-17,10.0,330.36,8-15 days,0,10.0,9.932707919898972,2.1291696542263194,0.0
9260,TY KU LLC,13047,2024-11-13,2024-11-26,13.0,407.28,8-15 days,0,10.0,9.932707919898972,2.1291696542263194,3.0
9260,TY KU LLC,13176,2024-11-22,2024-12-01,9.0,283.32,8-15 days,0,10.0,9.932707919898972,2.1291696542263194,-1.0
9260,TY KU LLC,13285,2024-11-29,2024-12-09,10.0,587.4,8-15 days,0,10.0,9.932707919898972,2.1291696542263194,0.0
9260,TY KU LLC,13350,2024-12-04,2024-12-16,12.0,935.49,8-15 days,0,10.0,9.932707919898972,2.1291696542263194,2.0
9260,TY KU LLC,13525,2024-12-14,2024-12-24,10.0,1635.9,8-15 days,0,10.0,9.932707919898972,2.1291696542263194,0.0
9260,TY KU LLC,13567,2024-12-18,2024-12-31,13.0,7542.01,8-15 days,0,10.0,9.932707919898972,2.1291696542263194,3.0
9552,M S WALKER INC,8157,2023-12-23,2024-01-03,11.0,68620.75,8-15 days,0,10.0,9.932707919898972,2.1291696542263194,1.0
9552,M S WALKER INC,8216,2023-12-27,2024-01-09,13.0,236369.61,8-15 days,0,10.0,9.932707919898972,2.1291696542263194,3.0
9552,M S WALKER INC,8345,2024-01-05,2024-01-17,12.0,173132.79,8-15 days,0,10.0,9.932707919898972,2.1291696542263194,2.0
9552,M S WALKER INC,8462,2024-01-13,2024-01-23,10.0,161003.31,8-15 days,0,10.0,9.932707919898972,2.1291696542263194,0.0
9552,M S WALKER INC,8553,2024-01-20,2024-01-31,11.0,195041.48,8-15 days,0,10.0,9.932707919898972,2.1291696542263194,1.0
9552,M S WALKER INC,8626,2024-01-25,2024-02-07,13.0,175471.77,8-15 days,0,10.0,9.932707919898972,2.1291696542263194,3.0
9552,M S WALKER INC,8712,2024-01-31,2024-02-13,13.0,148860.92,8-15 days,0,10.0,9.932707919898972,2.1291696542263194,3.0
9552,M S WALKER INC,8865,2024-02-10,2024-02-21,11.0,149413.91,8-15 days,0,10.0,9.932707919898972,2.1291696542263194,1.0
9552,M S WALKER INC,8916,2024-02-14,2024-02-28,14.0,203918.36,8-15 days,0,10.0,9.932707919898972,2.1291696542263194,4.0
9552,M S WALKER INC,9049,2024-02-23,2024-03-05,11.0,147815.75,8-15 days,0,10.0,9.932707919898972,2.1291696542263194,1.0
9552,M S WALKER INC,9119,2024-02-28,2024-03-12,13.0,147984.0,8-15 days,0,10.0,9.932707919898972,2.1291696542263194,3.0
9552,M S WALKER INC,9218,2024-03-06,2024-03-20,14.0,141641.88,8-15 days,0,10.0,9.932707919898972,2.1291696542263194,4.0
9552,M S WALKER INC,9323,2024-03-13,2024-03-26,13.0,153107.58,8-15 days,0,10.0,9.932707919898972,2.1291696542263194,3.0
9552,M S WALKER INC,9422,2024-03-20,2024-04-03,14.0,160987.37,8-15 days,0,10.0,9.932707919898972,2.1291696542263194,4.0
9552,M S WALKER INC,9571,2024-03-30,2024-04-09,10.0,144893.28,8-15 days,0,10.0,9.932707919898972,2.1291696542263194,0.0
9552,M S WALKER INC,9698,2024-04-07,2024-04-17,10.0,139523.38,8-15 days,0,10.0,9.932707919898972,2.1291696542263194,0.0
9552,M S WALKER INC,9806,2024-04-15,2024-04-24,9.0,141764.71,8-15 days,0,10.0,9.932707919898972,2.1291696542263194,-1.0
9552,M S WALKER INC,9877,2024-04-20,2024-05-01,11.0,169623.82,8-15 days,0,10.0,9.932707919898972,2.1291696542263194,1.0
9552,M S WALKER INC,9939,2024-04-25,2024-05-08,13.0,201226.95,8-15 days,0,10.0,9.932707919898972,2.1291696542263194,3.0
9552,M S WALKER INC,10026,2024-05-01,2024-05-15,14.0,150382.46,8-15 days,0,10.0,9.932707919898972,2.1291696542263194,4.0
9552,M S WALKER INC,10206,2024-05-13,2024-05-22,9.0,162055.76,8-15 days,0,10.0,9.932707919898972,2.1291696542263194,-1.0
9552,M S WALKER INC,10229,2024-05-15,2024-05-29,14.0,249142.22,8-15 days,0,10.0,9.932707919898972,2.1291696542263194,4.0
9552,M S WALKER INC,10383,2024-05-25,2024-06-05,11.0,183148.33,8-15 days,0,10.0,9.932707919898972,2.1291696542263194,1.0
9552,M S WALKER INC,10488,2024-06-01,2024-06-12,11.0,189969.58,8-15 days,0,10.0,9.932707919898972,2.1291696542263194,1.0
9552,M S WALKER INC,10572,2024-06-07,2024-06-19,12.0,205208.05,8-15 days,0,10.0,9.932707919898972,2.1291696542263194,2.0
9552,M S WALKER INC,10686,2024-06-15,2024-06-26,11.0,190713.94,8-15 days,0,10.0,9.932707919898972,2.1291696542263194,1.0
9552,M S WALKER INC,10769,2024-06-21,2024-06-30,9.0,181569.2,8-15 days,0,10.0,9.932707919898972,2.1291696542263194,-1.0
9552,M S WALKER INC,10871,2024-06-25,2024-07-03,8.0,59918.13,8-15 days,0,10.0,9.932707919898972,2.1291696542263194,-2.0
9552,M S WALKER INC,10972,2024-06-29,2024-07-10,11.0,242891.28,8-15 days,0,10.0,9.932707919898972,2.1291696542263194,1.0
9552,M S WALKER INC,11114,2024-07-08,2024-07-16,8.0,210638.01,8-15 days,0,10.0,9.932707919898972,2.1291696542263194,-2.0
9552,M S WALKER INC,11145,2024-07-11,2024-07-24,13.0,252879.8,8-15 days,0,10.0,9.932707919898972,2.1291696542263194,3.0
9552,M S WALKER INC,11287,2024-07-20,2024-07-30,10.0,269547.07,8-15 days,0,10.0,9.932707919898972,2.1291696542263194,0.0
9552,M S WALKER INC,11367,2024-07-26,2024-08-07,12.0,222493.13,8-15 days,0,10.0,9.932707919898972,2.1291696542263194,2.0
9552,M S WALKER INC,11497,2024-08-04,2024-08-14,10.0,216943.54,8-15 days,0,10.0,9.932707919898972,2.1291696542263194,0.0
9552,M S WALKER INC,11550,2024-08-08,2024-08-21,13.0,374887.98,8-15 days,0,10.0,9.932707919898972,2.1291696542263194,3.0
9552,M S WALKER INC,11692,2024-08-17,2024-08-28,11.0,188674.06,8-15 days,0,10.0,9.932707919898972,2.1291696542263194,1.0
9552,M S WALKER INC,11756,2024-08-22,2024-09-04,13.0,293951.64,8-15 days,0,10.0,9.932707919898972,2.1291696542263194,3.0
9552,M S WALKER INC,11869,2024-08-30,2024-09-11,12.0,214082.29,8-15 days,0,10.0,9.932707919898972,2.1291696542263194,2.0
9552,M S WALKER INC,11942,2024-09-04,2024-09-18,14.0,254466.7,8-15 days,0,10.0,9.932707919898972,2.1291696542263194,4.0
9552,M S WALKER INC,12115,2024-09-15,2024-09-25,10.0,179284.73,8-15 days,0,10.0,9.932707919898972,2.1291696542263194,0.0
9552,M S WALKER INC,12171,2024-09-19,2024-09-30,11.0,225171.09,8-15 days,0,10.0,9.932707919898972,2.1291696542263194,1.0
9552,M S WALKER INC,12276,2024-09-23,2024-10-02,9.0,12929.83,8-15 days,0,10.0,9.932707919898972,2.1291696542263194,-1.0
9552,M S WALKER INC,12361,2024-09-27,2024-10-09,12.0,196908.29,8-15 days,0,10.0,9.932707919898972,2.1291696542263194,2.0
9552,M S WALKER INC,12490,2024-10-06,2024-10-16,10.0,175433.45,8-15 days,0,10.0,9.932707919898972,2.1291696542263194,0.0
9552,M S WALKER INC,12560,2024-10-11,2024-10-23,12.0,165253.62,8-15 days,0,10.0,9.932707919898972,2.1291696542263194,2.0
9552,M S WALKER INC,12697,2024-10-20,2024-10-30,10.0,248197.59,8-15 days,0,10.0,9.932707919898972,2.1291696542263194,0.0
9552,M S WALKER INC,12756,2024-10-25,2024-11-06,12.0,204965.35,8-15 days,0,10.0,9.932707919898972,2.1291696542263194,2.0
9552,M S WALKER INC,12915,2024-11-04,2024-11-13,9.0,230217.41,8-15 days,0,10.0,9.932707919898972,2.1291696542263194,-1.0
9552,M S WALKER INC,12962,2024-11-07,2024-11-20,13.0,277542.68,8-15 days,0,10.0,9.932707919898972,2.1291696542263194,3.0
9552,M S WALKER INC,13059,2024-11-14,2024-11-27,13.0,205077.61,8-15 days,0,10.0,9.932707919898972,2.1291696542263194,3.0
9552,M S WALKER INC,13138,2024-11-20,2024-12-04,14.0,333609.94,8-15 days,0,10.0,9.932707919898972,2.1291696542263194,4.0
9552,M S WALKER INC,13326,2024-12-02,2024-12-11,9.0,219723.81,8-15 days,0,10.0,9.932707919898972,2.1291696542263194,-1.0
9552,M S WALKER INC,13379,2024-12-06,2024-12-18,12.0,246201.54,8-15 days,0,10.0,9.932707919898972,2.1291696542263194,2.0
9552,M S WALKER INC,13532,2024-12-15,2024-12-24,9.0,272715.19,8-15 days,0,10.0,9.932707919898972,2.1291696542263194,-1.0
9552,M S WALKER INC,13614,2024-12-21,2024-12-31,10.0,368620.38,8-15 days,0,10.0,9.932707919898972,2.1291696542263194,0.0
9622,WEIN BAUER INC,8189,2023-12-24,2024-01-02,9.0,228.96,8-15 days,0,10.0,9.932707919898972,2.1291696542263194,-1.0
9622,WEIN BAUER INC,8284,2023-12-31,2024-01-07,7.0,419.76,0-7 days,0,10.0,9.932707919898972,2.1291696542263194,-3.0
9622,WEIN BAUER INC,8337,2024-01-04,2024-01-15,11.0,399.12,8-15 days,0,10.0,9.932707919898972,2.1291696542263194,1.0
9622,WEIN BAUER INC,8482,2024-01-14,2024-01-22,8.0,801.36,8-15 days,0,10.0,9.932707919898972,2.1291696542263194,-2.0
9622,WEIN BAUER INC,8568,2024-01-20,2024-01-29,9.0,419.76,8-15 days,0,10.0,9.932707919898972,2.1291696542263194,-1.0
9622,WEIN BAUER INC,8703,2024-01-29,2024-02-05,7.0,954.0,0-7 days,0,10.0,9.932707919898972,2.1291696542263194,-3.0
9622,WEIN BAUER INC,8792,2024-02-04,2024-02-10,6.0,141.9,0-7 days,0,10.0,9.932707919898972,2.1291696542263194,-4.0
9622,WEIN BAUER INC,8825,2024-02-07,2024-02-18,11.0,572.4,8-15 days,0,10.0,9.932707919898972,2.1291696542263194,1.0
9622,WEIN BAUER INC,8961,2024-02-16,2024-02-27,11.0,705.96,8-15 days,0,10.0,9.932707919898972,2.1291696542263194,1.0
9622,WEIN BAUER INC,9060,2024-02-23,2024-03-05,11.0,896.76,8-15 days,0,10.0,9.932707919898972,2.1291696542263194,1.0
9622,WEIN BAUER INC,9178,2024-03-02,2024-03-11,9.0,1011.24,8-15 days,0,10.0,9.932707919898972,2.1291696542263194,-1.0
9622,WEIN BAUER INC,9300,2024-03-10,2024-03-17,7.0,1030.32,0-7 days,0,10.0,9.932707919898972,2.1291696542263194,-3.0
9622,WEIN BAUER INC,9386,2024-03-17,2024-03-25,8.0,1144.8,8-15 days,0,10.0,9.932707919898972,2.1291696542263194,-2.0
9622,WEIN BAUER INC,9447,2024-03-21,2024-04-01,11.0,801.36,8-15 days,0,10.0,9.932707919898972,2.1291696542263194,1.0
9622,WEIN BAUER INC,9598,2024-03-31,2024-04-08,8.0,638.78,8-15 days,0,10.0,9.932707919898972,2.1291696542263194,-2.0
9622,WEIN BAUER INC,9638,2024-04-03,2024-04-15,12.0,418.2,8-15 days,0,10.0,9.932707919898972,2.1291696542263194,2.0
9622,WEIN BAUER INC,9784,2024-04-13,2024-04-21,8.0,457.92,8-15 days,0,10.0,9.932707919898972,2.1291696542263194,-2.0
9622,WEIN BAUER INC,9869,2024-04-19,2024-04-29,10.0,738.6,8-15 days,0,10.0,9.932707919898972,2.1291696542263194,0.0
9622,WEIN BAUER INC,9950,2024-04-25,2024-05-05,10.0,647.16,8-15 days,0,10.0,9.932707919898972,2.1291696542263194,0.0
9622,WEIN BAUER INC,10114,2024-05-06,2024-05-12,6.0,629.64,0-7 days,0,10.0,9.932707919898972,2.1291696542263194,-4.0
9622,WEIN BAUER INC,10167,2024-05-10,2024-05-20,10.0,839.52,8-15 days,0,10.0,9.932707919898972,2.1291696542263194,0.0
9622,WEIN BAUER INC,10310,2024-05-19,2024-05-26,7.0,572.4,0-7 days,0,10.0,9.932707919898972,2.1291696542263194,-3.0
9622,WEIN BAUER INC,10425,2024-05-27,2024-06-03,7.0,628.08,0-7 days,0,10.0,9.932707919898972,2.1291696542263194,-3.0
9622,WEIN BAUER INC,10463,2024-05-30,2024-06-12,13.0,876.12,8-15 days,0,10.0,9.932707919898972,2.1291696542263194,3.0
9622,WEIN BAUER INC,10548,2024-06-05,2024-06-16,11.0,95.4,8-15 days,0,10.0,9.932707919898972,2.1291696542263194,1.0
9622,WEIN BAUER INC,10693,2024-06-15,2024-06-22,7.0,551.76,0-7 days,0,10.0,9.932707919898972,2.1291696542263194,-3.0
9622,WEIN BAUER INC,10796,2024-06-22,2024-06-30,8.0,343.44,8-15 days,0,10.0,9.932707919898972,2.1291696542263194,-2.0
9622,WEIN BAUER INC,10997,2024-06-30,2024-07-08,8.0,1831.68,8-15 days,0,10.0,9.932707919898972,2.1291696542263194,-2.0
9622,WEIN BAUER INC,11106,2024-07-07,2024-07-16,9.0,782.28,8-15 days,0,10.0,9.932707919898972,2.1291696542263194,-1.0
9622,WEIN BAUER INC,11225,2024-07-15,2024-07-22,7.0,934.92,0-7 days,0,10.0,9.932707919898972,2.1291696542263194,-3.0
9622,WEIN BAUER INC,11257,2024-07-18,2024-07-29,11.0,801.36,8-15 days,0,10.0,9.932707919898972,2.1291696542263194,1.0
9622,WEIN BAUER INC,11406,2024-07-28,2024-08-05,8.0,667.8,8-15 days,0,10.0,9.932707919898972,2.1291696542263194,-2.0
9622,WEIN BAUER INC,11443,2024-07-31,2024-08-14,14.0,572.4,8-15 days,0,10.0,9.932707919898972,2.1291696542263194,4.0
9622,WEIN BAUER INC,11563,2024-08-08,2024-08-17,9.0,1207.68,8-15 days,0,10.0,9.932707919898972,2.1291696542263194,-1.0
9622,WEIN BAUER INC,11715,2024-08-18,2024-08-26,8.0,267.12,8-15 days,0,10.0,9.932707919898972,2.1291696542263194,-2.0
9622,WEIN BAUER INC,11746,2024-08-21,2024-09-02,12.0,572.4,8-15 days,0,10.0,9.932707919898972,2.1291696542263194,2.0
9622,WEIN BAUER INC,11848,2024-08-28,2024-09-08,11.0,801.36,8-15 days,0,10.0,9.932707919898972,2.1291696542263194,1.0
9622,WEIN BAUER INC,11970,2024-09-05,2024-09-16,11.0,638.4,8-15 days,0,10.0,9.932707919898972,2.1291696542263194,1.0
9622,WEIN BAUER INC,12091,2024-09-13,2024-09-23,10.0,1715.64,8-15 days,0,10.0,9.932707919898972,2.1291696542263194,0.0
9622,WEIN BAUER INC,12212,2024-09-21,2024-09-30,9.0,3354.96,8-15 days,0,10.0,9.932707919898972,2.1291696542263194,-1.0
9622,WEIN BAUER INC,12350,2024-09-26,2024-10-03,7.0,85.08,0-7 days,0,10.0,9.932707919898972,2.1291696542263194,-3.0
9622,WEIN BAUER INC,12514,2024-10-07,2024-10-14,7.0,1791.96,0-7 days,0,10.0,9.932707919898972,2.1291696542263194,-3.0
9622,WEIN BAUER INC,12616,2024-10-14,2024-10-20,6.0,886.44,0-7 days,0,10.0,9.932707919898972,2.1291696542263194,-4.0
9622,WEIN BAUER INC,12721,2024-10-21,2024-10-28,7.0,457.92,0-7 days,0,10.0,9.932707919898972,2.1291696542263194,-3.0
9622,WEIN BAUER INC,12827,2024-10-28,2024-11-04,7.0,1024.83,0-7 days,0,10.0,9.932707919898972,2.1291696542263194,-3.0
9622,WEIN BAUER INC,12888,2024-11-02,2024-11-11,9.0,1030.32,8-15 days,0,10.0,9.932707919898972,2.1291696542263194,-1.0
9622,WEIN BAUER INC,13013,2024-11-10,2024-11-17,7.0,438.84,0-7 days,0,10.0,9.932707919898972,2.1291696542263194,-3.0
9622,WEIN BAUER INC,13101,2024-11-16,2024-11-26,10.0,1279.73,8-15 days,0,10.0,9.932707919898972,2.1291696542263194,0.0
9622,WEIN BAUER INC,13222,2024-11-24,2024-12-02,8.0,1188.9,8-15 days,0,10.0,9.932707919898972,2.1291696542263194,-2.0
9622,WEIN BAUER INC,13265,2024-11-28,2024-12-09,11.0,1141.6,8-15 days,0,10.0,9.932707919898972,2.1291696542263194,1.0
9622,WEIN BAUER INC,13352,2024-12-04,2024-12-14,10.0,572.4,8-15 days,0,10.0,9.932707919898972,2.1291696542263194,0.0
9622,WEIN BAUER INC,13537,2024-12-15,2024-12-24,9.0,943.26,8-15 days,0,10.0,9.932707919898972,2.1291696542263194,-1.0
9622,WEIN BAUER INC,13640,2024-12-22,2024-12-31,9.0,1563.0,8-15 days,0,10.0,9.932707919898972,2.1291696542263194,-1.0
9625,WESTERN SPIRITS BEVERAGE CO,8168,2023-12-23,2024-01-02,10.0,8657.44,8-15 days,0,10.0,9.932707919898972,2.1291696542263194,0.0
9625,WESTERN SPIRITS BEVERAGE CO,8232,2023-12-28,2024-01-09,12.0,11434.05,8-15 days,0,10.0,9.932707919898972,2.1291696542263194,2.0
9625,WESTERN SPIRITS BEVERAGE CO,8338,2024-01-04,2024-01-15,11.0,3891.24,8-15 days,0,10.0,9.932707919898972,2.1291696542263194,1.0
9625,WESTERN SPIRITS BEVERAGE CO,8418,2024-01-10,2024-01-23,13.0,3041.96,8-15 days,0,10.0,9.932707919898972,2.1291696542263194,3.0
9625,WESTERN SPIRITS BEVERAGE CO,8569,2024-01-20,2024-01-30,10.0,9749.56,8-15 days,0,10.0,9.932707919898972,2.1291696542263194,0.0
9625,WESTERN SPIRITS BEVERAGE CO,8616,2024-01-24,2024-02-05,12.0,5887.48,8-15 days,0,10.0,9.932707919898972,2.1291696542263194,2.0
9625,WESTERN SPIRITS BEVERAGE CO,8741,2024-02-01,2024-02-12,11.0,6144.93,8-15 days,0,10.0,9.932707919898972,2.1291696542263194,1.0
9625,WESTERN SPIRITS BEVERAGE CO,8826,2024-02-07,2024-02-19,12.0,3314.93,8-15 days,0,10.0,9.932707919898972,2.1291696542263194,2.0
9625,WESTERN SPIRITS BEVERAGE CO,9015,2024-02-19,2024-02-26,7.0,4230.72,0-7 days,0,10.0,9.932707919898972,2.1291696542263194,-3.0
9625,WESTERN SPIRITS BEVERAGE CO,9044,2024-02-22,2024-03-04,11.0,2577.34,8-15 days,0,10.0,9.932707919898972,2.1291696542263194,1.0
9625,WESTERN SPIRITS BEVERAGE CO,9130,2024-02-28,2024-03-12,13.0,2154.95,8-15 days,0,10.0,9.932707919898972,2.1291696542263194,3.0
9625,WESTERN SPIRITS BEVERAGE CO,9256,2024-03-08,2024-03-18,10.0,2842.69,8-15 days,0,10.0,9.932707919898972,2.1291696542263194,0.0
9625,WESTERN SPIRITS BEVERAGE CO,9387,2024-03-17,2024-03-25,8.0,2861.6,8-15 days,0,10.0,9.932707919898972,2.1291696542263194,-2.0
9625,WESTERN SPIRITS BEVERAGE CO,9490,2024-03-23,2024-04-01,9.0,3120.81,8-15 days,0,10.0,9.932707919898972,2.1291696542263194,-1.0
9625,WESTERN SPIRITS BEVERAGE CO,9581,2024-03-30,2024-04-08,9.0,2662.85,8-15 days,0,10.0,9.932707919898972,2.1291696542263194,-1.0
9625,WESTERN SPIRITS BEVERAGE CO,9657,2024-04-04,2024-04-15,11.0,3873.93,8-15 days,0,10.0,9.932707919898972,2.1291696542263194,1.0
9625,WESTERN SPIRITS BEVERAGE CO,9817,2024-04-15,2024-04-23,8.0,4820.6,8-15 days,0,10.0,9.932707919898972,2.1291696542263194,-2.0
9625,WESTERN SPIRITS BEVERAGE CO,9831,2024-04-17,2024-05-01,14.0,4106.79,8-15 days,0,10.0,9.932707919898972,2.1291696542263194,4.0
9625,WESTERN SPIRITS BEVERAGE CO,9951,2024-04-25,2024-05-06,11.0,6103.83,8-15 days,0,10.0,9.932707919898972,2.1291696542263194,1.0
9625,WESTERN SPIRITS BEVERAGE CO,10079,2024-05-04,2024-05-13,9.0,4949.26,8-15 days,0,10.0,9.932707919898972,2.1291696542263194,-1.0
9625,WESTERN SPIRITS BEVERAGE CO,10148,2024-05-09,2024-05-20,11.0,4021.75,8-15 days,0,10.0,9.932707919898972,2.1291696542263194,1.0
9625,WESTERN SPIRITS BEVERAGE CO,10311,2024-05-19,2024-05-28,9.0,5653.37,8-15 days,0,10.0,9.932707919898972,2.1291696542263194,-1.0
9625,WESTERN SPIRITS BEVERAGE CO,10345,2024-05-22,2024-06-05,14.0,5107.95,8-15 days,0,10.0,9.932707919898972,2.1291696542263194,4.0
9625,WESTERN SPIRITS BEVERAGE CO,10495,2024-06-01,2024-06-10,9.0,5664.57,8-15 days,0,10.0,9.932707919898972,2.1291696542263194,-1.0
9625,WESTERN SPIRITS BEVERAGE CO,10549,2024-06-05,2024-06-18,13.0,10396.97,8-15 days,0,10.0,9.932707919898972,2.1291696542263194,3.0
9625,WESTERN SPIRITS BEVERAGE CO,10713,2024-06-16,2024-06-26,10.0,9758.8,8-15 days,0,10.0,9.932707919898972,2.1291696542263194,0.0
9625,WESTERN SPIRITS BEVERAGE CO,10831,2024-06-24,2024-06-30,6.0,5825.3,0-7 days,0,10.0,9.932707919898972,2.1291696542263194,-4.0
9625,WESTERN SPIRITS BEVERAGE CO,10916,2024-06-25,2024-07-02,7.0,1109.96,0-7 days,0,10.0,9.932707919898972,2.1291696542263194,-3.0
9625,WESTERN SPIRITS BEVERAGE CO,10949,2024-06-27,2024-07-08,11.0,9368.03,8-15 days,0,10.0,9.932707919898972,2.1291696542263194,1.0
9625,WESTERN SPIRITS BEVERAGE CO,11122,2024-07-08,2024-07-16,8.0,6048.21,8-15 days,0,10.0,9.932707919898972,2.1291696542263194,-2.0
9625,WESTERN SPIRITS BEVERAGE CO,11207,2024-07-14,2024-07-23,9.0,5749.24,8-15 days,0,10.0,9.932707919898972,2.1291696542263194,-1.0
9625,WESTERN SPIRITS BEVERAGE CO,11258,2024-07-18,2024-07-30,12.0,6917.12,8-15 days,0,10.0,9.932707919898972,2.1291696542263194,2.0
9625,WESTERN SPIRITS BEVERAGE CO,11407,2024-07-28,2024-08-06,9.0,5899.29,8-15 days,0,10.0,9.932707919898972,2.1291696542263194,-1.0
9625,WESTERN SPIRITS BEVERAGE CO,11521,2024-08-05,2024-08-14,9.0,6294.46,8-15 days,0,10.0,9.932707919898972,2.1291696542263194,-1.0
9625,WESTERN SPIRITS BEVERAGE CO,11538,2024-08-07,2024-08-21,14.0,8834.69,8-15 days,0,10.0,9.932707919898972,2.1291696542263194,4.0
9625,WESTERN SPIRITS BEVERAGE CO,11727,2024-08-19,2024-08-27,8.0,6942.48,8-15 days,0,10.0,9.932707919898972,2.1291696542263194,-2.0
9625,WESTERN SPIRITS BEVERAGE CO,11770,2024-08-22,2024-09-03,12.0,9309.42,8-15 days,0,10.0,9.932707919898972,2.1291696542263194,2.0
9625,WESTERN SPIRITS BEVERAGE CO,11935,2024-09-02,2024-09-09,7.0,11133.51,0-7 days,0,10.0,9.932707919898972,2.1291696542263194,-3.0
9625,WESTERN SPIRITS BEVERAGE CO,11951,2024-09-04,2024-09-16,12.0,3970.26,8-15 days,0,10.0,9.932707919898972,2.1291696542263194,2.0
9625,WESTERN SPIRITS BEVERAGE CO,12092,2024-09-13,2024-09-23,10.0,5160.88,8-15 days,0,10.0,9.932707919898972,2.1291696542263194,0.0
9625,WESTERN SPIRITS BEVERAGE CO,12213,2024-09-21,2024-09-30,9.0,7426.08,8-15 days,0,10.0,9.932707919898972,2.1291696542263194,-1.0
9625,WESTERN SPIRITS BEVERAGE CO,12307,2024-09-23,2024-10-01,8.0,119.94,8-15 days,0,10.0,9.932707919898972,2.1291696542263194,-2.0
9625,WESTERN SPIRITS BEVERAGE CO,12351,2024-09-26,2024-10-09,13.0,5627.88,8-15 days,0,10.0,9.932707919898972,2.1291696542263194,3.0
9625,WESTERN SPIRITS BEVERAGE CO,12438,2024-10-02,2024-10-14,12.0,7257.52,8-15 days,0,10.0,9.932707919898972,2.1291696542263194,2.0
9625,WESTERN SPIRITS BEVERAGE CO,12617,2024-10-14,2024-10-22,8.0,6267.58,8-15 days,0,10.0,9.932707919898972,2.1291696542263194,-2.0
9625,WESTERN SPIRITS BEVERAGE CO,12651,2024-10-17,2024-10-28,11.0,7084.77,8-15 days,0,10.0,9.932707919898972,2.1291696542263194,1.0
9625,WESTERN SPIRITS BEVERAGE CO,12787,2024-10-26,2024-11-04,9.0,4762.75,8-15 days,0,10.0,9.932707919898972,2.1291696542263194,-1.0
9625,WESTERN SPIRITS BEVERAGE CO,12889,2024-11-02,2024-11-11,9.0,6859.05,8-15 days,0,10.0,9.932707919898972,2.1291696542263194,-1.0
9625,WESTERN SPIRITS BEVERAGE CO,13029,2024-11-11,2024-11-19,8.0,7313.81,8-15 days,0,10.0,9.932707919898972,2.1291696542263194,-2.0
9625,WESTERN SPIRITS BEVERAGE CO,13049,2024-11-13,2024-11-27,14.0,5489.64,8-15 days,0,10.0,9.932707919898972,2.1291696542263194,4.0
9625,WESTERN SPIRITS BEVERAGE CO,13177,2024-11-22,2024-12-02,10.0,9289.23,8-15 days,0,10.0,9.932707919898972,2.1291696542263194,0.0
9625,WESTERN SPIRITS BEVERAGE CO,13334,2024-12-02,2024-12-11,9.0,7300.97,8-15 days,0,10.0,9.932707919898972,2.1291696542263194,-1.0
9625,WESTERN SPIRITS BEVERAGE CO,13410,2024-12-07,2024-12-17,10.0,7975.93,8-15 days,0,10.0,9.932707919898972,2.1291696542263194,0.0
9625,WESTERN SPIRITS BEVERAGE CO,13483,2024-12-12,2024-12-24,12.0,11580.36,8-15 days,0,10.0,9.932707919898972,2.1291696542263194,2.0
9625,WESTERN SPIRITS BEVERAGE CO,13568,2024-12-18,2024-12-31,13.0,37300.48,8-15 days,0,10.0,9.932707919898972,2.1291696542263194,3.0
9744,FREDERICK WILDMAN & SONS,8176,2023-12-24,2024-01-03,10.0,8610.71,8-15 days,0,10.0,9.932707919898972,2.1291696542263194,0.0
9744,FREDERICK WILDMAN & SONS,8291,2024-01-01,2024-01-09,8.0,16605.64,8-15 days,0,10.0,9.932707919898972,2.1291696542263194,-2.0
9744,FREDERICK WILDMAN & SONS,8382,2024-01-07,2024-01-15,8.0,16996.3,8-15 days,0,10.0,9.932707919898972,2.1291696542263194,-2.0
9744,FREDERICK WILDMAN & SONS,8440,2024-01-12,2024-01-23,11.0,24450.41,8-15 days,0,10.0,9.932707919898972,2.1291696542263194,1.0
9744,FREDERICK WILDMAN & SONS,8551,2024-01-20,2024-01-30,10.0,26112.12,8-15 days,0,10.0,9.932707919898972,2.1291696542263194,0.0
9744,FREDERICK WILDMAN & SONS,8625,2024-01-25,2024-02-05,11.0,10825.34,8-15 days,0,10.0,9.932707919898972,2.1291696542263194,1.0
9744,FREDERICK WILDMAN & SONS,8783,2024-02-04,2024-02-13,9.0,10234.3,8-15 days,0,10.0,9.932707919898972,2.1291696542263194,-1.0
9744,FREDERICK WILDMAN & SONS,8828,2024-02-08,2024-02-20,12.0,9805.88,8-15 days,0,10.0,9.932707919898972,2.1291696542263194,2.0
9744,FREDERICK WILDMAN & SONS,8983,2024-02-18,2024-02-27,9.0,8062.68,8-15 days,0,10.0,9.932707919898972,2.1291696542263194,-1.0
9744,FREDERICK WILDMAN & SONS,9037,2024-02-22,2024-03-05,12.0,6646.77,8-15 days,0,10.0,9.932707919898972,2.1291696542263194,2.0
9744,FREDERICK WILDMAN & SONS,9184,2024-03-03,2024-03-12,9.0,8341.36,8-15 days,0,10.0,9.932707919898972,2.1291696542263194,-1.0
9744,FREDERICK WILDMAN & SONS,9230,2024-03-07,2024-03-18,11.0,10407.07,8-15 days,0,10.0,9.932707919898972,2.1291696542263194,1.0
9744,FREDERICK WILDMAN & SONS,9375,2024-03-17,2024-03-25,8.0,7811.59,8-15 days,0,10.0,9.932707919898972,2.1291696542263194,-2.0
9744,FREDERICK WILDMAN & SONS,9455,2024-03-22,2024-04-01,10.0,9873.8,8-15 days,0,10.0,9.932707919898972,2.1291696542263194,0.0
9744,FREDERICK WILDMAN & SONS,9524,2024-03-27,2024-04-08,12.0,6426.7,8-15 days,0,10.0,9.932707919898972,2.1291696542263194,2.0
9744,FREDERICK WILDMAN & SONS,9676,2024-04-06,2024-04-16,10.0,7422.04,8-15 days,0,10.0,9.932707919898972,2.1291696542263194,0.0
9744,FREDERICK WILDMAN & SONS,9790,2024-04-14,2024-04-23,9.0,12022.41,8-15 days,0,10.0,9.932707919898972,2.1291696542263194,-1.0
9744,FREDERICK WILDMAN & SONS,9836,2024-04-18,2024-04-30,12.0,11642.76,8-15 days,0,10.0,9.932707919898972,2.1291696542263194,2.0
9744,FREDERICK WILDMAN & SONS,9935,2024-04-25,2024-05-07,12.0,18405.95,8-15 days,0,10.0,9.932707919898972,2.1291696542263194,2.0
9744,FREDERICK WILDMAN & SONS,10039,2024-05-02,2024-05-13,11.0,11211.84,8-15 days,0,10.0,9.932707919898972,2.1291696542263194,1.0
9744,FREDERICK WILDMAN & SONS,10119,2024-05-08,2024-05-20,12.0,12872.2,8-15 days,0,10.0,9.932707919898972,2.1291696542263194,2.0
9744,FREDERICK WILDMAN & SONS,10315,2024-05-20,2024-05-29,9.0,17972.42,8-15 days,0,10.0,9.932707919898972,2.1291696542263194,-1.0
9744,FREDERICK WILDMAN & SONS,10360,2024-05-24,2024-06-05,12.0,21925.86,8-15 days,0,10.0,9.932707919898972,2.1291696542263194,2.0
9744,FREDERICK WILDMAN & SONS,10435,2024-05-29,2024-06-12,14.0,23509.71,8-15 days,0,10.0,9.932707919898972,2.1291696542263194,4.0
9744,FREDERICK WILDMAN & SONS,10538,2024-06-05,2024-06-17,12.0,14568.21,8-15 days,0,10.0,9.932707919898972,2.1291696542263194,2.0
9744,FREDERICK WILDMAN & SONS,10703,2024-06-16,2024-06-26,10.0,10469.53,8-15 days,0,10.0,9.932707919898972,2.1291696542263194,0.0
9744,FREDERICK WILDMAN & SONS,10738,2024-06-19,2024-06-30,11.0,16281.22,8-15 days,0,10.0,9.932707919898972,2.1291696542263194,1.0
9744,FREDERICK WILDMAN & SONS,10860,2024-06-25,2024-07-03,8.0,1748.58,8-15 days,0,10.0,9.932707919898972,2.1291696542263194,-2.0
9744,FREDERICK WILDMAN & SONS,10924,2024-06-26,2024-07-09,13.0,11784.85,8-15 days,0,10.0,9.932707919898972,2.1291696542263194,3.0
9744,FREDERICK WILDMAN & SONS,11030,2024-07-03,2024-07-16,13.0,10194.4,8-15 days,0,10.0,9.932707919898972,2.1291696542263194,3.0
9744,FREDERICK WILDMAN & SONS,11142,2024-07-11,2024-07-23,12.0,9209.65,8-15 days,0,10.0,9.932707919898972,2.1291696542263194,2.0
9744,FREDERICK WILDMAN & SONS,11285,2024-07-20,2024-07-30,10.0,10721.36,8-15 days,0,10.0,9.932707919898972,2.1291696542263194,0.0
9744,FREDERICK WILDMAN & SONS,11348,2024-07-25,2024-08-07,13.0,10709.17,8-15 days,0,10.0,9.932707919898972,2.1291696542263194,3.0
9744,FREDERICK WILDMAN & SONS,11447,2024-08-01,2024-08-14,13.0,19931.19,8-15 days,0,10.0,9.932707919898972,2.1291696542263194,3.0
9744,FREDERICK WILDMAN & SONS,11591,2024-08-10,2024-08-20,10.0,27607.07,8-15 days,0,10.0,9.932707919898972,2.1291696542263194,0.0
9744,FREDERICK WILDMAN & SONS,11658,2024-08-15,2024-08-27,12.0,8894.73,8-15 days,0,10.0,9.932707919898972,2.1291696542263194,2.0
9744,FREDERICK WILDMAN & SONS,11753,2024-08-22,2024-09-03,12.0,8941.65,8-15 days,0,10.0,9.932707919898972,2.1291696542263194,2.0
9744,FREDERICK WILDMAN & SONS,11864,2024-08-30,2024-09-11,12.0,10274.97,8-15 days,0,10.0,9.932707919898972,2.1291696542263194,2.0
9744,FREDERICK WILDMAN & SONS,11974,2024-09-06,2024-09-16,10.0,7224.52,8-15 days,0,10.0,9.932707919898972,2.1291696542263194,0.0
9744,FREDERICK WILDMAN & SONS,12063,2024-09-12,2024-09-23,11.0,10054.72,8-15 days,0,10.0,9.932707919898972,2.1291696542263194,1.0
9744,FREDERICK WILDMAN & SONS,12167,2024-09-19,2024-09-30,11.0,19421.41,8-15 days,0,10.0,9.932707919898972,2.1291696542263194,1.0
9744,FREDERICK WILDMAN & SONS,12269,2024-09-23,2024-10-02,9.0,640.08,8-15 days,0,10.0,9.932707919898972,2.1291696542263194,-1.0
9744,FREDERICK WILDMAN & SONS,12337,2024-09-26,2024-10-07,11.0,7074.4,8-15 days,0,10.0,9.932707919898972,2.1291696542263194,1.0
9744,FREDERICK WILDMAN & SONS,12420,2024-10-02,2024-10-16,14.0,30459.07,8-15 days,0,10.0,9.932707919898972,2.1291696542263194,4.0
9744,FREDERICK WILDMAN & SONS,12520,2024-10-09,2024-10-22,13.0,15254.05,8-15 days,0,10.0,9.932707919898972,2.1291696542263194,3.0
9744,FREDERICK WILDMAN & SONS,12624,2024-10-16,2024-10-30,14.0,26285.63,8-15 days,0,10.0,9.932707919898972,2.1291696542263194,4.0
9744,FREDERICK WILDMAN & SONS,12727,2024-10-23,2024-11-05,13.0,10259.18,8-15 days,0,10.0,9.932707919898972,2.1291696542263194,3.0
9744,FREDERICK WILDMAN & SONS,12861,2024-11-01,2024-11-12,11.0,36408.66,8-15 days,0,10.0,9.932707919898972,2.1291696542263194,1.0
9744,FREDERICK WILDMAN & SONS,12979,2024-11-08,2024-11-19,11.0,17138.49,8-15 days,0,10.0,9.932707919898972,2.1291696542263194,1.0
9744,FREDERICK WILDMAN & SONS,13106,2024-11-17,2024-11-27,10.0,16203.2,8-15 days,0,10.0,9.932707919898972,2.1291696542263194,0.0
9744,FREDERICK WILDMAN & SONS,13209,2024-11-24,2024-12-02,8.0,14507.21,8-15 days,0,10.0,9.932707919898972,2.1291696542263194,-2.0
9744,FREDERICK WILDMAN & SONS,13323,2024-12-02,2024-12-09,7.0,8644.48,0-7 days,0,10.0,9.932707919898972,2.1291696542263194,-3.0
9744,FREDERICK WILDMAN & SONS,13432,2024-12-09,2024-12-17,8.0,13594.67,8-15 days,0,10.0,9.932707919898972,2.1291696542263194,-2.0
9744,FREDERICK WILDMAN & SONS,13474,2024-12-12,2024-12-24,12.0,14242.34,8-15 days,0,10.0,9.932707919898972,2.1291696542263194,2.0
9744,FREDERICK WILDMAN & SONS,13610,2024-12-21,2024-12-31,10.0,22504.69,8-15 days,0,10.0,9.932707919898972,2.1291696542263194,0.0
9751,VINEDREA WINES LLC,8204,2023-12-25,2024-01-01,7.0,136.32,0-7 days,0,10.0,9.932707919898972,2.1291696542263194,-3.0
9751,VINEDREA WINES LLC,8266,2023-12-30,2024-01-05,6.0,272.64,0-7 days,0,10.0,9.932707919898972,2.1291696542263194,-4.0
9751,VINEDREA WINES LLC,8321,2024-01-03,2024-01-14,11.0,272.64,8-15 days,0,10.0,9.932707919898972,2.1291696542263194,1.0
9751,VINEDREA WINES LLC,8454,2024-01-12,2024-01-22,10.0,136.32,8-15 days,0,10.0,9.932707919898972,2.1291696542263194,0.0
9751,VINEDREA WINES LLC,8514,2024-01-17,2024-01-29,12.0,499.84,8-15 days,0,10.0,9.932707919898972,2.1291696542263194,2.0
9751,VINEDREA WINES LLC,8649,2024-01-26,2024-02-05,10.0,136.32,8-15 days,0,10.0,9.932707919898972,2.1291696542263194,0.0
9751,VINEDREA WINES LLC,8758,2024-02-02,2024-02-11,9.0,249.92,8-15 days,0,10.0,9.932707919898972,2.1291696542263194,-1.0
9751,VINEDREA WINES LLC,8889,2024-02-11,2024-02-19,8.0,136.32,8-15 days,0,10.0,9.932707919898972,2.1291696542263194,-2.0
9751,VINEDREA WINES LLC,9011,2024-02-19,2024-02-27,8.0,272.64,8-15 days,0,10.0,9.932707919898972,2.1291696542263194,-2.0
9751,VINEDREA WINES LLC,9094,2024-02-25,2024-03-02,6.0,272.64,0-7 days,0,10.0,9.932707919898972,2.1291696542263194,-4.0
9751,VINEDREA WINES LLC,9128,2024-02-28,2024-03-11,12.0,295.36,8-15 days,0,10.0,9.932707919898972,2.1291696542263194,2.0
9751,VINEDREA WINES LLC,9274,2024-03-09,2024-03-18,9.0,22.72,8-15 days,0,10.0,9.932707919898972,2.1291696542263194,-1.0
9751,VINEDREA WINES LLC,9384,2024-03-17,2024-03-23,6.0,136.32,0-7 days,0,10.0,9.932707919898972,2.1291696542263194,-4.0
9751,VINEDREA WINES LLC,9431,2024-03-20,2024-03-30,10.0,408.96,8-15 days,0,10.0,9.932707919898972,2.1291696542263194,0.0
9751,VINEDREA WINES LLC,9899,2024-04-21,2024-04-30,9.0,136.32,8-15 days,0,10.0,9.932707919898972,2.1291696542263194,-1.0
9751,VINEDREA WINES LLC,10461,2024-05-30,2024-06-08,9.0,272.64,8-15 days,0,10.0,9.932707919898972,2.1291696542263194,-1.0
9751,VINEDREA WINES LLC,10774,2024-06-21,2024-06-30,9.0,22.72,8-15 days,0,10.0,9.932707919898972,2.1291696542263194,-1.0
9751,VINEDREA WINES LLC,10948,2024-06-27,2024-07-09,12.0,90.88,8-15 days,0,10.0,9.932707919898972,2.1291696542263194,2.0
9751,VINEDREA WINES LLC,11561,2024-08-08,2024-08-17,9.0,795.2,8-15 days,0,10.0,9.932707919898972,2.1291696542263194,-1.0
9751,VINEDREA WINES LLC,11769,2024-08-22,2024-08-31,9.0,90.88,8-15 days,0,10.0,9.932707919898972,2.1291696542263194,-1.0
9815,WINE GROUP INC,8190,2023-12-24,2024-01-03,10.0,21330.38,8-15 days,0,10.0,9.932707919898972,2.1291696542263194,0.0
9815,WINE GROUP INC,8285,2023-12-31,2024-01-09,9.0,101701.15,8-15 days,0,10.0,9.932707919898972,2.1291696542263194,-1.0
9815,WINE GROUP INC,8401,2024-01-08,2024-01-15,7.0,80656.07,0-7 days,0,10.0,9.932707919898972,2.1291696542263194,-3.0
9815,WINE GROUP INC,8455,2024-01-12,2024-01-24,12.0,78707.63,8-15 days,0,10.0,9.932707919898972,2.1291696542263194,2.0
9815,WINE GROUP INC,8602,2024-01-22,2024-01-31,9.0,118717.18,8-15 days,0,10.0,9.932707919898972,2.1291696542263194,-1.0
9815,WINE GROUP INC,8651,2024-01-26,2024-02-06,11.0,100778.73,8-15 days,0,10.0,9.932707919898972,2.1291696542263194,1.0
9815,WINE GROUP INC,8718,2024-01-31,2024-02-13,13.0,76385.9,8-15 days,0,10.0,9.932707919898972,2.1291696542263194,3.0
9815,WINE GROUP INC,8876,2024-02-10,2024-02-21,11.0,78956.49,8-15 days,0,10.0,9.932707919898972,2.1291696542263194,1.0
9815,WINE GROUP INC,8943,2024-02-15,2024-02-27,12.0,97326.86,8-15 days,0,10.0,9.932707919898972,2.1291696542263194,2.0
9815,WINE GROUP INC,9045,2024-02-22,2024-03-05,12.0,94686.98,8-15 days,0,10.0,9.932707919898972,2.1291696542263194,2.0
9815,WINE GROUP INC,9150,2024-02-29,2024-03-12,12.0,88478.31,8-15 days,0,10.0,9.932707919898972,2.1291696542263194,2.0
9815,WINE GROUP INC,9277,2024-03-09,2024-03-19,10.0,78626.74,8-15 days,0,10.0,9.932707919898972,2.1291696542263194,0.0
9815,WINE GROUP INC,9347,2024-03-14,2024-03-26,12.0,79751.99,8-15 days,0,10.0,9.932707919898972,2.1291696542263194,2.0
9815,WINE GROUP INC,9503,2024-03-24,2024-04-03,10.0,79960.01,8-15 days,0,10.0,9.932707919898972,2.1291696542263194,0.0
9815,WINE GROUP INC,9599,2024-03-31,2024-04-09,9.0,75226.93,8-15 days,0,10.0,9.932707919898972,2.1291696542263194,-1.0
9815,WINE GROUP INC,9670,2024-04-05,2024-04-15,10.0,68825.97,8-15 days,0,10.0,9.932707919898972,2.1291696542263194,0.0
9815,WINE GROUP INC,9761,2024-04-12,2024-04-24,12.0,76212.76,8-15 days,0,10.0,9.932707919898972,2.1291696542263194,2.0
9815,WINE GROUP INC,9846,2024-04-18,2024-05-01,13.0,127484.16,8-15 days,0,10.0,9.932707919898972,2.1291696542263194,3.0
9815,WINE GROUP INC,9983,2024-04-27,2024-05-07,10.0,113221.79,8-15 days,0,10.0,9.932707919898972,2.1291696542263194,0.0
9815,WINE GROUP INC,10064,2024-05-03,2024-05-14,11.0,81192.32,8-15 days,0,10.0,9.932707919898972,2.1291696542263194,1.0
9815,WINE GROUP INC,10221,2024-05-13,2024-05-21,8.0,86976.61,8-15 days,0,10.0,9.932707919898972,2.1291696542263194,-2.0
9815,WINE GROUP INC,10256,2024-05-16,2024-05-29,13.0,114719.7,8-15 days,0,10.0,9.932707919898972,2.1291696542263194,3.0
9815,WINE GROUP INC,10376,2024-05-24,2024-06-05,12.0,109241.2,8-15 days,0,10.0,9.932707919898972,2.1291696542263194,2.0
9815,WINE GROUP INC,10532,2024-06-03,2024-06-12,9.0,111335.15,8-15 days,0,10.0,9.932707919898972,2.1291696542263194,-1.0
9815,WINE GROUP INC,10577,2024-06-07,2024-06-19,12.0,99078.33,8-15 days,0,10.0,9.932707919898972,2.1291696542263194,2.0
9815,WINE GROUP INC,10694,2024-06-15,2024-06-26,11.0,101026.7,8-15 days,0,10.0,9.932707919898972,2.1291696542263194,1.0
9815,WINE GROUP INC,10763,2024-06-20,2024-06-30,10.0,88551.68,8-15 days,0,10.0,9.932707919898972,2.1291696542263194,0.0
9815,WINE GROUP INC,10918,2024-06-25,2024-07-03,8.0,26421.03,8-15 days,0,10.0,9.932707919898972,2.1291696542263194,-2.0
9815,WINE GROUP INC,10950,2024-06-27,2024-07-10,13.0,129304.48,8-15 days,0,10.0,9.932707919898972,2.1291696542263194,3.0
9815,WINE GROUP INC,11065,2024-07-04,2024-07-17,13.0,93843.14,8-15 days,0,10.0,9.932707919898972,2.1291696542263194,3.0
9815,WINE GROUP INC,11138,2024-07-10,2024-07-24,14.0,96522.11,8-15 days,0,10.0,9.932707919898972,2.1291696542263194,4.0
9815,WINE GROUP INC,11243,2024-07-17,2024-07-30,13.0,120703.03,8-15 days,0,10.0,9.932707919898972,2.1291696542263194,3.0
9815,WINE GROUP INC,11339,2024-07-24,2024-08-07,14.0,99995.96,8-15 days,0,10.0,9.932707919898972,2.1291696542263194,4.0
9815,WINE GROUP INC,11474,2024-08-02,2024-08-14,12.0,99048.18,8-15 days,0,10.0,9.932707919898972,2.1291696542263194,2.0
9815,WINE GROUP INC,11605,2024-08-10,2024-08-21,11.0,117300.12,8-15 days,0,10.0,9.932707919898972,2.1291696542263194,1.0
9815,WINE GROUP INC,11728,2024-08-19,2024-08-28,9.0,93623.34,8-15 days,0,10.0,9.932707919898972,2.1291696542263194,-1.0
9815,WINE GROUP INC,11833,2024-08-26,2024-09-03,8.0,149023.59,8-15 days,0,10.0,9.932707919898972,2.1291696542263194,-2.0
9815,WINE GROUP INC,11936,2024-09-02,2024-09-11,9.0,121965.1,8-15 days,0,10.0,9.932707919898972,2.1291696542263194,-1.0
9815,WINE GROUP INC,12012,2024-09-07,2024-09-17,10.0,98200.34,8-15 days,0,10.0,9.932707919898972,2.1291696542263194,0.0
9815,WINE GROUP INC,12124,2024-09-15,2024-09-25,10.0,93177.32,8-15 days,0,10.0,9.932707919898972,2.1291696542263194,0.0
9815,WINE GROUP INC,12234,2024-09-22,2024-09-30,8.0,98661.21,8-15 days,0,10.0,9.932707919898972,2.1291696542263194,-2.0
9815,WINE GROUP INC,12309,2024-09-23,2024-10-02,9.0,1371.75,8-15 days,0,10.0,9.932707919898972,2.1291696542263194,-1.0
9815,WINE GROUP INC,12391,2024-09-29,2024-10-09,10.0,89941.85,8-15 days,0,10.0,9.932707919898972,2.1291696542263194,0.0
9815,WINE GROUP INC,12440,2024-10-02,2024-10-16,14.0,100435.23,8-15 days,0,10.0,9.932707919898972,2.1291696542263194,4.0
9815,WINE GROUP INC,12551,2024-10-10,2024-10-23,13.0,95493.84,8-15 days,0,10.0,9.932707919898972,2.1291696542263194,3.0
9815,WINE GROUP INC,12670,2024-10-18,2024-10-30,12.0,111775.17,8-15 days,0,10.0,9.932707919898972,2.1291696542263194,2.0
9815,WINE GROUP INC,12773,2024-10-25,2024-11-06,12.0,102612.9,8-15 days,0,10.0,9.932707919898972,2.1291696542263194,2.0
9815,WINE GROUP INC,12906,2024-11-03,2024-11-12,9.0,101293.66,8-15 days,0,10.0,9.932707919898972,2.1291696542263194,-1.0
9815,WINE GROUP INC,12987,2024-11-08,2024-11-19,11.0,104567.33,8-15 days,0,10.0,9.932707919898972,2.1291696542263194,1.0
9815,WINE GROUP INC,13132,2024-11-18,2024-11-27,9.0,94940.0,8-15 days,0,10.0,9.932707919898972,2.1291696542263194,-1.0
9815,WINE GROUP INC,13160,2024-11-21,2024-12-03,12.0,121407.45,8-15 days,0,10.0,9.932707919898972,2.1291696542263194,2.0
9815,WINE GROUP INC,13267,2024-11-28,2024-12-11,13.0,106340.09,8-15 days,0,10.0,9.932707919898972,2.1291696542263194,3.0
9815,WINE GROUP INC,13353,2024-12-04,2024-12-18,14.0,108764.87,8-15 days,0,10.0,9.932707919898972,2.1291696542263194,4.0
9815,WINE GROUP INC,13526,2024-12-14,2024-12-24,10.0,103738.42,8-15 days,0,10.0,9.932707919898972,2.1291696542263194,0.0
9815,WINE GROUP INC,13661,2024-12-23,2024-12-31,8.0,149007.56,8-15 days,0,10.0,9.932707919898972,2.1291696542263194,-2.0
9819,TREASURY WINE ESTATES,8147,2023-12-22,2024-01-03,12.0,7808.74,8-15 days,0,10.0,9.932707919898972,2.1291696542263194,2.0
9819,TREASURY WINE ESTATES,8282,2023-12-31,2024-01-09,9.0,40265.24,8-15 days,0,10.0,9.932707919898972,2.1291696542263194,-1.0
9819,TREASURY WINE ESTATES,8355,2024-01-05,2024-01-17,12.0,36291.13,8-15 days,0,10.0,9.932707919898972,2.1291696542263194,2.0
9819,TREASURY WINE ESTATES,8453,2024-01-12,2024-01-23,11.0,32420.84,8-15 days,0,10.0,9.932707919898972,2.1291696542263194,1.0
9819,TREASURY WINE ESTATES,8600,2024-01-22,2024-01-31,9.0,91556.42,8-15 days,0,10.0,9.932707919898972,2.1291696542263194,-1.0
9819,TREASURY WINE ESTATES,8647,2024-01-26,2024-02-06,11.0,48241.17,8-15 days,0,10.0,9.932707919898972,2.1291696542263194,1.0
9819,TREASURY WINE ESTATES,8757,2024-02-02,2024-02-14,12.0,45925.35,8-15 days,0,10.0,9.932707919898972,2.1291696542263194,2.0
9819,TREASURY WINE ESTATES,8888,2024-02-11,2024-02-21,10.0,40254.85,8-15 days,0,10.0,9.932707919898972,2.1291696542263194,0.0
9819,TREASURY WINE ESTATES,9009,2024-02-19,2024-02-27,8.0,47024.06,8-15 days,0,10.0,9.932707919898972,2.1291696542263194,-2.0
9819,TREASURY WINE ESTATES,9041,2024-02-22,2024-03-05,12.0,30213.67,8-15 days,0,10.0,9.932707919898972,2.1291696542263194,2.0
9819,TREASURY WINE ESTATES,9209,2024-03-04,2024-03-13,9.0,53093.04,8-15 days,0,10.0,9.932707919898972,2.1291696542263194,-1.0
9819,TREASURY WINE ESTATES,9227,2024-03-06,2024-03-19,13.0,37825.11,8-15 days,0,10.0,9.932707919898972,2.1291696542263194,3.0
9819,TREASURY WINE ESTATES,9369,2024-03-16,2024-03-26,10.0,32794.21,8-15 days,0,10.0,9.932707919898972,2.1291696542263194,0.0
9819,TREASURY WINE ESTATES,9516,2024-03-25,2024-04-03,9.0,71790.82,8-15 days,0,10.0,9.932707919898972,2.1291696542263194,-1.0
9819,TREASURY WINE ESTATES,9579,2024-03-30,2024-04-08,9.0,40264.95,8-15 days,0,10.0,9.932707919898972,2.1291696542263194,-1.0
9819,TREASURY WINE ESTATES,9653,2024-04-04,2024-04-15,11.0,39358.67,8-15 days,0,10.0,9.932707919898972,2.1291696542263194,1.0
9819,TREASURY WINE ESTATES,9746,2024-04-11,2024-04-24,13.0,38545.07,8-15 days,0,10.0,9.932707919898972,2.1291696542263194,3.0
9819,TREASURY WINE ESTATES,9915,2024-04-22,2024-05-01,9.0,68134.04,8-15 days,0,10.0,9.932707919898972,2.1291696542263194,-1.0
9819,TREASURY WINE ESTATES,9928,2024-04-24,2024-05-07,13.0,62028.82,8-15 days,0,10.0,9.932707919898972,2.1291696542263194,3.0
9819,TREASURY WINE ESTATES,10078,2024-05-04,2024-05-15,11.0,43551.11,8-15 days,0,10.0,9.932707919898972,2.1291696542263194,1.0
9819,TREASURY WINE ESTATES,10144,2024-05-09,2024-05-22,13.0,42505.33,8-15 days,0,10.0,9.932707919898972,2.1291696542263194,3.0
9819,TREASURY WINE ESTATES,10308,2024-05-19,2024-05-29,10.0,112325.16,8-15 days,0,10.0,9.932707919898972,2.1291696542263194,0.0
9819,TREASURY WINE ESTATES,10408,2024-05-26,2024-06-05,10.0,61506.82,8-15 days,0,10.0,9.932707919898972,2.1291696542263194,0.0
9819,TREASURY WINE ESTATES,10474,2024-05-31,2024-06-12,12.0,67109.67,8-15 days,0,10.0,9.932707919898972,2.1291696542263194,2.0
9819,TREASURY WINE ESTATES,10611,2024-06-09,2024-06-19,10.0,60973.59,8-15 days,0,10.0,9.932707919898972,2.1291696542263194,0.0
9819,TREASURY WINE ESTATES,10678,2024-06-14,2024-06-26,12.0,71033.85,8-15 days,0,10.0,9.932707919898972,2.1291696542263194,2.0
9819,TREASURY WINE ESTATES,10828,2024-06-24,2024-06-30,6.0,56479.66,0-7 days,0,10.0,9.932707919898972,2.1291696542263194,-4.0
9819,TREASURY WINE ESTATES,10909,2024-06-25,2024-07-03,8.0,15312.01,8-15 days,0,10.0,9.932707919898972,2.1291696542263194,-2.0
9819,TREASURY WINE ESTATES,10932,2024-06-26,2024-07-09,13.0,92580.15,8-15 days,0,10.0,9.932707919898972,2.1291696542263194,3.0
9819,TREASURY WINE ESTATES,11118,2024-07-08,2024-07-17,9.0,51622.89,8-15 days,0,10.0,9.932707919898972,2.1291696542263194,-1.0
9819,TREASURY WINE ESTATES,11183,2024-07-13,2024-07-24,11.0,58177.57,8-15 days,0,10.0,9.932707919898972,2.1291696542263194,1.0
9819,TREASURY WINE ESTATES,11295,2024-07-20,2024-07-31,11.0,93562.17,8-15 days,0,10.0,9.932707919898972,2.1291696542263194,1.0
9819,TREASURY WINE ESTATES,11376,2024-07-26,2024-08-07,12.0,57167.03,8-15 days,0,10.0,9.932707919898972,2.1291696542263194,2.0
9819,TREASURY WINE ESTATES,11455,2024-08-01,2024-08-14,13.0,48878.03,8-15 days,0,10.0,9.932707919898972,2.1291696542263194,3.0
9819,TREASURY WINE ESTATES,11619,2024-08-11,2024-08-21,10.0,75848.2,8-15 days,0,10.0,9.932707919898972,2.1291696542263194,0.0
9819,TREASURY WINE ESTATES,11648,2024-08-14,2024-08-27,13.0,51831.09,8-15 days,0,10.0,9.932707919898972,2.1291696542263194,3.0
9819,TREASURY WINE ESTATES,11830,2024-08-26,2024-09-04,9.0,125137.34,8-15 days,0,10.0,9.932707919898972,2.1291696542263194,-1.0
9819,TREASURY WINE ESTATES,11897,2024-08-31,2024-09-11,11.0,68821.14,8-15 days,0,10.0,9.932707919898972,2.1291696542263194,1.0
9819,TREASURY WINE ESTATES,11987,2024-09-06,2024-09-18,12.0,44443.01,8-15 days,0,10.0,9.932707919898972,2.1291696542263194,2.0
9819,TREASURY WINE ESTATES,12141,2024-09-16,2024-09-23,7.0,44227.55,0-7 days,0,10.0,9.932707919898972,2.1291696542263194,-3.0
9819,TREASURY WINE ESTATES,12231,2024-09-22,2024-09-30,8.0,64648.58,8-15 days,0,10.0,9.932707919898972,2.1291696542263194,-2.0
9819,TREASURY WINE ESTATES,12301,2024-09-23,2024-10-02,9.0,5097.48,8-15 days,0,10.0,9.932707919898972,2.1291696542263194,-1.0
9819,TREASURY WINE ESTATES,12389,2024-09-29,2024-10-09,10.0,46335.33,8-15 days,0,10.0,9.932707919898972,2.1291696542263194,0.0
9819,TREASURY WINE ESTATES,12436,2024-10-02,2024-10-16,14.0,36392.14,8-15 days,0,10.0,9.932707919898972,2.1291696542263194,4.0
9819,TREASURY WINE ESTATES,12596,2024-10-13,2024-10-23,10.0,36575.9,8-15 days,0,10.0,9.932707919898972,2.1291696542263194,0.0
9819,TREASURY WINE ESTATES,12688,2024-10-19,2024-10-30,11.0,43214.11,8-15 days,0,10.0,9.932707919898972,2.1291696542263194,1.0
9819,TREASURY WINE ESTATES,12800,2024-10-27,2024-11-06,10.0,35859.49,8-15 days,0,10.0,9.932707919898972,2.1291696542263194,0.0
9819,TREASURY WINE ESTATES,12854,2024-10-31,2024-11-12,12.0,40792.66,8-15 days,0,10.0,9.932707919898972,2.1291696542263194,2.0
9819,TREASURY WINE ESTATES,12946,2024-11-06,2024-11-20,14.0,48078.51,8-15 days,0,10.0,9.932707919898972,2.1291696542263194,4.0
9819,TREASURY WINE ESTATES,13099,2024-11-16,2024-11-27,11.0,49397.53,8-15 days,0,10.0,9.932707919898972,2.1291696542263194,1.0
9819,TREASURY WINE ESTATES,13236,2024-11-25,2024-12-03,8.0,105099.38,8-15 days,0,10.0,9.932707919898972,2.1291696542263194,-2.0
9819,TREASURY WINE ESTATES,13332,2024-12-02,2024-12-11,9.0,48997.5,8-15 days,0,10.0,9.932707919898972,2.1291696542263194,-1.0
9819,TREASURY WINE ESTATES,13349,2024-12-04,2024-12-17,13.0,60242.58,8-15 days,0,10.0,9.932707919898972,2.1291696542263194,3.0
9819,TREASURY WINE ESTATES,13524,2024-12-14,2024-12-24,10.0,76311.09,8-15 days,0,10.0,9.932707919898972,2.1291696542263194,0.0
9819,TREASURY WINE ESTATES,13623,2024-12-21,2024-12-31,10.0,74714.55,8-15 days,0,10.0,9.932707919898972,2.1291696542263194,0.0
10000,MAJESTIC FINE WINES,8128,2023-12-21,2024-01-02,12.0,7234.88,8-15 days,0,10.0,9.932707919898972,2.1291696542263194,2.0
10000,MAJESTIC FINE WINES,8242,2023-12-29,2024-01-09,11.0,30967.52,8-15 days,0,10.0,9.932707919898972,2.1291696542263194,1.0
10000,MAJESTIC FINE WINES,8346,2024-01-05,2024-01-16,11.0,13633.72,8-15 days,0,10.0,9.932707919898972,2.1291696542263194,1.0
10000,MAJESTIC FINE WINES,8406,2024-01-10,2024-01-22,12.0,14255.2,8-15 days,0,10.0,9.932707919898972,2.1291696542263194,2.0
10000,MAJESTIC FINE WINES,8579,2024-01-21,2024-01-30,9.0,31967.72,8-15 days,0,10.0,9.932707919898972,2.1291696542263194,-1.0
10000,MAJESTIC FINE WINES,8660,2024-01-27,2024-02-06,10.0,32707.18,8-15 days,0,10.0,9.932707919898972,2.1291696542263194,0.0
10000,MAJESTIC FINE WINES,8765,2024-02-03,2024-02-13,10.0,25849.39,8-15 days,0,10.0,9.932707919898972,2.1291696542263194,0.0
10000,MAJESTIC FINE WINES,8813,2024-02-07,2024-02-21,14.0,25634.49,8-15 days,0,10.0,9.932707919898972,2.1291696542263194,4.0
10000,MAJESTIC FINE WINES,8930,2024-02-15,2024-02-27,12.0,82976.16,8-15 days,0,10.0,9.932707919898972,2.1291696542263194,2.0
10000,MAJESTIC FINE WINES,9070,2024-02-24,2024-03-05,10.0,36458.68,8-15 days,0,10.0,9.932707919898972,2.1291696542263194,0.0
10000,MAJESTIC FINE WINES,9120,2024-02-28,2024-03-12,13.0,40919.79,8-15 days,0,10.0,9.932707919898972,2.1291696542263194,3.0
10000,MAJESTIC FINE WINES,9288,2024-03-10,2024-03-20,10.0,31783.84,8-15 days,0,10.0,9.932707919898972,2.1291696542263194,0.0
10000,MAJESTIC FINE WINES,9399,2024-03-18,2024-03-26,8.0,33682.3,8-15 days,0,10.0,9.932707919898972,2.1291696542263194,-2.0
10000,MAJESTIC FINE WINES,9508,2024-03-25,2024-04-03,9.0,169430.87,8-15 days,0,10.0,9.932707919898972,2.1291696542263194,-1.0
10000,MAJESTIC FINE WINES,9589,2024-03-31,2024-04-10,10.0,53224.62,8-15 days,0,10.0,9.932707919898972,2.1291696542263194,0.0
10000,MAJESTIC FINE WINES,9710,2024-04-08,2024-04-15,7.0,46757.49,0-7 days,0,10.0,9.932707919898972,2.1291696542263194,-3.0
10000,MAJESTIC FINE WINES,9776,2024-04-13,2024-04-24,11.0,54374.47,8-15 days,0,10.0,9.932707919898972,2.1291696542263194,1.0
10000,MAJESTIC FINE WINES,9837,2024-04-18,2024-05-01,13.0,76393.92,8-15 days,0,10.0,9.932707919898972,2.1291696542263194,3.0
10000,MAJESTIC FINE WINES,10009,2024-04-29,2024-05-06,7.0,80163.39,0-7 days,0,10.0,9.932707919898972,2.1291696542263194,-3.0
10000,MAJESTIC FINE WINES,10058,2024-05-03,2024-05-13,10.0,41451.2,8-15 days,0,10.0,9.932707919898972,2.1291696542263194,0.0
10000,MAJESTIC FINE WINES,10177,2024-05-11,2024-05-20,9.0,45757.69,8-15 days,0,10.0,9.932707919898972,2.1291696542263194,-1.0
10000,MAJESTIC FINE WINES,10299,2024-05-19,2024-05-29,10.0,74114.0,8-15 days,0,10.0,9.932707919898972,2.1291696542263194,0.0
10000,MAJESTIC FINE WINES,10399,2024-05-26,2024-06-05,10.0,80735.78,8-15 days,0,10.0,9.932707919898972,2.1291696542263194,0.0
10000,MAJESTIC FINE WINES,10452,2024-05-30,2024-06-12,13.0,85954.77,8-15 days,0,10.0,9.932707919898972,2.1291696542263194,3.0
10000,MAJESTIC FINE WINES,10621,2024-06-10,2024-06-18,8.0,70476.22,8-15 days,0,10.0,9.932707919898972,2.1291696542263194,-2.0
10000,MAJESTIC FINE WINES,10718,2024-06-17,2024-06-26,9.0,75959.38,8-15 days,0,10.0,9.932707919898972,2.1291696542263194,-1.0
10000,MAJESTIC FINE WINES,10787,2024-06-22,2024-06-30,8.0,79793.71,8-15 days,0,10.0,9.932707919898972,2.1291696542263194,-2.0
10000,MAJESTIC FINE WINES,10872,2024-06-25,2024-07-03,8.0,31974.56,8-15 days,0,10.0,9.932707919898972,2.1291696542263194,-2.0
10000,MAJESTIC FINE WINES,10940,2024-06-27,2024-07-09,12.0,139567.55,8-15 days,0,10.0,9.932707919898972,2.1291696542263194,2.0
10000,MAJESTIC FINE WINES,11052,2024-07-04,2024-07-16,12.0,73808.21,8-15 days,0,10.0,9.932707919898972,2.1291696542263194,2.0
10000,MAJESTIC FINE WINES,11165,2024-07-12,2024-07-23,11.0,77389.32,8-15 days,0,10.0,9.932707919898972,2.1291696542263194,1.0
10000,MAJESTIC FINE WINES,11231,2024-07-17,2024-07-30,13.0,95378.52,8-15 days,0,10.0,9.932707919898972,2.1291696542263194,3.0
10000,MAJESTIC FINE WINES,11417,2024-07-29,2024-08-07,9.0,78944.21,8-15 days,0,10.0,9.932707919898972,2.1291696542263194,-1.0
10000,MAJESTIC FINE WINES,11434,2024-07-31,2024-08-14,14.0,62801.96,8-15 days,0,10.0,9.932707919898972,2.1291696542263194,4.0
10000,MAJESTIC FINE WINES,11574,2024-08-09,2024-08-21,12.0,81877.22,8-15 days,0,10.0,9.932707919898972,2.1291696542263194,2.0
10000,MAJESTIC FINE WINES,11674,2024-08-16,2024-08-27,11.0,56944.29,8-15 days,0,10.0,9.932707919898972,2.1291696542263194,1.0
10000,MAJESTIC FINE WINES,11822,2024-08-26,2024-09-04,9.0,91386.48,8-15 days,0,10.0,9.932707919898972,2.1291696542263194,-1.0
10000,MAJESTIC FINE WINES,11887,2024-08-31,2024-09-11,11.0,55437.2,8-15 days,0,10.0,9.932707919898972,2.1291696542263194,1.0
10000,MAJESTIC FINE WINES,12018,2024-09-08,2024-09-17,9.0,36964.62,8-15 days,0,10.0,9.932707919898972,2.1291696542263194,-1.0
10000,MAJESTIC FINE WINES,12135,2024-09-16,2024-09-25,9.0,47654.82,8-15 days,0,10.0,9.932707919898972,2.1291696542263194,-1.0
10000,MAJESTIC FINE WINES,12199,2024-09-21,2024-09-30,9.0,108681.23,8-15 days,0,10.0,9.932707919898972,2.1291696542263194,-1.0
10000,MAJESTIC FINE WINES,12277,2024-09-23,2024-10-02,9.0,6050.76,8-15 days,0,10.0,9.932707919898972,2.1291696542263194,-1.0
10000,MAJESTIC FINE WINES,12372,2024-09-28,2024-10-08,10.0,78854.75,8-15 days,0,10.0,9.932707919898972,2.1291696542263194,0.0
10000,MAJESTIC FINE WINES,12459,2024-10-04,2024-10-15,11.0,62424.0,8-15 days,0,10.0,9.932707919898972,2.1291696542263194,1.0
10000,MAJESTIC FINE WINES,12590,2024-10-13,2024-10-22,9.0,67190.94,8-15 days,0,10.0,9.932707919898972,2.1291696542263194,-1.0
10000,MAJESTIC FINE WINES,12678,2024-10-19,2024-10-30,11.0,93110.22,8-15 days,0,10.0,9.932707919898972,2.1291696542263194,1.0
10000,MAJESTIC FINE WINES,12794,2024-10-27,2024-11-05,9.0,65805.14,8-15 days,0,10.0,9.932707919898972,2.1291696542263194,-1.0
10000,MAJESTIC FINE WINES,12865,2024-11-01,2024-11-13,12.0,84126.27,8-15 days,0,10.0,9.932707919898972,2.1291696542263194,2.0
10000,MAJESTIC FINE WINES,12980,2024-11-08,2024-11-19,11.0,78909.14,8-15 days,0,10.0,9.932707919898972,2.1291696542263194,1.0
10000,MAJESTIC FINE WINES,13090,2024-11-16,2024-11-27,11.0,68208.91,8-15 days,0,10.0,9.932707919898972,2.1291696542263194,1.0
10000,MAJESTIC FINE WINES,13191,2024-11-23,2024-12-03,10.0,129511.53,8-15 days,0,10.0,9.932707919898972,2.1291696542263194,0.0
10000,MAJESTIC FINE WINES,13294,2024-11-30,2024-12-11,11.0,73835.16,8-15 days,0,10.0,9.932707919898972,2.1291696542263194,1.0
10000,MAJESTIC FINE WINES,13436,2024-12-09,2024-12-17,8.0,81052.09,8-15 days,0,10.0,9.932707919898972,2.1291696542263194,-2.0
10000,MAJESTIC FINE WINES,13453,2024-12-11,2024-12-24,13.0,70859.8,8-15 days,0,10.0,9.932707919898972,2.1291696542263194,3.0
10000,MAJESTIC FINE WINES,13600,2024-12-20,2024-12-31,11.0,65261.35,8-15 days,0,10.0,9.932707919898972,2.1291696542263194,1.0
10050,Russian Standard Vodka,8118,2023-12-20,2024-01-02,13.0,621.36,8-15 days,0,10.0,9.932707919898972,2.1291696542263194,3.0
10050,Russian Standard Vodka,8300,2024-01-01,2024-01-08,7.0,1883.15,0-7 days,0,10.0,9.932707919898972,2.1291696542263194,-3.0
10050,Russian Standard Vodka,8509,2024-01-17,2024-01-29,12.0,542.1,8-15 days,0,10.0,9.932707919898972,2.1291696542263194,2.0
10050,Russian Standard Vodka,8644,2024-01-26,2024-02-03,8.0,29.84,8-15 days,0,10.0,9.932707919898972,2.1291696542263194,-2.0
10050,Russian Standard Vodka,8731,2024-02-01,2024-02-12,11.0,4725.24,8-15 days,0,10.0,9.932707919898972,2.1291696542263194,1.0
10050,Russian Standard Vodka,8819,2024-02-07,2024-02-19,12.0,1866.66,8-15 days,0,10.0,9.932707919898972,2.1291696542263194,2.0
10050,Russian Standard Vodka,8936,2024-02-15,2024-02-26,11.0,1644.95,8-15 days,0,10.0,9.932707919898972,2.1291696542263194,1.0
10050,Russian Standard Vodka,9076,2024-02-24,2024-03-03,8.0,1026.55,8-15 days,0,10.0,9.932707919898972,2.1291696542263194,-2.0
10050,Russian Standard Vodka,9189,2024-03-03,2024-03-11,8.0,1760.53,8-15 days,0,10.0,9.932707919898972,2.1291696542263194,-2.0
10050,Russian Standard Vodka,9222,2024-03-06,2024-03-18,12.0,2315.03,8-15 days,0,10.0,9.932707919898972,2.1291696542263194,2.0
10050,Russian Standard Vodka,9406,2024-03-18,2024-03-23,5.0,322.56,0-7 days,0,10.0,9.932707919898972,2.1291696542263194,-5.0
10050,Russian Standard Vodka,9484,2024-03-23,2024-04-01,9.0,799.24,8-15 days,0,10.0,9.932707919898972,2.1291696542263194,-1.0
10050,Russian Standard Vodka,9542,2024-03-28,2024-04-08,11.0,2463.38,8-15 days,0,10.0,9.932707919898972,2.1291696542263194,1.0
10050,Russian Standard Vodka,9700,2024-04-07,2024-04-15,8.0,883.42,8-15 days,0,10.0,9.932707919898972,2.1291696542263194,-2.0
10050,Russian Standard Vodka,9728,2024-04-10,2024-04-21,11.0,1504.76,8-15 days,0,10.0,9.932707919898972,2.1291696542263194,1.0
10050,Russian Standard Vodka,9845,2024-04-18,2024-04-29,11.0,864.06,8-15 days,0,10.0,9.932707919898972,2.1291696542263194,1.0
10050,Russian Standard Vodka,10015,2024-04-29,2024-05-05,6.0,1675.51,0-7 days,0,10.0,9.932707919898972,2.1291696542263194,-4.0
10050,Russian Standard Vodka,10073,2024-05-04,2024-05-12,8.0,998.7,8-15 days,0,10.0,9.932707919898972,2.1291696542263194,-2.0
10050,Russian Standard Vodka,10195,2024-05-12,2024-05-20,8.0,744.48,8-15 days,0,10.0,9.932707919898972,2.1291696542263194,-2.0
10050,Russian Standard Vodka,10317,2024-05-20,2024-05-28,8.0,1615.64,8-15 days,0,10.0,9.932707919898972,2.1291696542263194,-2.0
10050,Russian Standard Vodka,10354,2024-05-23,2024-06-04,12.0,1456.38,8-15 days,0,10.0,9.932707919898972,2.1291696542263194,2.0
10050,Russian Standard Vodka,10490,2024-06-01,2024-06-10,9.0,1391.7,8-15 days,0,10.0,9.932707919898972,2.1291696542263194,-1.0
10050,Russian Standard Vodka,10595,2024-06-08,2024-06-19,11.0,1396.0,8-15 days,0,10.0,9.932707919898972,2.1291696542263194,1.0
10050,Russian Standard Vodka,10726,2024-06-17,2024-06-26,9.0,2236.64,8-15 days,0,10.0,9.932707919898972,2.1291696542263194,-1.0
10050,Russian Standard Vodka,10805,2024-06-23,2024-06-30,7.0,1264.35,0-7 days,0,10.0,9.932707919898972,2.1291696542263194,-3.0
10050,Russian Standard Vodka,10992,2024-06-30,2024-07-08,8.0,1525.89,8-15 days,0,10.0,9.932707919898972,2.1291696542263194,-2.0
10050,Russian Standard Vodka,11037,2024-07-03,2024-07-16,13.0,1334.56,8-15 days,0,10.0,9.932707919898972,2.1291696542263194,3.0
10050,Russian Standard Vodka,11132,2024-07-10,2024-07-22,12.0,7666.3,8-15 days,0,10.0,9.932707919898972,2.1291696542263194,2.0
10050,Russian Standard Vodka,11274,2024-07-19,2024-07-29,10.0,1747.42,8-15 days,0,10.0,9.932707919898972,2.1291696542263194,0.0
10050,Russian Standard Vodka,11356,2024-07-25,2024-08-05,11.0,2339.94,8-15 days,0,10.0,9.932707919898972,2.1291696542263194,1.0
10050,Russian Standard Vodka,11485,2024-08-03,2024-08-12,9.0,1862.92,8-15 days,0,10.0,9.932707919898972,2.1291696542263194,-1.0
10050,Russian Standard Vodka,11617,2024-08-11,2024-08-21,10.0,2428.9,8-15 days,0,10.0,9.932707919898972,2.1291696542263194,0.0
10050,Russian Standard Vodka,11645,2024-08-14,2024-08-27,13.0,4074.28,8-15 days,0,10.0,9.932707919898972,2.1291696542263194,3.0
10050,Russian Standard Vodka,11785,2024-08-23,2024-09-02,10.0,12055.94,8-15 days,0,10.0,9.932707919898972,2.1291696542263194,0.0
10050,Russian Standard Vodka,11845,2024-08-28,2024-09-08,11.0,1256.34,8-15 days,0,10.0,9.932707919898972,2.1291696542263194,1.0
10050,Russian Standard Vodka,11948,2024-09-04,2024-09-16,12.0,1611.94,8-15 days,0,10.0,9.932707919898972,2.1291696542263194,2.0
10050,Russian Standard Vodka,12117,2024-09-15,2024-09-23,8.0,1406.97,8-15 days,0,10.0,9.932707919898972,2.1291696542263194,-2.0
10050,Russian Standard Vodka,12173,2024-09-19,2024-09-30,11.0,2402.8,8-15 days,0,10.0,9.932707919898972,2.1291696542263194,1.0
10050,Russian Standard Vodka,12407,2024-09-30,2024-10-06,6.0,542.28,0-7 days,0,10.0,9.932707919898972,2.1291696542263194,-4.0
10050,Russian Standard Vodka,12450,2024-10-03,2024-10-14,11.0,2277.3,8-15 days,0,10.0,9.932707919898972,2.1291696542263194,1.0
10050,Russian Standard Vodka,12580,2024-10-12,2024-10-22,10.0,2084.0,8-15 days,0,10.0,9.932707919898972,2.1291696542263194,0.0
10050,Russian Standard Vodka,12645,2024-10-17,2024-10-28,11.0,1103.28,8-15 days,0,10.0,9.932707919898972,2.1291696542263194,1.0
10050,Russian Standard Vodka,12733,2024-10-23,2024-11-03,11.0,733.04,8-15 days,0,10.0,9.932707919898972,2.1291696542263194,1.0
10050,Russian Standard Vodka,12921,2024-11-04,2024-11-11,7.0,960.36,0-7 days,0,10.0,9.932707919898972,2.1291696542263194,-3.0
10050,Russian Standard Vodka,12998,2024-11-09,2024-11-18,9.0,1349.88,8-15 days,0,10.0,9.932707919898972,2.1291696542263194,-1.0
10050,Russian Standard Vodka,13077,2024-11-15,2024-11-25,10.0,1270.98,8-15 days,0,10.0,9.932707919898972,2.1291696542263194,0.0
10050,Russian Standard Vodka,13172,2024-11-22,2024-12-03,11.0,1272.0,8-15 days,0,10.0,9.932707919898972,2.1291696542263194,1.0
10050,Russian Standard Vodka,13262,2024-11-28,2024-12-09,11.0,2451.36,8-15 days,0,10.0,9.932707919898972,2.1291696542263194,1.0
10050,Russian Standard Vodka,13401,2024-12-07,2024-12-17,10.0,40036.48,8-15 days,0,10.0,9.932707919898972,2.1291696542263194,0.0
10050,Russian Standard Vodka,13456,2024-12-11,2024-12-23,12.0,4077.44,8-15 days,0,10.0,9.932707919898972,2.1291696542263194,2.0
10050,Russian Standard Vodka,13635,2024-12-22,2024-12-31,9.0,3002.44,8-15 days,0,10.0,9.932707919898972,2.1291696542263194,-1.0
10754,PERFECTA WINES,8115,2023-12-20,2024-01-03,14.0,20861.33,8-15 days,0,10.0,9.932707919898972,2.1291696542263194,4.0
10754,PERFECTA WINES,8298,2024-01-01,2024-01-10,9.0,164345.2,8-15 days,0,10.0,9.932707919898972,2.1291696542263194,-1.0
10754,PERFECTA WINES,8395,2024-01-08,2024-01-17,9.0,58586.59,8-15 days,0,10.0,9.932707919898972,2.1291696542263194,-1.0
10754,PERFECTA WINES,8408,2024-01-10,2024-01-23,13.0,83238.19,8-15 days,0,10.0,9.932707919898972,2.1291696542263194,3.0
10754,PERFECTA WINES,8594,2024-01-22,2024-01-31,9.0,126698.89,8-15 days,0,10.0,9.932707919898972,2.1291696542263194,-1.0
10754,PERFECTA WINES,8628,2024-01-25,2024-02-06,12.0,78670.16,8-15 days,0,10.0,9.932707919898972,2.1291696542263194,2.0
10754,PERFECTA WINES,8729,2024-02-01,2024-02-13,12.0,114985.16,8-15 days,0,10.0,9.932707919898972,2.1291696542263194,2.0
10754,PERFECTA WINES,8851,2024-02-09,2024-02-21,12.0,60511.39,8-15 days,0,10.0,9.932707919898972,2.1291696542263194,2.0
10754,PERFECTA WINES,8989,2024-02-18,2024-02-27,9.0,104300.09,8-15 days,0,10.0,9.932707919898972,2.1291696542263194,-1.0
10754,PERFECTA WINES,9038,2024-02-22,2024-03-06,13.0,80831.73,8-15 days,0,10.0,9.932707919898972,2.1291696542263194,3.0
10754,PERFECTA WINES,9155,2024-03-01,2024-03-12,11.0,94060.62,8-15 days,0,10.0,9.932707919898972,2.1291696542263194,1.0
10754,PERFECTA WINES,9290,2024-03-10,2024-03-19,9.0,70042.4,8-15 days,0,10.0,9.932707919898972,2.1291696542263194,-1.0
10754,PERFECTA WINES,9401,2024-03-18,2024-03-25,7.0,51255.14,0-7 days,0,10.0,9.932707919898972,2.1291696542263194,-3.0
10754,PERFECTA WINES,9463,2024-03-22,2024-04-03,12.0,140517.77,8-15 days,0,10.0,9.932707919898972,2.1291696542263194,2.0
10754,PERFECTA WINES,9552,2024-03-29,2024-04-08,10.0,82812.69,8-15 days,0,10.0,9.932707919898972,2.1291696542263194,0.0
10754,PERFECTA WINES,9712,2024-04-08,2024-04-17,9.0,88871.84,8-15 days,0,10.0,9.932707919898972,2.1291696542263194,-1.0
10754,PERFECTA WINES,9755,2024-04-12,2024-04-24,12.0,65397.16,8-15 days,0,10.0,9.932707919898972,2.1291696542263194,2.0
10754,PERFECTA WINES,9879,2024-04-20,2024-05-01,11.0,74724.66,8-15 days,0,10.0,9.932707919898972,2.1291696542263194,1.0
10754,PERFECTA WINES,9942,2024-04-25,2024-05-07,12.0,104613.53,8-15 days,0,10.0,9.932707919898972,2.1291696542263194,2.0
10754,PERFECTA WINES,10107,2024-05-06,2024-05-15,9.0,82530.59,8-15 days,0,10.0,9.932707919898972,2.1291696542263194,-1.0
10754,PERFECTA WINES,10138,2024-05-09,2024-05-22,13.0,88770.38,8-15 days,0,10.0,9.932707919898972,2.1291696542263194,3.0
10754,PERFECTA WINES,10232,2024-05-15,2024-05-29,14.0,99923.79,8-15 days,0,10.0,9.932707919898972,2.1291696542263194,4.0
10754,PERFECTA WINES,10422,2024-05-27,2024-06-05,9.0,64476.98,8-15 days,0,10.0,9.932707919898972,2.1291696542263194,-1.0
10754,PERFECTA WINES,10524,2024-06-03,2024-06-12,9.0,131237.72,8-15 days,0,10.0,9.932707919898972,2.1291696542263194,-1.0
10754,PERFECTA WINES,10591,2024-06-08,2024-06-19,11.0,62828.09,8-15 days,0,10.0,9.932707919898972,2.1291696542263194,1.0
10754,PERFECTA WINES,10708,2024-06-16,2024-06-26,10.0,81312.2,8-15 days,0,10.0,9.932707919898972,2.1291696542263194,0.0
10754,PERFECTA WINES,10823,2024-06-24,2024-06-30,6.0,78272.13,0-7 days,0,10.0,9.932707919898972,2.1291696542263194,-4.0
10754,PERFECTA WINES,10884,2024-06-25,2024-07-03,8.0,20794.41,8-15 days,0,10.0,9.932707919898972,2.1291696542263194,-2.0
10754,PERFECTA WINES,10991,2024-06-30,2024-07-10,10.0,90643.32,8-15 days,0,10.0,9.932707919898972,2.1291696542263194,0.0
10754,PERFECTA WINES,11035,2024-07-03,2024-07-17,14.0,76370.42,8-15 days,0,10.0,9.932707919898972,2.1291696542263194,4.0
10754,PERFECTA WINES,11214,2024-07-15,2024-07-24,9.0,114631.82,8-15 days,0,10.0,9.932707919898972,2.1291696542263194,-1.0
10754,PERFECTA WINES,11235,2024-07-17,2024-07-31,14.0,140492.64,8-15 days,0,10.0,9.932707919898972,2.1291696542263194,4.0
10754,PERFECTA WINES,11371,2024-07-26,2024-08-07,12.0,105877.05,8-15 days,0,10.0,9.932707919898972,2.1291696542263194,2.0
10754,PERFECTA WINES,11451,2024-08-01,2024-08-14,13.0,138828.0,8-15 days,0,10.0,9.932707919898972,2.1291696542263194,3.0
10754,PERFECTA WINES,11597,2024-08-10,2024-08-21,11.0,289181.69,8-15 days,0,10.0,9.932707919898972,2.1291696542263194,1.0
10754,PERFECTA WINES,11707,2024-08-18,2024-08-28,10.0,109748.74,8-15 days,0,10.0,9.932707919898972,2.1291696542263194,0.0
10754,PERFECTA WINES,11825,2024-08-26,2024-09-04,9.0,203663.44,8-15 days,0,10.0,9.932707919898972,2.1291696542263194,-1.0
10754,PERFECTA WINES,11930,2024-09-02,2024-09-11,9.0,76388.62,8-15 days,0,10.0,9.932707919898972,2.1291696542263194,-1.0
10754,PERFECTA WINES,12003,2024-09-07,2024-09-17,10.0,59889.91,8-15 days,0,10.0,9.932707919898972,2.1291696542263194,0.0
10754,PERFECTA WINES,12069,2024-09-12,2024-09-25,13.0,120430.63,8-15 days,0,10.0,9.932707919898972,2.1291696542263194,3.0
10754,PERFECTA WINES,12245,2024-09-23,2024-09-30,7.0,124958.23,0-7 days,0,10.0,9.932707919898972,2.1291696542263194,-3.0
10754,PERFECTA WINES,12284,2024-09-23,2024-10-02,9.0,7048.31,8-15 days,0,10.0,9.932707919898972,2.1291696542263194,-1.0
10754,PERFECTA WINES,12322,2024-09-25,2024-10-08,13.0,138366.93,8-15 days,0,10.0,9.932707919898972,2.1291696542263194,3.0
10754,PERFECTA WINES,12474,2024-10-05,2024-10-16,11.0,122543.28,8-15 days,0,10.0,9.932707919898972,2.1291696542263194,1.0
10754,PERFECTA WINES,12608,2024-10-14,2024-10-22,8.0,87332.03,8-15 days,0,10.0,9.932707919898972,2.1291696542263194,-2.0
10754,PERFECTA WINES,12643,2024-10-17,2024-10-30,13.0,162596.57,8-15 days,0,10.0,9.932707919898972,2.1291696542263194,3.0
10754,PERFECTA WINES,12798,2024-10-27,2024-11-05,9.0,117334.01,8-15 days,0,10.0,9.932707919898972,2.1291696542263194,-1.0
10754,PERFECTA WINES,12898,2024-11-03,2024-11-13,10.0,159486.57,8-15 days,0,10.0,9.932707919898972,2.1291696542263194,0.0
10754,PERFECTA WINES,12983,2024-11-08,2024-11-20,12.0,116854.46,8-15 days,0,10.0,9.932707919898972,2.1291696542263194,2.0
10754,PERFECTA WINES,13039,2024-11-13,2024-11-27,14.0,119588.56,8-15 days,0,10.0,9.932707919898972,2.1291696542263194,4.0
10754,PERFECTA WINES,13215,2024-11-24,2024-12-04,10.0,110269.65,8-15 days,0,10.0,9.932707919898972,2.1291696542263194,0.0
10754,PERFECTA WINES,13327,2024-12-02,2024-12-11,9.0,111183.07,8-15 days,0,10.0,9.932707919898972,2.1291696542263194,-1.0
10754,PERFECTA WINES,13383,2024-12-06,2024-12-18,12.0,113419.35,8-15 days,0,10.0,9.932707919898972,2.1291696542263194,2.0
10754,PERFECTA WINES,13535,2024-12-15,2024-12-24,9.0,92721.16,8-15 days,0,10.0,9.932707919898972,2.1291696542263194,-1.0
10754,PERFECTA WINES,13579,2024-12-19,2024-12-31,12.0,180182.24,8-15 days,0,10.0,9.932707919898972,2.1291696542263194,2.0
11567,CAMPARI AMERICA,8151,2023-12-23,2024-01-03,11.0,12039.71,8-15 days,0,10.0,9.932707919898972,2.1291696542263194,1.0
11567,CAMPARI AMERICA,8269,2023-12-31,2024-01-09,9.0,62473.56,8-15 days,0,10.0,9.932707919898972,2.1291696542263194,-1.0
11567,CAMPARI AMERICA,8376,2024-01-07,2024-01-17,10.0,25711.4,8-15 days,0,10.0,9.932707919898972,2.1291696542263194,0.0
11567,CAMPARI AMERICA,8483,2024-01-15,2024-01-23,8.0,35547.48,8-15 days,0,10.0,9.932707919898972,2.1291696542263194,-2.0
11567,CAMPARI AMERICA,8534,2024-01-19,2024-01-30,11.0,38873.02,8-15 days,0,10.0,9.932707919898972,2.1291696542263194,1.0
11567,CAMPARI AMERICA,8633,2024-01-26,2024-02-06,11.0,41217.6,8-15 days,0,10.0,9.932707919898972,2.1291696542263194,1.0
11567,CAMPARI AMERICA,8720,2024-02-01,2024-02-13,12.0,54481.65,8-15 days,0,10.0,9.932707919898972,2.1291696542263194,2.0
11567,CAMPARI AMERICA,8839,2024-02-09,2024-02-21,12.0,56586.79,8-15 days,0,10.0,9.932707919898972,2.1291696542263194,2.0
11567,CAMPARI AMERICA,8963,2024-02-17,2024-02-27,10.0,135576.01,8-15 days,0,10.0,9.932707919898972,2.1291696542263194,0.0
11567,CAMPARI AMERICA,9084,2024-02-25,2024-03-05,9.0,83210.37,8-15 days,0,10.0,9.932707919898972,2.1291696542263194,-1.0
11567,CAMPARI AMERICA,9165,2024-03-02,2024-03-12,10.0,66991.8,8-15 days,0,10.0,9.932707919898972,2.1291696542263194,0.0
11567,CAMPARI AMERICA,9245,2024-03-08,2024-03-19,11.0,57451.19,8-15 days,0,10.0,9.932707919898972,2.1291696542263194,1.0
11567,CAMPARI AMERICA,9330,2024-03-14,2024-03-26,12.0,56623.14,8-15 days,0,10.0,9.932707919898972,2.1291696542263194,2.0
11567,CAMPARI AMERICA,9506,2024-03-25,2024-04-03,9.0,45851.26,8-15 days,0,10.0,9.932707919898972,2.1291696542263194,-1.0
11567,CAMPARI AMERICA,9522,2024-03-27,2024-04-09,13.0,51666.78,8-15 days,0,10.0,9.932707919898972,2.1291696542263194,3.0
11567,CAMPARI AMERICA,9659,2024-04-05,2024-04-16,11.0,43298.61,8-15 days,0,10.0,9.932707919898972,2.1291696542263194,1.0
11567,CAMPARI AMERICA,9787,2024-04-14,2024-04-24,10.0,56585.54,8-15 days,0,10.0,9.932707919898972,2.1291696542263194,0.0
11567,CAMPARI AMERICA,9887,2024-04-21,2024-05-01,10.0,68066.78,8-15 days,0,10.0,9.932707919898972,2.1291696542263194,0.0
11567,CAMPARI AMERICA,9953,2024-04-26,2024-05-08,12.0,86367.93,8-15 days,0,10.0,9.932707919898972,2.1291696542263194,2.0
11567,CAMPARI AMERICA,10097,2024-05-06,2024-05-13,7.0,68464.65,0-7 days,0,10.0,9.932707919898972,2.1291696542263194,-3.0
11567,CAMPARI AMERICA,10153,2024-05-10,2024-05-20,10.0,83103.14,8-15 days,0,10.0,9.932707919898972,2.1291696542263194,0.0
11567,CAMPARI AMERICA,10276,2024-05-18,2024-05-29,11.0,156000.43,8-15 days,0,10.0,9.932707919898972,2.1291696542263194,1.0
11567,CAMPARI AMERICA,10379,2024-05-25,2024-06-05,11.0,114537.35,8-15 days,0,10.0,9.932707919898972,2.1291696542263194,1.0
11567,CAMPARI AMERICA,10427,2024-05-29,2024-06-12,14.0,94879.7,8-15 days,0,10.0,9.932707919898972,2.1291696542263194,4.0
11567,CAMPARI AMERICA,10564,2024-06-07,2024-06-19,12.0,77262.86,8-15 days,0,10.0,9.932707919898972,2.1291696542263194,2.0
11567,CAMPARI AMERICA,10648,2024-06-13,2024-06-26,13.0,88052.5,8-15 days,0,10.0,9.932707919898972,2.1291696542263194,3.0
11567,CAMPARI AMERICA,10780,2024-06-22,2024-06-30,8.0,74223.42,8-15 days,0,10.0,9.932707919898972,2.1291696542263194,-2.0
11567,CAMPARI AMERICA,10842,2024-06-25,2024-07-03,8.0,18472.16,8-15 days,0,10.0,9.932707919898972,2.1291696542263194,-2.0
11567,CAMPARI AMERICA,10985,2024-06-30,2024-07-10,10.0,135131.85,8-15 days,0,10.0,9.932707919898972,2.1291696542263194,0.0
11567,CAMPARI AMERICA,11069,2024-07-05,2024-07-17,12.0,80381.5,8-15 days,0,10.0,9.932707919898972,2.1291696542263194,2.0
11567,CAMPARI AMERICA,11190,2024-07-14,2024-07-23,9.0,94410.55,8-15 days,0,10.0,9.932707919898972,2.1291696542263194,-1.0
11567,CAMPARI AMERICA,11279,2024-07-20,2024-07-30,10.0,85817.62,8-15 days,0,10.0,9.932707919898972,2.1291696542263194,0.0
11567,CAMPARI AMERICA,11394,2024-07-28,2024-08-07,10.0,82682.67,8-15 days,0,10.0,9.932707919898972,2.1291696542263194,0.0
11567,CAMPARI AMERICA,11428,2024-07-31,2024-08-14,14.0,78463.6,8-15 days,0,10.0,9.932707919898972,2.1291696542263194,4.0
11567,CAMPARI AMERICA,11545,2024-08-08,2024-08-21,13.0,120191.38,8-15 days,0,10.0,9.932707919898972,2.1291696542263194,3.0
11567,CAMPARI AMERICA,11687,2024-08-17,2024-08-27,10.0,73149.63,8-15 days,0,10.0,9.932707919898972,2.1291696542263194,0.0
11567,CAMPARI AMERICA,11772,2024-08-23,2024-09-03,11.0,75865.43,8-15 days,0,10.0,9.932707919898972,2.1291696542263194,1.0
11567,CAMPARI AMERICA,11881,2024-08-31,2024-09-11,11.0,79913.54,8-15 days,0,10.0,9.932707919898972,2.1291696542263194,1.0
11567,CAMPARI AMERICA,11994,2024-09-07,2024-09-18,11.0,52718.95,8-15 days,0,10.0,9.932707919898972,2.1291696542263194,1.0
11567,CAMPARI AMERICA,12059,2024-09-12,2024-09-25,13.0,56260.86,8-15 days,0,10.0,9.932707919898972,2.1291696542263194,3.0
11567,CAMPARI AMERICA,12146,2024-09-18,2024-09-30,12.0,65439.31,8-15 days,0,10.0,9.932707919898972,2.1291696542263194,2.0
11567,CAMPARI AMERICA,12257,2024-09-23,2024-10-02,9.0,748.02,8-15 days,0,10.0,9.932707919898972,2.1291696542263194,-1.0
11567,CAMPARI AMERICA,12313,2024-09-25,2024-10-08,13.0,56458.74,8-15 days,0,10.0,9.932707919898972,2.1291696542263194,3.0
11567,CAMPARI AMERICA,12502,2024-10-07,2024-10-16,9.0,85640.17,8-15 days,0,10.0,9.932707919898972,2.1291696542263194,-1.0
11567,CAMPARI AMERICA,12584,2024-10-13,2024-10-22,9.0,113416.88,8-15 days,0,10.0,9.932707919898972,2.1291696542263194,-1.0
11567,CAMPARI AMERICA,12621,2024-10-16,2024-10-30,14.0,183306.43,8-15 days,0,10.0,9.932707919898972,2.1291696542263194,4.0
11567,CAMPARI AMERICA,12790,2024-10-27,2024-11-05,9.0,100888.94,8-15 days,0,10.0,9.932707919898972,2.1291696542263194,-1.0
11567,CAMPARI AMERICA,12909,2024-11-04,2024-11-12,8.0,82907.63,8-15 days,0,10.0,9.932707919898972,2.1291696542263194,-2.0
11567,CAMPARI AMERICA,12991,2024-11-09,2024-11-20,11.0,77705.13,8-15 days,0,10.0,9.932707919898972,2.1291696542263194,1.0
11567,CAMPARI AMERICA,13104,2024-11-17,2024-11-27,10.0,71829.42,8-15 days,0,10.0,9.932707919898972,2.1291696542263194,0.0
11567,CAMPARI AMERICA,13183,2024-11-23,2024-12-04,11.0,93326.23,8-15 days,0,10.0,9.932707919898972,2.1291696542263194,1.0
11567,CAMPARI AMERICA,13256,2024-11-28,2024-12-11,13.0,93092.84,8-15 days,0,10.0,9.932707919898972,2.1291696542263194,3.0
11567,CAMPARI AMERICA,13416,2024-12-08,2024-12-17,9.0,85496.49,8-15 days,0,10.0,9.932707919898972,2.1291696542263194,-1.0
11567,CAMPARI AMERICA,13540,2024-12-16,2024-12-24,8.0,82955.85,8-15 days,0,10.0,9.932707919898972,2.1291696542263194,-2.0
11567,CAMPARI AMERICA,13627,2024-12-22,2024-12-31,9.0,79904.22,8-15 days,0,10.0,9.932707919898972,2.1291696542263194,-1.0
12331,STELLAR IMPORTING CO LLC,8261,2023-12-30,2024-01-08,9.0,571.2,8-15 days,0,10.0,9.932707919898972,2.1291696542263194,-1.0
12331,STELLAR IMPORTING CO LLC,8352,2024-01-05,2024-01-15,10.0,271.32,8-15 days,0,10.0,9.932707919898972,2.1291696542263194,0.0
12331,STELLAR IMPORTING CO LLC,8413,2024-01-10,2024-01-22,12.0,114.24,8-15 days,0,10.0,9.932707919898972,2.1291696542263194,2.0
12331,STELLAR IMPORTING CO LLC,8510,2024-01-17,2024-01-29,12.0,242.76,8-15 days,0,10.0,9.932707919898972,2.1291696542263194,2.0
12331,STELLAR IMPORTING CO LLC,8646,2024-01-26,2024-02-04,9.0,314.16,8-15 days,0,10.0,9.932707919898972,2.1291696542263194,-1.0
12331,STELLAR IMPORTING CO LLC,8753,2024-02-02,2024-02-12,10.0,235.62,8-15 days,0,10.0,9.932707919898972,2.1291696542263194,0.0
12331,STELLAR IMPORTING CO LLC,8854,2024-02-09,2024-02-17,8.0,420.48,8-15 days,0,10.0,9.932707919898972,2.1291696542263194,-2.0
12331,STELLAR IMPORTING CO LLC,9008,2024-02-19,2024-02-26,7.0,235.62,0-7 days,0,10.0,9.932707919898972,2.1291696542263194,-3.0
12331,STELLAR IMPORTING CO LLC,9080,2024-02-24,2024-02-29,5.0,85.68,0-7 days,0,10.0,9.932707919898972,2.1291696542263194,-5.0
12331,STELLAR IMPORTING CO LLC,9191,2024-03-03,2024-03-09,6.0,202.32,0-7 days,0,10.0,9.932707919898972,2.1291696542263194,-4.0
12331,STELLAR IMPORTING CO LLC,9225,2024-03-06,2024-03-19,13.0,134.88,8-15 days,0,10.0,9.932707919898972,2.1291696542263194,3.0
12331,STELLAR IMPORTING CO LLC,9354,2024-03-15,2024-03-25,10.0,2583.12,8-15 days,0,10.0,9.932707919898972,2.1291696542263194,0.0
12331,STELLAR IMPORTING CO LLC,9468,2024-03-22,2024-03-31,9.0,570.28,8-15 days,0,10.0,9.932707919898972,2.1291696542263194,-1.0
12331,STELLAR IMPORTING CO LLC,9576,2024-03-30,2024-04-08,9.0,238.8,8-15 days,0,10.0,9.932707919898972,2.1291696542263194,-1.0
12331,STELLAR IMPORTING CO LLC,9704,2024-04-07,2024-04-15,8.0,353.04,8-15 days,0,10.0,9.932707919898972,2.1291696542263194,-2.0
12331,STELLAR IMPORTING CO LLC,9815,2024-04-15,2024-04-22,7.0,199.92,0-7 days,0,10.0,9.932707919898972,2.1291696542263194,-3.0
12331,STELLAR IMPORTING CO LLC,9965,2024-04-26,2024-05-05,9.0,687.84,8-15 days,0,10.0,9.932707919898972,2.1291696542263194,-1.0
12331,STELLAR IMPORTING CO LLC,10049,2024-05-02,2024-05-12,10.0,377.64,8-15 days,0,10.0,9.932707919898972,2.1291696542263194,0.0
12331,STELLAR IMPORTING CO LLC,10216,2024-05-13,2024-05-19,6.0,1321.7,0-7 days,0,10.0,9.932707919898972,2.1291696542263194,-4.0
12331,STELLAR IMPORTING CO LLC,10236,2024-05-15,2024-05-26,11.0,477.6,8-15 days,0,10.0,9.932707919898972,2.1291696542263194,1.0
12331,STELLAR IMPORTING CO LLC,10341,2024-05-22,2024-06-03,12.0,467.28,8-15 days,0,10.0,9.932707919898972,2.1291696542263194,2.0
12331,STELLAR IMPORTING CO LLC,10510,2024-06-02,2024-06-08,6.0,334.8,0-7 days,0,10.0,9.932707919898972,2.1291696542263194,-4.0
12331,STELLAR IMPORTING CO LLC,10546,2024-06-05,2024-06-16,11.0,199.92,8-15 days,0,10.0,9.932707919898972,2.1291696542263194,1.0
12331,STELLAR IMPORTING CO LLC,10710,2024-06-16,2024-06-23,7.0,353.04,0-7 days,0,10.0,9.932707919898972,2.1291696542263194,-3.0
12331,STELLAR IMPORTING CO LLC,10760,2024-06-20,2024-06-29,9.0,337.08,8-15 days,0,10.0,9.932707919898972,2.1291696542263194,-1.0
12331,STELLAR IMPORTING CO LLC,10904,2024-06-25,2024-07-02,7.0,248.88,0-7 days,0,10.0,9.932707919898972,2.1291696542263194,-3.0
12331,STELLAR IMPORTING CO LLC,10995,2024-06-30,2024-07-05,5.0,153.12,0-7 days,0,10.0,9.932707919898972,2.1291696542263194,-5.0
12331,STELLAR IMPORTING CO LLC,11083,2024-07-05,2024-07-15,10.0,422.88,8-15 days,0,10.0,9.932707919898972,2.1291696542263194,0.0
12331,STELLAR IMPORTING CO LLC,11221,2024-07-15,2024-07-21,6.0,220.56,0-7 days,0,10.0,9.932707919898972,2.1291696542263194,-4.0
12331,STELLAR IMPORTING CO LLC,11294,2024-07-20,2024-07-29,9.0,420.48,8-15 days,0,10.0,9.932707919898972,2.1291696542263194,-1.0
12331,STELLAR IMPORTING CO LLC,11404,2024-07-28,2024-08-05,8.0,178.5,8-15 days,0,10.0,9.932707919898972,2.1291696542263194,-2.0
12331,STELLAR IMPORTING CO LLC,11502,2024-08-04,2024-08-11,7.0,402.24,0-7 days,0,10.0,9.932707919898972,2.1291696542263194,-3.0
12331,STELLAR IMPORTING CO LLC,11581,2024-08-09,2024-08-21,12.0,2322.18,8-15 days,0,10.0,9.932707919898972,2.1291696542263194,2.0
12331,STELLAR IMPORTING CO LLC,11711,2024-08-18,2024-08-24,6.0,306.24,0-7 days,0,10.0,9.932707919898972,2.1291696542263194,-4.0
12331,STELLAR IMPORTING CO LLC,11743,2024-08-21,2024-08-31,10.0,199.92,8-15 days,0,10.0,9.932707919898972,2.1291696542263194,0.0
12331,STELLAR IMPORTING CO LLC,12139,2024-09-16,2024-09-23,7.0,656.88,0-7 days,0,10.0,9.932707919898972,2.1291696542263194,-3.0
12331,STELLAR IMPORTING CO LLC,12248,2024-09-23,2024-09-29,6.0,995.76,0-7 days,0,10.0,9.932707919898972,2.1291696542263194,-4.0
12331,STELLAR IMPORTING CO LLC,12297,2024-09-23,2024-10-01,8.0,85.68,8-15 days,0,10.0,9.932707919898972,2.1291696542263194,-2.0
12331,STELLAR IMPORTING CO LLC,12388,2024-09-29,2024-10-05,6.0,285.6,0-7 days,0,10.0,9.932707919898972,2.1291696542263194,-4.0
12331,STELLAR IMPORTING CO LLC,12453,2024-10-03,2024-10-13,10.0,342.72,8-15 days,0,10.0,9.932707919898972,2.1291696542263194,0.0
12331,STELLAR IMPORTING CO LLC,12532,2024-10-09,2024-10-19,10.0,244.56,8-15 days,0,10.0,9.932707919898972,2.1291696542263194,0.0
12331,STELLAR IMPORTING CO LLC,12629,2024-10-16,2024-10-27,11.0,399.84,8-15 days,0,10.0,9.932707919898972,2.1291696542263194,1.0
12331,STELLAR IMPORTING CO LLC,12785,2024-10-26,2024-11-04,9.0,622.08,8-15 days,0,10.0,9.932707919898972,2.1291696542263194,-1.0
12331,STELLAR IMPORTING CO LLC,12884,2024-11-02,2024-11-10,8.0,257.04,8-15 days,0,10.0,9.932707919898972,2.1291696542263194,-2.0
12331,STELLAR IMPORTING CO LLC,12943,2024-11-06,2024-11-18,12.0,238.56,8-15 days,0,10.0,9.932707919898972,2.1291696542263194,2.0
12331,STELLAR IMPORTING CO LLC,13044,2024-11-13,2024-11-25,12.0,441.48,8-15 days,0,10.0,9.932707919898972,2.1291696542263194,2.0
12331,STELLAR IMPORTING CO LLC,13158,2024-11-21,2024-12-02,11.0,533.4,8-15 days,0,10.0,9.932707919898972,2.1291696542263194,1.0
12331,STELLAR IMPORTING CO LLC,13331,2024-12-02,2024-12-09,7.0,1509.98,0-7 days,0,10.0,9.932707919898972,2.1291696542263194,-3.0
12331,STELLAR IMPORTING CO LLC,13441,2024-12-09,2024-12-17,8.0,469.32,8-15 days,0,10.0,9.932707919898972,2.1291696542263194,-2.0
12331,STELLAR IMPORTING CO LLC,13520,2024-12-14,2024-12-23,9.0,645.12,8-15 days,0,10.0,9.932707919898972,2.1291696542263194,-1.0
12331,STELLAR IMPORTING CO LLC,13621,2024-12-21,2024-12-30,9.0,626.72,8-15 days,0,10.0,9.932707919898972,2.1291696542263194,-1.0
12546,JIM BEAM BRANDS COMPANY,8142,2023-12-22,2024-01-03,12.0,151890.49,8-15 days,0,10.0,9.932707919898972,2.1291696542263194,2.0
12546,JIM BEAM BRANDS COMPANY,8241,2023-12-29,2024-01-10,12.0,559691.95,8-15 days,0,10.0,9.932707919898972,2.1291696542263194,2.0
12546,JIM BEAM BRANDS COMPANY,8330,2024-01-04,2024-01-17,13.0,382617.62,8-15 days,0,10.0,9.932707919898972,2.1291696542263194,3.0
12546,JIM BEAM BRANDS COMPANY,8443,2024-01-12,2024-01-24,12.0,314118.79,8-15 days,0,10.0,9.932707919898972,2.1291696542263194,2.0
12546,JIM BEAM BRANDS COMPANY,8503,2024-01-17,2024-01-31,14.0,403519.01,8-15 days,0,10.0,9.932707919898972,2.1291696542263194,4.0
12546,JIM BEAM BRANDS COMPANY,8659,2024-01-27,2024-02-07,11.0,470641.25,8-15 days,0,10.0,9.932707919898972,2.1291696542263194,1.0
12546,JIM BEAM BRANDS COMPANY,8800,2024-02-05,2024-02-14,9.0,293274.0,8-15 days,0,10.0,9.932707919898972,2.1291696542263194,-1.0
12546,JIM BEAM BRANDS COMPANY,8903,2024-02-12,2024-02-21,9.0,349034.5,8-15 days,0,10.0,9.932707919898972,2.1291696542263194,-1.0
12546,JIM BEAM BRANDS COMPANY,8928,2024-02-15,2024-02-28,13.0,420607.81,8-15 days,0,10.0,9.932707919898972,2.1291696542263194,3.0
12546,JIM BEAM BRANDS COMPANY,9087,2024-02-25,2024-03-06,10.0,352234.19,8-15 days,0,10.0,9.932707919898972,2.1291696542263194,0.0
12546,JIM BEAM BRANDS COMPANY,9118,2024-02-28,2024-03-13,14.0,404299.74,8-15 days,0,10.0,9.932707919898972,2.1291696542263194,4.0
12546,JIM BEAM BRANDS COMPANY,9305,2024-03-11,2024-03-20,9.0,333536.88,8-15 days,0,10.0,9.932707919898972,2.1291696542263194,-1.0
12546,JIM BEAM BRANDS COMPANY,9398,2024-03-18,2024-03-26,8.0,337334.88,8-15 days,0,10.0,9.932707919898972,2.1291696542263194,-2.0
12546,JIM BEAM BRANDS COMPANY,9420,2024-03-20,2024-04-03,14.0,540430.75,8-15 days,0,10.0,9.932707919898972,2.1291696542263194,4.0
12546,JIM BEAM BRANDS COMPANY,9605,2024-04-01,2024-04-10,9.0,381919.3,8-15 days,0,10.0,9.932707919898972,2.1291696542263194,-1.0
12546,JIM BEAM BRANDS COMPANY,9708,2024-04-08,2024-04-17,9.0,334420.92,8-15 days,0,10.0,9.932707919898972,2.1291696542263194,-1.0
12546,JIM BEAM BRANDS COMPANY,9772,2024-04-13,2024-04-24,11.0,375658.64,8-15 days,0,10.0,9.932707919898972,2.1291696542263194,1.0
12546,JIM BEAM BRANDS COMPANY,9907,2024-04-22,2024-05-01,9.0,498593.97,8-15 days,0,10.0,9.932707919898972,2.1291696542263194,-1.0
12546,JIM BEAM BRANDS COMPANY,10007,2024-04-29,2024-05-08,9.0,426994.13,8-15 days,0,10.0,9.932707919898972,2.1291696542263194,-1.0
12546,JIM BEAM BRANDS COMPANY,10087,2024-05-05,2024-05-15,10.0,404384.9,8-15 days,0,10.0,9.932707919898972,2.1291696542263194,0.0
12546,JIM BEAM BRANDS COMPANY,10132,2024-05-09,2024-05-22,13.0,377097.44,8-15 days,0,10.0,9.932707919898972,2.1291696542263194,3.0
12546,JIM BEAM BRANDS COMPANY,10295,2024-05-19,2024-05-29,10.0,456745.83,8-15 days,0,10.0,9.932707919898972,2.1291696542263194,0.0
12546,JIM BEAM BRANDS COMPANY,10332,2024-05-22,2024-06-05,14.0,496937.24,8-15 days,0,10.0,9.932707919898972,2.1291696542263194,4.0
12546,JIM BEAM BRANDS COMPANY,10451,2024-05-30,2024-06-12,13.0,478746.09,8-15 days,0,10.0,9.932707919898972,2.1291696542263194,3.0
12546,JIM BEAM BRANDS COMPANY,10603,2024-06-09,2024-06-19,10.0,419439.65,8-15 days,0,10.0,9.932707919898972,2.1291696542263194,0.0
12546,JIM BEAM BRANDS COMPANY,10654,2024-06-13,2024-06-26,13.0,461195.66,8-15 days,0,10.0,9.932707919898972,2.1291696542263194,3.0
12546,JIM BEAM BRANDS COMPANY,10820,2024-06-24,2024-06-30,6.0,374045.35,0-7 days,0,10.0,9.932707919898972,2.1291696542263194,-4.0
12546,JIM BEAM BRANDS COMPANY,10864,2024-06-25,2024-07-03,8.0,87604.93,8-15 days,0,10.0,9.932707919898972,2.1291696542263194,-2.0
12546,JIM BEAM BRANDS COMPANY,10938,2024-06-27,2024-07-10,13.0,598228.67,8-15 days,0,10.0,9.932707919898972,2.1291696542263194,3.0
12546,JIM BEAM BRANDS COMPANY,11099,2024-07-07,2024-07-17,10.0,535530.63,8-15 days,0,10.0,9.932707919898972,2.1291696542263194,0.0
12546,JIM BEAM BRANDS COMPANY,11211,2024-07-15,2024-07-24,9.0,577661.34,8-15 days,0,10.0,9.932707919898972,2.1291696542263194,-1.0
12546,JIM BEAM BRANDS COMPANY,11227,2024-07-17,2024-07-31,14.0,583377.57,8-15 days,0,10.0,9.932707919898972,2.1291696542263194,4.0
12546,JIM BEAM BRANDS COMPANY,11416,2024-07-29,2024-08-07,9.0,540727.77,8-15 days,0,10.0,9.932707919898972,2.1291696542263194,-1.0
12546,JIM BEAM BRANDS COMPANY,11464,2024-08-02,2024-08-14,12.0,487618.33,8-15 days,0,10.0,9.932707919898972,2.1291696542263194,2.0
12546,JIM BEAM BRANDS COMPANY,11549,2024-08-08,2024-08-21,13.0,623497.05,8-15 days,0,10.0,9.932707919898972,2.1291696542263194,3.0
12546,JIM BEAM BRANDS COMPANY,11705,2024-08-18,2024-08-28,10.0,534989.64,8-15 days,0,10.0,9.932707919898972,2.1291696542263194,0.0
12546,JIM BEAM BRANDS COMPANY,11755,2024-08-22,2024-09-04,13.0,615775.03,8-15 days,0,10.0,9.932707919898972,2.1291696542263194,3.0
12546,JIM BEAM BRANDS COMPANY,11867,2024-08-30,2024-09-11,12.0,536397.64,8-15 days,0,10.0,9.932707919898972,2.1291696542263194,2.0
12546,JIM BEAM BRANDS COMPANY,12028,2024-09-09,2024-09-18,9.0,412998.2,8-15 days,0,10.0,9.932707919898972,2.1291696542263194,-1.0
12546,JIM BEAM BRANDS COMPANY,12134,2024-09-16,2024-09-25,9.0,433431.35,8-15 days,0,10.0,9.932707919898972,2.1291696542263194,-1.0
12546,JIM BEAM BRANDS COMPANY,12222,2024-09-22,2024-09-30,8.0,492152.69,8-15 days,0,10.0,9.932707919898972,2.1291696542263194,-2.0
12546,JIM BEAM BRANDS COMPANY,12271,2024-09-23,2024-10-02,9.0,7231.8,8-15 days,0,10.0,9.932707919898972,2.1291696542263194,-1.0
12546,JIM BEAM BRANDS COMPANY,12317,2024-09-25,2024-10-09,14.0,530134.28,8-15 days,0,10.0,9.932707919898972,2.1291696542263194,4.0
12546,JIM BEAM BRANDS COMPANY,12469,2024-10-05,2024-10-16,11.0,509028.25,8-15 days,0,10.0,9.932707919898972,2.1291696542263194,1.0
12546,JIM BEAM BRANDS COMPANY,12523,2024-10-09,2024-10-23,14.0,397417.91,8-15 days,0,10.0,9.932707919898972,2.1291696542263194,4.0
12546,JIM BEAM BRANDS COMPANY,12661,2024-10-18,2024-10-30,12.0,388867.55,8-15 days,0,10.0,9.932707919898972,2.1291696542263194,2.0
12546,JIM BEAM BRANDS COMPANY,12816,2024-10-28,2024-11-06,9.0,496047.12,8-15 days,0,10.0,9.932707919898972,2.1291696542263194,-1.0
12546,JIM BEAM BRANDS COMPANY,12844,2024-10-31,2024-11-12,12.0,447402.74,8-15 days,0,10.0,9.932707919898972,2.1291696542263194,2.0
12546,JIM BEAM BRANDS COMPANY,12935,2024-11-06,2024-11-20,14.0,443523.01,8-15 days,0,10.0,9.932707919898972,2.1291696542263194,4.0
12546,JIM BEAM BRANDS COMPANY,13056,2024-11-14,2024-11-27,13.0,421205.27,8-15 days,0,10.0,9.932707919898972,2.1291696542263194,3.0
12546,JIM BEAM BRANDS COMPANY,13152,2024-11-21,2024-12-04,13.0,529167.68,8-15 days,0,10.0,9.932707919898972,2.1291696542263194,3.0
12546,JIM BEAM BRANDS COMPANY,13325,2024-12-02,2024-12-11,9.0,473139.86,8-15 days,0,10.0,9.932707919898972,2.1291696542263194,-1.0
12546,JIM BEAM BRANDS COMPANY,13421,2024-12-08,2024-12-18,10.0,472589.43,8-15 days,0,10.0,9.932707919898972,2.1291696542263194,0.0
12546,JIM BEAM BRANDS COMPANY,13452,2024-12-11,2024-12-24,13.0,564285.07,8-15 days,0,10.0,9.932707919898972,2.1291696542263194,3.0
12546,JIM BEAM BRANDS COMPANY,13557,2024-12-18,2024-12-31,13.0,663709.26,8-15 days,0,10.0,9.932707919898972,2.1291696542263194,3.0
17031,FLAG HILL WINERY & VINEYARD,8154,2023-12-23,2024-01-02,10.0,1357.24,8-15 days,0,10.0,9.932707919898972,2.1291696542263194,0.0
17031,FLAG HILL WINERY & VINEYARD,8240,2023-12-29,2024-01-09,11.0,5591.32,8-15 days,0,10.0,9.932707919898972,2.1291696542263194,1.0
17031,FLAG HILL WINERY & VINEYARD,8381,2024-01-07,2024-01-15,8.0,5236.22,8-15 days,0,10.0,9.932707919898972,2.1291696542263194,-2.0
17031,FLAG HILL WINERY & VINEYARD,8470,2024-01-14,2024-01-23,9.0,4201.92,8-15 days,0,10.0,9.932707919898972,2.1291696542263194,-1.0
17031,FLAG HILL WINERY & VINEYARD,8500,2024-01-17,2024-01-29,12.0,5255.92,8-15 days,0,10.0,9.932707919898972,2.1291696542263194,2.0
17031,FLAG HILL WINERY & VINEYARD,8680,2024-01-28,2024-02-06,9.0,5413.39,8-15 days,0,10.0,9.932707919898972,2.1291696542263194,-1.0
17031,FLAG HILL WINERY & VINEYARD,8709,2024-01-31,2024-02-13,13.0,3111.41,8-15 days,0,10.0,9.932707919898972,2.1291696542263194,3.0
17031,FLAG HILL WINERY & VINEYARD,8846,2024-02-09,2024-02-19,10.0,2640.29,8-15 days,0,10.0,9.932707919898972,2.1291696542263194,0.0
17031,FLAG HILL WINERY & VINEYARD,8968,2024-02-17,2024-02-26,9.0,3911.98,8-15 days,0,10.0,9.932707919898972,2.1291696542263194,-1.0
17031,FLAG HILL WINERY & VINEYARD,9048,2024-02-23,2024-03-04,10.0,1970.08,8-15 days,0,10.0,9.932707919898972,2.1291696542263194,0.0
17031,FLAG HILL WINERY & VINEYARD,9202,2024-03-04,2024-03-11,7.0,5866.33,0-7 days,0,10.0,9.932707919898972,2.1291696542263194,-3.0
17031,FLAG HILL WINERY & VINEYARD,9304,2024-03-11,2024-03-18,7.0,7239.07,0-7 days,0,10.0,9.932707919898972,2.1291696542263194,-3.0
17031,FLAG HILL WINERY & VINEYARD,9335,2024-03-14,2024-03-25,11.0,3581.66,8-15 days,0,10.0,9.932707919898972,2.1291696542263194,1.0
17031,FLAG HILL WINERY & VINEYARD,9496,2024-03-24,2024-04-03,10.0,13358.44,8-15 days,0,10.0,9.932707919898972,2.1291696542263194,0.0
17031,FLAG HILL WINERY & VINEYARD,9566,2024-03-30,2024-04-08,9.0,6027.95,8-15 days,0,10.0,9.932707919898972,2.1291696542263194,-1.0
17031,FLAG HILL WINERY & VINEYARD,9626,2024-04-03,2024-04-15,12.0,5483.61,8-15 days,0,10.0,9.932707919898972,2.1291696542263194,2.0
17031,FLAG HILL WINERY & VINEYARD,9722,2024-04-10,2024-04-24,14.0,3410.45,8-15 days,0,10.0,9.932707919898972,2.1291696542263194,4.0
17031,FLAG HILL WINERY & VINEYARD,9852,2024-04-19,2024-04-30,11.0,4280.25,8-15 days,0,10.0,9.932707919898972,2.1291696542263194,1.0
17031,FLAG HILL WINERY & VINEYARD,9971,2024-04-27,2024-05-06,9.0,6749.18,8-15 days,0,10.0,9.932707919898972,2.1291696542263194,-1.0
17031,FLAG HILL WINERY & VINEYARD,10085,2024-05-05,2024-05-12,7.0,2265.87,0-7 days,0,10.0,9.932707919898972,2.1291696542263194,-3.0
17031,FLAG HILL WINERY & VINEYARD,10129,2024-05-09,2024-05-20,11.0,786.59,8-15 days,0,10.0,9.932707919898972,2.1291696542263194,1.0
17031,FLAG HILL WINERY & VINEYARD,10262,2024-05-17,2024-05-27,10.0,7142.83,8-15 days,0,10.0,9.932707919898972,2.1291696542263194,0.0
17031,FLAG HILL WINERY & VINEYARD,10417,2024-05-27,2024-06-03,7.0,5424.59,0-7 days,0,10.0,9.932707919898972,2.1291696542263194,-3.0
17031,FLAG HILL WINERY & VINEYARD,10449,2024-05-30,2024-06-10,11.0,6077.81,8-15 days,0,10.0,9.932707919898972,2.1291696542263194,1.0
17031,FLAG HILL WINERY & VINEYARD,10618,2024-06-10,2024-06-17,7.0,3985.7,0-7 days,0,10.0,9.932707919898972,2.1291696542263194,-3.0
17031,FLAG HILL WINERY & VINEYARD,10651,2024-06-13,2024-06-26,13.0,6014.1,8-15 days,0,10.0,9.932707919898972,2.1291696542263194,3.0
17031,FLAG HILL WINERY & VINEYARD,10799,2024-06-23,2024-06-30,7.0,2957.17,0-7 days,0,10.0,9.932707919898972,2.1291696542263194,-3.0
17031,FLAG HILL WINERY & VINEYARD,10859,2024-06-25,2024-07-03,8.0,997.17,8-15 days,0,10.0,9.932707919898972,2.1291696542263194,-2.0
17031,FLAG HILL WINERY & VINEYARD,10989,2024-06-30,2024-07-09,9.0,6614.45,8-15 days,0,10.0,9.932707919898972,2.1291696542263194,-1.0
17031,FLAG HILL WINERY & VINEYARD,11075,2024-07-05,2024-07-15,10.0,3570.15,8-15 days,0,10.0,9.932707919898972,2.1291696542263194,0.0
17031,FLAG HILL WINERY & VINEYARD,11173,2024-07-13,2024-07-23,10.0,4771.75,8-15 days,0,10.0,9.932707919898972,2.1291696542263194,0.0
17031,FLAG HILL WINERY & VINEYARD,11284,2024-07-20,2024-07-30,10.0,4066.13,8-15 days,0,10.0,9.932707919898972,2.1291696542263194,0.0
17031,FLAG HILL WINERY & VINEYARD,11396,2024-07-28,2024-08-06,9.0,4722.86,8-15 days,0,10.0,9.932707919898972,2.1291696542263194,-1.0
17031,FLAG HILL WINERY & VINEYARD,11478,2024-08-03,2024-08-14,11.0,11437.62,8-15 days,0,10.0,9.932707919898972,2.1291696542263194,1.0
17031,FLAG HILL WINERY & VINEYARD,11624,2024-08-12,2024-08-21,9.0,11327.76,8-15 days,0,10.0,9.932707919898972,2.1291696542263194,-1.0
17031,FLAG HILL WINERY & VINEYARD,11638,2024-08-14,2024-08-27,13.0,6477.45,8-15 days,0,10.0,9.932707919898972,2.1291696542263194,3.0
17031,FLAG HILL WINERY & VINEYARD,11820,2024-08-26,2024-09-03,8.0,7801.32,8-15 days,0,10.0,9.932707919898972,2.1291696542263194,-2.0
17031,FLAG HILL WINERY & VINEYARD,11837,2024-08-28,2024-09-09,12.0,6644.55,8-15 days,0,10.0,9.932707919898972,2.1291696542263194,2.0
17031,FLAG HILL WINERY & VINEYARD,11999,2024-09-07,2024-09-16,9.0,5049.45,8-15 days,0,10.0,9.932707919898972,2.1291696542263194,-1.0
17031,FLAG HILL WINERY & VINEYARD,12079,2024-09-13,2024-09-23,10.0,5251.63,8-15 days,0,10.0,9.932707919898972,2.1291696542263194,0.0
17031,FLAG HILL WINERY & VINEYARD,12166,2024-09-19,2024-09-30,11.0,5687.71,8-15 days,0,10.0,9.932707919898972,2.1291696542263194,1.0
17031,FLAG HILL WINERY & VINEYARD,12268,2024-09-23,2024-10-02,9.0,13.38,8-15 days,0,10.0,9.932707919898972,2.1291696542263194,-1.0
17031,FLAG HILL WINERY & VINEYARD,12316,2024-09-25,2024-10-08,13.0,5775.8,8-15 days,0,10.0,9.932707919898972,2.1291696542263194,3.0
17031,FLAG HILL WINERY & VINEYARD,12444,2024-10-03,2024-10-15,12.0,3251.36,8-15 days,0,10.0,9.932707919898972,2.1291696542263194,2.0
17031,FLAG HILL WINERY & VINEYARD,12557,2024-10-11,2024-10-21,10.0,7615.23,8-15 days,0,10.0,9.932707919898972,2.1291696542263194,0.0
17031,FLAG HILL WINERY & VINEYARD,12636,2024-10-17,2024-10-28,11.0,4202.19,8-15 days,0,10.0,9.932707919898972,2.1291696542263194,1.0
17031,FLAG HILL WINERY & VINEYARD,12726,2024-10-23,2024-11-05,13.0,3667.76,8-15 days,0,10.0,9.932707919898972,2.1291696542263194,3.0
17031,FLAG HILL WINERY & VINEYARD,12831,2024-10-30,2024-11-11,12.0,7349.5,8-15 days,0,10.0,9.932707919898972,2.1291696542263194,2.0
17031,FLAG HILL WINERY & VINEYARD,12933,2024-11-06,2024-11-18,12.0,6476.14,8-15 days,0,10.0,9.932707919898972,2.1291696542263194,2.0
17031,FLAG HILL WINERY & VINEYARD,13054,2024-11-14,2024-11-27,13.0,6827.11,8-15 days,0,10.0,9.932707919898972,2.1291696542263194,3.0
17031,FLAG HILL WINERY & VINEYARD,13165,2024-11-22,2024-12-02,10.0,7041.81,8-15 days,0,10.0,9.932707919898972,2.1291696542263194,0.0
17031,FLAG HILL WINERY & VINEYARD,13275,2024-11-29,2024-12-11,12.0,5801.33,8-15 days,0,10.0,9.932707919898972,2.1291696542263194,2.0
17031,FLAG HILL WINERY & VINEYARD,13378,2024-12-06,2024-12-17,11.0,9390.15,8-15 days,0,10.0,9.932707919898972,2.1291696542263194,1.0
17031,FLAG HILL WINERY & VINEYARD,13473,2024-12-12,2024-12-24,12.0,9171.93,8-15 days,0,10.0,9.932707919898972,2.1291696542263194,2.0
17031,FLAG HILL WINERY & VINEYARD,13648,2024-12-23,2024-12-31,8.0,10058.14,8-15 days,0,10.0,9.932707919898972,2.1291696542263194,-2.0
17032,JEWELL TOWNE VINEYARDS,8111,2023-12-20,2024-01-02,13.0,185.4,8-15 days,0,10.0,9.932707919898972,2.1291696542263194,3.0
17032,JEWELL TOWNE VINEYARDS,8294,2024-01-01,2024-01-09,8.0,1757.16,8-15 days,0,10.0,9.932707919898972,2.1291696542263194,-2.0
17032,JEWELL TOWNE VINEYARDS,8329,2024-01-04,2024-01-15,11.0,1144.2,8-15 days,0,10.0,9.932707919898972,2.1291696542263194,1.0
17032,JEWELL TOWNE VINEYARDS,8424,2024-01-11,2024-01-23,12.0,1895.28,8-15 days,0,10.0,9.932707919898972,2.1291696542263194,2.0
17032,JEWELL TOWNE VINEYARDS,8577,2024-01-21,2024-01-29,8.0,1664.43,8-15 days,0,10.0,9.932707919898972,2.1291696542263194,-2.0
17032,JEWELL TOWNE VINEYARDS,8683,2024-01-28,2024-02-06,9.0,651.48,8-15 days,0,10.0,9.932707919898972,2.1291696542263194,-1.0
17032,JEWELL TOWNE VINEYARDS,8799,2024-02-05,2024-02-11,6.0,657.96,0-7 days,0,10.0,9.932707919898972,2.1291696542263194,-4.0
17032,JEWELL TOWNE VINEYARDS,8902,2024-02-12,2024-02-21,9.0,861.65,8-15 days,0,10.0,9.932707919898972,2.1291696542263194,-1.0
17032,JEWELL TOWNE VINEYARDS,8969,2024-02-17,2024-02-27,10.0,245.08,8-15 days,0,10.0,9.932707919898972,2.1291696542263194,0.0
17032,JEWELL TOWNE VINEYARDS,9102,2024-02-26,2024-03-04,7.0,382.32,0-7 days,0,10.0,9.932707919898972,2.1291696542263194,-3.0
17032,JEWELL TOWNE VINEYARDS,9117,2024-02-28,2024-03-11,12.0,383.64,8-15 days,0,10.0,9.932707919898972,2.1291696542263194,2.0
17032,JEWELL TOWNE VINEYARDS,9261,2024-03-09,2024-03-18,9.0,816.12,8-15 days,0,10.0,9.932707919898972,2.1291696542263194,-1.0
17032,JEWELL TOWNE VINEYARDS,9397,2024-03-18,2024-03-24,6.0,518.76,0-7 days,0,10.0,9.932707919898972,2.1291696542263194,-4.0
17032,JEWELL TOWNE VINEYARDS,9436,2024-03-21,2024-04-01,11.0,1114.44,8-15 days,0,10.0,9.932707919898972,2.1291696542263194,1.0
17032,JEWELL TOWNE VINEYARDS,9568,2024-03-30,2024-04-07,8.0,231.12,8-15 days,0,10.0,9.932707919898972,2.1291696542263194,-2.0
17032,JEWELL TOWNE VINEYARDS,9678,2024-04-06,2024-04-15,9.0,836.76,8-15 days,0,10.0,9.932707919898972,2.1291696542263194,-1.0
17032,JEWELL TOWNE VINEYARDS,9805,2024-04-15,2024-04-23,8.0,459.89,8-15 days,0,10.0,9.932707919898972,2.1291696542263194,-2.0
17032,JEWELL TOWNE VINEYARDS,9856,2024-04-19,2024-04-29,10.0,788.52,8-15 days,0,10.0,9.932707919898972,2.1291696542263194,0.0
17032,JEWELL TOWNE VINEYARDS,9937,2024-04-25,2024-05-07,12.0,1175.52,8-15 days,0,10.0,9.932707919898972,2.1291696542263194,2.0
17032,JEWELL TOWNE VINEYARDS,10040,2024-05-02,2024-05-10,8.0,274.92,8-15 days,0,10.0,9.932707919898972,2.1291696542263194,-2.0
17032,JEWELL TOWNE VINEYARDS,10131,2024-05-09,2024-05-20,11.0,276.7,8-15 days,0,10.0,9.932707919898972,2.1291696542263194,1.0
17032,JEWELL TOWNE VINEYARDS,10244,2024-05-16,2024-05-27,11.0,3732.5,8-15 days,0,10.0,9.932707919898972,2.1291696542263194,1.0
17032,JEWELL TOWNE VINEYARDS,10361,2024-05-24,2024-06-02,9.0,1752.19,8-15 days,0,10.0,9.932707919898972,2.1291696542263194,-1.0
17032,JEWELL TOWNE VINEYARDS,10486,2024-06-01,2024-06-10,9.0,1348.68,8-15 days,0,10.0,9.932707919898972,2.1291696542263194,-1.0
17032,JEWELL TOWNE VINEYARDS,10619,2024-06-10,2024-06-17,7.0,543.24,0-7 days,0,10.0,9.932707919898972,2.1291696542263194,-3.0
17032,JEWELL TOWNE VINEYARDS,10684,2024-06-15,2024-06-24,9.0,626.81,8-15 days,0,10.0,9.932707919898972,2.1291696542263194,-1.0
17032,JEWELL TOWNE VINEYARDS,10756,2024-06-20,2024-06-30,10.0,808.1,8-15 days,0,10.0,9.932707919898972,2.1291696542263194,0.0
17032,JEWELL TOWNE VINEYARDS,10863,2024-06-25,2024-07-03,8.0,195.44,8-15 days,0,10.0,9.932707919898972,2.1291696542263194,-2.0
17032,JEWELL TOWNE VINEYARDS,11010,2024-07-01,2024-07-08,7.0,1123.73,0-7 days,0,10.0,9.932707919898972,2.1291696542263194,-3.0
17032,JEWELL TOWNE VINEYARDS,11031,2024-07-03,2024-07-15,12.0,805.7,8-15 days,0,10.0,9.932707919898972,2.1291696542263194,2.0
17032,JEWELL TOWNE VINEYARDS,11144,2024-07-11,2024-07-22,11.0,839.72,8-15 days,0,10.0,9.932707919898972,2.1291696542263194,1.0
17032,JEWELL TOWNE VINEYARDS,11286,2024-07-20,2024-07-30,10.0,932.04,8-15 days,0,10.0,9.932707919898972,2.1291696542263194,0.0
17032,JEWELL TOWNE VINEYARDS,11350,2024-07-25,2024-08-05,11.0,664.92,8-15 days,0,10.0,9.932707919898972,2.1291696542263194,1.0
17032,JEWELL TOWNE VINEYARDS,11463,2024-08-02,2024-08-12,10.0,670.37,8-15 days,0,10.0,9.932707919898972,2.1291696542263194,0.0
17032,JEWELL TOWNE VINEYARDS,11592,2024-08-10,2024-08-19,9.0,2086.01,8-15 days,0,10.0,9.932707919898972,2.1291696542263194,-1.0
17032,JEWELL TOWNE VINEYARDS,11640,2024-08-14,2024-08-27,13.0,2006.76,8-15 days,0,10.0,9.932707919898972,2.1291696542263194,3.0
17032,JEWELL TOWNE VINEYARDS,11734,2024-08-21,2024-09-02,12.0,1735.56,8-15 days,0,10.0,9.932707919898972,2.1291696542263194,2.0
17032,JEWELL TOWNE VINEYARDS,11840,2024-08-28,2024-09-09,12.0,822.22,8-15 days,0,10.0,9.932707919898972,2.1291696542263194,2.0
17032,JEWELL TOWNE VINEYARDS,11960,2024-09-05,2024-09-16,11.0,1071.78,8-15 days,0,10.0,9.932707919898972,2.1291696542263194,1.0
17032,JEWELL TOWNE VINEYARDS,12133,2024-09-16,2024-09-23,7.0,908.96,0-7 days,0,10.0,9.932707919898972,2.1291696542263194,-3.0
17032,JEWELL TOWNE VINEYARDS,12241,2024-09-23,2024-09-30,7.0,1668.51,0-7 days,0,10.0,9.932707919898972,2.1291696542263194,-3.0
17032,JEWELL TOWNE VINEYARDS,12359,2024-09-27,2024-10-06,9.0,1182.05,8-15 days,0,10.0,9.932707919898972,2.1291696542263194,-1.0
17032,JEWELL TOWNE VINEYARDS,12507,2024-10-07,2024-10-14,7.0,1068.51,0-7 days,0,10.0,9.932707919898972,2.1291696542263194,-3.0
17032,JEWELL TOWNE VINEYARDS,12522,2024-10-09,2024-10-20,11.0,819.77,8-15 days,0,10.0,9.932707919898972,2.1291696542263194,1.0
17032,JEWELL TOWNE VINEYARDS,12708,2024-10-21,2024-10-30,9.0,912.8,8-15 days,0,10.0,9.932707919898972,2.1291696542263194,-1.0
17032,JEWELL TOWNE VINEYARDS,12752,2024-10-25,2024-11-04,10.0,1168.56,8-15 days,0,10.0,9.932707919898972,2.1291696542263194,0.0
17032,JEWELL TOWNE VINEYARDS,12843,2024-10-31,2024-11-11,11.0,717.12,8-15 days,0,10.0,9.932707919898972,2.1291696542263194,1.0
17032,JEWELL TOWNE VINEYARDS,12959,2024-11-07,2024-11-18,11.0,929.69,8-15 days,0,10.0,9.932707919898972,2.1291696542263194,1.0
17032,JEWELL TOWNE VINEYARDS,13087,2024-11-16,2024-11-26,10.0,947.52,8-15 days,0,10.0,9.932707919898972,2.1291696542263194,0.0
17032,JEWELL TOWNE VINEYARDS,13211,2024-11-24,2024-12-02,8.0,1340.46,8-15 days,0,10.0,9.932707919898972,2.1291696542263194,-2.0
17032,JEWELL TOWNE VINEYARDS,13241,2024-11-27,2024-12-09,12.0,634.08,8-15 days,0,10.0,9.932707919898972,2.1291696542263194,2.0
17032,JEWELL TOWNE VINEYARDS,13361,2024-12-05,2024-12-16,11.0,412.08,8-15 days,0,10.0,9.932707919898972,2.1291696542263194,1.0
17032,JEWELL TOWNE VINEYARDS,13451,2024-12-11,2024-12-24,13.0,1015.06,8-15 days,0,10.0,9.932707919898972,2.1291696542263194,3.0
17032,JEWELL TOWNE VINEYARDS,13649,2024-12-23,2024-12-31,8.0,2520.08,8-15 days,0,10.0,9.932707919898972,2.1291696542263194,-2.0
17033,SEA BREEZE CELLARS LLC,8301,2024-01-01,2024-01-08,7.0,1234.26,0-7 days,0,10.0,9.932707919898972,2.1291696542263194,-3.0
17033,SEA BREEZE CELLARS LLC,8350,2024-01-05,2024-01-15,10.0,581.07,8-15 days,0,10.0,9.932707919898972,2.1291696542263194,0.0
17033,SEA BREEZE CELLARS LLC,8466,2024-01-13,2024-01-19,6.0,176.76,0-7 days,0,10.0,9.932707919898972,2.1291696542263194,-4.0
17033,SEA BREEZE CELLARS LLC,8563,2024-01-20,2024-01-30,10.0,1100.66,8-15 days,0,10.0,9.932707919898972,2.1291696542263194,0.0
17033,SEA BREEZE CELLARS LLC,8702,2024-01-29,2024-02-05,7.0,2677.14,0-7 days,0,10.0,9.932707919898972,2.1291696542263194,-3.0
17033,SEA BREEZE CELLARS LLC,8733,2024-02-01,2024-02-11,10.0,1134.56,8-15 days,0,10.0,9.932707919898972,2.1291696542263194,0.0
17033,SEA BREEZE CELLARS LLC,8821,2024-02-07,2024-02-19,12.0,1280.52,8-15 days,0,10.0,9.932707919898972,2.1291696542263194,2.0
17033,SEA BREEZE CELLARS LLC,9006,2024-02-19,2024-02-26,7.0,1294.49,0-7 days,0,10.0,9.932707919898972,2.1291696542263194,-3.0
17033,SEA BREEZE CELLARS LLC,9053,2024-02-23,2024-03-03,9.0,230.48,8-15 days,0,10.0,9.932707919898972,2.1291696542263194,-1.0
17033,SEA BREEZE CELLARS LLC,9158,2024-03-01,2024-03-11,10.0,974.64,8-15 days,0,10.0,9.932707919898972,2.1291696542263194,0.0
17033,SEA BREEZE CELLARS LLC,9293,2024-03-10,2024-03-17,7.0,255.3,0-7 days,0,10.0,9.932707919898972,2.1291696542263194,-3.0
17033,SEA BREEZE CELLARS LLC,9408,2024-03-18,2024-03-24,6.0,505.56,0-7 days,0,10.0,9.932707919898972,2.1291696542263194,-4.0
17033,SEA BREEZE CELLARS LLC,9486,2024-03-23,2024-03-31,8.0,342.09,8-15 days,0,10.0,9.932707919898972,2.1291696542263194,-2.0
17033,SEA BREEZE CELLARS LLC,9612,2024-04-01,2024-04-07,6.0,877.92,0-7 days,0,10.0,9.932707919898972,2.1291696542263194,-4.0
17033,SEA BREEZE CELLARS LLC,9701,2024-04-07,2024-04-15,8.0,922.8,8-15 days,0,10.0,9.932707919898972,2.1291696542263194,-2.0
17033,SEA BREEZE CELLARS LLC,9730,2024-04-10,2024-04-21,11.0,94.68,8-15 days,0,10.0,9.932707919898972,2.1291696542263194,1.0
17033,SEA BREEZE CELLARS LLC,9895,2024-04-21,2024-04-29,8.0,409.35,8-15 days,0,10.0,9.932707919898972,2.1291696542263194,-2.0
17033,SEA BREEZE CELLARS LLC,10016,2024-04-29,2024-05-05,6.0,2176.86,0-7 days,0,10.0,9.932707919898972,2.1291696542263194,-4.0
17033,SEA BREEZE CELLARS LLC,10029,2024-05-01,2024-05-13,12.0,2982.82,8-15 days,0,10.0,9.932707919898972,2.1291696542263194,2.0
17033,SEA BREEZE CELLARS LLC,10182,2024-05-11,2024-05-20,9.0,4074.73,8-15 days,0,10.0,9.932707919898972,2.1291696542263194,-1.0
17033,SEA BREEZE CELLARS LLC,10286,2024-05-18,2024-05-27,9.0,683.64,8-15 days,0,10.0,9.932707919898972,2.1291696542263194,-1.0
17033,SEA BREEZE CELLARS LLC,10355,2024-05-23,2024-06-03,11.0,1440.12,8-15 days,0,10.0,9.932707919898972,2.1291696542263194,1.0
17033,SEA BREEZE CELLARS LLC,10508,2024-06-02,2024-06-10,8.0,1792.95,8-15 days,0,10.0,9.932707919898972,2.1291696542263194,-2.0
17033,SEA BREEZE CELLARS LLC,10542,2024-06-05,2024-06-17,12.0,1115.91,8-15 days,0,10.0,9.932707919898972,2.1291696542263194,2.0
17033,SEA BREEZE CELLARS LLC,10728,2024-06-17,2024-06-24,7.0,377.76,0-7 days,0,10.0,9.932707919898972,2.1291696542263194,-3.0
17033,SEA BREEZE CELLARS LLC,10825,2024-06-24,2024-06-29,5.0,573.18,0-7 days,0,10.0,9.932707919898972,2.1291696542263194,-5.0
17033,SEA BREEZE CELLARS LLC,10895,2024-06-25,2024-07-01,6.0,381.44,0-7 days,0,10.0,9.932707919898972,2.1291696542263194,-4.0
17033,SEA BREEZE CELLARS LLC,11018,2024-07-01,2024-07-08,7.0,1915.14,0-7 days,0,10.0,9.932707919898972,2.1291696542263194,-3.0
17033,SEA BREEZE CELLARS LLC,11089,2024-07-06,2024-07-16,10.0,780.18,8-15 days,0,10.0,9.932707919898972,2.1291696542263194,0.0
17033,SEA BREEZE CELLARS LLC,11148,2024-07-11,2024-07-22,11.0,10825.89,8-15 days,0,10.0,9.932707919898972,2.1291696542263194,1.0
17033,SEA BREEZE CELLARS LLC,11236,2024-07-17,2024-07-28,11.0,756.54,8-15 days,0,10.0,9.932707919898972,2.1291696542263194,1.0
17033,SEA BREEZE CELLARS LLC,11357,2024-07-25,2024-08-06,12.0,1174.78,8-15 days,0,10.0,9.932707919898972,2.1291696542263194,2.0
17033,SEA BREEZE CELLARS LLC,11486,2024-08-03,2024-08-11,8.0,950.04,8-15 days,0,10.0,9.932707919898972,2.1291696542263194,-2.0
17033,SEA BREEZE CELLARS LLC,11600,2024-08-10,2024-08-19,9.0,5878.52,8-15 days,0,10.0,9.932707919898972,2.1291696542263194,-1.0
17033,SEA BREEZE CELLARS LLC,11681,2024-08-16,2024-08-26,10.0,2173.62,8-15 days,0,10.0,9.932707919898972,2.1291696542263194,0.0
17033,SEA BREEZE CELLARS LLC,11762,2024-08-22,2024-09-02,11.0,511.92,8-15 days,0,10.0,9.932707919898972,2.1291696542263194,1.0
17033,SEA BREEZE CELLARS LLC,11853,2024-08-29,2024-09-09,11.0,1485.24,8-15 days,0,10.0,9.932707919898972,2.1291696542263194,1.0
17033,SEA BREEZE CELLARS LLC,12034,2024-09-09,2024-09-16,7.0,1244.79,0-7 days,0,10.0,9.932707919898972,2.1291696542263194,-3.0
17033,SEA BREEZE CELLARS LLC,12119,2024-09-15,2024-09-23,8.0,2283.48,8-15 days,0,10.0,9.932707919898972,2.1291696542263194,-2.0
17033,SEA BREEZE CELLARS LLC,12228,2024-09-22,2024-09-29,7.0,2489.04,0-7 days,0,10.0,9.932707919898972,2.1291696542263194,-3.0
17033,SEA BREEZE CELLARS LLC,12363,2024-09-27,2024-10-08,11.0,11480.91,8-15 days,0,10.0,9.932707919898972,2.1291696542263194,1.0
17033,SEA BREEZE CELLARS LLC,12477,2024-10-05,2024-10-16,11.0,6012.15,8-15 days,0,10.0,9.932707919898972,2.1291696542263194,1.0
17033,SEA BREEZE CELLARS LLC,12581,2024-10-12,2024-10-21,9.0,8873.88,8-15 days,0,10.0,9.932707919898972,2.1291696542263194,-1.0
17033,SEA BREEZE CELLARS LLC,12627,2024-10-16,2024-10-28,12.0,842.85,8-15 days,0,10.0,9.932707919898972,2.1291696542263194,2.0
17033,SEA BREEZE CELLARS LLC,12821,2024-10-28,2024-11-05,8.0,1348.29,8-15 days,0,10.0,9.932707919898972,2.1291696542263194,-2.0
17033,SEA BREEZE CELLARS LLC,12901,2024-11-03,2024-11-11,8.0,1060.2,8-15 days,0,10.0,9.932707919898972,2.1291696542263194,-2.0
17033,SEA BREEZE CELLARS LLC,12967,2024-11-07,2024-11-18,11.0,1307.16,8-15 days,0,10.0,9.932707919898972,2.1291696542263194,1.0
17033,SEA BREEZE CELLARS LLC,13078,2024-11-15,2024-11-26,11.0,8223.5,8-15 days,0,10.0,9.932707919898972,2.1291696542263194,1.0
17033,SEA BREEZE CELLARS LLC,13233,2024-11-25,2024-11-30,5.0,722.16,0-7 days,0,10.0,9.932707919898972,2.1291696542263194,-5.0
17033,SEA BREEZE CELLARS LLC,13248,2024-11-27,2024-12-09,12.0,1730.37,8-15 days,0,10.0,9.932707919898972,2.1291696542263194,2.0
17033,SEA BREEZE CELLARS LLC,13403,2024-12-07,2024-12-16,9.0,1290.84,8-15 days,0,10.0,9.932707919898972,2.1291696542263194,-1.0
17033,SEA BREEZE CELLARS LLC,13457,2024-12-11,2024-12-23,12.0,1626.48,8-15 days,0,10.0,9.932707919898972,2.1291696542263194,2.0
17033,SEA BREEZE CELLARS LLC,13603,2024-12-20,2024-12-30,10.0,2268.43,8-15 days,0,10.0,9.932707919898972,2.1291696542263194,0.0
17035,PERNOD RICARD USA,8181,2023-12-24,2024-01-03,10.0,80916.64,8-15 days,0,10.0,9.932707919898972,2.1291696542263194,0.0
17035,PERNOD RICARD USA,8257,2023-12-30,2024-01-10,11.0,467506.21,8-15 days,0,10.0,9.932707919898972,2.1291696542263194,1.0
17035,PERNOD RICARD USA,8315,2024-01-03,2024-01-17,14.0,220470.75,8-15 days,0,10.0,9.932707919898972,2.1291696542263194,4.0
17035,PERNOD RICARD USA,8489,2024-01-15,2024-01-24,9.0,212926.15,8-15 days,0,10.0,9.932707919898972,2.1291696542263194,-1.0
17035,PERNOD RICARD USA,8507,2024-01-17,2024-01-31,14.0,280480.61,8-15 days,0,10.0,9.932707919898972,2.1291696542263194,4.0
17035,PERNOD RICARD USA,8609,2024-01-24,2024-02-06,13.0,323620.48,8-15 days,0,10.0,9.932707919898972,2.1291696542263194,3.0
17035,PERNOD RICARD USA,8805,2024-02-05,2024-02-14,9.0,271024.21,8-15 days,0,10.0,9.932707919898972,2.1291696542263194,-1.0
17035,PERNOD RICARD USA,8866,2024-02-10,2024-02-21,11.0,345003.69,8-15 days,0,10.0,9.932707919898972,2.1291696542263194,1.0
17035,PERNOD RICARD USA,8918,2024-02-14,2024-02-27,13.0,729783.09,8-15 days,0,10.0,9.932707919898972,2.1291696542263194,3.0
17035,PERNOD RICARD USA,9028,2024-02-21,2024-03-05,13.0,373558.63,8-15 days,0,10.0,9.932707919898972,2.1291696542263194,3.0
17035,PERNOD RICARD USA,9156,2024-03-01,2024-03-13,12.0,364414.82,8-15 days,0,10.0,9.932707919898972,2.1291696542263194,2.0
17035,PERNOD RICARD USA,9291,2024-03-10,2024-03-20,10.0,318218.51,8-15 days,0,10.0,9.932707919898972,2.1291696542263194,0.0
17035,PERNOD RICARD USA,9339,2024-03-14,2024-03-26,12.0,280795.82,8-15 days,0,10.0,9.932707919898972,2.1291696542263194,2.0
17035,PERNOD RICARD USA,9440,2024-03-21,2024-04-03,13.0,376231.43,8-15 days,0,10.0,9.932707919898972,2.1291696542263194,3.0
17035,PERNOD RICARD USA,9590,2024-03-31,2024-04-10,10.0,275609.94,8-15 days,0,10.0,9.932707919898972,2.1291696542263194,0.0
17035,PERNOD RICARD USA,9631,2024-04-03,2024-04-17,14.0,247475.37,8-15 days,0,10.0,9.932707919898972,2.1291696542263194,4.0
17035,PERNOD RICARD USA,9811,2024-04-15,2024-04-24,9.0,360566.36,8-15 days,0,10.0,9.932707919898972,2.1291696542263194,-1.0
17035,PERNOD RICARD USA,9840,2024-04-18,2024-05-01,13.0,436431.2,8-15 days,0,10.0,9.932707919898972,2.1291696542263194,3.0
17035,PERNOD RICARD USA,10014,2024-04-29,2024-05-08,9.0,413006.63,8-15 days,0,10.0,9.932707919898972,2.1291696542263194,-1.0
17035,PERNOD RICARD USA,10059,2024-05-03,2024-05-15,12.0,324378.86,8-15 days,0,10.0,9.932707919898972,2.1291696542263194,2.0
17035,PERNOD RICARD USA,10179,2024-05-11,2024-05-21,10.0,367331.89,8-15 days,0,10.0,9.932707919898972,2.1291696542263194,0.0
17035,PERNOD RICARD USA,10248,2024-05-16,2024-05-29,13.0,582958.74,8-15 days,0,10.0,9.932707919898972,2.1291696542263194,3.0
17035,PERNOD RICARD USA,10353,2024-05-23,2024-06-05,13.0,496030.34,8-15 days,0,10.0,9.932707919898972,2.1291696542263194,3.0
17035,PERNOD RICARD USA,10503,2024-06-02,2024-06-12,10.0,466135.53,8-15 days,0,10.0,9.932707919898972,2.1291696542263194,0.0
17035,PERNOD RICARD USA,10606,2024-06-09,2024-06-19,10.0,441508.33,8-15 days,0,10.0,9.932707919898972,2.1291696542263194,0.0
17035,PERNOD RICARD USA,10672,2024-06-14,2024-06-26,12.0,486813.18,8-15 days,0,10.0,9.932707919898972,2.1291696542263194,2.0
17035,PERNOD RICARD USA,10772,2024-06-21,2024-06-30,9.0,374181.16,8-15 days,0,10.0,9.932707919898972,2.1291696542263194,-1.0
17035,PERNOD RICARD USA,10885,2024-06-25,2024-07-03,8.0,85185.11,8-15 days,0,10.0,9.932707919898972,2.1291696542263194,-2.0
17035,PERNOD RICARD USA,10973,2024-06-29,2024-07-10,11.0,682199.09,8-15 days,0,10.0,9.932707919898972,2.1291696542263194,1.0
17035,PERNOD RICARD USA,11103,2024-07-07,2024-07-17,10.0,537701.76,8-15 days,0,10.0,9.932707919898972,2.1291696542263194,0.0
17035,PERNOD RICARD USA,11200,2024-07-14,2024-07-24,10.0,713452.81,8-15 days,0,10.0,9.932707919898972,2.1291696542263194,0.0
17035,PERNOD RICARD USA,11250,2024-07-18,2024-07-31,13.0,568253.17,8-15 days,0,10.0,9.932707919898972,2.1291696542263194,3.0
17035,PERNOD RICARD USA,11372,2024-07-26,2024-08-07,12.0,448082.39,8-15 days,0,10.0,9.932707919898972,2.1291696542263194,2.0
17035,PERNOD RICARD USA,11483,2024-08-03,2024-08-14,11.0,452627.45,8-15 days,0,10.0,9.932707919898972,2.1291696542263194,1.0
17035,PERNOD RICARD USA,11552,2024-08-08,2024-08-21,13.0,608923.57,8-15 days,0,10.0,9.932707919898972,2.1291696542263194,3.0
17035,PERNOD RICARD USA,11679,2024-08-16,2024-08-28,12.0,473658.8,8-15 days,0,10.0,9.932707919898972,2.1291696542263194,2.0
17035,PERNOD RICARD USA,11783,2024-08-23,2024-09-04,12.0,606302.79,8-15 days,0,10.0,9.932707919898972,2.1291696542263194,2.0
17035,PERNOD RICARD USA,11891,2024-08-31,2024-09-11,11.0,524622.06,8-15 days,0,10.0,9.932707919898972,2.1291696542263194,1.0
17035,PERNOD RICARD USA,12031,2024-09-09,2024-09-18,9.0,323471.71,8-15 days,0,10.0,9.932707919898972,2.1291696542263194,-1.0
17035,PERNOD RICARD USA,12070,2024-09-12,2024-09-25,13.0,410136.64,8-15 days,0,10.0,9.932707919898972,2.1291696542263194,3.0
17035,PERNOD RICARD USA,12203,2024-09-21,2024-09-30,9.0,723272.41,8-15 days,0,10.0,9.932707919898972,2.1291696542263194,-1.0
17035,PERNOD RICARD USA,12285,2024-09-23,2024-10-02,9.0,9910.15,8-15 days,0,10.0,9.932707919898972,2.1291696542263194,-1.0
17035,PERNOD RICARD USA,12402,2024-09-30,2024-10-09,9.0,478178.46,8-15 days,0,10.0,9.932707919898972,2.1291696542263194,-1.0
17035,PERNOD RICARD USA,12475,2024-10-05,2024-10-16,11.0,416593.78,8-15 days,0,10.0,9.932707919898972,2.1291696542263194,1.0
17035,PERNOD RICARD USA,12546,2024-10-10,2024-10-23,13.0,489553.08,8-15 days,0,10.0,9.932707919898972,2.1291696542263194,3.0
17035,PERNOD RICARD USA,12714,2024-10-21,2024-10-30,9.0,627258.0,8-15 days,0,10.0,9.932707919898972,2.1291696542263194,-1.0
17035,PERNOD RICARD USA,12819,2024-10-28,2024-11-06,9.0,595175.49,8-15 days,0,10.0,9.932707919898972,2.1291696542263194,-1.0
17035,PERNOD RICARD USA,12919,2024-11-04,2024-11-13,9.0,666112.52,8-15 days,0,10.0,9.932707919898972,2.1291696542263194,-1.0
17035,PERNOD RICARD USA,12996,2024-11-09,2024-11-20,11.0,546051.11,8-15 days,0,10.0,9.932707919898972,2.1291696542263194,1.0
17035,PERNOD RICARD USA,13040,2024-11-13,2024-11-27,14.0,374567.09,8-15 days,0,10.0,9.932707919898972,2.1291696542263194,4.0
17035,PERNOD RICARD USA,13194,2024-11-23,2024-12-03,10.0,518613.0,8-15 days,0,10.0,9.932707919898972,2.1291696542263194,0.0
17035,PERNOD RICARD USA,13246,2024-11-27,2024-12-11,14.0,487646.06,8-15 days,0,10.0,9.932707919898972,2.1291696542263194,4.0
17035,PERNOD RICARD USA,13437,2024-12-09,2024-12-18,9.0,581589.12,8-15 days,0,10.0,9.932707919898972,2.1291696542263194,-1.0
17035,PERNOD RICARD USA,13477,2024-12-12,2024-12-24,12.0,593991.02,8-15 days,0,10.0,9.932707919898972,2.1291696542263194,2.0
17035,PERNOD RICARD USA,13580,2024-12-19,2024-12-31,12.0,663584.35,8-15 days,0,10.0,9.932707919898972,2.1291696542263194,2.0
17037,Dunn Wine Brokers,8272,2023-12-31,2024-01-08,8.0,287.88,8-15 days,0,10.0,9.932707919898972,2.1291696542263194,-2.0
17037,Dunn Wine Brokers,8380,2024-01-07,2024-01-14,7.0,702.18,0-7 days,0,10.0,9.932707919898972,2.1291696542263194,-3.0
17037,Dunn Wine Brokers,8422,2024-01-11,2024-01-21,10.0,607.26,8-15 days,0,10.0,9.932707919898972,2.1291696542263194,0.0
17037,Dunn Wine Brokers,8524,2024-01-18,2024-01-30,12.0,14108.43,8-15 days,0,10.0,9.932707919898972,2.1291696542263194,2.0
17037,Dunn Wine Brokers,8635,2024-01-26,2024-02-05,10.0,3887.14,8-15 days,0,10.0,9.932707919898972,2.1291696542263194,0.0
17037,Dunn Wine Brokers,8745,2024-02-02,2024-02-12,10.0,6743.06,8-15 days,0,10.0,9.932707919898972,2.1291696542263194,0.0
17037,Dunn Wine Brokers,8809,2024-02-07,2024-02-19,12.0,1149.12,8-15 days,0,10.0,9.932707919898972,2.1291696542263194,2.0
17037,Dunn Wine Brokers,8926,2024-02-15,2024-02-25,10.0,839.76,8-15 days,0,10.0,9.932707919898972,2.1291696542263194,0.0
17037,Dunn Wine Brokers,9099,2024-02-26,2024-03-03,6.0,684.0,0-7 days,0,10.0,9.932707919898972,2.1291696542263194,-4.0
17037,Dunn Wine Brokers,9182,2024-03-03,2024-03-11,8.0,535.8,8-15 days,0,10.0,9.932707919898972,2.1291696542263194,-2.0
17037,Dunn Wine Brokers,9303,2024-03-11,2024-03-18,7.0,228.0,0-7 days,0,10.0,9.932707919898972,2.1291696542263194,-3.0
17037,Dunn Wine Brokers,9394,2024-03-18,2024-03-24,6.0,719.76,0-7 days,0,10.0,9.932707919898972,2.1291696542263194,-4.0
17037,Dunn Wine Brokers,9418,2024-03-20,2024-03-31,11.0,846.99,8-15 days,0,10.0,9.932707919898972,2.1291696542263194,1.0
17037,Dunn Wine Brokers,9603,2024-04-01,2024-04-08,7.0,661.2,0-7 days,0,10.0,9.932707919898972,2.1291696542263194,-3.0
17037,Dunn Wine Brokers,9693,2024-04-07,2024-04-15,8.0,828.36,8-15 days,0,10.0,9.932707919898972,2.1291696542263194,-2.0
17037,Dunn Wine Brokers,9740,2024-04-11,2024-04-22,11.0,571.2,8-15 days,0,10.0,9.932707919898972,2.1291696542263194,1.0
17037,Dunn Wine Brokers,9889,2024-04-21,2024-04-28,7.0,594.36,0-7 days,0,10.0,9.932707919898972,2.1291696542263194,-3.0
17037,Dunn Wine Brokers,9957,2024-04-26,2024-05-06,10.0,1033.98,8-15 days,0,10.0,9.932707919898972,2.1291696542263194,0.0
17037,Dunn Wine Brokers,10057,2024-05-03,2024-05-12,9.0,820.8,8-15 days,0,10.0,9.932707919898972,2.1291696542263194,-1.0
17037,Dunn Wine Brokers,10174,2024-05-11,2024-05-20,9.0,2156.02,8-15 days,0,10.0,9.932707919898972,2.1291696542263194,-1.0
17037,Dunn Wine Brokers,10228,2024-05-15,2024-05-28,13.0,2960.16,8-15 days,0,10.0,9.932707919898972,2.1291696542263194,3.0
17037,Dunn Wine Brokers,10382,2024-05-25,2024-06-03,9.0,976.56,8-15 days,0,10.0,9.932707919898972,2.1291696542263194,-1.0
17037,Dunn Wine Brokers,10434,2024-05-29,2024-06-09,11.0,1052.94,8-15 days,0,10.0,9.932707919898972,2.1291696542263194,1.0
17037,Dunn Wine Brokers,10568,2024-06-07,2024-06-18,11.0,1041.6,8-15 days,0,10.0,9.932707919898972,2.1291696542263194,1.0
17037,Dunn Wine Brokers,10649,2024-06-13,2024-06-23,10.0,594.36,8-15 days,0,10.0,9.932707919898972,2.1291696542263194,0.0
17037,Dunn Wine Brokers,10737,2024-06-19,2024-06-30,11.0,897.48,8-15 days,0,10.0,9.932707919898972,2.1291696542263194,1.0
17037,Dunn Wine Brokers,10855,2024-06-25,2024-07-03,8.0,136.8,8-15 days,0,10.0,9.932707919898972,2.1291696542263194,-2.0
17037,Dunn Wine Brokers,11006,2024-07-01,2024-07-08,7.0,845.16,0-7 days,0,10.0,9.932707919898972,2.1291696542263194,-3.0
17037,Dunn Wine Brokers,11073,2024-07-05,2024-07-15,10.0,554.76,8-15 days,0,10.0,9.932707919898972,2.1291696542263194,0.0
17037,Dunn Wine Brokers,11127,2024-07-10,2024-07-21,11.0,457.56,8-15 days,0,10.0,9.932707919898972,2.1291696542263194,1.0
17037,Dunn Wine Brokers,11247,2024-07-18,2024-07-29,11.0,786.6,8-15 days,0,10.0,9.932707919898972,2.1291696542263194,1.0
17037,Dunn Wine Brokers,11384,2024-07-27,2024-08-05,9.0,739.92,8-15 days,0,10.0,9.932707919898972,2.1291696542263194,-1.0
17037,Dunn Wine Brokers,11494,2024-08-04,2024-08-12,8.0,661.2,8-15 days,0,10.0,9.932707919898972,2.1291696542263194,-2.0
17037,Dunn Wine Brokers,11610,2024-08-11,2024-08-20,9.0,8782.86,8-15 days,0,10.0,9.932707919898972,2.1291696542263194,-1.0
17037,Dunn Wine Brokers,11655,2024-08-15,2024-08-25,10.0,403.4,8-15 days,0,10.0,9.932707919898972,2.1291696542263194,0.0
17037,Dunn Wine Brokers,11795,2024-08-24,2024-09-02,9.0,2385.72,8-15 days,0,10.0,9.932707919898972,2.1291696542263194,-1.0
17037,Dunn Wine Brokers,11923,2024-09-02,2024-09-09,7.0,798.0,0-7 days,0,10.0,9.932707919898972,2.1291696542263194,-3.0
17037,Dunn Wine Brokers,12015,2024-09-08,2024-09-17,9.0,981.96,8-15 days,0,10.0,9.932707919898972,2.1291696542263194,-1.0
17037,Dunn Wine Brokers,12112,2024-09-15,2024-09-23,8.0,1293.72,8-15 days,0,10.0,9.932707919898972,2.1291696542263194,-2.0
17037,Dunn Wine Brokers,12195,2024-09-21,2024-09-30,9.0,1483.64,8-15 days,0,10.0,9.932707919898972,2.1291696542263194,-1.0
17037,Dunn Wine Brokers,12336,2024-09-26,2024-10-07,11.0,1130.16,8-15 days,0,10.0,9.932707919898972,2.1291696542263194,1.0
17037,Dunn Wine Brokers,12442,2024-10-03,2024-10-14,11.0,977.52,8-15 days,0,10.0,9.932707919898972,2.1291696542263194,1.0
17037,Dunn Wine Brokers,12604,2024-10-14,2024-10-20,6.0,695.04,0-7 days,0,10.0,9.932707919898972,2.1291696542263194,-4.0
17037,Dunn Wine Brokers,12706,2024-10-21,2024-10-25,4.0,183.96,0-7 days,0,10.0,9.932707919898972,2.1291696542263194,-6.0
17037,Dunn Wine Brokers,12741,2024-10-24,2024-11-01,8.0,471.84,8-15 days,0,10.0,9.932707919898972,2.1291696542263194,-2.0
17037,Dunn Wine Brokers,12893,2024-11-03,2024-11-11,8.0,173.76,8-15 days,0,10.0,9.932707919898972,2.1291696542263194,-2.0
17037,Dunn Wine Brokers,12956,2024-11-07,2024-11-16,9.0,617.4,8-15 days,0,10.0,9.932707919898972,2.1291696542263194,-1.0
17037,Dunn Wine Brokers,13376,2024-12-06,2024-12-17,11.0,311.52,8-15 days,0,10.0,9.932707919898972,2.1291696542263194,1.0
17037,Dunn Wine Brokers,13488,2024-12-13,2024-12-23,10.0,1470.44,8-15 days,0,10.0,9.932707919898972,2.1291696542263194,0.0
17037,Dunn Wine Brokers,13630,2024-12-22,2024-12-26,4.0,183.96,0-7 days,0,10.0,9.932707919898972,2.1291696542263194,-6.0
28750,SMOKY QUARTZ DISTILLERY LLC,8281,2023-12-31,2024-01-06,6.0,775.08,0-7 days,0,10.0,9.932707919898972,2.1291696542263194,-4.0
28750,SMOKY QUARTZ DISTILLERY LLC,8368,2024-01-06,2024-01-14,8.0,516.72,8-15 days,0,10.0,9.932707919898972,2.1291696542263194,-2.0
28750,SMOKY QUARTZ DISTILLERY LLC,8543,2024-01-19,2024-01-29,10.0,187.37,8-15 days,0,10.0,9.932707919898972,2.1291696542263194,0.0
28750,SMOKY QUARTZ DISTILLERY LLC,8806,2024-02-05,2024-02-11,6.0,248.76,0-7 days,0,10.0,9.932707919898972,2.1291696542263194,-4.0
28750,SMOKY QUARTZ DISTILLERY LLC,8884,2024-02-11,2024-02-18,7.0,263.88,0-7 days,0,10.0,9.932707919898972,2.1291696542263194,-3.0
28750,SMOKY QUARTZ DISTILLERY LLC,9030,2024-02-21,2024-02-29,8.0,258.36,8-15 days,0,10.0,9.932707919898972,2.1291696542263194,-2.0
28750,SMOKY QUARTZ DISTILLERY LLC,9126,2024-02-28,2024-03-10,11.0,270.75,8-15 days,0,10.0,9.932707919898972,2.1291696542263194,1.0
28750,SMOKY QUARTZ DISTILLERY LLC,9224,2024-03-06,2024-03-18,12.0,1623.39,8-15 days,0,10.0,9.932707919898972,2.1291696542263194,2.0
28750,SMOKY QUARTZ DISTILLERY LLC,9381,2024-03-17,2024-03-23,6.0,775.08,0-7 days,0,10.0,9.932707919898972,2.1291696542263194,-4.0
28750,SMOKY QUARTZ DISTILLERY LLC,9613,2024-04-01,2024-04-07,6.0,248.76,0-7 days,0,10.0,9.932707919898972,2.1291696542263194,-4.0
28750,SMOKY QUARTZ DISTILLERY LLC,9702,2024-04-07,2024-04-12,5.0,516.72,0-7 days,0,10.0,9.932707919898972,2.1291696542263194,-5.0
28750,SMOKY QUARTZ DISTILLERY LLC,9732,2024-04-10,2024-04-21,11.0,263.88,8-15 days,0,10.0,9.932707919898972,2.1291696542263194,1.0
28750,SMOKY QUARTZ DISTILLERY LLC,9946,2024-04-25,2024-05-05,10.0,1014.24,8-15 days,0,10.0,9.932707919898972,2.1291696542263194,0.0
28750,SMOKY QUARTZ DISTILLERY LLC,10061,2024-05-03,2024-05-10,7.0,258.36,0-7 days,0,10.0,9.932707919898972,2.1291696542263194,-3.0
28750,SMOKY QUARTZ DISTILLERY LLC,10142,2024-05-09,2024-05-22,13.0,105.71,8-15 days,0,10.0,9.932707919898972,2.1291696542263194,3.0
28750,SMOKY QUARTZ DISTILLERY LLC,10305,2024-05-19,2024-05-25,6.0,1044.48,0-7 days,0,10.0,9.932707919898972,2.1291696542263194,-4.0
28750,SMOKY QUARTZ DISTILLERY LLC,10423,2024-05-27,2024-06-03,7.0,2929.61,0-7 days,0,10.0,9.932707919898972,2.1291696542263194,-3.0
28750,SMOKY QUARTZ DISTILLERY LLC,10528,2024-06-03,2024-06-09,6.0,8419.08,0-7 days,0,10.0,9.932707919898972,2.1291696542263194,-4.0
28750,SMOKY QUARTZ DISTILLERY LLC,10544,2024-06-05,2024-06-17,12.0,569.11,8-15 days,0,10.0,9.932707919898972,2.1291696542263194,2.0
28750,SMOKY QUARTZ DISTILLERY LLC,10730,2024-06-17,2024-06-24,7.0,1562.44,0-7 days,0,10.0,9.932707919898972,2.1291696542263194,-3.0
28750,SMOKY QUARTZ DISTILLERY LLC,10793,2024-06-22,2024-06-29,7.0,834.44,0-7 days,0,10.0,9.932707919898972,2.1291696542263194,-3.0
28750,SMOKY QUARTZ DISTILLERY LLC,10900,2024-06-25,2024-07-02,7.0,264.48,0-7 days,0,10.0,9.932707919898972,2.1291696542263194,-3.0
28750,SMOKY QUARTZ DISTILLERY LLC,10993,2024-06-30,2024-07-08,8.0,1306.08,8-15 days,0,10.0,9.932707919898972,2.1291696542263194,-2.0
28750,SMOKY QUARTZ DISTILLERY LLC,11039,2024-07-03,2024-07-15,12.0,1057.32,8-15 days,0,10.0,9.932707919898972,2.1291696542263194,2.0
28750,SMOKY QUARTZ DISTILLERY LLC,11220,2024-07-15,2024-07-24,9.0,1337.07,8-15 days,0,10.0,9.932707919898972,2.1291696542263194,-1.0
28750,SMOKY QUARTZ DISTILLERY LLC,11293,2024-07-20,2024-07-29,9.0,1976.93,8-15 days,0,10.0,9.932707919898972,2.1291696542263194,-1.0
28750,SMOKY QUARTZ DISTILLERY LLC,11421,2024-07-29,2024-08-05,7.0,755.08,0-7 days,0,10.0,9.932707919898972,2.1291696542263194,-3.0
28750,SMOKY QUARTZ DISTILLERY LLC,11516,2024-08-05,2024-08-12,7.0,1733.34,0-7 days,0,10.0,9.932707919898972,2.1291696542263194,-3.0
28750,SMOKY QUARTZ DISTILLERY LLC,11579,2024-08-09,2024-08-21,12.0,2345.04,8-15 days,0,10.0,9.932707919898972,2.1291696542263194,2.0
28750,SMOKY QUARTZ DISTILLERY LLC,11682,2024-08-16,2024-08-27,11.0,4114.76,8-15 days,0,10.0,9.932707919898972,2.1291696542263194,1.0
28750,SMOKY QUARTZ DISTILLERY LLC,11741,2024-08-21,2024-08-31,10.0,1552.8,8-15 days,0,10.0,9.932707919898972,2.1291696542263194,0.0
28750,SMOKY QUARTZ DISTILLERY LLC,11914,2024-09-01,2024-09-10,9.0,1514.04,8-15 days,0,10.0,9.932707919898972,2.1291696542263194,-1.0
28750,SMOKY QUARTZ DISTILLERY LLC,12020,2024-09-08,2024-09-15,7.0,793.44,0-7 days,0,10.0,9.932707919898972,2.1291696542263194,-3.0
28750,SMOKY QUARTZ DISTILLERY LLC,12087,2024-09-13,2024-09-20,7.0,286.52,0-7 days,0,10.0,9.932707919898972,2.1291696542263194,-3.0
28750,SMOKY QUARTZ DISTILLERY LLC,12208,2024-09-21,2024-09-29,8.0,1453.83,8-15 days,0,10.0,9.932707919898972,2.1291696542263194,-2.0
28750,SMOKY QUARTZ DISTILLERY LLC,12387,2024-09-29,2024-10-06,7.0,1322.4,0-7 days,0,10.0,9.932707919898972,2.1291696542263194,-3.0
28750,SMOKY QUARTZ DISTILLERY LLC,12493,2024-10-06,2024-10-14,8.0,1051.2,8-15 days,0,10.0,9.932707919898972,2.1291696542263194,-2.0
28750,SMOKY QUARTZ DISTILLERY LLC,12531,2024-10-09,2024-10-21,12.0,2346.04,8-15 days,0,10.0,9.932707919898972,2.1291696542263194,2.0
28750,SMOKY QUARTZ DISTILLERY LLC,12646,2024-10-17,2024-10-28,11.0,771.4,8-15 days,0,10.0,9.932707919898972,2.1291696542263194,1.0
28750,SMOKY QUARTZ DISTILLERY LLC,12784,2024-10-26,2024-11-05,10.0,1580.76,8-15 days,0,10.0,9.932707919898972,2.1291696542263194,0.0
28750,SMOKY QUARTZ DISTILLERY LLC,12836,2024-10-30,2024-11-12,13.0,1564.84,8-15 days,0,10.0,9.932707919898972,2.1291696542263194,3.0
28750,SMOKY QUARTZ DISTILLERY LLC,12970,2024-11-07,2024-11-17,10.0,2049.12,8-15 days,0,10.0,9.932707919898972,2.1291696542263194,0.0
28750,SMOKY QUARTZ DISTILLERY LLC,13115,2024-11-17,2024-11-26,9.0,668.83,8-15 days,0,10.0,9.932707919898972,2.1291696542263194,-1.0
28750,SMOKY QUARTZ DISTILLERY LLC,13173,2024-11-22,2024-12-02,10.0,2015.44,8-15 days,0,10.0,9.932707919898972,2.1291696542263194,0.0
28750,SMOKY QUARTZ DISTILLERY LLC,13251,2024-11-27,2024-12-09,12.0,1256.48,8-15 days,0,10.0,9.932707919898972,2.1291696542263194,2.0
28750,SMOKY QUARTZ DISTILLERY LLC,13387,2024-12-06,2024-12-17,11.0,2649.97,8-15 days,0,10.0,9.932707919898972,2.1291696542263194,1.0
28750,SMOKY QUARTZ DISTILLERY LLC,13479,2024-12-12,2024-12-24,12.0,3262.12,8-15 days,0,10.0,9.932707919898972,2.1291696542263194,2.0
28750,SMOKY QUARTZ DISTILLERY LLC,13585,2024-12-19,2024-12-31,12.0,6088.16,8-15 days,0,10.0,9.932707919898972,2.1291696542263194,2.0
28776,TALL SHIP DISTILLERY LLC,8121,2023-12-20,2024-01-01,12.0,133.26,8-15 days,0,10.0,9.932707919898972,2.1291696542263194,2.0
28776,TALL SHIP DISTILLERY LLC,8230,2023-12-28,2024-01-09,12.0,229.61,8-15 days,0,10.0,9.932707919898972,2.1291696542263194,2.0
28776,TALL SHIP DISTILLERY LLC,8370,2024-01-06,2024-01-13,7.0,1020.6,0-7 days,0,10.0,9.932707919898972,2.1291696542263194,-3.0
28776,TALL SHIP DISTILLERY LLC,8452,2024-01-12,2024-01-19,7.0,259.8,0-7 days,0,10.0,9.932707919898972,2.1291696542263194,-3.0
28776,TALL SHIP DISTILLERY LLC,8545,2024-01-19,2024-01-29,10.0,22.21,8-15 days,0,10.0,9.932707919898972,2.1291696542263194,0.0
28776,TALL SHIP DISTILLERY LLC,8613,2024-01-24,2024-02-05,12.0,898.02,8-15 days,0,10.0,9.932707919898972,2.1291696542263194,2.0
28776,TALL SHIP DISTILLERY LLC,8717,2024-01-31,2024-02-11,11.0,122.58,8-15 days,0,10.0,9.932707919898972,2.1291696542263194,1.0
28776,TALL SHIP DISTILLERY LLC,8887,2024-02-11,2024-02-15,4.0,122.58,0-7 days,0,10.0,9.932707919898972,2.1291696542263194,-6.0
28776,TALL SHIP DISTILLERY LLC,8940,2024-02-15,2024-02-25,10.0,231.99,8-15 days,0,10.0,9.932707919898972,2.1291696542263194,0.0
28776,TALL SHIP DISTILLERY LLC,9093,2024-02-25,2024-03-03,7.0,519.6,0-7 days,0,10.0,9.932707919898972,2.1291696542263194,-3.0
28776,TALL SHIP DISTILLERY LLC,9147,2024-02-29,2024-03-10,10.0,750.12,8-15 days,0,10.0,9.932707919898972,2.1291696542263194,0.0
28776,TALL SHIP DISTILLERY LLC,9296,2024-03-10,2024-03-17,7.0,249.12,0-7 days,0,10.0,9.932707919898972,2.1291696542263194,-3.0
28776,TALL SHIP DISTILLERY LLC,9367,2024-03-16,2024-03-24,8.0,511.68,8-15 days,0,10.0,9.932707919898972,2.1291696542263194,-2.0
28776,TALL SHIP DISTILLERY LLC,9470,2024-03-22,2024-03-28,6.0,133.26,0-7 days,0,10.0,9.932707919898972,2.1291696542263194,-4.0
28776,TALL SHIP DISTILLERY LLC,9577,2024-03-30,2024-04-06,7.0,122.58,0-7 days,0,10.0,9.932707919898972,2.1291696542263194,-3.0
28776,TALL SHIP DISTILLERY LLC,9652,2024-04-04,2024-04-15,11.0,635.46,8-15 days,0,10.0,9.932707919898972,2.1291696542263194,1.0
28776,TALL SHIP DISTILLERY LLC,9829,2024-04-17,2024-04-28,11.0,502.2,8-15 days,0,10.0,9.932707919898972,2.1291696542263194,1.0
28776,TALL SHIP DISTILLERY LLC,9927,2024-04-24,2024-05-04,10.0,821.77,8-15 days,0,10.0,9.932707919898972,2.1291696542263194,0.0
28776,TALL SHIP DISTILLERY LLC,10077,2024-05-04,2024-05-11,7.0,515.64,0-7 days,0,10.0,9.932707919898972,2.1291696542263194,-3.0
28776,TALL SHIP DISTILLERY LLC,10166,2024-05-10,2024-05-20,10.0,298.88,8-15 days,0,10.0,9.932707919898972,2.1291696542263194,0.0
28776,TALL SHIP DISTILLERY LLC,10269,2024-05-17,2024-05-25,8.0,1013.88,8-15 days,0,10.0,9.932707919898972,2.1291696542263194,-2.0
28776,TALL SHIP DISTILLERY LLC,10358,2024-05-23,2024-05-31,8.0,255.84,8-15 days,0,10.0,9.932707919898972,2.1291696542263194,-2.0
28776,TALL SHIP DISTILLERY LLC,10530,2024-06-03,2024-06-10,7.0,1406.94,0-7 days,0,10.0,9.932707919898972,2.1291696542263194,-3.0
28776,TALL SHIP DISTILLERY LLC,10610,2024-06-09,2024-06-16,7.0,750.12,0-7 days,0,10.0,9.932707919898972,2.1291696542263194,-3.0
28776,TALL SHIP DISTILLERY LLC,10691,2024-06-15,2024-06-24,9.0,620.82,8-15 days,0,10.0,9.932707919898972,2.1291696542263194,-1.0
28776,TALL SHIP DISTILLERY LLC,10810,2024-06-23,2024-06-29,6.0,249.12,0-7 days,0,10.0,9.932707919898972,2.1291696542263194,-4.0
28776,TALL SHIP DISTILLERY LLC,10978,2024-06-29,2024-07-08,9.0,632.7,8-15 days,0,10.0,9.932707919898972,2.1291696542263194,-1.0
28776,TALL SHIP DISTILLERY LLC,11062,2024-07-04,2024-07-15,11.0,747.63,8-15 days,0,10.0,9.932707919898972,2.1291696542263194,1.0
28776,TALL SHIP DISTILLERY LLC,11203,2024-07-14,2024-07-21,7.0,10159.08,0-7 days,0,10.0,9.932707919898972,2.1291696542263194,-3.0
28776,TALL SHIP DISTILLERY LLC,11255,2024-07-18,2024-07-30,12.0,1279.8,8-15 days,0,10.0,9.932707919898972,2.1291696542263194,2.0
28776,TALL SHIP DISTILLERY LLC,11359,2024-07-25,2024-08-05,11.0,905.82,8-15 days,0,10.0,9.932707919898972,2.1291696542263194,1.0
28776,TALL SHIP DISTILLERY LLC,11518,2024-08-05,2024-08-11,6.0,779.4,0-7 days,0,10.0,9.932707919898972,2.1291696542263194,-4.0
28776,TALL SHIP DISTILLERY LLC,11557,2024-08-08,2024-08-20,12.0,1763.42,8-15 days,0,10.0,9.932707919898972,2.1291696542263194,2.0
28776,TALL SHIP DISTILLERY LLC,11713,2024-08-18,2024-08-26,8.0,502.2,8-15 days,0,10.0,9.932707919898972,2.1291696542263194,-2.0
28776,TALL SHIP DISTILLERY LLC,11787,2024-08-23,2024-09-02,10.0,511.68,8-15 days,0,10.0,9.932707919898972,2.1291696542263194,0.0
28776,TALL SHIP DISTILLERY LLC,11917,2024-09-01,2024-09-07,6.0,259.8,0-7 days,0,10.0,9.932707919898972,2.1291696542263194,-4.0
28776,TALL SHIP DISTILLERY LLC,12037,2024-09-09,2024-09-15,6.0,494.28,0-7 days,0,10.0,9.932707919898972,2.1291696542263194,-4.0
28776,TALL SHIP DISTILLERY LLC,12210,2024-09-21,2024-09-30,9.0,1389.75,8-15 days,0,10.0,9.932707919898972,2.1291696542263194,-1.0
28776,TALL SHIP DISTILLERY LLC,12366,2024-09-27,2024-10-06,9.0,253.08,8-15 days,0,10.0,9.932707919898972,2.1291696542263194,-1.0
28776,TALL SHIP DISTILLERY LLC,12435,2024-10-02,2024-10-14,12.0,756.84,8-15 days,0,10.0,9.932707919898972,2.1291696542263194,2.0
28776,TALL SHIP DISTILLERY LLC,12549,2024-10-10,2024-10-21,11.0,642.18,8-15 days,0,10.0,9.932707919898972,2.1291696542263194,1.0
28776,TALL SHIP DISTILLERY LLC,12687,2024-10-19,2024-10-28,9.0,282.01,8-15 days,0,10.0,9.932707919898972,2.1291696542263194,-1.0
28776,TALL SHIP DISTILLERY LLC,12767,2024-10-25,2024-11-04,10.0,1361.19,8-15 days,0,10.0,9.932707919898972,2.1291696542263194,0.0
28776,TALL SHIP DISTILLERY LLC,12924,2024-11-04,2024-11-11,7.0,590.77,0-7 days,0,10.0,9.932707919898972,2.1291696542263194,-3.0
28776,TALL SHIP DISTILLERY LLC,12945,2024-11-06,2024-11-18,12.0,1499.74,8-15 days,0,10.0,9.932707919898972,2.1291696542263194,2.0
28776,TALL SHIP DISTILLERY LLC,13079,2024-11-15,2024-11-25,10.0,746.62,8-15 days,0,10.0,9.932707919898972,2.1291696542263194,0.0
28776,TALL SHIP DISTILLERY LLC,13201,2024-11-23,2024-11-30,7.0,382.38,0-7 days,0,10.0,9.932707919898972,2.1291696542263194,-3.0
28776,TALL SHIP DISTILLERY LLC,13313,2024-12-01,2024-12-08,7.0,779.33,0-7 days,0,10.0,9.932707919898972,2.1291696542263194,-3.0
28776,TALL SHIP DISTILLERY LLC,13347,2024-12-04,2024-12-15,11.0,3426.96,8-15 days,0,10.0,9.932707919898972,2.1291696542263194,1.0
28776,TALL SHIP DISTILLERY LLC,13523,2024-12-14,2024-12-23,9.0,1241.7,8-15 days,0,10.0,9.932707919898972,2.1291696542263194,-1.0
28776,TALL SHIP DISTILLERY LLC,13566,2024-12-18,2024-12-31,13.0,4659.54,8-15 days,0,10.0,9.932707919898972,2.1291696542263194,3.0
90010,VINEXTRA INC,8205,2023-12-25,2024-01-01,7.0,176.04,0-7 days,0,10.0,9.932707919898972,2.1291696542263194,-3.0
90010,VINEXTRA INC,8267,2023-12-30,2024-01-08,9.0,1338.43,8-15 days,0,10.0,9.932707919898972,2.1291696542263194,-1.0
90010,VINEXTRA INC,8372,2024-01-06,2024-01-15,9.0,958.38,8-15 days,0,10.0,9.932707919898972,2.1291696542263194,-1.0
90010,VINEXTRA INC,8416,2024-01-10,2024-01-22,12.0,995.76,8-15 days,0,10.0,9.932707919898972,2.1291696542263194,2.0
90010,VINEXTRA INC,8567,2024-01-20,2024-01-29,9.0,2840.86,8-15 days,0,10.0,9.932707919898972,2.1291696542263194,-1.0
90010,VINEXTRA INC,8672,2024-01-27,2024-02-05,9.0,1686.02,8-15 days,0,10.0,9.932707919898972,2.1291696542263194,-1.0
90010,VINEXTRA INC,8759,2024-02-02,2024-02-12,10.0,1092.12,8-15 days,0,10.0,9.932707919898972,2.1291696542263194,0.0
90010,VINEXTRA INC,8890,2024-02-11,2024-02-21,10.0,1998.84,8-15 days,0,10.0,9.932707919898972,2.1291696542263194,0.0
90010,VINEXTRA INC,9012,2024-02-19,2024-02-26,7.0,1106.22,0-7 days,0,10.0,9.932707919898972,2.1291696542263194,-3.0
90010,VINEXTRA INC,9042,2024-02-22,2024-03-04,11.0,545.58,8-15 days,0,10.0,9.932707919898972,2.1291696542263194,1.0
90010,VINEXTRA INC,9212,2024-03-04,2024-03-11,7.0,891.84,0-7 days,0,10.0,9.932707919898972,2.1291696542263194,-3.0
90010,VINEXTRA INC,9241,2024-03-07,2024-03-17,10.0,514.2,8-15 days,0,10.0,9.932707919898972,2.1291696542263194,0.0
90010,VINEXTRA INC,9385,2024-03-17,2024-03-25,8.0,725.48,8-15 days,0,10.0,9.932707919898972,2.1291696542263194,-2.0
90010,VINEXTRA INC,9502,2024-03-24,2024-04-01,8.0,616.68,8-15 days,0,10.0,9.932707919898972,2.1291696542263194,-2.0
90010,VINEXTRA INC,9560,2024-03-29,2024-04-08,10.0,969.72,8-15 days,0,10.0,9.932707919898972,2.1291696542263194,0.0
90010,VINEXTRA INC,9637,2024-04-03,2024-04-15,12.0,1043.64,8-15 days,0,10.0,9.932707919898972,2.1291696542263194,2.0
90010,VINEXTRA INC,9760,2024-04-12,2024-04-22,10.0,2143.08,8-15 days,0,10.0,9.932707919898972,2.1291696542263194,0.0
90010,VINEXTRA INC,9885,2024-04-20,2024-04-29,9.0,2117.28,8-15 days,0,10.0,9.932707919898972,2.1291696542263194,-1.0
90010,VINEXTRA INC,9967,2024-04-26,2024-05-06,10.0,4438.56,8-15 days,0,10.0,9.932707919898972,2.1291696542263194,0.0
90010,VINEXTRA INC,10031,2024-05-01,2024-05-13,12.0,2295.36,8-15 days,0,10.0,9.932707919898972,2.1291696542263194,2.0
90010,VINEXTRA INC,10220,2024-05-13,2024-05-22,9.0,1539.79,8-15 days,0,10.0,9.932707919898972,2.1291696542263194,-1.0
90010,VINEXTRA INC,10323,2024-05-20,2024-05-29,9.0,1647.43,8-15 days,0,10.0,9.932707919898972,2.1291696542263194,-1.0
90010,VINEXTRA INC,10409,2024-05-26,2024-06-03,8.0,1464.13,8-15 days,0,10.0,9.932707919898972,2.1291696542263194,-2.0
90010,VINEXTRA INC,10462,2024-05-30,2024-06-12,13.0,1872.08,8-15 days,0,10.0,9.932707919898972,2.1291696542263194,3.0
90010,VINEXTRA INC,10612,2024-06-09,2024-06-17,8.0,1249.23,8-15 days,0,10.0,9.932707919898972,2.1291696542263194,-2.0
90010,VINEXTRA INC,10663,2024-06-13,2024-06-24,11.0,2988.56,8-15 days,0,10.0,9.932707919898972,2.1291696542263194,1.0
90010,VINEXTRA INC,10829,2024-06-24,2024-06-29,5.0,1248.88,0-7 days,0,10.0,9.932707919898972,2.1291696542263194,-5.0
90010,VINEXTRA INC,10912,2024-06-25,2024-07-02,7.0,187.92,0-7 days,0,10.0,9.932707919898972,2.1291696542263194,-3.0
90010,VINEXTRA INC,11022,2024-07-01,2024-07-08,7.0,3006.78,0-7 days,0,10.0,9.932707919898972,2.1291696542263194,-3.0
90010,VINEXTRA INC,11105,2024-07-07,2024-07-16,9.0,2050.92,8-15 days,0,10.0,9.932707919898972,2.1291696542263194,-1.0
90010,VINEXTRA INC,11186,2024-07-13,2024-07-22,9.0,2028.77,8-15 days,0,10.0,9.932707919898972,2.1291696542263194,-1.0
90010,VINEXTRA INC,11276,2024-07-19,2024-07-29,10.0,1437.92,8-15 days,0,10.0,9.932707919898972,2.1291696542263194,0.0
90010,VINEXTRA INC,11405,2024-07-28,2024-08-07,10.0,1148.73,8-15 days,0,10.0,9.932707919898972,2.1291696542263194,0.0
90010,VINEXTRA INC,11473,2024-08-02,2024-08-12,10.0,1850.52,8-15 days,0,10.0,9.932707919898972,2.1291696542263194,0.0
90010,VINEXTRA INC,11582,2024-08-09,2024-08-20,11.0,6723.06,8-15 days,0,10.0,9.932707919898972,2.1291696542263194,1.0
90010,VINEXTRA INC,11726,2024-08-19,2024-08-26,7.0,1329.79,0-7 days,0,10.0,9.932707919898972,2.1291696542263194,-3.0
90010,VINEXTRA INC,11806,2024-08-24,2024-09-02,9.0,1284.01,8-15 days,0,10.0,9.932707919898972,2.1291696542263194,-1.0
90010,VINEXTRA INC,11856,2024-08-29,2024-09-08,10.0,4461.58,8-15 days,0,10.0,9.932707919898972,2.1291696542263194,0.0
90010,VINEXTRA INC,12011,2024-09-07,2024-09-16,9.0,1882.56,8-15 days,0,10.0,9.932707919898972,2.1291696542263194,-1.0
90010,VINEXTRA INC,12103,2024-09-14,2024-09-22,8.0,1796.04,8-15 days,0,10.0,9.932707919898972,2.1291696542263194,-2.0
90010,VINEXTRA INC,12250,2024-09-23,2024-09-30,7.0,2564.27,0-7 days,0,10.0,9.932707919898972,2.1291696542263194,-3.0
90010,VINEXTRA INC,12304,2024-09-23,2024-10-01,8.0,51.6,8-15 days,0,10.0,9.932707919898972,2.1291696542263194,-2.0
90010,VINEXTRA INC,12348,2024-09-26,2024-10-07,11.0,2498.96,8-15 days,0,10.0,9.932707919898972,2.1291696542263194,1.0
90010,VINEXTRA INC,12498,2024-10-06,2024-10-14,8.0,1839.96,8-15 days,0,10.0,9.932707919898972,2.1291696542263194,-2.0
90010,VINEXTRA INC,12598,2024-10-13,2024-10-21,8.0,1314.88,8-15 days,0,10.0,9.932707919898972,2.1291696542263194,-2.0
90010,VINEXTRA INC,12668,2024-10-18,2024-10-28,10.0,1342.56,8-15 days,0,10.0,9.932707919898972,2.1291696542263194,0.0
90010,VINEXTRA INC,12769,2024-10-25,2024-11-04,10.0,2273.81,8-15 days,0,10.0,9.932707919898972,2.1291696542263194,0.0
90010,VINEXTRA INC,12838,2024-10-30,2024-11-11,12.0,1857.8,8-15 days,0,10.0,9.932707919898972,2.1291696542263194,2.0
90010,VINEXTRA INC,13001,2024-11-09,2024-11-17,8.0,1106.52,8-15 days,0,10.0,9.932707919898972,2.1291696542263194,-2.0
90010,VINEXTRA INC,13048,2024-11-13,2024-11-27,14.0,7097.89,8-15 days,0,10.0,9.932707919898972,2.1291696542263194,4.0
90010,VINEXTRA INC,13145,2024-11-20,2024-12-01,11.0,2410.56,8-15 days,0,10.0,9.932707919898972,2.1291696542263194,1.0
90010,VINEXTRA INC,13254,2024-11-27,2024-12-10,13.0,1421.4,8-15 days,0,10.0,9.932707919898972,2.1291696542263194,3.0
90010,VINEXTRA INC,13370,2024-12-05,2024-12-17,12.0,2359.56,8-15 days,0,10.0,9.932707919898972,2.1291696542263194,2.0
90010,VINEXTRA INC,13463,2024-12-11,2024-12-24,13.0,2207.29,8-15 days,0,10.0,9.932707919898972,2.1291696542263194,3.0
90010,VINEXTRA INC,13660,2024-12-23,2024-12-30,7.0,2599.66,0-7 days,0,10.0,9.932707919898972,2.1291696542263194,-3.0
90011,FORTUNE WINE BROKERS LLC,8141,2023-12-22,2024-01-02,11.0,226.95,8-15 days,0,10.0,9.932707919898972,2.1291696542263194,1.0
90011,FORTUNE WINE BROKERS LLC,8214,2023-12-27,2024-01-06,10.0,607.68,8-15 days,0,10.0,9.932707919898972,2.1291696542263194,0.0
90011,FORTUNE WINE BROKERS LLC,8327,2024-01-04,2024-01-14,10.0,171.35,8-15 days,0,10.0,9.932707919898972,2.1291696542263194,0.0
90011,FORTUNE WINE BROKERS LLC,8471,2024-01-14,2024-01-22,8.0,222.6,8-15 days,0,10.0,9.932707919898972,2.1291696542263194,-2.0
90011,FORTUNE WINE BROKERS LLC,8576,2024-01-21,2024-01-30,9.0,1092.69,8-15 days,0,10.0,9.932707919898972,2.1291696542263194,-1.0
90011,FORTUNE WINE BROKERS LLC,8681,2024-01-28,2024-02-05,8.0,1455.72,8-15 days,0,10.0,9.932707919898972,2.1291696542263194,-2.0
90011,FORTUNE WINE BROKERS LLC,8746,2024-02-02,2024-02-12,10.0,878.26,8-15 days,0,10.0,9.932707919898972,2.1291696542263194,0.0
90011,FORTUNE WINE BROKERS LLC,8880,2024-02-11,2024-02-19,8.0,678.66,8-15 days,0,10.0,9.932707919898972,2.1291696542263194,-2.0
90011,FORTUNE WINE BROKERS LLC,9000,2024-02-19,2024-02-24,5.0,331.38,0-7 days,0,10.0,9.932707919898972,2.1291696542263194,-5.0
90011,FORTUNE WINE BROKERS LLC,9100,2024-02-26,2024-03-03,6.0,469.38,0-7 days,0,10.0,9.932707919898972,2.1291696542263194,-4.0
90011,FORTUNE WINE BROKERS LLC,9137,2024-02-29,2024-03-07,7.0,246.92,0-7 days,0,10.0,9.932707919898972,2.1291696542263194,-3.0
90011,FORTUNE WINE BROKERS LLC,9286,2024-03-10,2024-03-17,7.0,149.88,0-7 days,0,10.0,9.932707919898972,2.1291696542263194,-3.0
90011,FORTUNE WINE BROKERS LLC,9395,2024-03-18,2024-03-25,7.0,733.77,0-7 days,0,10.0,9.932707919898972,2.1291696542263194,-3.0
90011,FORTUNE WINE BROKERS LLC,9479,2024-03-23,2024-04-01,9.0,143.28,8-15 days,0,10.0,9.932707919898972,2.1291696542263194,-1.0
90011,FORTUNE WINE BROKERS LLC,9567,2024-03-30,2024-04-07,8.0,284.04,8-15 days,0,10.0,9.932707919898972,2.1291696542263194,-2.0
90011,FORTUNE WINE BROKERS LLC,9675,2024-04-06,2024-04-15,9.0,802.8,8-15 days,0,10.0,9.932707919898972,2.1291696542263194,-1.0
90011,FORTUNE WINE BROKERS LLC,9741,2024-04-11,2024-04-22,11.0,1842.2,8-15 days,0,10.0,9.932707919898972,2.1291696542263194,1.0
90011,FORTUNE WINE BROKERS LLC,9822,2024-04-17,2024-04-28,11.0,1805.1,8-15 days,0,10.0,9.932707919898972,2.1291696542263194,1.0
90011,FORTUNE WINE BROKERS LLC,9934,2024-04-25,2024-05-05,10.0,772.08,8-15 days,0,10.0,9.932707919898972,2.1291696542263194,0.0
90011,FORTUNE WINE BROKERS LLC,10038,2024-05-02,2024-05-11,9.0,774.15,8-15 days,0,10.0,9.932707919898972,2.1291696542263194,-1.0
90011,FORTUNE WINE BROKERS LLC,10130,2024-05-09,2024-05-20,11.0,1765.46,8-15 days,0,10.0,9.932707919898972,2.1291696542263194,1.0
90011,FORTUNE WINE BROKERS LLC,10314,2024-05-20,2024-05-27,7.0,1280.58,0-7 days,0,10.0,9.932707919898972,2.1291696542263194,-3.0
90011,FORTUNE WINE BROKERS LLC,10359,2024-05-24,2024-06-03,10.0,768.27,8-15 days,0,10.0,9.932707919898972,2.1291696542263194,0.0
90011,FORTUNE WINE BROKERS LLC,10483,2024-06-01,2024-06-10,9.0,606.57,8-15 days,0,10.0,9.932707919898972,2.1291696542263194,-1.0
90011,FORTUNE WINE BROKERS LLC,10585,2024-06-08,2024-06-17,9.0,605.02,8-15 days,0,10.0,9.932707919898972,2.1291696542263194,-1.0
90011,FORTUNE WINE BROKERS LLC,10652,2024-06-13,2024-06-22,9.0,101.88,8-15 days,0,10.0,9.932707919898972,2.1291696542263194,-1.0
90011,FORTUNE WINE BROKERS LLC,10755,2024-06-20,2024-06-29,9.0,112.68,8-15 days,0,10.0,9.932707919898972,2.1291696542263194,-1.0
90011,FORTUNE WINE BROKERS LLC,11007,2024-07-01,2024-07-08,7.0,624.18,0-7 days,0,10.0,9.932707919898972,2.1291696542263194,-3.0
90011,FORTUNE WINE BROKERS LLC,11049,2024-07-04,2024-07-15,11.0,1273.62,8-15 days,0,10.0,9.932707919898972,2.1291696542263194,1.0
90011,FORTUNE WINE BROKERS LLC,11210,2024-07-15,2024-07-22,7.0,400.41,0-7 days,0,10.0,9.932707919898972,2.1291696542263194,-3.0
90011,FORTUNE WINE BROKERS LLC,11318,2024-07-22,2024-07-29,7.0,949.62,0-7 days,0,10.0,9.932707919898972,2.1291696542263194,-3.0
90011,FORTUNE WINE BROKERS LLC,11397,2024-07-28,2024-08-05,8.0,1556.13,8-15 days,0,10.0,9.932707919898972,2.1291696542263194,-2.0
90011,FORTUNE WINE BROKERS LLC,11495,2024-08-04,2024-08-12,8.0,1999.03,8-15 days,0,10.0,9.932707919898972,2.1291696542263194,-2.0
90011,FORTUNE WINE BROKERS LLC,11625,2024-08-12,2024-08-18,6.0,5265.21,0-7 days,0,10.0,9.932707919898972,2.1291696542263194,-4.0
90011,FORTUNE WINE BROKERS LLC,11657,2024-08-15,2024-08-25,10.0,678.12,8-15 days,0,10.0,9.932707919898972,2.1291696542263194,0.0
90011,FORTUNE WINE BROKERS LLC,11732,2024-08-21,2024-09-02,12.0,714.36,8-15 days,0,10.0,9.932707919898972,2.1291696542263194,2.0
90011,FORTUNE WINE BROKERS LLC,11863,2024-08-30,2024-09-08,9.0,755.22,8-15 days,0,10.0,9.932707919898972,2.1291696542263194,-1.0
90011,FORTUNE WINE BROKERS LLC,12000,2024-09-07,2024-09-16,9.0,899.34,8-15 days,0,10.0,9.932707919898972,2.1291696542263194,-1.0
90011,FORTUNE WINE BROKERS LLC,12062,2024-09-12,2024-09-22,10.0,1332.62,8-15 days,0,10.0,9.932707919898972,2.1291696542263194,0.0
90011,FORTUNE WINE BROKERS LLC,12220,2024-09-22,2024-09-30,8.0,1640.03,8-15 days,0,10.0,9.932707919898972,2.1291696542263194,-2.0
90011,FORTUNE WINE BROKERS LLC,12396,2024-09-30,2024-10-07,7.0,412.2,0-7 days,0,10.0,9.932707919898972,2.1291696542263194,-3.0
90011,FORTUNE WINE BROKERS LLC,12419,2024-10-02,2024-10-14,12.0,268.26,8-15 days,0,10.0,9.932707919898972,2.1291696542263194,2.0
90011,FORTUNE WINE BROKERS LLC,12558,2024-10-11,2024-10-21,10.0,838.72,8-15 days,0,10.0,9.932707919898972,2.1291696542263194,0.0
90011,FORTUNE WINE BROKERS LLC,12658,2024-10-18,2024-10-28,10.0,2716.9,8-15 days,0,10.0,9.932707919898972,2.1291696542263194,0.0
90011,FORTUNE WINE BROKERS LLC,12813,2024-10-28,2024-11-04,7.0,847.07,0-7 days,0,10.0,9.932707919898972,2.1291696542263194,-3.0
90011,FORTUNE WINE BROKERS LLC,12860,2024-11-01,2024-11-11,10.0,792.41,8-15 days,0,10.0,9.932707919898972,2.1291696542263194,0.0
90011,FORTUNE WINE BROKERS LLC,12934,2024-11-06,2024-11-16,10.0,173.58,8-15 days,0,10.0,9.932707919898972,2.1291696542263194,0.0
90011,FORTUNE WINE BROKERS LLC,13035,2024-11-13,2024-11-27,14.0,878.31,8-15 days,0,10.0,9.932707919898972,2.1291696542263194,4.0
90011,FORTUNE WINE BROKERS LLC,13188,2024-11-23,2024-12-02,9.0,1027.74,8-15 days,0,10.0,9.932707919898972,2.1291696542263194,-1.0
90011,FORTUNE WINE BROKERS LLC,13322,2024-12-02,2024-12-09,7.0,671.49,0-7 days,0,10.0,9.932707919898972,2.1291696542263194,-3.0
90011,FORTUNE WINE BROKERS LLC,13394,2024-12-07,2024-12-15,8.0,731.93,8-15 days,0,10.0,9.932707919898972,2.1291696542263194,-2.0
90011,FORTUNE WINE BROKERS LLC,13450,2024-12-11,2024-12-21,10.0,189.36,8-15 days,0,10.0,9.932707919898972,2.1291696542263194,0.0
90011,FORTUNE WINE BROKERS LLC,13609,2024-12-21,2024-12-30,9.0,374.96,8-15 days,0,10.0,9.932707919898972,2.1291696542263194,-1.0
90017,THE IMPORTED GRAPE LLC,8336,2024-01-04,2024-01-14,10.0,294.84,8-15 days,0,10.0,9.932707919898972,2.1291696542263194,0.0
90017,THE IMPORTED GRAPE LLC,8495,2024-01-15,2024-01-21,6.0,317.64,0-7 days,0,10.0,9.932707919898972,2.1291696542263194,-4.0
90017,THE IMPORTED GRAPE LLC,8512,2024-01-17,2024-01-29,12.0,127.05,8-15 days,0,10.0,9.932707919898972,2.1291696542263194,2.0
90017,THE IMPORTED GRAPE LLC,8614,2024-01-24,2024-02-05,12.0,662.77,8-15 days,0,10.0,9.932707919898972,2.1291696542263194,2.0
90017,THE IMPORTED GRAPE LLC,8756,2024-02-02,2024-02-09,7.0,417.37,0-7 days,0,10.0,9.932707919898972,2.1291696542263194,-3.0
90017,THE IMPORTED GRAPE LLC,8856,2024-02-09,2024-02-18,9.0,348.41,8-15 days,0,10.0,9.932707919898972,2.1291696542263194,-1.0
90017,THE IMPORTED GRAPE LLC,8993,2024-02-18,2024-02-27,9.0,237.39,8-15 days,0,10.0,9.932707919898972,2.1291696542263194,-1.0
90017,THE IMPORTED GRAPE LLC,9176,2024-03-02,2024-03-08,6.0,48.6,0-7 days,0,10.0,9.932707919898972,2.1291696542263194,-4.0
90017,THE IMPORTED GRAPE LLC,9297,2024-03-10,2024-03-17,7.0,114.18,0-7 days,0,10.0,9.932707919898972,2.1291696542263194,-3.0
90017,THE IMPORTED GRAPE LLC,9383,2024-03-17,2024-03-25,8.0,503.94,8-15 days,0,10.0,9.932707919898972,2.1291696542263194,-2.0
90017,THE IMPORTED GRAPE LLC,9442,2024-03-21,2024-04-01,11.0,909.84,8-15 days,0,10.0,9.932707919898972,2.1291696542263194,1.0
90017,THE IMPORTED GRAPE LLC,9578,2024-03-30,2024-04-06,7.0,137.16,0-7 days,0,10.0,9.932707919898972,2.1291696542263194,-3.0
90017,THE IMPORTED GRAPE LLC,9689,2024-04-06,2024-04-15,9.0,503.88,8-15 days,0,10.0,9.932707919898972,2.1291696542263194,-1.0
90017,THE IMPORTED GRAPE LLC,9733,2024-04-10,2024-04-22,12.0,125.4,8-15 days,0,10.0,9.932707919898972,2.1291696542263194,2.0
90017,THE IMPORTED GRAPE LLC,9864,2024-04-19,2024-04-28,9.0,125.4,8-15 days,0,10.0,9.932707919898972,2.1291696542263194,-1.0
90017,THE IMPORTED GRAPE LLC,9981,2024-04-27,2024-05-04,7.0,344.4,0-7 days,0,10.0,9.932707919898972,2.1291696542263194,-3.0
90017,THE IMPORTED GRAPE LLC,10218,2024-05-13,2024-05-20,7.0,193.32,0-7 days,0,10.0,9.932707919898972,2.1291696542263194,-3.0
90017,THE IMPORTED GRAPE LLC,10254,2024-05-16,2024-05-27,11.0,153.0,8-15 days,0,10.0,9.932707919898972,2.1291696542263194,1.0
90017,THE IMPORTED GRAPE LLC,10407,2024-05-26,2024-06-03,8.0,150.84,8-15 days,0,10.0,9.932707919898972,2.1291696542263194,-2.0
90017,THE IMPORTED GRAPE LLC,10513,2024-06-02,2024-06-09,7.0,405.12,0-7 days,0,10.0,9.932707919898972,2.1291696542263194,-3.0
90017,THE IMPORTED GRAPE LLC,10597,2024-06-08,2024-06-17,9.0,276.36,8-15 days,0,10.0,9.932707919898972,2.1291696542263194,-1.0
90017,THE IMPORTED GRAPE LLC,10692,2024-06-15,2024-06-23,8.0,174.0,8-15 days,0,10.0,9.932707919898972,2.1291696542263194,-2.0
90017,THE IMPORTED GRAPE LLC,10811,2024-06-23,2024-06-28,5.0,110.88,0-7 days,0,10.0,9.932707919898972,2.1291696542263194,-5.0
90017,THE IMPORTED GRAPE LLC,10979,2024-06-29,2024-07-07,8.0,589.2,8-15 days,0,10.0,9.932707919898972,2.1291696542263194,-2.0
90017,THE IMPORTED GRAPE LLC,11063,2024-07-04,2024-07-16,12.0,428.19,8-15 days,0,10.0,9.932707919898972,2.1291696542263194,2.0
90017,THE IMPORTED GRAPE LLC,11135,2024-07-10,2024-07-21,11.0,357.72,8-15 days,0,10.0,9.932707919898972,2.1291696542263194,1.0
90017,THE IMPORTED GRAPE LLC,11322,2024-07-22,2024-07-28,6.0,196.73,0-7 days,0,10.0,9.932707919898972,2.1291696542263194,-4.0
90017,THE IMPORTED GRAPE LLC,11424,2024-07-29,2024-08-05,7.0,548.4,0-7 days,0,10.0,9.932707919898972,2.1291696542263194,-3.0
90017,THE IMPORTED GRAPE LLC,11440,2024-07-31,2024-08-10,10.0,242.16,8-15 days,0,10.0,9.932707919898972,2.1291696542263194,0.0
90017,THE IMPORTED GRAPE LLC,11603,2024-08-10,2024-08-20,10.0,1450.86,8-15 days,0,10.0,9.932707919898972,2.1291696542263194,0.0
90017,THE IMPORTED GRAPE LLC,11699,2024-08-17,2024-08-25,8.0,366.84,8-15 days,0,10.0,9.932707919898972,2.1291696542263194,-2.0
90017,THE IMPORTED GRAPE LLC,11805,2024-08-24,2024-09-01,8.0,486.96,8-15 days,0,10.0,9.932707919898972,2.1291696542263194,-2.0
90017,THE IMPORTED GRAPE LLC,11855,2024-08-29,2024-09-09,11.0,481.89,8-15 days,0,10.0,9.932707919898972,2.1291696542263194,1.0
90017,THE IMPORTED GRAPE LLC,11968,2024-09-05,2024-09-17,12.0,287.04,8-15 days,0,10.0,9.932707919898972,2.1291696542263194,2.0
90017,THE IMPORTED GRAPE LLC,12123,2024-09-15,2024-09-20,5.0,469.8,0-7 days,0,10.0,9.932707919898972,2.1291696542263194,-5.0
90017,THE IMPORTED GRAPE LLC,12189,2024-09-20,2024-09-29,9.0,52.45,8-15 days,0,10.0,9.932707919898972,2.1291696542263194,-1.0
90017,THE IMPORTED GRAPE LLC,12347,2024-09-26,2024-10-06,10.0,387.24,8-15 days,0,10.0,9.932707919898972,2.1291696542263194,0.0
90017,THE IMPORTED GRAPE LLC,12496,2024-10-06,2024-10-14,8.0,304.38,8-15 days,0,10.0,9.932707919898972,2.1291696542263194,-2.0
90017,THE IMPORTED GRAPE LLC,12536,2024-10-09,2024-10-21,12.0,215.88,8-15 days,0,10.0,9.932707919898972,2.1291696542263194,2.0
90017,THE IMPORTED GRAPE LLC,12719,2024-10-21,2024-10-27,6.0,60.72,0-7 days,0,10.0,9.932707919898972,2.1291696542263194,-4.0
90017,THE IMPORTED GRAPE LLC,12887,2024-11-02,2024-11-08,6.0,48.6,0-7 days,0,10.0,9.932707919898972,2.1291696542263194,-4.0
90017,THE IMPORTED GRAPE LLC,13129,2024-11-18,2024-11-22,4.0,632.16,0-7 days,0,10.0,9.932707919898972,2.1291696542263194,-6.0
90017,THE IMPORTED GRAPE LLC,13220,2024-11-24,2024-12-02,8.0,633.24,8-15 days,0,10.0,9.932707919898972,2.1291696542263194,-2.0
90017,THE IMPORTED GRAPE LLC,13284,2024-11-29,2024-12-09,10.0,363.72,8-15 days,0,10.0,9.932707919898972,2.1291696542263194,0.0
90017,THE IMPORTED GRAPE LLC,13348,2024-12-04,2024-12-17,13.0,173.16,8-15 days,0,10.0,9.932707919898972,2.1291696542263194,3.0
90017,THE IMPORTED GRAPE LLC,13480,2024-12-12,2024-12-21,9.0,292.16,8-15 days,0,10.0,9.932707919898972,2.1291696542263194,-1.0
90017,THE IMPORTED GRAPE LLC,13589,2024-12-19,2024-12-28,9.0,342.48,8-15 days,0,10.0,9.932707919898972,2.1291696542263194,-1.0
90024,VINILANDIA USA,8149,2023-12-22,2024-01-02,11.0,1126.4,8-15 days,0,10.0,9.932707919898972,2.1291696542263194,1.0
90024,VINILANDIA USA,8268,2023-12-30,2024-01-08,9.0,9399.35,8-15 days,0,10.0,9.932707919898972,2.1291696542263194,-1.0
90024,VINILANDIA USA,8400,2024-01-08,2024-01-15,7.0,5017.26,0-7 days,0,10.0,9.932707919898972,2.1291696542263194,-3.0
90024,VINILANDIA USA,8431,2024-01-11,2024-01-22,11.0,5842.06,8-15 days,0,10.0,9.932707919898972,2.1291696542263194,1.0
90024,VINILANDIA USA,8588,2024-01-21,2024-01-30,9.0,5536.38,8-15 days,0,10.0,9.932707919898972,2.1291696542263194,-1.0
90024,VINILANDIA USA,8674,2024-01-27,2024-02-05,9.0,8114.22,8-15 days,0,10.0,9.932707919898972,2.1291696542263194,-1.0
90024,VINILANDIA USA,8775,2024-02-03,2024-02-13,10.0,6950.75,8-15 days,0,10.0,9.932707919898972,2.1291696542263194,0.0
90024,VINILANDIA USA,8875,2024-02-10,2024-02-21,11.0,8477.51,8-15 days,0,10.0,9.932707919898972,2.1291696542263194,1.0
90024,VINILANDIA USA,8978,2024-02-17,2024-02-27,10.0,4008.51,8-15 days,0,10.0,9.932707919898972,2.1291696542263194,0.0
90024,VINILANDIA USA,9043,2024-02-22,2024-03-05,12.0,8065.15,8-15 days,0,10.0,9.932707919898972,2.1291696542263194,2.0
90024,VINILANDIA USA,9194,2024-03-03,2024-03-12,9.0,8232.01,8-15 days,0,10.0,9.932707919898972,2.1291696542263194,-1.0
90024,VINILANDIA USA,9299,2024-03-10,2024-03-18,8.0,5609.43,8-15 days,0,10.0,9.932707919898972,2.1291696542263194,-2.0
90024,VINILANDIA USA,9346,2024-03-14,2024-03-25,11.0,4981.54,8-15 days,0,10.0,9.932707919898972,2.1291696542263194,1.0
90024,VINILANDIA USA,9446,2024-03-21,2024-04-03,13.0,7663.42,8-15 days,0,10.0,9.932707919898972,2.1291696542263194,3.0
90024,VINILANDIA USA,9597,2024-03-31,2024-04-10,10.0,8427.69,8-15 days,0,10.0,9.932707919898972,2.1291696542263194,0.0
90024,VINILANDIA USA,9656,2024-04-04,2024-04-15,11.0,12883.31,8-15 days,0,10.0,9.932707919898972,2.1291696542263194,1.0
90024,VINILANDIA USA,9783,2024-04-13,2024-04-23,10.0,5093.46,8-15 days,0,10.0,9.932707919898972,2.1291696542263194,0.0
90024,VINILANDIA USA,9867,2024-04-19,2024-04-30,11.0,8183.1,8-15 days,0,10.0,9.932707919898972,2.1291696542263194,1.0
90024,VINILANDIA USA,9996,2024-04-28,2024-05-06,8.0,37928.72,8-15 days,0,10.0,9.932707919898972,2.1291696542263194,-2.0
90024,VINILANDIA USA,10052,2024-05-02,2024-05-13,11.0,11353.32,8-15 days,0,10.0,9.932707919898972,2.1291696542263194,1.0
90024,VINILANDIA USA,10125,2024-05-08,2024-05-20,12.0,8039.65,8-15 days,0,10.0,9.932707919898972,2.1291696542263194,2.0
90024,VINILANDIA USA,10237,2024-05-15,2024-05-28,13.0,8184.76,8-15 days,0,10.0,9.932707919898972,2.1291696542263194,3.0
90024,VINILANDIA USA,10391,2024-05-25,2024-06-05,11.0,11221.3,8-15 days,0,10.0,9.932707919898972,2.1291696542263194,1.0
90024,VINILANDIA USA,10494,2024-06-01,2024-06-12,11.0,13833.27,8-15 days,0,10.0,9.932707919898972,2.1291696542263194,1.0
90024,VINILANDIA USA,10599,2024-06-08,2024-06-18,10.0,8231.95,8-15 days,0,10.0,9.932707919898972,2.1291696542263194,0.0
90024,VINILANDIA USA,10679,2024-06-14,2024-06-24,10.0,10952.4,8-15 days,0,10.0,9.932707919898972,2.1291696542263194,0.0
90024,VINILANDIA USA,10795,2024-06-22,2024-06-30,8.0,7018.8,8-15 days,0,10.0,9.932707919898972,2.1291696542263194,-2.0
90024,VINILANDIA USA,10914,2024-06-25,2024-07-02,7.0,2607.58,0-7 days,0,10.0,9.932707919898972,2.1291696542263194,-3.0
90024,VINILANDIA USA,10967,2024-06-28,2024-07-08,10.0,12630.64,8-15 days,0,10.0,9.932707919898972,2.1291696542263194,0.0
90024,VINILANDIA USA,11121,2024-07-08,2024-07-16,8.0,12727.34,8-15 days,0,10.0,9.932707919898972,2.1291696542263194,-2.0
90024,VINILANDIA USA,11224,2024-07-15,2024-07-23,8.0,13237.18,8-15 days,0,10.0,9.932707919898972,2.1291696542263194,-2.0
90024,VINILANDIA USA,11323,2024-07-22,2024-07-30,8.0,10623.36,8-15 days,0,10.0,9.932707919898972,2.1291696542263194,-2.0
90024,VINILANDIA USA,11361,2024-07-25,2024-08-07,13.0,14084.68,8-15 days,0,10.0,9.932707919898972,2.1291696542263194,3.0
90024,VINILANDIA USA,11505,2024-08-04,2024-08-14,10.0,12027.19,8-15 days,0,10.0,9.932707919898972,2.1291696542263194,0.0
90024,VINILANDIA USA,11583,2024-08-09,2024-08-20,11.0,45380.81,8-15 days,0,10.0,9.932707919898972,2.1291696542263194,1.0
90024,VINILANDIA USA,11714,2024-08-18,2024-08-27,9.0,9380.02,8-15 days,0,10.0,9.932707919898972,2.1291696542263194,-1.0
90024,VINILANDIA USA,11832,2024-08-26,2024-09-03,8.0,9741.26,8-15 days,0,10.0,9.932707919898972,2.1291696542263194,-2.0
90024,VINILANDIA USA,11879,2024-08-30,2024-09-11,12.0,11377.0,8-15 days,0,10.0,9.932707919898972,2.1291696542263194,2.0
90024,VINILANDIA USA,12038,2024-09-09,2024-09-16,7.0,9020.42,0-7 days,0,10.0,9.932707919898972,2.1291696542263194,-3.0
90024,VINILANDIA USA,12143,2024-09-16,2024-09-23,7.0,8328.4,0-7 days,0,10.0,9.932707919898972,2.1291696542263194,-3.0
90024,VINILANDIA USA,12251,2024-09-23,2024-09-30,7.0,11484.52,0-7 days,0,10.0,9.932707919898972,2.1291696542263194,-3.0
90024,VINILANDIA USA,12306,2024-09-23,2024-10-02,9.0,1284.7,8-15 days,0,10.0,9.932707919898972,2.1291696542263194,-1.0
90024,VINILANDIA USA,12367,2024-09-27,2024-10-08,11.0,13331.08,8-15 days,0,10.0,9.932707919898972,2.1291696542263194,1.0
90024,VINILANDIA USA,12513,2024-10-07,2024-10-14,7.0,8661.44,0-7 days,0,10.0,9.932707919898972,2.1291696542263194,-3.0
90024,VINILANDIA USA,12538,2024-10-09,2024-10-22,13.0,7365.09,8-15 days,0,10.0,9.932707919898972,2.1291696542263194,3.0
90024,VINILANDIA USA,12720,2024-10-21,2024-10-28,7.0,5801.56,0-7 days,0,10.0,9.932707919898972,2.1291696542263194,-3.0
90024,VINILANDIA USA,12771,2024-10-25,2024-11-05,11.0,9006.22,8-15 days,0,10.0,9.932707919898972,2.1291696542263194,1.0
90024,VINILANDIA USA,12872,2024-11-01,2024-11-12,11.0,8046.58,8-15 days,0,10.0,9.932707919898972,2.1291696542263194,1.0
90024,VINILANDIA USA,12986,2024-11-08,2024-11-19,11.0,12030.56,8-15 days,0,10.0,9.932707919898972,2.1291696542263194,1.0
90024,VINILANDIA USA,13117,2024-11-17,2024-11-27,10.0,8680.63,8-15 days,0,10.0,9.932707919898972,2.1291696542263194,0.0
90024,VINILANDIA USA,13147,2024-11-20,2024-12-02,12.0,9515.43,8-15 days,0,10.0,9.932707919898972,2.1291696542263194,2.0
90024,VINILANDIA USA,13303,2024-11-30,2024-12-09,9.0,7677.14,8-15 days,0,10.0,9.932707919898972,2.1291696542263194,-1.0
90024,VINILANDIA USA,13409,2024-12-07,2024-12-17,10.0,11816.12,8-15 days,0,10.0,9.932707919898972,2.1291696542263194,0.0
90024,VINILANDIA USA,13552,2024-12-16,2024-12-24,8.0,11619.06,8-15 days,0,10.0,9.932707919898972,2.1291696542263194,-2.0
90024,VINILANDIA USA,13606,2024-12-20,2024-12-31,11.0,10993.64,8-15 days,0,10.0,9.932707919898972,2.1291696542263194,1.0
90026,SILVER MOUNTAIN CIDERS,8853,2024-02-09,2024-02-18,9.0,54.48,8-15 days,0,10.0,9.932707919898972,2.1291696542263194,-1.0
90026,SILVER MOUNTAIN CIDERS,8973,2024-02-17,2024-02-25,8.0,22.7,8-15 days,0,10.0,9.932707919898972,2.1291696542263194,-2.0
90027,POVERTY LANE ORCHARDS,8117,2023-12-20,2024-01-01,12.0,364.06,8-15 days,0,10.0,9.932707919898972,2.1291696542263194,2.0
90027,POVERTY LANE ORCHARDS,8280,2023-12-31,2024-01-09,9.0,6068.27,8-15 days,0,10.0,9.932707919898972,2.1291696542263194,-1.0
90027,POVERTY LANE ORCHARDS,8386,2024-01-07,2024-01-15,8.0,742.68,8-15 days,0,10.0,9.932707919898972,2.1291696542263194,-2.0
90027,POVERTY LANE ORCHARDS,8447,2024-01-12,2024-01-22,10.0,265.08,8-15 days,0,10.0,9.932707919898972,2.1291696542263194,0.0
90027,POVERTY LANE ORCHARDS,8559,2024-01-20,2024-01-29,9.0,1330.65,8-15 days,0,10.0,9.932707919898972,2.1291696542263194,-1.0
90027,POVERTY LANE ORCHARDS,8684,2024-01-28,2024-02-05,8.0,1752.73,8-15 days,0,10.0,9.932707919898972,2.1291696542263194,-2.0
90027,POVERTY LANE ORCHARDS,8788,2024-02-04,2024-02-11,7.0,3478.8,0-7 days,0,10.0,9.932707919898972,2.1291696542263194,-3.0
90027,POVERTY LANE ORCHARDS,8816,2024-02-07,2024-02-19,12.0,836.73,8-15 days,0,10.0,9.932707919898972,2.1291696542263194,2.0
90027,POVERTY LANE ORCHARDS,8919,2024-02-14,2024-02-25,11.0,427.32,8-15 days,0,10.0,9.932707919898972,2.1291696542263194,1.0
90027,POVERTY LANE ORCHARDS,9071,2024-02-24,2024-03-03,8.0,381.0,8-15 days,0,10.0,9.932707919898972,2.1291696542263194,-2.0
90027,POVERTY LANE ORCHARDS,9144,2024-02-29,2024-03-11,11.0,1020.25,8-15 days,0,10.0,9.932707919898972,2.1291696542263194,1.0
90027,POVERTY LANE ORCHARDS,9266,2024-03-09,2024-03-17,8.0,592.68,8-15 days,0,10.0,9.932707919898972,2.1291696542263194,-2.0
90027,POVERTY LANE ORCHARDS,9325,2024-03-13,2024-03-24,11.0,336.96,8-15 days,0,10.0,9.932707919898972,2.1291696542263194,1.0
90027,POVERTY LANE ORCHARDS,9426,2024-03-20,2024-04-01,12.0,807.73,8-15 days,0,10.0,9.932707919898972,2.1291696542263194,2.0
90027,POVERTY LANE ORCHARDS,9592,2024-03-31,2024-04-07,7.0,261.96,0-7 days,0,10.0,9.932707919898972,2.1291696542263194,-3.0
90027,POVERTY LANE ORCHARDS,9633,2024-04-03,2024-04-15,12.0,520.8,8-15 days,0,10.0,9.932707919898972,2.1291696542263194,2.0
90027,POVERTY LANE ORCHARDS,9725,2024-04-10,2024-04-22,12.0,237.24,8-15 days,0,10.0,9.932707919898972,2.1291696542263194,2.0
90027,POVERTY LANE ORCHARDS,9825,2024-04-17,2024-04-29,12.0,802.09,8-15 days,0,10.0,9.932707919898972,2.1291696542263194,2.0
90027,POVERTY LANE ORCHARDS,9963,2024-04-26,2024-05-04,8.0,261.96,8-15 days,0,10.0,9.932707919898972,2.1291696542263194,-2.0
90027,POVERTY LANE ORCHARDS,10108,2024-05-06,2024-05-12,6.0,185.15,0-7 days,0,10.0,9.932707919898972,2.1291696542263194,-4.0
90027,POVERTY LANE ORCHARDS,10212,2024-05-13,2024-05-20,7.0,377.51,0-7 days,0,10.0,9.932707919898972,2.1291696542263194,-3.0
90027,POVERTY LANE ORCHARDS,10285,2024-05-18,2024-05-27,9.0,772.8,8-15 days,0,10.0,9.932707919898972,2.1291696542263194,-1.0
90027,POVERTY LANE ORCHARDS,10368,2024-05-24,2024-06-05,12.0,449.17,8-15 days,0,10.0,9.932707919898972,2.1291696542263194,2.0
90027,POVERTY LANE ORCHARDS,10506,2024-06-02,2024-06-10,8.0,738.1,8-15 days,0,10.0,9.932707919898972,2.1291696542263194,-2.0
90027,POVERTY LANE ORCHARDS,10593,2024-06-08,2024-06-17,9.0,626.94,8-15 days,0,10.0,9.932707919898972,2.1291696542263194,-1.0
90027,POVERTY LANE ORCHARDS,10974,2024-06-29,2024-07-06,7.0,96.6,0-7 days,0,10.0,9.932707919898972,2.1291696542263194,-3.0
90027,POVERTY LANE ORCHARDS,11513,2024-08-05,2024-08-12,7.0,104.49,0-7 days,0,10.0,9.932707919898972,2.1291696542263194,-3.0
90027,POVERTY LANE ORCHARDS,11534,2024-08-07,2024-08-18,11.0,48.6,8-15 days,0,10.0,9.932707919898972,2.1291696542263194,1.0
90027,POVERTY LANE ORCHARDS,11709,2024-08-18,2024-08-27,9.0,1424.04,8-15 days,0,10.0,9.932707919898972,2.1291696542263194,-1.0
90027,POVERTY LANE ORCHARDS,11813,2024-08-25,2024-09-02,8.0,4036.55,8-15 days,0,10.0,9.932707919898972,2.1291696542263194,-2.0
90027,POVERTY LANE ORCHARDS,11844,2024-08-28,2024-09-09,12.0,377.04,8-15 days,0,10.0,9.932707919898972,2.1291696542263194,2.0
90027,POVERTY LANE ORCHARDS,12005,2024-09-07,2024-09-16,9.0,763.44,8-15 days,0,10.0,9.932707919898972,2.1291696542263194,-1.0
90027,POVERTY LANE ORCHARDS,12085,2024-09-13,2024-09-23,10.0,2649.95,8-15 days,0,10.0,9.932707919898972,2.1291696542263194,0.0
90027,POVERTY LANE ORCHARDS,12204,2024-09-21,2024-09-29,8.0,815.91,8-15 days,0,10.0,9.932707919898972,2.1291696542263194,-2.0
90027,POVERTY LANE ORCHARDS,12404,2024-09-30,2024-10-07,7.0,927.56,0-7 days,0,10.0,9.932707919898972,2.1291696542263194,-3.0
90027,POVERTY LANE ORCHARDS,12429,2024-10-02,2024-10-14,12.0,634.9,8-15 days,0,10.0,9.932707919898972,2.1291696542263194,2.0
90027,POVERTY LANE ORCHARDS,12528,2024-10-09,2024-10-20,11.0,391.58,8-15 days,0,10.0,9.932707919898972,2.1291696542263194,1.0
90027,POVERTY LANE ORCHARDS,12699,2024-10-20,2024-10-27,7.0,553.09,0-7 days,0,10.0,9.932707919898972,2.1291696542263194,-3.0
90027,POVERTY LANE ORCHARDS,12760,2024-10-25,2024-11-03,9.0,186.96,8-15 days,0,10.0,9.932707919898972,2.1291696542263194,-1.0
90027,POVERTY LANE ORCHARDS,12834,2024-10-30,2024-11-11,12.0,459.61,8-15 days,0,10.0,9.932707919898972,2.1291696542263194,2.0
90027,POVERTY LANE ORCHARDS,12984,2024-11-08,2024-11-18,10.0,373.92,8-15 days,0,10.0,9.932707919898972,2.1291696542263194,0.0
90027,POVERTY LANE ORCHARDS,13111,2024-11-17,2024-11-26,9.0,1502.73,8-15 days,0,10.0,9.932707919898972,2.1291696542263194,-1.0
90027,POVERTY LANE ORCHARDS,13155,2024-11-21,2024-12-02,11.0,3509.49,8-15 days,0,10.0,9.932707919898972,2.1291696542263194,1.0
90027,POVERTY LANE ORCHARDS,13309,2024-12-01,2024-12-09,8.0,833.84,8-15 days,0,10.0,9.932707919898972,2.1291696542263194,-2.0
90027,POVERTY LANE ORCHARDS,13426,2024-12-08,2024-12-16,8.0,555.45,8-15 days,0,10.0,9.932707919898972,2.1291696542263194,-2.0
90027,POVERTY LANE ORCHARDS,13516,2024-12-14,2024-12-23,9.0,644.0,8-15 days,0,10.0,9.932707919898972,2.1291696542263194,-1.0
90027,POVERTY LANE ORCHARDS,13616,2024-12-21,2024-12-30,9.0,740.6,8-15 days,0,10.0,9.932707919898972,2.1291696542263194,-1.0
90032,LABELLE VYDS AND WINERY,8156,2023-12-23,2024-01-02,10.0,1044.4,8-15 days,0,10.0,9.932707919898972,2.1291696542263194,0.0
90032,LABELLE VYDS AND WINERY,8295,2024-01-01,2024-01-09,8.0,4267.25,8-15 days,0,10.0,9.932707919898972,2.1291696542263194,-2.0
90032,LABELLE VYDS AND WINERY,8312,2024-01-03,2024-01-15,12.0,1153.2,8-15 days,0,10.0,9.932707919898972,2.1291696542263194,2.0
90032,LABELLE VYDS AND WINERY,8425,2024-01-11,2024-01-22,11.0,927.27,8-15 days,0,10.0,9.932707919898972,2.1291696542263194,1.0
90032,LABELLE VYDS AND WINERY,8526,2024-01-18,2024-01-29,11.0,2405.58,8-15 days,0,10.0,9.932707919898972,2.1291696542263194,1.0
90032,LABELLE VYDS AND WINERY,8637,2024-01-26,2024-02-06,11.0,5009.86,8-15 days,0,10.0,9.932707919898972,2.1291696542263194,1.0
90032,LABELLE VYDS AND WINERY,8785,2024-02-04,2024-02-12,8.0,3125.11,8-15 days,0,10.0,9.932707919898972,2.1291696542263194,-2.0
90032,LABELLE VYDS AND WINERY,8904,2024-02-12,2024-02-19,7.0,2545.32,0-7 days,0,10.0,9.932707919898972,2.1291696542263194,-3.0
90032,LABELLE VYDS AND WINERY,8952,2024-02-16,2024-02-26,10.0,1417.68,8-15 days,0,10.0,9.932707919898972,2.1291696542263194,0.0
90032,LABELLE VYDS AND WINERY,9022,2024-02-21,2024-03-04,12.0,1851.4,8-15 days,0,10.0,9.932707919898972,2.1291696542263194,2.0
90032,LABELLE VYDS AND WINERY,9186,2024-03-03,2024-03-11,8.0,2519.07,8-15 days,0,10.0,9.932707919898972,2.1291696542263194,-2.0
90032,LABELLE VYDS AND WINERY,9306,2024-03-11,2024-03-18,7.0,1541.4,0-7 days,0,10.0,9.932707919898972,2.1291696542263194,-3.0
90032,LABELLE VYDS AND WINERY,9321,2024-03-13,2024-03-25,12.0,1167.72,8-15 days,0,10.0,9.932707919898972,2.1291696542263194,2.0
90032,LABELLE VYDS AND WINERY,9480,2024-03-23,2024-04-01,9.0,1712.28,8-15 days,0,10.0,9.932707919898972,2.1291696542263194,-1.0
90032,LABELLE VYDS AND WINERY,9551,2024-03-29,2024-04-08,10.0,1157.01,8-15 days,0,10.0,9.932707919898972,2.1291696542263194,0.0
90032,LABELLE VYDS AND WINERY,9697,2024-04-07,2024-04-15,8.0,1899.0,8-15 days,0,10.0,9.932707919898972,2.1291696542263194,-2.0
90032,LABELLE VYDS AND WINERY,9742,2024-04-11,2024-04-22,11.0,1083.11,8-15 days,0,10.0,9.932707919898972,2.1291696542263194,1.0
90032,LABELLE VYDS AND WINERY,9823,2024-04-17,2024-04-29,12.0,1197.91,8-15 days,0,10.0,9.932707919898972,2.1291696542263194,2.0
90032,LABELLE VYDS AND WINERY,10008,2024-04-29,2024-05-07,8.0,3880.55,8-15 days,0,10.0,9.932707919898972,2.1291696542263194,-2.0
90032,LABELLE VYDS AND WINERY,10066,2024-05-04,2024-05-12,8.0,1015.22,8-15 days,0,10.0,9.932707919898972,2.1291696542263194,-2.0
90032,LABELLE VYDS AND WINERY,10134,2024-05-09,2024-05-20,11.0,556.54,8-15 days,0,10.0,9.932707919898972,2.1291696542263194,1.0
90032,LABELLE VYDS AND WINERY,10245,2024-05-16,2024-05-27,11.0,7145.77,8-15 days,0,10.0,9.932707919898972,2.1291696542263194,1.0
90032,LABELLE VYDS AND WINERY,10334,2024-05-22,2024-06-03,12.0,3103.95,8-15 days,0,10.0,9.932707919898972,2.1291696542263194,2.0
90032,LABELLE VYDS AND WINERY,10519,2024-06-03,2024-06-10,7.0,3406.04,0-7 days,0,10.0,9.932707919898972,2.1291696542263194,-3.0
90032,LABELLE VYDS AND WINERY,10570,2024-06-07,2024-06-17,10.0,1709.04,8-15 days,0,10.0,9.932707919898972,2.1291696542263194,0.0
90032,LABELLE VYDS AND WINERY,10705,2024-06-16,2024-06-24,8.0,2794.3,8-15 days,0,10.0,9.932707919898972,2.1291696542263194,-2.0
90032,LABELLE VYDS AND WINERY,10741,2024-06-19,2024-06-30,11.0,1265.86,8-15 days,0,10.0,9.932707919898972,2.1291696542263194,1.0
90032,LABELLE VYDS AND WINERY,10867,2024-06-25,2024-07-02,7.0,347.5,0-7 days,0,10.0,9.932707919898972,2.1291696542263194,-3.0
90032,LABELLE VYDS AND WINERY,10927,2024-06-26,2024-07-08,12.0,1819.08,8-15 days,0,10.0,9.932707919898972,2.1291696542263194,2.0
90032,LABELLE VYDS AND WINERY,11113,2024-07-08,2024-07-15,7.0,1991.07,0-7 days,0,10.0,9.932707919898972,2.1291696542263194,-3.0
90032,LABELLE VYDS AND WINERY,11163,2024-07-12,2024-07-23,11.0,1717.2,8-15 days,0,10.0,9.932707919898972,2.1291696542263194,1.0
90032,LABELLE VYDS AND WINERY,11229,2024-07-17,2024-07-30,13.0,2189.03,8-15 days,0,10.0,9.932707919898972,2.1291696542263194,3.0
90032,LABELLE VYDS AND WINERY,11398,2024-07-28,2024-08-07,10.0,1913.59,8-15 days,0,10.0,9.932707919898972,2.1291696542263194,0.0
90032,LABELLE VYDS AND WINERY,11433,2024-07-31,2024-08-12,12.0,1575.68,8-15 days,0,10.0,9.932707919898972,2.1291696542263194,2.0
90032,LABELLE VYDS AND WINERY,11572,2024-08-09,2024-08-21,12.0,4236.47,8-15 days,0,10.0,9.932707919898972,2.1291696542263194,2.0
90032,LABELLE VYDS AND WINERY,11691,2024-08-17,2024-08-26,9.0,2122.23,8-15 days,0,10.0,9.932707919898972,2.1291696542263194,-1.0
90032,LABELLE VYDS AND WINERY,11821,2024-08-26,2024-09-02,7.0,3199.51,0-7 days,0,10.0,9.932707919898972,2.1291696542263194,-3.0
90032,LABELLE VYDS AND WINERY,11925,2024-09-02,2024-09-09,7.0,1792.99,0-7 days,0,10.0,9.932707919898972,2.1291696542263194,-3.0
90032,LABELLE VYDS AND WINERY,11961,2024-09-05,2024-09-16,11.0,2066.84,8-15 days,0,10.0,9.932707919898972,2.1291696542263194,1.0
90032,LABELLE VYDS AND WINERY,12066,2024-09-12,2024-09-23,11.0,608.46,8-15 days,0,10.0,9.932707919898972,2.1291696542263194,1.0
90032,LABELLE VYDS AND WINERY,12153,2024-09-18,2024-09-30,12.0,1954.26,8-15 days,0,10.0,9.932707919898972,2.1291696542263194,2.0
90032,LABELLE VYDS AND WINERY,12370,2024-09-28,2024-10-07,9.0,1666.01,8-15 days,0,10.0,9.932707919898972,2.1291696542263194,-1.0
90032,LABELLE VYDS AND WINERY,12470,2024-10-05,2024-10-14,9.0,2339.77,8-15 days,0,10.0,9.932707919898972,2.1291696542263194,-1.0
90032,LABELLE VYDS AND WINERY,12524,2024-10-09,2024-10-21,12.0,1277.37,8-15 days,0,10.0,9.932707919898972,2.1291696542263194,2.0
90032,LABELLE VYDS AND WINERY,12637,2024-10-17,2024-10-28,11.0,6925.27,8-15 days,0,10.0,9.932707919898972,2.1291696542263194,1.0
90032,LABELLE VYDS AND WINERY,12778,2024-10-26,2024-11-05,10.0,1895.08,8-15 days,0,10.0,9.932707919898972,2.1291696542263194,0.0
90032,LABELLE VYDS AND WINERY,12914,2024-11-04,2024-11-12,8.0,14956.3,8-15 days,0,10.0,9.932707919898972,2.1291696542263194,-2.0
90032,LABELLE VYDS AND WINERY,13003,2024-11-10,2024-11-20,10.0,3730.55,8-15 days,0,10.0,9.932707919898972,2.1291696542263194,0.0
90032,LABELLE VYDS AND WINERY,13107,2024-11-17,2024-11-25,8.0,2278.36,8-15 days,0,10.0,9.932707919898972,2.1291696542263194,-2.0
90032,LABELLE VYDS AND WINERY,13190,2024-11-23,2024-12-02,9.0,6034.94,8-15 days,0,10.0,9.932707919898972,2.1291696542263194,-1.0
90032,LABELLE VYDS AND WINERY,13276,2024-11-29,2024-12-08,9.0,1404.36,8-15 days,0,10.0,9.932707919898972,2.1291696542263194,-1.0
90032,LABELLE VYDS AND WINERY,13422,2024-12-08,2024-12-17,9.0,3256.55,8-15 days,0,10.0,9.932707919898972,2.1291696542263194,-1.0
90032,LABELLE VYDS AND WINERY,13531,2024-12-15,2024-12-24,9.0,4689.31,8-15 days,0,10.0,9.932707919898972,2.1291696542263194,-1.0
90032,LABELLE VYDS AND WINERY,13559,2024-12-18,2024-12-31,13.0,7949.93,8-15 days,0,10.0,9.932707919898972,2.1291696542263194,3.0
90033,FANTASY FINE WINES CORP,9933,2024-04-25,2024-05-04,9.0,64.32,8-15 days,0,10.0,9.932707919898972,2.1291696542263194,-1.0
90033,FANTASY FINE WINES CORP,12489,2024-10-06,2024-10-12,6.0,64.32,0-7 days,0,10.0,9.932707919898972,2.1291696542263194,-4.0
90037,THE PIERPONT GROUP LLC,8248,2023-12-29,2024-01-09,11.0,171.3,8-15 days,0,10.0,9.932707919898972,2.1291696542263194,1.0
90037,THE PIERPONT GROUP LLC,8354,2024-01-05,2024-01-14,9.0,166.62,8-15 days,0,10.0,9.932707919898972,2.1291696542263194,-1.0
90037,THE PIERPONT GROUP LLC,8615,2024-01-24,2024-02-05,12.0,271.54,8-15 days,0,10.0,9.932707919898972,2.1291696542263194,2.0
90037,THE PIERPONT GROUP LLC,8738,2024-02-01,2024-02-12,11.0,115.04,8-15 days,0,10.0,9.932707919898972,2.1291696542263194,1.0
90037,THE PIERPONT GROUP LLC,8874,2024-02-10,2024-02-21,11.0,565.69,8-15 days,0,10.0,9.932707919898972,2.1291696542263194,1.0
90037,THE PIERPONT GROUP LLC,9177,2024-03-02,2024-03-13,11.0,398.83,8-15 days,0,10.0,9.932707919898972,2.1291696542263194,1.0
90037,THE PIERPONT GROUP LLC,9315,2024-03-11,2024-03-18,7.0,367.31,0-7 days,0,10.0,9.932707919898972,2.1291696542263194,-3.0
90037,THE PIERPONT GROUP LLC,9368,2024-03-16,2024-03-23,7.0,157.13,0-7 days,0,10.0,9.932707919898972,2.1291696542263194,-3.0
90037,THE PIERPONT GROUP LLC,9443,2024-03-21,2024-03-30,9.0,470.97,8-15 days,0,10.0,9.932707919898972,2.1291696542263194,-1.0
90037,THE PIERPONT GROUP LLC,9797,2024-04-14,2024-04-19,5.0,81.6,0-7 days,0,10.0,9.932707919898972,2.1291696542263194,-5.0
90037,THE PIERPONT GROUP LLC,9830,2024-04-17,2024-04-30,13.0,114.2,8-15 days,0,10.0,9.932707919898972,2.1291696542263194,3.0
90037,THE PIERPONT GROUP LLC,9982,2024-04-27,2024-05-05,8.0,153.0,8-15 days,0,10.0,9.932707919898972,2.1291696542263194,-2.0
90037,THE PIERPONT GROUP LLC,10184,2024-05-11,2024-05-20,9.0,170.76,8-15 days,0,10.0,9.932707919898972,2.1291696542263194,-1.0
90037,THE PIERPONT GROUP LLC,10443,2024-05-29,2024-06-08,10.0,194.96,8-15 days,0,10.0,9.932707919898972,2.1291696542263194,0.0
90037,THE PIERPONT GROUP LLC,10749,2024-06-19,2024-06-28,9.0,81.6,8-15 days,0,10.0,9.932707919898972,2.1291696542263194,-1.0
90037,THE PIERPONT GROUP LLC,10980,2024-06-29,2024-07-09,10.0,105.15,8-15 days,0,10.0,9.932707919898972,2.1291696542263194,0.0
90037,THE PIERPONT GROUP LLC,11205,2024-07-14,2024-07-19,5.0,81.6,0-7 days,0,10.0,9.932707919898972,2.1291696542263194,-5.0
90037,THE PIERPONT GROUP LLC,11441,2024-07-31,2024-08-09,9.0,81.6,8-15 days,0,10.0,9.932707919898972,2.1291696542263194,-1.0
90037,THE PIERPONT GROUP LLC,11559,2024-08-08,2024-08-17,9.0,1243.49,8-15 days,0,10.0,9.932707919898972,2.1291696542263194,-1.0
90037,THE PIERPONT GROUP LLC,11767,2024-08-22,2024-08-31,9.0,81.6,8-15 days,0,10.0,9.932707919898972,2.1291696542263194,-1.0
90037,THE PIERPONT GROUP LLC,11950,2024-09-04,2024-09-16,12.0,81.6,8-15 days,0,10.0,9.932707919898972,2.1291696542263194,2.0
90037,THE PIERPONT GROUP LLC,12483,2024-10-05,2024-10-11,6.0,81.6,0-7 days,0,10.0,9.932707919898972,2.1291696542263194,-4.0
90037,THE PIERPONT GROUP LLC,12550,2024-10-10,2024-10-18,8.0,81.6,8-15 days,0,10.0,9.932707919898972,2.1291696542263194,-2.0
90037,THE PIERPONT GROUP LLC,13046,2024-11-13,2024-11-22,9.0,326.4,8-15 days,0,10.0,9.932707919898972,2.1291696542263194,-1.0
90037,THE PIERPONT GROUP LLC,13590,2024-12-19,2024-12-27,8.0,68.0,8-15 days,0,10.0,9.932707919898972,2.1291696542263194,-2.0
90046,CANDIA VINEYARDS,8107,2023-12-20,2024-01-02,13.0,348.72,8-15 days,0,10.0,9.932707919898972,2.1291696542263194,3.0
90046,CANDIA VINEYARDS,8235,2023-12-29,2024-01-09,11.0,1639.2,8-15 days,0,10.0,9.932707919898972,2.1291696542263194,1.0
90046,CANDIA VINEYARDS,8359,2024-01-06,2024-01-13,7.0,225.48,0-7 days,0,10.0,9.932707919898972,2.1291696542263194,-3.0
90046,CANDIA VINEYARDS,8458,2024-01-13,2024-01-21,8.0,230.04,8-15 days,0,10.0,9.932707919898972,2.1291696542263194,-2.0
90046,CANDIA VINEYARDS,8535,2024-01-19,2024-01-29,10.0,634.5,8-15 days,0,10.0,9.932707919898972,2.1291696542263194,0.0
90046,CANDIA VINEYARDS,8620,2024-01-25,2024-02-04,10.0,1981.68,8-15 days,0,10.0,9.932707919898972,2.1291696542263194,0.0
90046,CANDIA VINEYARDS,8780,2024-02-04,2024-02-13,9.0,1410.98,8-15 days,0,10.0,9.932707919898972,2.1291696542263194,-1.0
90046,CANDIA VINEYARDS,8840,2024-02-09,2024-02-21,12.0,494.26,8-15 days,0,10.0,9.932707919898972,2.1291696542263194,2.0
90046,CANDIA VINEYARDS,8924,2024-02-15,2024-02-26,11.0,974.25,8-15 days,0,10.0,9.932707919898972,2.1291696542263194,1.0
90046,CANDIA VINEYARDS,9063,2024-02-24,2024-03-02,7.0,345.84,0-7 days,0,10.0,9.932707919898972,2.1291696542263194,-3.0
90046,CANDIA VINEYARDS,9151,2024-03-01,2024-03-11,10.0,334.11,8-15 days,0,10.0,9.932707919898972,2.1291696542263194,0.0
90046,CANDIA VINEYARDS,9280,2024-03-10,2024-03-18,8.0,483.0,8-15 days,0,10.0,9.932707919898972,2.1291696542263194,-2.0
90046,CANDIA VINEYARDS,9434,2024-03-21,2024-03-31,10.0,566.76,8-15 days,0,10.0,9.932707919898972,2.1291696542263194,0.0
90046,CANDIA VINEYARDS,9620,2024-04-03,2024-04-12,9.0,226.87,8-15 days,0,10.0,9.932707919898972,2.1291696542263194,-1.0
90046,CANDIA VINEYARDS,9748,2024-04-12,2024-04-21,9.0,120.72,8-15 days,0,10.0,9.932707919898972,2.1291696542263194,-1.0
90046,CANDIA VINEYARDS,9833,2024-04-18,2024-04-28,10.0,10.06,8-15 days,0,10.0,9.932707919898972,2.1291696542263194,0.0
90046,CANDIA VINEYARDS,9986,2024-04-28,2024-05-07,9.0,823.49,8-15 days,0,10.0,9.932707919898972,2.1291696542263194,-1.0
90046,CANDIA VINEYARDS,10154,2024-05-10,2024-05-20,10.0,257.23,8-15 days,0,10.0,9.932707919898972,2.1291696542263194,0.0
90046,CANDIA VINEYARDS,10226,2024-05-15,2024-05-26,11.0,702.0,8-15 days,0,10.0,9.932707919898972,2.1291696542263194,1.0
90046,CANDIA VINEYARDS,10380,2024-05-25,2024-06-03,9.0,913.95,8-15 days,0,10.0,9.932707919898972,2.1291696542263194,-1.0
90046,CANDIA VINEYARDS,10446,2024-05-30,2024-06-08,9.0,805.01,8-15 days,0,10.0,9.932707919898972,2.1291696542263194,-1.0
90046,CANDIA VINEYARDS,10601,2024-06-09,2024-06-16,7.0,345.84,0-7 days,0,10.0,9.932707919898972,2.1291696542263194,-3.0
90046,CANDIA VINEYARDS,10667,2024-06-14,2024-06-24,10.0,917.52,8-15 days,0,10.0,9.932707919898972,2.1291696542263194,0.0
90046,CANDIA VINEYARDS,10813,2024-06-24,2024-06-27,3.0,123.24,0-7 days,0,10.0,9.932707919898972,2.1291696542263194,-7.0
90046,CANDIA VINEYARDS,10843,2024-06-25,2024-07-01,6.0,225.48,0-7 days,0,10.0,9.932707919898972,2.1291696542263194,-4.0
90046,CANDIA VINEYARDS,10952,2024-06-28,2024-07-08,10.0,353.28,8-15 days,0,10.0,9.932707919898972,2.1291696542263194,0.0
90046,CANDIA VINEYARDS,11110,2024-07-08,2024-07-14,6.0,474.0,0-7 days,0,10.0,9.932707919898972,2.1291696542263194,-4.0
90046,CANDIA VINEYARDS,11124,2024-07-10,2024-07-23,13.0,803.28,8-15 days,0,10.0,9.932707919898972,2.1291696542263194,3.0
90046,CANDIA VINEYARDS,11312,2024-07-22,2024-07-29,7.0,367.2,0-7 days,0,10.0,9.932707919898972,2.1291696542263194,-3.0
90046,CANDIA VINEYARDS,11395,2024-07-28,2024-08-04,7.0,230.04,0-7 days,0,10.0,9.932707919898972,2.1291696542263194,-3.0
90046,CANDIA VINEYARDS,11429,2024-07-31,2024-08-11,11.0,239.04,8-15 days,0,10.0,9.932707919898972,2.1291696542263194,1.0
90046,CANDIA VINEYARDS,11587,2024-08-10,2024-08-19,9.0,2269.45,8-15 days,0,10.0,9.932707919898972,2.1291696542263194,-1.0
90046,CANDIA VINEYARDS,11654,2024-08-15,2024-08-25,10.0,450.65,8-15 days,0,10.0,9.932707919898972,2.1291696542263194,0.0
90046,CANDIA VINEYARDS,11749,2024-08-22,2024-08-30,8.0,585.24,8-15 days,0,10.0,9.932707919898972,2.1291696542263194,-2.0
90046,CANDIA VINEYARDS,11922,2024-09-02,2024-09-09,7.0,1029.72,0-7 days,0,10.0,9.932707919898972,2.1291696542263194,-3.0
90046,CANDIA VINEYARDS,12014,2024-09-08,2024-09-16,8.0,694.56,8-15 days,0,10.0,9.932707919898972,2.1291696542263194,-2.0
90046,CANDIA VINEYARDS,12060,2024-09-12,2024-09-22,10.0,949.87,8-15 days,0,10.0,9.932707919898972,2.1291696542263194,0.0
90046,CANDIA VINEYARDS,12216,2024-09-22,2024-09-30,8.0,677.4,8-15 days,0,10.0,9.932707919898972,2.1291696542263194,-2.0
90046,CANDIA VINEYARDS,12381,2024-09-29,2024-10-04,5.0,571.32,0-7 days,0,10.0,9.932707919898972,2.1291696542263194,-5.0
90046,CANDIA VINEYARDS,12466,2024-10-05,2024-10-13,8.0,2998.95,8-15 days,0,10.0,9.932707919898972,2.1291696542263194,-2.0
90046,CANDIA VINEYARDS,12554,2024-10-11,2024-10-20,9.0,692.04,8-15 days,0,10.0,9.932707919898972,2.1291696542263194,-1.0
90046,CANDIA VINEYARDS,12692,2024-10-20,2024-10-27,7.0,353.28,0-7 days,0,10.0,9.932707919898972,2.1291696542263194,-3.0
90046,CANDIA VINEYARDS,12808,2024-10-28,2024-11-04,7.0,1480.35,0-7 days,0,10.0,9.932707919898972,2.1291696542263194,-3.0
90046,CANDIA VINEYARDS,12975,2024-11-08,2024-11-18,10.0,236.52,8-15 days,0,10.0,9.932707919898972,2.1291696542263194,0.0
90046,CANDIA VINEYARDS,13082,2024-11-16,2024-11-26,10.0,568.49,8-15 days,0,10.0,9.932707919898972,2.1291696542263194,0.0
90046,CANDIA VINEYARDS,13184,2024-11-23,2024-12-01,8.0,1266.24,8-15 days,0,10.0,9.932707919898972,2.1291696542263194,-2.0
90046,CANDIA VINEYARDS,13318,2024-12-02,2024-12-08,6.0,469.44,0-7 days,0,10.0,9.932707919898972,2.1291696542263194,-4.0
90046,CANDIA VINEYARDS,13391,2024-12-07,2024-12-15,8.0,359.76,8-15 days,0,10.0,9.932707919898972,2.1291696542263194,-2.0
90046,CANDIA VINEYARDS,13448,2024-12-11,2024-12-24,13.0,767.94,8-15 days,0,10.0,9.932707919898972,2.1291696542263194,3.0
90046,CANDIA VINEYARDS,13643,2024-12-23,2024-12-31,8.0,2559.72,8-15 days,0,10.0,9.932707919898972,2.1291696542263194,-2.0
90047,CRUSH WINES,8126,2023-12-21,2024-01-02,12.0,854.1,8-15 days,0,10.0,9.932707919898972,2.1291696542263194,2.0
90047,CRUSH WINES,8221,2023-12-28,2024-01-09,12.0,2246.19,8-15 days,0,10.0,9.932707919898972,2.1291696542263194,2.0
90047,CRUSH WINES,8341,2024-01-05,2024-01-15,10.0,3691.11,8-15 days,0,10.0,9.932707919898972,2.1291696542263194,0.0
90047,CRUSH WINES,8420,2024-01-11,2024-01-22,11.0,4392.3,8-15 days,0,10.0,9.932707919898972,2.1291696542263194,1.0
90047,CRUSH WINES,8523,2024-01-18,2024-01-30,12.0,4873.49,8-15 days,0,10.0,9.932707919898972,2.1291696542263194,2.0
90047,CRUSH WINES,8607,2024-01-24,2024-02-05,12.0,4769.38,8-15 days,0,10.0,9.932707919898972,2.1291696542263194,2.0
90047,CRUSH WINES,8743,2024-02-02,2024-02-12,10.0,8917.99,8-15 days,0,10.0,9.932707919898972,2.1291696542263194,0.0
90047,CRUSH WINES,8843,2024-02-09,2024-02-21,12.0,3923.36,8-15 days,0,10.0,9.932707919898972,2.1291696542263194,2.0
90047,CRUSH WINES,8982,2024-02-18,2024-02-26,8.0,2764.29,8-15 days,0,10.0,9.932707919898972,2.1291696542263194,-2.0
90047,CRUSH WINES,9066,2024-02-24,2024-03-05,10.0,2418.93,8-15 days,0,10.0,9.932707919898972,2.1291696542263194,0.0
90047,CRUSH WINES,9198,2024-03-04,2024-03-11,7.0,4162.53,0-7 days,0,10.0,9.932707919898972,2.1291696542263194,-3.0
90047,CRUSH WINES,9247,2024-03-08,2024-03-18,10.0,8671.54,8-15 days,0,10.0,9.932707919898972,2.1291696542263194,0.0
90047,CRUSH WINES,9393,2024-03-18,2024-03-25,7.0,2509.67,0-7 days,0,10.0,9.932707919898972,2.1291696542263194,-3.0
90047,CRUSH WINES,9476,2024-03-23,2024-04-02,10.0,4694.28,8-15 days,0,10.0,9.932707919898972,2.1291696542263194,0.0
90047,CRUSH WINES,9601,2024-04-01,2024-04-08,7.0,2427.54,0-7 days,0,10.0,9.932707919898972,2.1291696542263194,-3.0
90047,CRUSH WINES,9674,2024-04-06,2024-04-15,9.0,2503.56,8-15 days,0,10.0,9.932707919898972,2.1291696542263194,-1.0
90047,CRUSH WINES,9750,2024-04-12,2024-04-22,10.0,2497.88,8-15 days,0,10.0,9.932707919898972,2.1291696542263194,0.0
90047,CRUSH WINES,9874,2024-04-20,2024-04-29,9.0,3150.49,8-15 days,0,10.0,9.932707919898972,2.1291696542263194,-1.0
90047,CRUSH WINES,9956,2024-04-26,2024-05-06,10.0,3521.03,8-15 days,0,10.0,9.932707919898972,2.1291696542263194,0.0
90047,CRUSH WINES,10083,2024-05-05,2024-05-13,8.0,4094.7,8-15 days,0,10.0,9.932707919898972,2.1291696542263194,-2.0
90047,CRUSH WINES,10117,2024-05-08,2024-05-21,13.0,4763.06,8-15 days,0,10.0,9.932707919898972,2.1291696542263194,3.0
90047,CRUSH WINES,10259,2024-05-17,2024-05-29,12.0,4294.02,8-15 days,0,10.0,9.932707919898972,2.1291696542263194,2.0
90047,CRUSH WINES,10328,2024-05-22,2024-06-04,13.0,3375.66,8-15 days,0,10.0,9.932707919898972,2.1291696542263194,3.0
90047,CRUSH WINES,10431,2024-05-29,2024-06-12,14.0,5058.81,8-15 days,0,10.0,9.932707919898972,2.1291696542263194,4.0
90047,CRUSH WINES,10583,2024-06-08,2024-06-18,10.0,3147.85,8-15 days,0,10.0,9.932707919898972,2.1291696542263194,0.0
90047,CRUSH WINES,10699,2024-06-16,2024-06-24,8.0,10809.35,8-15 days,0,10.0,9.932707919898972,2.1291696542263194,-2.0
90047,CRUSH WINES,10815,2024-06-24,2024-06-30,6.0,2155.78,0-7 days,0,10.0,9.932707919898972,2.1291696542263194,-4.0
90047,CRUSH WINES,10848,2024-06-25,2024-07-02,7.0,917.69,0-7 days,0,10.0,9.932707919898972,2.1291696542263194,-3.0
90047,CRUSH WINES,10922,2024-06-26,2024-07-08,12.0,3770.11,8-15 days,0,10.0,9.932707919898972,2.1291696542263194,2.0
90047,CRUSH WINES,11026,2024-07-03,2024-07-15,12.0,6072.83,8-15 days,0,10.0,9.932707919898972,2.1291696542263194,2.0
90047,CRUSH WINES,11157,2024-07-12,2024-07-22,10.0,5100.53,8-15 days,0,10.0,9.932707919898972,2.1291696542263194,0.0
90047,CRUSH WINES,11299,2024-07-21,2024-07-30,9.0,2678.49,8-15 days,0,10.0,9.932707919898972,2.1291696542263194,-1.0
90047,CRUSH WINES,11364,2024-07-26,2024-08-06,11.0,3234.96,8-15 days,0,10.0,9.932707919898972,2.1291696542263194,1.0
90047,CRUSH WINES,11476,2024-08-03,2024-08-12,9.0,6633.17,8-15 days,0,10.0,9.932707919898972,2.1291696542263194,-1.0
90047,CRUSH WINES,11622,2024-08-12,2024-08-19,7.0,19818.0,0-7 days,0,10.0,9.932707919898972,2.1291696542263194,-3.0
90047,CRUSH WINES,11704,2024-08-18,2024-08-26,8.0,3542.1,8-15 days,0,10.0,9.932707919898972,2.1291696542263194,-2.0
90047,CRUSH WINES,11809,2024-08-25,2024-09-03,9.0,8735.23,8-15 days,0,10.0,9.932707919898972,2.1291696542263194,-1.0
90047,CRUSH WINES,11861,2024-08-30,2024-09-11,12.0,4656.86,8-15 days,0,10.0,9.932707919898972,2.1291696542263194,2.0
90047,CRUSH WINES,11957,2024-09-05,2024-09-16,11.0,4381.43,8-15 days,0,10.0,9.932707919898972,2.1291696542263194,1.0
90047,CRUSH WINES,12129,2024-09-16,2024-09-23,7.0,7437.62,0-7 days,0,10.0,9.932707919898972,2.1291696542263194,-3.0
90047,CRUSH WINES,12148,2024-09-18,2024-09-30,12.0,6262.87,8-15 days,0,10.0,9.932707919898972,2.1291696542263194,2.0
90047,CRUSH WINES,12261,2024-09-23,2024-10-02,9.0,264.77,8-15 days,0,10.0,9.932707919898972,2.1291696542263194,-1.0
90047,CRUSH WINES,12333,2024-09-26,2024-10-08,12.0,14883.24,8-15 days,0,10.0,9.932707919898972,2.1291696542263194,2.0
90047,CRUSH WINES,12487,2024-10-06,2024-10-15,9.0,8172.74,8-15 days,0,10.0,9.932707919898972,2.1291696542263194,-1.0
90047,CRUSH WINES,12602,2024-10-14,2024-10-22,8.0,7737.86,8-15 days,0,10.0,9.932707919898972,2.1291696542263194,-2.0
90047,CRUSH WINES,12622,2024-10-16,2024-10-30,14.0,9614.46,8-15 days,0,10.0,9.932707919898972,2.1291696542263194,4.0
90047,CRUSH WINES,12747,2024-10-25,2024-11-05,11.0,12771.66,8-15 days,0,10.0,9.932707919898972,2.1291696542263194,1.0
90047,CRUSH WINES,12910,2024-11-04,2024-11-11,7.0,2616.02,0-7 days,0,10.0,9.932707919898972,2.1291696542263194,-3.0
90047,CRUSH WINES,12954,2024-11-07,2024-11-19,12.0,5482.7,8-15 days,0,10.0,9.932707919898972,2.1291696542263194,2.0
90047,CRUSH WINES,13122,2024-11-18,2024-11-27,9.0,4879.53,8-15 days,0,10.0,9.932707919898972,2.1291696542263194,-1.0
90047,CRUSH WINES,13164,2024-11-22,2024-12-02,10.0,3939.47,8-15 days,0,10.0,9.932707919898972,2.1291696542263194,0.0
90047,CRUSH WINES,13290,2024-11-30,2024-12-10,10.0,2937.45,8-15 days,0,10.0,9.932707919898972,2.1291696542263194,0.0
90047,CRUSH WINES,13418,2024-12-08,2024-12-16,8.0,9782.91,8-15 days,0,10.0,9.932707919898972,2.1291696542263194,-2.0
90047,CRUSH WINES,13528,2024-12-15,2024-12-24,9.0,4489.63,8-15 days,0,10.0,9.932707919898972,2.1291696542263194,-1.0
90047,CRUSH WINES,13596,2024-12-20,2024-12-30,10.0,5686.68,8-15 days,0,10.0,9.932707919898972,2.1291696542263194,0.0
90051,FULCHINO VINEYARD INC,8222,2023-12-28,2024-01-09,12.0,1666.44,8-15 days,0,10.0,9.932707919898972,2.1291696542263194,2.0
90051,FULCHINO VINEYARD INC,8423,2024-01-11,2024-01-23,12.0,314.87,8-15 days,0,10.0,9.932707919898972,2.1291696542263194,2.0
90051,FULCHINO VINEYARD INC,8501,2024-01-17,2024-01-29,12.0,546.56,8-15 days,0,10.0,9.932707919898972,2.1291696542263194,2.0
90051,FULCHINO VINEYARD INC,8847,2024-02-09,2024-02-18,9.0,120.72,8-15 days,0,10.0,9.932707919898972,2.1291696542263194,-1.0
90051,FULCHINO VINEYARD INC,8984,2024-02-18,2024-02-26,8.0,120.72,8-15 days,0,10.0,9.932707919898972,2.1291696542263194,-2.0
90051,FULCHINO VINEYARD INC,9287,2024-03-10,2024-03-17,7.0,120.72,0-7 days,0,10.0,9.932707919898972,2.1291696542263194,-3.0
90051,FULCHINO VINEYARD INC,9456,2024-03-22,2024-03-28,6.0,120.72,0-7 days,0,10.0,9.932707919898972,2.1291696542263194,-4.0
90051,FULCHINO VINEYARD INC,9550,2024-03-29,2024-04-05,7.0,164.28,0-7 days,0,10.0,9.932707919898972,2.1291696542263194,-3.0
90051,FULCHINO VINEYARD INC,9707,2024-04-08,2024-04-14,6.0,328.56,0-7 days,0,10.0,9.932707919898972,2.1291696542263194,-4.0
90051,FULCHINO VINEYARD INC,9769,2024-04-13,2024-04-21,8.0,241.44,8-15 days,0,10.0,9.932707919898972,2.1291696542263194,-2.0
90051,FULCHINO VINEYARD INC,9921,2024-04-24,2024-05-04,10.0,570.0,8-15 days,0,10.0,9.932707919898972,2.1291696542263194,0.0
90051,FULCHINO VINEYARD INC,10175,2024-05-11,2024-05-20,9.0,131.61,8-15 days,0,10.0,9.932707919898972,2.1291696542263194,-1.0
90051,FULCHINO VINEYARD INC,10294,2024-05-19,2024-05-26,7.0,285.0,0-7 days,0,10.0,9.932707919898972,2.1291696542263194,-3.0
90051,FULCHINO VINEYARD INC,10418,2024-05-27,2024-05-30,3.0,164.28,0-7 days,0,10.0,9.932707919898972,2.1291696542263194,-7.0
90051,FULCHINO VINEYARD INC,10436,2024-05-29,2024-06-08,10.0,405.72,8-15 days,0,10.0,9.932707919898972,2.1291696542263194,0.0
90051,FULCHINO VINEYARD INC,10717,2024-06-17,2024-06-24,7.0,405.72,0-7 days,0,10.0,9.932707919898972,2.1291696542263194,-3.0
90051,FULCHINO VINEYARD INC,10739,2024-06-19,2024-06-28,9.0,164.28,8-15 days,0,10.0,9.932707919898972,2.1291696542263194,-1.0
90051,FULCHINO VINEYARD INC,10925,2024-06-26,2024-07-05,9.0,120.72,8-15 days,0,10.0,9.932707919898972,2.1291696542263194,-1.0
90051,FULCHINO VINEYARD INC,11097,2024-07-07,2024-07-15,8.0,120.72,8-15 days,0,10.0,9.932707919898972,2.1291696542263194,-2.0
90051,FULCHINO VINEYARD INC,11414,2024-07-29,2024-08-05,7.0,419.1,0-7 days,0,10.0,9.932707919898972,2.1291696542263194,-3.0
90051,FULCHINO VINEYARD INC,11626,2024-08-12,2024-08-19,7.0,734.28,0-7 days,0,10.0,9.932707919898972,2.1291696542263194,-3.0
90051,FULCHINO VINEYARD INC,11733,2024-08-21,2024-09-02,12.0,556.31,8-15 days,0,10.0,9.932707919898972,2.1291696542263194,2.0
90051,FULCHINO VINEYARD INC,11865,2024-08-30,2024-09-09,10.0,231.38,8-15 days,0,10.0,9.932707919898972,2.1291696542263194,0.0
90051,FULCHINO VINEYARD INC,12184,2024-09-20,2024-09-29,9.0,114.29,8-15 days,0,10.0,9.932707919898972,2.1291696542263194,-1.0
90051,FULCHINO VINEYARD INC,12338,2024-09-26,2024-10-05,9.0,120.72,8-15 days,0,10.0,9.932707919898972,2.1291696542263194,-1.0
90051,FULCHINO VINEYARD INC,12559,2024-10-11,2024-10-20,9.0,449.28,8-15 days,0,10.0,9.932707919898972,2.1291696542263194,-1.0
90051,FULCHINO VINEYARD INC,12659,2024-10-18,2024-10-27,9.0,492.84,8-15 days,0,10.0,9.932707919898972,2.1291696542263194,-1.0
90051,FULCHINO VINEYARD INC,12793,2024-10-27,2024-11-03,7.0,164.28,0-7 days,0,10.0,9.932707919898972,2.1291696542263194,-3.0
90051,FULCHINO VINEYARD INC,13019,2024-11-11,2024-11-17,6.0,120.72,0-7 days,0,10.0,9.932707919898972,2.1291696542263194,-4.0
90051,FULCHINO VINEYARD INC,13123,2024-11-18,2024-11-27,9.0,120.72,8-15 days,0,10.0,9.932707919898972,2.1291696542263194,-1.0
90051,FULCHINO VINEYARD INC,13210,2024-11-24,2024-11-28,4.0,120.72,0-7 days,0,10.0,9.932707919898972,2.1291696542263194,-6.0
90051,FULCHINO VINEYARD INC,13359,2024-12-05,2024-12-16,11.0,405.72,8-15 days,0,10.0,9.932707919898972,2.1291696542263194,1.0
90051,FULCHINO VINEYARD INC,13475,2024-12-12,2024-12-21,9.0,260.11,8-15 days,0,10.0,9.932707919898972,2.1291696542263194,-1.0
90051,FULCHINO VINEYARD INC,13576,2024-12-19,2024-12-30,11.0,724.22,8-15 days,0,10.0,9.932707919898972,2.1291696542263194,1.0
90052,HAUNTING WHISPER VYDS,8292,2024-01-01,2024-01-09,8.0,480.72,8-15 days,0,10.0,9.932707919898972,2.1291696542263194,-2.0
90052,HAUNTING WHISPER VYDS,8441,2024-01-12,2024-01-18,6.0,94.08,0-7 days,0,10.0,9.932707919898972,2.1291696542263194,-4.0
90052,HAUNTING WHISPER VYDS,8538,2024-01-19,2024-01-29,10.0,8.27,8-15 days,0,10.0,9.932707919898972,2.1291696542263194,0.0
90052,HAUNTING WHISPER VYDS,8636,2024-01-26,2024-02-05,10.0,193.32,8-15 days,0,10.0,9.932707919898972,2.1291696542263194,0.0
90052,HAUNTING WHISPER VYDS,8798,2024-02-05,2024-02-10,5.0,386.64,0-7 days,0,10.0,9.932707919898972,2.1291696542263194,-5.0
90052,HAUNTING WHISPER VYDS,9604,2024-04-01,2024-04-07,6.0,99.24,0-7 days,0,10.0,9.932707919898972,2.1291696542263194,-4.0
90052,HAUNTING WHISPER VYDS,9627,2024-04-03,2024-04-11,8.0,99.24,8-15 days,0,10.0,9.932707919898972,2.1291696542263194,-2.0
90052,HAUNTING WHISPER VYDS,9853,2024-04-19,2024-04-29,10.0,292.56,8-15 days,0,10.0,9.932707919898972,2.1291696542263194,0.0
90052,HAUNTING WHISPER VYDS,9959,2024-04-26,2024-05-04,8.0,193.32,8-15 days,0,10.0,9.932707919898972,2.1291696542263194,-2.0
90052,HAUNTING WHISPER VYDS,10120,2024-05-08,2024-05-20,12.0,131.46,8-15 days,0,10.0,9.932707919898972,2.1291696542263194,2.0
90052,HAUNTING WHISPER VYDS,10279,2024-05-18,2024-05-27,9.0,297.72,8-15 days,0,10.0,9.932707919898972,2.1291696542263194,-1.0
90052,HAUNTING WHISPER VYDS,10330,2024-05-22,2024-05-30,8.0,94.08,8-15 days,0,10.0,9.932707919898972,2.1291696542263194,-2.0
90052,HAUNTING WHISPER VYDS,10484,2024-06-01,2024-06-08,7.0,193.32,0-7 days,0,10.0,9.932707919898972,2.1291696542263194,-3.0
90052,HAUNTING WHISPER VYDS,10569,2024-06-07,2024-06-16,9.0,188.16,8-15 days,0,10.0,9.932707919898972,2.1291696542263194,-1.0
90052,HAUNTING WHISPER VYDS,10653,2024-06-13,2024-06-20,7.0,111.05,0-7 days,0,10.0,9.932707919898972,2.1291696542263194,-3.0
90052,HAUNTING WHISPER VYDS,10740,2024-06-19,2024-06-28,9.0,111.05,8-15 days,0,10.0,9.932707919898972,2.1291696542263194,-1.0
90052,HAUNTING WHISPER VYDS,11160,2024-07-12,2024-07-21,9.0,99.24,8-15 days,0,10.0,9.932707919898972,2.1291696542263194,-1.0
90052,HAUNTING WHISPER VYDS,11301,2024-07-21,2024-07-29,8.0,193.32,8-15 days,0,10.0,9.932707919898972,2.1291696542263194,-2.0
90052,HAUNTING WHISPER VYDS,11448,2024-08-01,2024-08-10,9.0,94.08,8-15 days,0,10.0,9.932707919898972,2.1291696542263194,-1.0
90052,HAUNTING WHISPER VYDS,11569,2024-08-09,2024-08-17,8.0,477.61,8-15 days,0,10.0,9.932707919898972,2.1291696542263194,-2.0
90052,HAUNTING WHISPER VYDS,11797,2024-08-24,2024-08-30,6.0,99.24,0-7 days,0,10.0,9.932707919898972,2.1291696542263194,-4.0
90052,HAUNTING WHISPER VYDS,11975,2024-09-06,2024-09-16,10.0,193.32,8-15 days,0,10.0,9.932707919898972,2.1291696542263194,0.0
90052,HAUNTING WHISPER VYDS,12168,2024-09-19,2024-09-29,10.0,205.13,8-15 days,0,10.0,9.932707919898972,2.1291696542263194,0.0
90052,HAUNTING WHISPER VYDS,12339,2024-09-26,2024-10-05,9.0,94.08,8-15 days,0,10.0,9.932707919898972,2.1291696542263194,-1.0
90052,HAUNTING WHISPER VYDS,12505,2024-10-07,2024-10-14,7.0,94.08,0-7 days,0,10.0,9.932707919898972,2.1291696542263194,-3.0
90052,HAUNTING WHISPER VYDS,12814,2024-10-28,2024-11-03,6.0,99.24,0-7 days,0,10.0,9.932707919898972,2.1291696542263194,-4.0
90052,HAUNTING WHISPER VYDS,12895,2024-11-03,2024-11-09,6.0,94.08,0-7 days,0,10.0,9.932707919898972,2.1291696542263194,-4.0
90052,HAUNTING WHISPER VYDS,13069,2024-11-15,2024-11-25,10.0,289.45,8-15 days,0,10.0,9.932707919898972,2.1291696542263194,0.0
90052,HAUNTING WHISPER VYDS,13360,2024-12-05,2024-12-15,10.0,188.16,8-15 days,0,10.0,9.932707919898972,2.1291696542263194,0.0
90052,HAUNTING WHISPER VYDS,13555,2024-12-18,2024-12-30,12.0,193.32,8-15 days,0,10.0,9.932707919898972,2.1291696542263194,2.0
90053,INCREDIBREW INC,8178,2023-12-24,2024-01-02,9.0,416.64,8-15 days,0,10.0,9.932707919898972,2.1291696542263194,-1.0
90053,INCREDIBREW INC,8293,2024-01-01,2024-01-07,6.0,510.86,0-7 days,0,10.0,9.932707919898972,2.1291696542263194,-4.0
90053,INCREDIBREW INC,8328,2024-01-04,2024-01-14,10.0,416.4,8-15 days,0,10.0,9.932707919898972,2.1291696542263194,0.0
90053,INCREDIBREW INC,8473,2024-01-14,2024-01-23,9.0,312.96,8-15 days,0,10.0,9.932707919898972,2.1291696542263194,-1.0
90053,INCREDIBREW INC,8552,2024-01-20,2024-01-29,9.0,103.92,8-15 days,0,10.0,9.932707919898972,2.1291696542263194,-1.0
90053,INCREDIBREW INC,8658,2024-01-27,2024-02-05,9.0,423.36,8-15 days,0,10.0,9.932707919898972,2.1291696542263194,-1.0
90053,INCREDIBREW INC,8901,2024-02-12,2024-02-19,7.0,637.44,0-7 days,0,10.0,9.932707919898972,2.1291696542263194,-3.0
90053,INCREDIBREW INC,9001,2024-02-19,2024-02-24,5.0,638.16,0-7 days,0,10.0,9.932707919898972,2.1291696542263194,-5.0
90053,INCREDIBREW INC,9101,2024-02-26,2024-03-04,7.0,496.56,0-7 days,0,10.0,9.932707919898972,2.1291696542263194,-3.0
90053,INCREDIBREW INC,9152,2024-03-01,2024-03-10,9.0,303.58,8-15 days,0,10.0,9.932707919898972,2.1291696542263194,-1.0
90053,INCREDIBREW INC,9251,2024-03-08,2024-03-17,9.0,303.82,8-15 days,0,10.0,9.932707919898972,2.1291696542263194,-1.0
90053,INCREDIBREW INC,9349,2024-03-15,2024-03-25,10.0,312.24,8-15 days,0,10.0,9.932707919898972,2.1291696542263194,0.0
90053,INCREDIBREW INC,9457,2024-03-22,2024-04-02,11.0,527.76,8-15 days,0,10.0,9.932707919898972,2.1291696542263194,1.0
90053,INCREDIBREW INC,9538,2024-03-28,2024-04-05,8.0,110.88,8-15 days,0,10.0,9.932707919898972,2.1291696542263194,-2.0
90053,INCREDIBREW INC,9695,2024-04-07,2024-04-15,8.0,313.2,8-15 days,0,10.0,9.932707919898972,2.1291696542263194,-2.0
90053,INCREDIBREW INC,9804,2024-04-15,2024-04-21,6.0,203.28,0-7 days,0,10.0,9.932707919898972,2.1291696542263194,-4.0
90053,INCREDIBREW INC,9854,2024-04-19,2024-04-28,9.0,319.2,8-15 days,0,10.0,9.932707919898972,2.1291696542263194,-1.0
90053,INCREDIBREW INC,9936,2024-04-25,2024-05-06,11.0,736.08,8-15 days,0,10.0,9.932707919898972,2.1291696542263194,1.0
90053,INCREDIBREW INC,10102,2024-05-06,2024-05-09,3.0,423.36,0-7 days,0,10.0,9.932707919898972,2.1291696542263194,-7.0
90053,INCREDIBREW INC,10156,2024-05-10,2024-05-20,10.0,9.24,8-15 days,0,10.0,9.932707919898972,2.1291696542263194,0.0
90053,INCREDIBREW INC,10280,2024-05-18,2024-05-27,9.0,919.16,8-15 days,0,10.0,9.932707919898972,2.1291696542263194,-1.0
90053,INCREDIBREW INC,10331,2024-05-22,2024-06-03,12.0,625.92,8-15 days,0,10.0,9.932707919898972,2.1291696542263194,2.0
90053,INCREDIBREW INC,10485,2024-06-01,2024-06-09,8.0,632.4,8-15 days,0,10.0,9.932707919898972,2.1291696542263194,-2.0
90053,INCREDIBREW INC,10587,2024-06-08,2024-06-16,8.0,473.62,8-15 days,0,10.0,9.932707919898972,2.1291696542263194,-2.0
90053,INCREDIBREW INC,10671,2024-06-14,2024-06-24,10.0,716.48,8-15 days,0,10.0,9.932707919898972,2.1291696542263194,0.0
90053,INCREDIBREW INC,10783,2024-06-22,2024-06-30,8.0,110.88,8-15 days,0,10.0,9.932707919898972,2.1291696542263194,-2.0
90053,INCREDIBREW INC,10862,2024-06-25,2024-07-02,7.0,104.64,0-7 days,0,10.0,9.932707919898972,2.1291696542263194,-3.0
90053,INCREDIBREW INC,11009,2024-07-01,2024-07-08,7.0,319.2,0-7 days,0,10.0,9.932707919898972,2.1291696542263194,-3.0
90053,INCREDIBREW INC,11098,2024-07-07,2024-07-14,7.0,312.48,0-7 days,0,10.0,9.932707919898972,2.1291696542263194,-3.0
90053,INCREDIBREW INC,11143,2024-07-11,2024-07-22,11.0,436.56,8-15 days,0,10.0,9.932707919898972,2.1291696542263194,1.0
90053,INCREDIBREW INC,11267,2024-07-19,2024-07-30,11.0,555.56,8-15 days,0,10.0,9.932707919898972,2.1291696542263194,1.0
90053,INCREDIBREW INC,11415,2024-07-29,2024-08-05,7.0,208.32,0-7 days,0,10.0,9.932707919898972,2.1291696542263194,-3.0
90053,INCREDIBREW INC,11612,2024-08-11,2024-08-19,8.0,1131.62,8-15 days,0,10.0,9.932707919898972,2.1291696542263194,-2.0
90053,INCREDIBREW INC,11672,2024-08-16,2024-08-26,10.0,503.36,8-15 days,0,10.0,9.932707919898972,2.1291696542263194,0.0
90053,INCREDIBREW INC,11754,2024-08-22,2024-09-02,11.0,1148.74,8-15 days,0,10.0,9.932707919898972,2.1291696542263194,1.0
90053,INCREDIBREW INC,11866,2024-08-30,2024-09-10,11.0,199.18,8-15 days,0,10.0,9.932707919898972,2.1291696542263194,1.0
90053,INCREDIBREW INC,11976,2024-09-06,2024-09-16,10.0,432.78,8-15 days,0,10.0,9.932707919898972,2.1291696542263194,0.0
90053,INCREDIBREW INC,12132,2024-09-16,2024-09-20,4.0,110.88,0-7 days,0,10.0,9.932707919898972,2.1291696542263194,-6.0
90053,INCREDIBREW INC,12221,2024-09-22,2024-09-30,8.0,641.78,8-15 days,0,10.0,9.932707919898972,2.1291696542263194,-2.0
90053,INCREDIBREW INC,12383,2024-09-29,2024-10-07,8.0,453.7,8-15 days,0,10.0,9.932707919898972,2.1291696542263194,-2.0
90053,INCREDIBREW INC,12506,2024-10-07,2024-10-13,6.0,318.72,0-7 days,0,10.0,9.932707919898972,2.1291696542263194,-4.0
90053,INCREDIBREW INC,12544,2024-10-10,2024-10-20,10.0,636.36,8-15 days,0,10.0,9.932707919898972,2.1291696542263194,0.0
90053,INCREDIBREW INC,12626,2024-10-16,2024-10-27,11.0,207.84,8-15 days,0,10.0,9.932707919898972,2.1291696542263194,1.0
90053,INCREDIBREW INC,12751,2024-10-25,2024-11-05,11.0,835.68,8-15 days,0,10.0,9.932707919898972,2.1291696542263194,1.0
90053,INCREDIBREW INC,12897,2024-11-03,2024-11-11,8.0,423.36,8-15 days,0,10.0,9.932707919898972,2.1291696542263194,-2.0
90053,INCREDIBREW INC,12958,2024-11-07,2024-11-18,11.0,733.84,8-15 days,0,10.0,9.932707919898972,2.1291696542263194,1.0
90053,INCREDIBREW INC,13070,2024-11-15,2024-11-23,8.0,417.6,8-15 days,0,10.0,9.932707919898972,2.1291696542263194,-2.0
90053,INCREDIBREW INC,13166,2024-11-22,2024-12-01,9.0,415.68,8-15 days,0,10.0,9.932707919898972,2.1291696542263194,-1.0
90053,INCREDIBREW INC,13240,2024-11-27,2024-12-09,12.0,422.64,8-15 days,0,10.0,9.932707919898972,2.1291696542263194,2.0
90053,INCREDIBREW INC,13395,2024-12-07,2024-12-16,9.0,527.52,8-15 days,0,10.0,9.932707919898972,2.1291696542263194,-1.0
90053,INCREDIBREW INC,13507,2024-12-14,2024-12-23,9.0,1064.64,8-15 days,0,10.0,9.932707919898972,2.1291696542263194,-1.0
90053,INCREDIBREW INC,13612,2024-12-21,2024-12-31,10.0,965.76,8-15 days,0,10.0,9.932707919898972,2.1291696542263194,0.0
90056,SWEET BABY VINEYARD,8146,2023-12-22,2024-01-02,11.0,988.6,8-15 days,0,10.0,9.932707919898972,2.1291696542263194,1.0
90056,SWEET BABY VINEYARD,8264,2023-12-30,2024-01-09,10.0,10367.3,8-15 days,0,10.0,9.932707919898972,2.1291696542263194,0.0
90056,SWEET BABY VINEYARD,8335,2024-01-04,2024-01-15,11.0,1378.61,8-15 days,0,10.0,9.932707919898972,2.1291696542263194,1.0
90056,SWEET BABY VINEYARD,8429,2024-01-11,2024-01-23,12.0,973.32,8-15 days,0,10.0,9.932707919898972,2.1291696542263194,2.0
90056,SWEET BABY VINEYARD,8599,2024-01-22,2024-01-30,8.0,5401.59,8-15 days,0,10.0,9.932707919898972,2.1291696542263194,-2.0
90056,SWEET BABY VINEYARD,8686,2024-01-28,2024-02-06,9.0,1705.23,8-15 days,0,10.0,9.932707919898972,2.1291696542263194,-1.0
90056,SWEET BABY VINEYARD,8737,2024-02-01,2024-02-13,12.0,1707.32,8-15 days,0,10.0,9.932707919898972,2.1291696542263194,2.0
90056,SWEET BABY VINEYARD,8872,2024-02-10,2024-02-19,9.0,1894.83,8-15 days,0,10.0,9.932707919898972,2.1291696542263194,-1.0
90056,SWEET BABY VINEYARD,8976,2024-02-17,2024-02-25,8.0,700.8,8-15 days,0,10.0,9.932707919898972,2.1291696542263194,-2.0
90056,SWEET BABY VINEYARD,9057,2024-02-23,2024-03-05,11.0,2257.1,8-15 days,0,10.0,9.932707919898972,2.1291696542263194,1.0
90056,SWEET BABY VINEYARD,9127,2024-02-28,2024-03-11,12.0,2572.01,8-15 days,0,10.0,9.932707919898972,2.1291696542263194,2.0
90056,SWEET BABY VINEYARD,9295,2024-03-10,2024-03-18,8.0,1197.74,8-15 days,0,10.0,9.932707919898972,2.1291696542263194,-2.0
90056,SWEET BABY VINEYARD,9344,2024-03-14,2024-03-25,11.0,1090.8,8-15 days,0,10.0,9.932707919898972,2.1291696542263194,1.0
90056,SWEET BABY VINEYARD,9488,2024-03-23,2024-04-02,10.0,1871.04,8-15 days,0,10.0,9.932707919898972,2.1291696542263194,0.0
90056,SWEET BABY VINEYARD,9543,2024-03-28,2024-04-07,10.0,1392.91,8-15 days,0,10.0,9.932707919898972,2.1291696542263194,0.0
90056,SWEET BABY VINEYARD,9665,2024-04-05,2024-04-15,10.0,1389.15,8-15 days,0,10.0,9.932707919898972,2.1291696542263194,0.0
90056,SWEET BABY VINEYARD,9795,2024-04-14,2024-04-22,8.0,1657.7,8-15 days,0,10.0,9.932707919898972,2.1291696542263194,-2.0
90056,SWEET BABY VINEYARD,9863,2024-04-19,2024-04-29,10.0,1385.4,8-15 days,0,10.0,9.932707919898972,2.1291696542263194,0.0
90056,SWEET BABY VINEYARD,9947,2024-04-25,2024-05-06,11.0,2700.04,8-15 days,0,10.0,9.932707919898972,2.1291696542263194,1.0
90056,SWEET BABY VINEYARD,10092,2024-05-05,2024-05-11,6.0,791.19,0-7 days,0,10.0,9.932707919898972,2.1291696542263194,-4.0
90056,SWEET BABY VINEYARD,10143,2024-05-09,2024-05-20,11.0,68.4,8-15 days,0,10.0,9.932707919898972,2.1291696542263194,1.0
90056,SWEET BABY VINEYARD,10253,2024-05-16,2024-05-27,11.0,4211.51,8-15 days,0,10.0,9.932707919898972,2.1291696542263194,1.0
90056,SWEET BABY VINEYARD,10342,2024-05-22,2024-06-03,12.0,1726.97,8-15 days,0,10.0,9.932707919898972,2.1291696542263194,2.0
90056,SWEET BABY VINEYARD,10472,2024-05-31,2024-06-10,10.0,10663.92,8-15 days,0,10.0,9.932707919898972,2.1291696542263194,0.0
90056,SWEET BABY VINEYARD,10560,2024-06-06,2024-06-17,11.0,2042.99,8-15 days,0,10.0,9.932707919898972,2.1291696542263194,1.0
90056,SWEET BABY VINEYARD,10690,2024-06-15,2024-06-25,10.0,3642.55,8-15 days,0,10.0,9.932707919898972,2.1291696542263194,0.0
90056,SWEET BABY VINEYARD,10748,2024-06-19,2024-06-30,11.0,2482.0,8-15 days,0,10.0,9.932707919898972,2.1291696542263194,1.0
90056,SWEET BABY VINEYARD,10906,2024-06-25,2024-07-02,7.0,417.62,0-7 days,0,10.0,9.932707919898972,2.1291696542263194,-3.0
90056,SWEET BABY VINEYARD,10977,2024-06-29,2024-07-09,10.0,3385.63,8-15 days,0,10.0,9.932707919898972,2.1291696542263194,0.0
90056,SWEET BABY VINEYARD,11061,2024-07-04,2024-07-15,11.0,4723.73,8-15 days,0,10.0,9.932707919898972,2.1291696542263194,1.0
90056,SWEET BABY VINEYARD,11152,2024-07-11,2024-07-23,12.0,2938.76,8-15 days,0,10.0,9.932707919898972,2.1291696542263194,2.0
90056,SWEET BABY VINEYARD,11241,2024-07-17,2024-07-29,12.0,3918.8,8-15 days,0,10.0,9.932707919898972,2.1291696542263194,2.0
90056,SWEET BABY VINEYARD,11375,2024-07-26,2024-08-05,10.0,3298.71,8-15 days,0,10.0,9.932707919898972,2.1291696542263194,0.0
90056,SWEET BABY VINEYARD,11439,2024-07-31,2024-08-12,12.0,2513.16,8-15 days,0,10.0,9.932707919898972,2.1291696542263194,2.0
90056,SWEET BABY VINEYARD,11633,2024-08-12,2024-08-19,7.0,3486.08,0-7 days,0,10.0,9.932707919898972,2.1291696542263194,-3.0
90056,SWEET BABY VINEYARD,11683,2024-08-16,2024-08-26,10.0,2826.08,8-15 days,0,10.0,9.932707919898972,2.1291696542263194,0.0
90056,SWEET BABY VINEYARD,11804,2024-08-24,2024-09-02,9.0,3708.32,8-15 days,0,10.0,9.932707919898972,2.1291696542263194,-1.0
90056,SWEET BABY VINEYARD,11915,2024-09-01,2024-09-09,8.0,3295.98,8-15 days,0,10.0,9.932707919898972,2.1291696542263194,-2.0
90056,SWEET BABY VINEYARD,12035,2024-09-09,2024-09-16,7.0,3173.67,0-7 days,0,10.0,9.932707919898972,2.1291696542263194,-3.0
90056,SWEET BABY VINEYARD,12089,2024-09-13,2024-09-23,10.0,2861.44,8-15 days,0,10.0,9.932707919898972,2.1291696542263194,0.0
90056,SWEET BABY VINEYARD,12176,2024-09-19,2024-09-30,11.0,2650.95,8-15 days,0,10.0,9.932707919898972,2.1291696542263194,1.0
90056,SWEET BABY VINEYARD,12365,2024-09-27,2024-10-07,10.0,2574.78,8-15 days,0,10.0,9.932707919898972,2.1291696542263194,0.0
90056,SWEET BABY VINEYARD,12482,2024-10-05,2024-10-14,9.0,3024.23,8-15 days,0,10.0,9.932707919898972,2.1291696542263194,-1.0
90056,SWEET BABY VINEYARD,12535,2024-10-09,2024-10-22,13.0,1774.73,8-15 days,0,10.0,9.932707919898972,2.1291696542263194,3.0
90056,SWEET BABY VINEYARD,12664,2024-10-18,2024-10-29,11.0,1780.1,8-15 days,0,10.0,9.932707919898972,2.1291696542263194,1.0
90056,SWEET BABY VINEYARD,12824,2024-10-28,2024-11-04,7.0,1864.99,0-7 days,0,10.0,9.932707919898972,2.1291696542263194,-3.0
90056,SWEET BABY VINEYARD,12903,2024-11-03,2024-11-12,9.0,1466.12,8-15 days,0,10.0,9.932707919898972,2.1291696542263194,-1.0
90056,SWEET BABY VINEYARD,13000,2024-11-09,2024-11-18,9.0,1994.57,8-15 days,0,10.0,9.932707919898972,2.1291696542263194,-1.0
90056,SWEET BABY VINEYARD,13097,2024-11-16,2024-11-27,11.0,1183.27,8-15 days,0,10.0,9.932707919898972,2.1291696542263194,1.0
90056,SWEET BABY VINEYARD,13219,2024-11-24,2024-12-02,8.0,2091.18,8-15 days,0,10.0,9.932707919898972,2.1291696542263194,-2.0
90056,SWEET BABY VINEYARD,13301,2024-11-30,2024-12-09,9.0,1429.11,8-15 days,0,10.0,9.932707919898972,2.1291696542263194,-1.0
90056,SWEET BABY VINEYARD,13346,2024-12-04,2024-12-16,12.0,2596.28,8-15 days,0,10.0,9.932707919898972,2.1291696542263194,2.0
90056,SWEET BABY VINEYARD,13499,2024-12-13,2024-12-24,11.0,2158.25,8-15 days,0,10.0,9.932707919898972,2.1291696542263194,1.0
90056,SWEET BABY VINEYARD,13637,2024-12-22,2024-12-31,9.0,5180.34,8-15 days,0,10.0,9.932707919898972,2.1291696542263194,-1.0
90057,WALPOLE MTN VIEW WINERY,8373,2024-01-06,2024-01-12,6.0,137.16,0-7 days,0,10.0,9.932707919898972,2.1291696542263194,-4.0
90057,WALPOLE MTN VIEW WINERY,8515,2024-01-17,2024-01-29,12.0,409.3,8-15 days,0,10.0,9.932707919898972,2.1291696542263194,2.0
90057,WALPOLE MTN VIEW WINERY,9032,2024-02-21,2024-03-03,11.0,156.12,8-15 days,0,10.0,9.932707919898972,2.1291696542263194,1.0
90057,WALPOLE MTN VIEW WINERY,9255,2024-03-08,2024-03-15,7.0,137.16,0-7 days,0,10.0,9.932707919898972,2.1291696542263194,-3.0
90057,WALPOLE MTN VIEW WINERY,9472,2024-03-22,2024-03-31,9.0,293.28,8-15 days,0,10.0,9.932707919898972,2.1291696542263194,-1.0
90057,WALPOLE MTN VIEW WINERY,9546,2024-03-28,2024-04-08,11.0,137.16,8-15 days,0,10.0,9.932707919898972,2.1291696542263194,1.0
90057,WALPOLE MTN VIEW WINERY,9736,2024-04-10,2024-04-21,11.0,391.32,8-15 days,0,10.0,9.932707919898972,2.1291696542263194,1.0
90057,WALPOLE MTN VIEW WINERY,9868,2024-04-19,2024-04-28,9.0,137.16,8-15 days,0,10.0,9.932707919898972,2.1291696542263194,-1.0
90057,WALPOLE MTN VIEW WINERY,9997,2024-04-28,2024-05-04,6.0,420.36,0-7 days,0,10.0,9.932707919898972,2.1291696542263194,-4.0
90057,WALPOLE MTN VIEW WINERY,10147,2024-05-09,2024-05-20,11.0,57.05,8-15 days,0,10.0,9.932707919898972,2.1291696542263194,1.0
90057,WALPOLE MTN VIEW WINERY,10238,2024-05-15,2024-05-27,12.0,655.56,8-15 days,0,10.0,9.932707919898972,2.1291696542263194,2.0
90057,WALPOLE MTN VIEW WINERY,10374,2024-05-24,2024-05-30,6.0,156.12,0-7 days,0,10.0,9.932707919898972,2.1291696542263194,-4.0
90057,WALPOLE MTN VIEW WINERY,10477,2024-05-31,2024-06-08,8.0,420.36,8-15 days,0,10.0,9.932707919898972,2.1291696542263194,-2.0
90057,WALPOLE MTN VIEW WINERY,10576,2024-06-07,2024-06-16,9.0,156.12,8-15 days,0,10.0,9.932707919898972,2.1291696542263194,-1.0
90057,WALPOLE MTN VIEW WINERY,10732,2024-06-17,2024-06-23,6.0,264.24,0-7 days,0,10.0,9.932707919898972,2.1291696542263194,-4.0
90057,WALPOLE MTN VIEW WINERY,11092,2024-07-06,2024-07-14,8.0,127.08,8-15 days,0,10.0,9.932707919898972,2.1291696542263194,-2.0
90057,WALPOLE MTN VIEW WINERY,11206,2024-07-14,2024-07-22,8.0,410.28,8-15 days,0,10.0,9.932707919898972,2.1291696542263194,-2.0
90057,WALPOLE MTN VIEW WINERY,11324,2024-07-22,2024-07-30,8.0,137.16,8-15 days,0,10.0,9.932707919898972,2.1291696542263194,-2.0
90057,WALPOLE MTN VIEW WINERY,11379,2024-07-26,2024-08-02,7.0,156.12,0-7 days,0,10.0,9.932707919898972,2.1291696542263194,-3.0
90057,WALPOLE MTN VIEW WINERY,11507,2024-08-04,2024-08-09,5.0,127.08,0-7 days,0,10.0,9.932707919898972,2.1291696542263194,-5.0
90057,WALPOLE MTN VIEW WINERY,11585,2024-08-09,2024-08-17,8.0,840.72,8-15 days,0,10.0,9.932707919898972,2.1291696542263194,-2.0
90057,WALPOLE MTN VIEW WINERY,11790,2024-08-23,2024-08-30,7.0,557.52,0-7 days,0,10.0,9.932707919898972,2.1291696542263194,-3.0
90057,WALPOLE MTN VIEW WINERY,11847,2024-08-28,2024-09-09,12.0,293.28,8-15 days,0,10.0,9.932707919898972,2.1291696542263194,2.0
90057,WALPOLE MTN VIEW WINERY,12233,2024-09-22,2024-09-29,7.0,136.22,0-7 days,0,10.0,9.932707919898972,2.1291696542263194,-3.0
90057,WALPOLE MTN VIEW WINERY,12437,2024-10-02,2024-10-13,11.0,127.08,8-15 days,0,10.0,9.932707919898972,2.1291696542263194,1.0
90057,WALPOLE MTN VIEW WINERY,12650,2024-10-17,2024-10-25,8.0,125.73,8-15 days,0,10.0,9.932707919898972,2.1291696542263194,-2.0
90057,WALPOLE MTN VIEW WINERY,12786,2024-10-26,2024-11-03,8.0,156.12,8-15 days,0,10.0,9.932707919898972,2.1291696542263194,-2.0
90057,WALPOLE MTN VIEW WINERY,12949,2024-11-06,2024-11-18,12.0,557.52,8-15 days,0,10.0,9.932707919898972,2.1291696542263194,2.0
90057,WALPOLE MTN VIEW WINERY,13131,2024-11-18,2024-11-27,9.0,254.16,8-15 days,0,10.0,9.932707919898972,2.1291696542263194,-1.0
90057,WALPOLE MTN VIEW WINERY,13443,2024-12-09,2024-12-15,6.0,379.89,0-7 days,0,10.0,9.932707919898972,2.1291696542263194,-4.0
90057,WALPOLE MTN VIEW WINERY,13501,2024-12-13,2024-12-20,7.0,283.2,0-7 days,0,10.0,9.932707919898972,2.1291696542263194,-3.0
90057,WALPOLE MTN VIEW WINERY,13592,2024-12-19,2024-12-30,11.0,694.68,8-15 days,0,10.0,9.932707919898972,2.1291696542263194,1.0
90058,ZORVINO VINEYARDS,8206,2023-12-25,2024-01-01,7.0,186.93,0-7 days,0,10.0,9.932707919898972,2.1291696542263194,-3.0
90058,ZORVINO VINEYARDS,8286,2023-12-31,2024-01-08,8.0,2372.4,8-15 days,0,10.0,9.932707919898972,2.1291696542263194,-2.0
90058,ZORVINO VINEYARDS,8357,2024-01-05,2024-01-15,10.0,800.22,8-15 days,0,10.0,9.932707919898972,2.1291696542263194,0.0
90058,ZORVINO VINEYARDS,8496,2024-01-15,2024-01-23,8.0,473.82,8-15 days,0,10.0,9.932707919898972,2.1291696542263194,-2.0
90058,ZORVINO VINEYARDS,8603,2024-01-22,2024-01-29,7.0,1032.4,0-7 days,0,10.0,9.932707919898972,2.1291696542263194,-3.0
90058,ZORVINO VINEYARDS,8617,2024-01-24,2024-02-06,13.0,3209.33,8-15 days,0,10.0,9.932707919898972,2.1291696542263194,3.0
90058,ZORVINO VINEYARDS,8777,2024-02-03,2024-02-14,11.0,2525.53,8-15 days,0,10.0,9.932707919898972,2.1291696542263194,1.0
90058,ZORVINO VINEYARDS,8891,2024-02-11,2024-02-19,8.0,739.8,8-15 days,0,10.0,9.932707919898972,2.1291696542263194,-2.0
90058,ZORVINO VINEYARDS,8922,2024-02-14,2024-02-26,12.0,887.1,8-15 days,0,10.0,9.932707919898972,2.1291696542263194,2.0
90058,ZORVINO VINEYARDS,9111,2024-02-26,2024-03-04,7.0,1511.52,0-7 days,0,10.0,9.932707919898972,2.1291696542263194,-3.0
90058,ZORVINO VINEYARDS,9195,2024-03-03,2024-03-11,8.0,1192.15,8-15 days,0,10.0,9.932707919898972,2.1291696542263194,-2.0
90058,ZORVINO VINEYARDS,9242,2024-03-07,2024-03-18,11.0,1163.59,8-15 days,0,10.0,9.932707919898972,2.1291696542263194,1.0
90058,ZORVINO VINEYARDS,9356,2024-03-15,2024-03-26,11.0,1122.39,8-15 days,0,10.0,9.932707919898972,2.1291696542263194,1.0
90058,ZORVINO VINEYARDS,9432,2024-03-20,2024-04-02,13.0,900.3,8-15 days,0,10.0,9.932707919898972,2.1291696542263194,3.0
90058,ZORVINO VINEYARDS,9532,2024-03-27,2024-04-08,12.0,1534.78,8-15 days,0,10.0,9.932707919898972,2.1291696542263194,2.0
90058,ZORVINO VINEYARDS,9671,2024-04-05,2024-04-15,10.0,1253.37,8-15 days,0,10.0,9.932707919898972,2.1291696542263194,0.0
90058,ZORVINO VINEYARDS,9737,2024-04-10,2024-04-22,12.0,1074.9,8-15 days,0,10.0,9.932707919898972,2.1291696542263194,2.0
90058,ZORVINO VINEYARDS,9901,2024-04-21,2024-04-30,9.0,2298.26,8-15 days,0,10.0,9.932707919898972,2.1291696542263194,-1.0
90058,ZORVINO VINEYARDS,10020,2024-04-29,2024-05-06,7.0,1495.56,0-7 days,0,10.0,9.932707919898972,2.1291696542263194,-3.0
90058,ZORVINO VINEYARDS,10053,2024-05-02,2024-05-11,9.0,861.39,8-15 days,0,10.0,9.932707919898972,2.1291696542263194,-1.0
90058,ZORVINO VINEYARDS,10168,2024-05-10,2024-05-20,10.0,169.4,8-15 days,0,10.0,9.932707919898972,2.1291696542263194,0.0
90058,ZORVINO VINEYARDS,10289,2024-05-18,2024-05-27,9.0,4589.71,8-15 days,0,10.0,9.932707919898972,2.1291696542263194,-1.0
90058,ZORVINO VINEYARDS,10411,2024-05-26,2024-06-03,8.0,2416.09,8-15 days,0,10.0,9.932707919898972,2.1291696542263194,-2.0
90058,ZORVINO VINEYARDS,10464,2024-05-30,2024-06-10,11.0,2185.05,8-15 days,0,10.0,9.932707919898972,2.1291696542263194,1.0
90058,ZORVINO VINEYARDS,10631,2024-06-10,2024-06-18,8.0,1015.35,8-15 days,0,10.0,9.932707919898972,2.1291696542263194,-2.0
90058,ZORVINO VINEYARDS,10644,2024-06-12,2024-06-25,13.0,2585.96,8-15 days,0,10.0,9.932707919898972,2.1291696542263194,3.0
90058,ZORVINO VINEYARDS,10775,2024-06-21,2024-06-30,9.0,472.0,8-15 days,0,10.0,9.932707919898972,2.1291696542263194,-1.0
90058,ZORVINO VINEYARDS,10919,2024-06-25,2024-07-01,6.0,450.84,0-7 days,0,10.0,9.932707919898972,2.1291696542263194,-4.0
90058,ZORVINO VINEYARDS,10935,2024-06-26,2024-07-08,12.0,1337.6,8-15 days,0,10.0,9.932707919898972,2.1291696542263194,2.0
90058,ZORVINO VINEYARDS,11066,2024-07-04,2024-07-15,11.0,1958.71,8-15 days,0,10.0,9.932707919898972,2.1291696542263194,1.0
90058,ZORVINO VINEYARDS,11168,2024-07-12,2024-07-22,10.0,936.42,8-15 days,0,10.0,9.932707919898972,2.1291696542263194,0.0
90058,ZORVINO VINEYARDS,11325,2024-07-22,2024-07-30,8.0,1715.08,8-15 days,0,10.0,9.932707919898972,2.1291696542263194,-2.0
90058,ZORVINO VINEYARDS,11409,2024-07-28,2024-08-07,10.0,473.82,8-15 days,0,10.0,9.932707919898972,2.1291696542263194,0.0
90058,ZORVINO VINEYARDS,11522,2024-08-05,2024-08-12,7.0,1535.82,0-7 days,0,10.0,9.932707919898972,2.1291696542263194,-3.0
90058,ZORVINO VINEYARDS,11586,2024-08-09,2024-08-19,10.0,2309.04,8-15 days,0,10.0,9.932707919898972,2.1291696542263194,0.0
90058,ZORVINO VINEYARDS,11665,2024-08-15,2024-08-27,12.0,1919.95,8-15 days,0,10.0,9.932707919898972,2.1291696542263194,2.0
90058,ZORVINO VINEYARDS,11834,2024-08-26,2024-09-01,6.0,1282.92,0-7 days,0,10.0,9.932707919898972,2.1291696542263194,-4.0
90058,ZORVINO VINEYARDS,11937,2024-09-02,2024-09-10,8.0,2112.88,8-15 days,0,10.0,9.932707919898972,2.1291696542263194,-2.0
90058,ZORVINO VINEYARDS,11992,2024-09-06,2024-09-16,10.0,1053.15,8-15 days,0,10.0,9.932707919898972,2.1291696542263194,0.0
90058,ZORVINO VINEYARDS,12106,2024-09-14,2024-09-23,9.0,1718.98,8-15 days,0,10.0,9.932707919898972,2.1291696542263194,-1.0
90058,ZORVINO VINEYARDS,12179,2024-09-19,2024-09-30,11.0,2117.4,8-15 days,0,10.0,9.932707919898972,2.1291696542263194,1.0
90058,ZORVINO VINEYARDS,12310,2024-09-23,2024-10-02,9.0,112.68,8-15 days,0,10.0,9.932707919898972,2.1291696542263194,-1.0
90058,ZORVINO VINEYARDS,12329,2024-09-25,2024-10-07,12.0,1572.43,8-15 days,0,10.0,9.932707919898972,2.1291696542263194,2.0
90058,ZORVINO VINEYARDS,12486,2024-10-05,2024-10-14,9.0,2974.35,8-15 days,0,10.0,9.932707919898972,2.1291696542263194,-1.0
90058,ZORVINO VINEYARDS,12568,2024-10-11,2024-10-21,10.0,2533.42,8-15 days,0,10.0,9.932707919898972,2.1291696542263194,0.0
90058,ZORVINO VINEYARDS,12652,2024-10-17,2024-10-30,13.0,1560.31,8-15 days,0,10.0,9.932707919898972,2.1291696542263194,3.0
90058,ZORVINO VINEYARDS,12738,2024-10-23,2024-11-04,12.0,1290.09,8-15 days,0,10.0,9.932707919898972,2.1291696542263194,2.0
90058,ZORVINO VINEYARDS,12927,2024-11-04,2024-11-12,8.0,1291.05,8-15 days,0,10.0,9.932707919898972,2.1291696542263194,-2.0
90058,ZORVINO VINEYARDS,12973,2024-11-07,2024-11-18,11.0,821.37,8-15 days,0,10.0,9.932707919898972,2.1291696542263194,1.0
90058,ZORVINO VINEYARDS,13133,2024-11-18,2024-11-26,8.0,892.48,8-15 days,0,10.0,9.932707919898972,2.1291696542263194,-2.0
90058,ZORVINO VINEYARDS,13161,2024-11-21,2024-12-02,11.0,2317.57,8-15 days,0,10.0,9.932707919898972,2.1291696542263194,1.0
90058,ZORVINO VINEYARDS,13335,2024-12-02,2024-12-11,9.0,1716.45,8-15 days,0,10.0,9.932707919898972,2.1291696542263194,-1.0
90058,ZORVINO VINEYARDS,13411,2024-12-07,2024-12-17,10.0,1525.86,8-15 days,0,10.0,9.932707919898972,2.1291696542263194,0.0
90058,ZORVINO VINEYARDS,13502,2024-12-13,2024-12-24,11.0,2914.63,8-15 days,0,10.0,9.932707919898972,2.1291696542263194,1.0
90058,ZORVINO VINEYARDS,13593,2024-12-19,2024-12-31,12.0,3608.11,8-15 days,0,10.0,9.932707919898972,2.1291696542263194,2.0
90059,BLACK COVE BEVERAGES,12414,2024-10-02,2024-10-15,13.0,8499.6,8-15 days,0,10.0,9.932707919898972,2.1291696542263194,3.0
90059,BLACK COVE BEVERAGES,12553,2024-10-11,2024-10-18,7.0,912.92,0-7 days,0,10.0,9.932707919898972,2.1291696542263194,-3.0
90059,BLACK COVE BEVERAGES,12724,2024-10-23,2024-11-01,9.0,188.88,8-15 days,0,10.0,9.932707919898972,2.1291696542263194,-1.0
90059,BLACK COVE BEVERAGES,13181,2024-11-23,2024-12-02,9.0,566.64,8-15 days,0,10.0,9.932707919898972,2.1291696542263194,-1.0
90059,BLACK COVE BEVERAGES,13269,2024-11-29,2024-12-10,11.0,125.92,8-15 days,0,10.0,9.932707919898972,2.1291696542263194,1.0
90059,BLACK COVE BEVERAGES,13373,2024-12-06,2024-12-17,11.0,1290.68,8-15 days,0,10.0,9.932707919898972,2.1291696542263194,1.0
90059,BLACK COVE BEVERAGES,13485,2024-12-13,2024-12-23,10.0,1589.74,8-15 days,0,10.0,9.932707919898972,2.1291696542263194,0.0
90059,BLACK COVE BEVERAGES,13608,2024-12-21,2024-12-31,10.0,1290.68,8-15 days,0,10.0,9.932707919898972,2.1291696542263194,0.0
98450,Serralles Usa LLC,8165,2023-12-23,2024-01-03,11.0,376.36,8-15 days,0,10.0,9.932707919898972,2.1291696542263194,1.0
98450,Serralles Usa LLC,8302,2024-01-01,2024-01-10,9.0,3894.93,8-15 days,0,10.0,9.932707919898972,2.1291696542263194,-1.0
98450,Serralles Usa LLC,8318,2024-01-03,2024-01-15,12.0,1341.56,8-15 days,0,10.0,9.932707919898972,2.1291696542263194,2.0
98450,Serralles Usa LLC,8428,2024-01-11,2024-01-22,11.0,1939.08,8-15 days,0,10.0,9.932707919898972,2.1291696542263194,1.0
98450,Serralles Usa LLC,8597,2024-01-22,2024-01-29,7.0,1692.88,0-7 days,0,10.0,9.932707919898972,2.1291696542263194,-3.0
98450,Serralles Usa LLC,8685,2024-01-28,2024-02-05,8.0,3566.61,8-15 days,0,10.0,9.932707919898972,2.1291696542263194,-2.0
98450,Serralles Usa LLC,8789,2024-02-04,2024-02-12,8.0,2456.0,8-15 days,0,10.0,9.932707919898972,2.1291696542263194,-2.0
98450,Serralles Usa LLC,8883,2024-02-11,2024-02-21,10.0,1692.54,8-15 days,0,10.0,9.932707919898972,2.1291696542263194,0.0
98450,Serralles Usa LLC,9007,2024-02-19,2024-02-26,7.0,1648.96,0-7 days,0,10.0,9.932707919898972,2.1291696542263194,-3.0
98450,Serralles Usa LLC,9107,2024-02-26,2024-03-05,8.0,2456.5,8-15 days,0,10.0,9.932707919898972,2.1291696542263194,-2.0
98450,Serralles Usa LLC,9159,2024-03-01,2024-03-12,11.0,2997.2,8-15 days,0,10.0,9.932707919898972,2.1291696542263194,1.0
98450,Serralles Usa LLC,9237,2024-03-07,2024-03-19,12.0,2387.29,8-15 days,0,10.0,9.932707919898972,2.1291696542263194,2.0
98450,Serralles Usa LLC,9328,2024-03-13,2024-03-24,11.0,1268.56,8-15 days,0,10.0,9.932707919898972,2.1291696542263194,1.0
98450,Serralles Usa LLC,9466,2024-03-22,2024-04-01,10.0,1912.37,8-15 days,0,10.0,9.932707919898972,2.1291696542263194,0.0
98450,Serralles Usa LLC,9529,2024-03-27,2024-04-08,12.0,1509.48,8-15 days,0,10.0,9.932707919898972,2.1291696542263194,2.0
98450,Serralles Usa LLC,9664,2024-04-05,2024-04-15,10.0,1409.76,8-15 days,0,10.0,9.932707919898972,2.1291696542263194,0.0
98450,Serralles Usa LLC,9793,2024-04-14,2024-04-22,8.0,2061.34,8-15 days,0,10.0,9.932707919898972,2.1291696542263194,-2.0
98450,Serralles Usa LLC,9882,2024-04-20,2024-04-29,9.0,2364.5,8-15 days,0,10.0,9.932707919898972,2.1291696542263194,-1.0
98450,Serralles Usa LLC,9945,2024-04-25,2024-05-06,11.0,3340.86,8-15 days,0,10.0,9.932707919898972,2.1291696542263194,1.0
98450,Serralles Usa LLC,10089,2024-05-05,2024-05-13,8.0,2398.5,8-15 days,0,10.0,9.932707919898972,2.1291696542263194,-2.0
98450,Serralles Usa LLC,10183,2024-05-11,2024-05-20,9.0,2045.32,8-15 days,0,10.0,9.932707919898972,2.1291696542263194,-1.0
98450,Serralles Usa LLC,10319,2024-05-20,2024-05-27,7.0,2426.48,0-7 days,0,10.0,9.932707919898972,2.1291696542263194,-3.0
98450,Serralles Usa LLC,10356,2024-05-23,2024-06-03,11.0,4820.94,8-15 days,0,10.0,9.932707919898972,2.1291696542263194,1.0
98450,Serralles Usa LLC,10456,2024-05-30,2024-06-10,11.0,3134.87,8-15 days,0,10.0,9.932707919898972,2.1291696542263194,1.0
98450,Serralles Usa LLC,10543,2024-06-05,2024-06-19,14.0,2836.94,8-15 days,0,10.0,9.932707919898972,2.1291696542263194,4.0
98450,Serralles Usa LLC,10729,2024-06-17,2024-06-26,9.0,3721.35,8-15 days,0,10.0,9.932707919898972,2.1291696542263194,-1.0
98450,Serralles Usa LLC,10807,2024-06-23,2024-06-30,7.0,2007.04,0-7 days,0,10.0,9.932707919898972,2.1291696542263194,-3.0
98450,Serralles Usa LLC,10897,2024-06-25,2024-07-02,7.0,587.88,0-7 days,0,10.0,9.932707919898972,2.1291696542263194,-3.0
98450,Serralles Usa LLC,11019,2024-07-01,2024-07-08,7.0,4266.99,0-7 days,0,10.0,9.932707919898972,2.1291696542263194,-3.0
98450,Serralles Usa LLC,11080,2024-07-05,2024-07-16,11.0,1972.9,8-15 days,0,10.0,9.932707919898972,2.1291696542263194,1.0
98450,Serralles Usa LLC,11179,2024-07-13,2024-07-22,9.0,3052.64,8-15 days,0,10.0,9.932707919898972,2.1291696542263194,-1.0
98450,Serralles Usa LLC,11237,2024-07-17,2024-07-30,13.0,3072.73,8-15 days,0,10.0,9.932707919898972,2.1291696542263194,3.0
98450,Serralles Usa LLC,11335,2024-07-24,2024-08-05,12.0,3573.08,8-15 days,0,10.0,9.932707919898972,2.1291696542263194,2.0
98450,Serralles Usa LLC,11469,2024-08-02,2024-08-12,10.0,1768.84,8-15 days,0,10.0,9.932707919898972,2.1291696542263194,0.0
98450,Serralles Usa LLC,11631,2024-08-12,2024-08-20,8.0,3585.28,8-15 days,0,10.0,9.932707919898972,2.1291696542263194,-2.0
98450,Serralles Usa LLC,11697,2024-08-17,2024-08-27,10.0,10938.86,8-15 days,0,10.0,9.932707919898972,2.1291696542263194,0.0
98450,Serralles Usa LLC,11763,2024-08-22,2024-09-03,12.0,27163.64,8-15 days,0,10.0,9.932707919898972,2.1291696542263194,2.0
98450,Serralles Usa LLC,11931,2024-09-02,2024-09-09,7.0,4783.5,0-7 days,0,10.0,9.932707919898972,2.1291696542263194,-3.0
98450,Serralles Usa LLC,11984,2024-09-06,2024-09-16,10.0,3016.08,8-15 days,0,10.0,9.932707919898972,2.1291696542263194,0.0
98450,Serralles Usa LLC,12086,2024-09-13,2024-09-23,10.0,1977.02,8-15 days,0,10.0,9.932707919898972,2.1291696542263194,0.0
98450,Serralles Usa LLC,12247,2024-09-23,2024-09-30,7.0,2693.56,0-7 days,0,10.0,9.932707919898972,2.1291696542263194,-3.0
98450,Serralles Usa LLC,12409,2024-09-30,2024-10-07,7.0,1714.08,0-7 days,0,10.0,9.932707919898972,2.1291696542263194,-3.0
98450,Serralles Usa LLC,12433,2024-10-02,2024-10-14,12.0,1824.46,8-15 days,0,10.0,9.932707919898972,2.1291696542263194,2.0
98450,Serralles Usa LLC,12593,2024-10-13,2024-10-21,8.0,2699.38,8-15 days,0,10.0,9.932707919898972,2.1291696542263194,-2.0
98450,Serralles Usa LLC,12702,2024-10-20,2024-10-28,8.0,2981.63,8-15 days,0,10.0,9.932707919898972,2.1291696542263194,-2.0
98450,Serralles Usa LLC,12764,2024-10-25,2024-11-05,11.0,2550.96,8-15 days,0,10.0,9.932707919898972,2.1291696542263194,1.0
98450,Serralles Usa LLC,12902,2024-11-03,2024-11-11,8.0,3128.48,8-15 days,0,10.0,9.932707919898972,2.1291696542263194,-2.0
98450,Serralles Usa LLC,12999,2024-11-09,2024-11-19,10.0,2211.4,8-15 days,0,10.0,9.932707919898972,2.1291696542263194,0.0
98450,Serralles Usa LLC,13113,2024-11-17,2024-11-26,9.0,1991.8,8-15 days,0,10.0,9.932707919898972,2.1291696542263194,-1.0
98450,Serralles Usa LLC,13197,2024-11-23,2024-12-02,9.0,3070.97,8-15 days,0,10.0,9.932707919898972,2.1291696542263194,-1.0
98450,Serralles Usa LLC,13281,2024-11-29,2024-12-09,10.0,2567.05,8-15 days,0,10.0,9.932707919898972,2.1291696542263194,0.0
98450,Serralles Usa LLC,13428,2024-12-08,2024-12-16,8.0,2345.74,8-15 days,0,10.0,9.932707919898972,2.1291696542263194,-2.0
98450,Serralles Usa LLC,13549,2024-12-16,2024-12-23,7.0,2328.94,0-7 days,0,10.0,9.932707919898972,2.1291696542263194,-3.0
98450,Serralles Usa LLC,13618,2024-12-21,2024-12-30,9.0,3417.5,8-15 days,0,10.0,9.932707919898972,2.1291696542263194,-1.0
99166,STARK BREWING COMPANY,11802,2024-08-24,2024-09-03,10.0,12594.96,8-15 days,0,10.0,9.932707919898972,2.1291696542263194,0.0
99166,STARK BREWING COMPANY,12138,2024-09-16,2024-09-22,6.0,1285.2,0-7 days,0,10.0,9.932707919898972,2.1291696542263194,-4.0
99166,STARK BREWING COMPANY,12188,2024-09-20,2024-09-29,9.0,107.1,8-15 days,0,10.0,9.932707919898972,2.1291696542263194,-1.0
99166,STARK BREWING COMPANY,12563,2024-10-11,2024-10-21,10.0,1156.68,8-15 days,0,10.0,9.932707919898972,2.1291696542263194,0.0
99166,STARK BREWING COMPANY,12743,2024-10-24,2024-11-05,12.0,2034.9,8-15 days,0,10.0,9.932707919898972,2.1291696542263194,2.0
99166,STARK BREWING COMPANY,12941,2024-11-06,2024-11-17,11.0,1028.16,8-15 days,0,10.0,9.932707919898972,2.1291696542263194,1.0
99166,STARK BREWING COMPANY,13127,2024-11-18,2024-11-21,3.0,1028.16,0-7 days,0,10.0,9.932707919898972,2.1291696542263194,-7.0
99166,STARK BREWING COMPANY,13199,2024-11-23,2024-12-02,9.0,3191.58,8-15 days,0,10.0,9.932707919898972,2.1291696542263194,-1.0
99166,STARK BREWING COMPANY,13252,2024-11-27,2024-12-06,9.0,257.04,8-15 days,0,10.0,9.932707919898972,2.1291696542263194,-1.0
99166,STARK BREWING COMPANY,13345,2024-12-04,2024-12-16,12.0,728.28,8-15 days,0,10.0,9.932707919898972,2.1291696542263194,2.0
99166,STARK BREWING COMPANY,13519,2024-12-14,2024-12-24,10.0,1520.82,8-15 days,0,10.0,9.932707919898972,2.1291696542263194,0.0
99166,STARK BREWING COMPANY,13620,2024-12-21,2024-12-30,9.0,1028.16,8-15 days,0,10.0,9.932707919898972,2.1291696542263194,-1.0
172662,SWEETWATER FARM,8544,2024-01-19,2024-01-26,7.0,116.4,0-7 days,0,10.0,9.932707919898972,2.1291696542263194,-3.0
172662,SWEETWATER FARM,8754,2024-02-02,2024-02-09,7.0,229.54,0-7 days,0,10.0,9.932707919898972,2.1291696542263194,-3.0
172662,SWEETWATER FARM,8822,2024-02-07,2024-02-16,9.0,58.2,8-15 days,0,10.0,9.932707919898972,2.1291696542263194,-1.0
172662,SWEETWATER FARM,9345,2024-03-14,2024-03-24,10.0,6546.39,8-15 days,0,10.0,9.932707919898972,2.1291696542263194,0.0
172662,SWEETWATER FARM,9430,2024-03-20,2024-04-01,12.0,3081.34,8-15 days,0,10.0,9.932707919898972,2.1291696542263194,2.0
172662,SWEETWATER FARM,9617,2024-04-01,2024-04-08,7.0,1787.52,0-7 days,0,10.0,9.932707919898972,2.1291696542263194,-3.0
172662,SWEETWATER FARM,9666,2024-04-05,2024-04-15,10.0,2787.18,8-15 days,0,10.0,9.932707919898972,2.1291696542263194,0.0
172662,SWEETWATER FARM,9816,2024-04-15,2024-04-21,6.0,1323.6,0-7 days,0,10.0,9.932707919898972,2.1291696542263194,-4.0
172662,SWEETWATER FARM,10050,2024-05-02,2024-05-13,11.0,1400.21,8-15 days,0,10.0,9.932707919898972,2.1291696542263194,1.0
172662,SWEETWATER FARM,10322,2024-05-20,2024-05-26,6.0,1155.61,0-7 days,0,10.0,9.932707919898972,2.1291696542263194,-4.0
172662,SWEETWATER FARM,10372,2024-05-24,2024-06-05,12.0,566.98,8-15 days,0,10.0,9.932707919898972,2.1291696542263194,2.0
172662,SWEETWATER FARM,10529,2024-06-03,2024-06-10,7.0,3984.15,0-7 days,0,10.0,9.932707919898972,2.1291696542263194,-3.0
172662,SWEETWATER FARM,10575,2024-06-07,2024-06-16,9.0,257.64,8-15 days,0,10.0,9.932707919898972,2.1291696542263194,-1.0
172662,SWEETWATER FARM,10676,2024-06-14,2024-06-23,9.0,116.4,8-15 days,0,10.0,9.932707919898972,2.1291696542263194,-1.0
172662,SWEETWATER FARM,10965,2024-06-28,2024-07-08,10.0,1178.4,8-15 days,0,10.0,9.932707919898972,2.1291696542263194,0.0
172662,SWEETWATER FARM,11091,2024-07-06,2024-07-14,8.0,375.36,8-15 days,0,10.0,9.932707919898972,2.1291696542263194,-2.0
172662,SWEETWATER FARM,11222,2024-07-15,2024-07-22,7.0,757.59,0-7 days,0,10.0,9.932707919898972,2.1291696542263194,-3.0
172662,SWEETWATER FARM,11766,2024-08-22,2024-09-01,10.0,1402.75,8-15 days,0,10.0,9.932707919898972,2.1291696542263194,0.0
172662,SWEETWATER FARM,11854,2024-08-29,2024-09-08,10.0,804.36,8-15 days,0,10.0,9.932707919898972,2.1291696542263194,0.0
172662,SWEETWATER FARM,12122,2024-09-15,2024-09-20,5.0,258.96,0-7 days,0,10.0,9.932707919898972,2.1291696542263194,-5.0
172662,SWEETWATER FARM,12177,2024-09-19,2024-09-29,10.0,1086.22,8-15 days,0,10.0,9.932707919898972,2.1291696542263194,0.0
172662,SWEETWATER FARM,12434,2024-10-02,2024-10-13,11.0,778.2,8-15 days,0,10.0,9.932707919898972,2.1291696542263194,1.0
172662,SWEETWATER FARM,12615,2024-10-14,2024-10-20,6.0,1090.8,0-7 days,0,10.0,9.932707919898972,2.1291696542263194,-4.0
172662,SWEETWATER FARM,12665,2024-10-18,2024-10-27,9.0,140.27,8-15 days,0,10.0,9.932707919898972,2.1291696542263194,-1.0
172662,SWEETWATER FARM,12904,2024-11-03,2024-11-10,7.0,776.88,0-7 days,0,10.0,9.932707919898972,2.1291696542263194,-3.0
172662,SWEETWATER FARM,13253,2024-11-27,2024-12-10,13.0,511.04,8-15 days,0,10.0,9.932707919898972,2.1291696542263194,3.0
172662,SWEETWATER FARM,13429,2024-12-08,2024-12-15,7.0,1636.2,0-7 days,0,10.0,9.932707919898972,2.1291696542263194,-3.0
172662,SWEETWATER FARM,13522,2024-12-14,2024-12-20,6.0,97.0,0-7 days,0,10.0,9.932707919898972,2.1291696542263194,-4.0
172662,SWEETWATER FARM,13638,2024-12-22,2024-12-27,5.0,402.84,0-7 days,0,10.0,9.932707919898972,2.1291696542263194,-5.0
173357,TAMWORTH DISTILLING,8390,2024-01-07,2024-01-15,8.0,697.32,8-15 days,0,10.0,9.932707919898972,2.1291696542263194,-2.0
173357,TAMWORTH DISTILLING,8414,2024-01-10,2024-01-19,9.0,232.44,8-15 days,0,10.0,9.932707919898972,2.1291696542263194,-1.0
173357,TAMWORTH DISTILLING,8670,2024-01-27,2024-02-05,9.0,736.06,8-15 days,0,10.0,9.932707919898972,2.1291696542263194,-1.0
173357,TAMWORTH DISTILLING,8773,2024-02-03,2024-02-12,9.0,1162.2,8-15 days,0,10.0,9.932707919898972,2.1291696542263194,-1.0
173357,TAMWORTH DISTILLING,8873,2024-02-10,2024-02-18,8.0,213.07,8-15 days,0,10.0,9.932707919898972,2.1291696542263194,-2.0
173357,TAMWORTH DISTILLING,8941,2024-02-15,2024-02-26,11.0,677.95,8-15 days,0,10.0,9.932707919898972,2.1291696542263194,1.0
173357,TAMWORTH DISTILLING,9031,2024-02-21,2024-03-01,9.0,232.44,8-15 days,0,10.0,9.932707919898972,2.1291696542263194,-1.0
173357,TAMWORTH DISTILLING,9193,2024-03-03,2024-03-11,8.0,484.25,8-15 days,0,10.0,9.932707919898972,2.1291696542263194,-2.0
173357,TAMWORTH DISTILLING,9240,2024-03-07,2024-03-18,11.0,1762.67,8-15 days,0,10.0,9.932707919898972,2.1291696542263194,1.0
173357,TAMWORTH DISTILLING,9515,2024-03-25,2024-04-01,7.0,154.96,0-7 days,0,10.0,9.932707919898972,2.1291696542263194,-3.0
173357,TAMWORTH DISTILLING,9558,2024-03-29,2024-04-08,10.0,774.8,8-15 days,0,10.0,9.932707919898972,2.1291696542263194,0.0
173357,TAMWORTH DISTILLING,9688,2024-04-06,2024-04-15,9.0,5524.26,8-15 days,0,10.0,9.932707919898972,2.1291696542263194,-1.0
173357,TAMWORTH DISTILLING,9782,2024-04-13,2024-04-22,9.0,387.4,8-15 days,0,10.0,9.932707919898972,2.1291696542263194,-1.0
173357,TAMWORTH DISTILLING,9914,2024-04-22,2024-04-25,3.0,345.18,0-7 days,0,10.0,9.932707919898972,2.1291696542263194,-7.0
173357,TAMWORTH DISTILLING,10217,2024-05-13,2024-05-20,7.0,19.37,0-7 days,0,10.0,9.932707919898972,2.1291696542263194,-3.0
173357,TAMWORTH DISTILLING,10270,2024-05-17,2024-05-27,10.0,697.32,8-15 days,0,10.0,9.932707919898972,2.1291696542263194,0.0
173357,TAMWORTH DISTILLING,10343,2024-05-22,2024-06-03,12.0,929.76,8-15 days,0,10.0,9.932707919898972,2.1291696542263194,2.0
173357,TAMWORTH DISTILLING,10473,2024-05-31,2024-06-10,10.0,464.88,8-15 days,0,10.0,9.932707919898972,2.1291696542263194,0.0
173357,TAMWORTH DISTILLING,10711,2024-06-16,2024-06-20,4.0,206.69,0-7 days,0,10.0,9.932707919898972,2.1291696542263194,-6.0
173357,TAMWORTH DISTILLING,10794,2024-06-22,2024-06-30,8.0,361.65,8-15 days,0,10.0,9.932707919898972,2.1291696542263194,-2.0
173357,TAMWORTH DISTILLING,10908,2024-06-25,2024-07-01,6.0,813.54,0-7 days,0,10.0,9.932707919898972,2.1291696542263194,-4.0
173357,TAMWORTH DISTILLING,10931,2024-06-26,2024-07-08,12.0,1084.72,8-15 days,0,10.0,9.932707919898972,2.1291696542263194,2.0
173357,TAMWORTH DISTILLING,11043,2024-07-03,2024-07-15,12.0,871.65,8-15 days,0,10.0,9.932707919898972,2.1291696542263194,2.0
173357,TAMWORTH DISTILLING,11204,2024-07-14,2024-07-24,10.0,1155.24,8-15 days,0,10.0,9.932707919898972,2.1291696542263194,0.0
173357,TAMWORTH DISTILLING,11308,2024-07-21,2024-07-29,8.0,1953.47,8-15 days,0,10.0,9.932707919898972,2.1291696542263194,-2.0
173357,TAMWORTH DISTILLING,11337,2024-07-24,2024-08-05,12.0,445.51,8-15 days,0,10.0,9.932707919898972,2.1291696542263194,2.0
173357,TAMWORTH DISTILLING,11519,2024-08-05,2024-08-09,4.0,232.44,0-7 days,0,10.0,9.932707919898972,2.1291696542263194,-6.0
173357,TAMWORTH DISTILLING,11558,2024-08-08,2024-08-19,11.0,697.32,8-15 days,0,10.0,9.932707919898972,2.1291696542263194,1.0
173357,TAMWORTH DISTILLING,11744,2024-08-21,2024-09-02,12.0,774.8,8-15 days,0,10.0,9.932707919898972,2.1291696542263194,2.0
173357,TAMWORTH DISTILLING,11918,2024-09-01,2024-09-07,6.0,232.44,0-7 days,0,10.0,9.932707919898972,2.1291696542263194,-4.0
173357,TAMWORTH DISTILLING,11986,2024-09-06,2024-09-12,6.0,464.88,0-7 days,0,10.0,9.932707919898972,2.1291696542263194,-4.0
173357,TAMWORTH DISTILLING,12054,2024-09-11,2024-09-23,12.0,464.88,8-15 days,0,10.0,9.932707919898972,2.1291696542263194,2.0
173357,TAMWORTH DISTILLING,12164,2024-09-18,2024-09-30,12.0,6106.37,8-15 days,0,10.0,9.932707919898972,2.1291696542263194,2.0
173357,TAMWORTH DISTILLING,12326,2024-09-25,2024-10-06,11.0,464.88,8-15 days,0,10.0,9.932707919898972,2.1291696542263194,1.0
173357,TAMWORTH DISTILLING,12512,2024-10-07,2024-10-14,7.0,464.88,0-7 days,0,10.0,9.932707919898972,2.1291696542263194,-3.0
173357,TAMWORTH DISTILLING,12564,2024-10-11,2024-10-21,10.0,232.44,8-15 days,0,10.0,9.932707919898972,2.1291696542263194,0.0
173357,TAMWORTH DISTILLING,12768,2024-10-25,2024-11-03,9.0,232.44,8-15 days,0,10.0,9.932707919898972,2.1291696542263194,-1.0
173357,TAMWORTH DISTILLING,12871,2024-11-01,2024-11-11,10.0,1162.2,8-15 days,0,10.0,9.932707919898972,2.1291696542263194,0.0
173357,TAMWORTH DISTILLING,13010,2024-11-10,2024-11-20,10.0,1737.7,8-15 days,0,10.0,9.932707919898972,2.1291696542263194,0.0
173357,TAMWORTH DISTILLING,13098,2024-11-16,2024-11-21,5.0,338.22,0-7 days,0,10.0,9.932707919898972,2.1291696542263194,-5.0
173357,TAMWORTH DISTILLING,13159,2024-11-21,2024-12-01,10.0,690.36,8-15 days,0,10.0,9.932707919898972,2.1291696542263194,0.0
173357,TAMWORTH DISTILLING,13283,2024-11-29,2024-12-08,9.0,273.44,8-15 days,0,10.0,9.932707919898972,2.1291696542263194,-1.0
173357,TAMWORTH DISTILLING,13408,2024-12-07,2024-12-15,8.0,1239.81,8-15 days,0,10.0,9.932707919898972,2.1291696542263194,-2.0
173357,TAMWORTH DISTILLING,13500,2024-12-13,2024-12-23,10.0,1589.53,8-15 days,0,10.0,9.932707919898972,2.1291696542263194,0.0
173357,TAMWORTH DISTILLING,13588,2024-12-19,2024-12-30,11.0,1248.61,8-15 days,0,10.0,9.932707919898972,2.1291696542263194,1.0
201359,FLAVOR ESSENCE INC,12061,2024-09-12,2024-09-25,13.0,17.0,8-15 days,0,10.0,9.932707919898972,2.1291696542263194,3.0
